year,day,participant,input,language,mean,stddev,median,user,system,min,max
2024,13,kcen,input-kcen,nim,0.0014002585650000003,0.00013345187522212224,0.00140159154,0.0009127748000000004,0.0005062469999999999,0.0003278910399999998,0.00211672904
2024,13,mattcl,input-kcen,rust,0.0011942085400000009,0.00024663402761473805,0.0012280170400000001,0.0008435289999999998,0.00040084600000000006,0.0004994530399999999,0.00235799204
2024,13,mattcl-py,input-kcen,python,0.016345331143448286,0.0005665694328876529,0.01626742254,0.011693091494252864,0.004559848965517241,0.01503168904,0.01853752204
2024,13,kcen,input-mattcl,nim,0.001410008665,0.00015377648192098283,0.00139921254,0.0008037742000000002,0.0005996504000000002,0.0007720330399999998,0.00219538804
2024,13,mattcl,input-mattcl,rust,0.0011305030400000002,0.00018545229431694043,0.00119754454,0.0008494493999999995,0.000363413,0.0004650590399999998,0.0019253420400000003
2024,13,mattcl-py,input-mattcl,python,0.01637896545618497,0.0006164059862578681,0.01623789704,0.011343681387283238,0.004950966473988438,0.01578902604,0.019549978040000002
