year,day,participant,input,language,mean,stddev,median,user,system,min,max
2024,13,kcen,input-kcen,nim,0.0014421810000000005,0.0001005939252953379,0.0014408067400000003,0.0008708339999999993,0.0005864391999999999,0.0012602427400000005,0.0017770017400000004
2024,13,mattcl,input-kcen,rust,0.0012401695800000005,0.0002603005540801953,0.0012783372400000004,0.0009068020000000001,0.00039532559999999985,0.0004157507400000002,0.0020380317400000006
2024,13,mattcl-py,input-kcen,python,0.016399926431011243,0.0006225619966778523,0.01629326274,0.011466968539325833,0.004852610561797753,0.015208168740000002,0.01921075074
2024,13,kcen,input-mattcl,nim,0.0014185578850000003,0.000162392767937541,0.0014409722400000003,0.001075418999999999,0.00037373859999999997,0.0006491977400000003,0.0018842537400000003
2024,13,mattcl,input-mattcl,rust,0.00116068562,0.0002538559914253916,0.0012376262400000003,0.0009239649999999997,0.00034859999999999996,0.000057980740000000306,0.0019618387400000005
2024,13,mattcl-py,input-mattcl,python,0.01643259417258428,0.0005588798618042395,0.01629191574,0.011322698876404493,0.005012692359550561,0.01537825674,0.01936890774
