year,day,participant,input,language,mean,stddev,median,user,system,min,max
2024,13,kcen,input-kcen,nim,0.0014334074700000001,0.00020083136359876118,0.0013985370999999999,0.0011093617,0.00041236519999999984,0.0008555811,0.0023377661000000003
2024,13,lanjian,input-kcen,rust,0.001431422435,0.0001747712635850308,0.0014016031,0.0010913700000000004,0.0004253152,0.0008632751,0.0025750391
2024,13,mattcl,input-kcen,rust,0.00138113254,0.0001588118159311933,0.0014009971,0.0010559150000000004,0.00042689479999999993,0.0002339670999999999,0.0021865921000000003
2024,13,mattcl-py,input-kcen,python,0.016791297493063583,0.0006717931644207534,0.0166776671,0.012065453872832359,0.004673488323699422,0.015736447100000002,0.0204404611
2024,13,kcen,input-lanjian,nim,0.0014329731699999992,0.0002096697363189677,0.0014125486,0.0010496199999999996,0.00047590940000000003,0.0007658531,0.0023055451
2024,13,lanjian,input-lanjian,rust,0.0014207430400000006,0.0001501177622732435,0.0014026651,0.0011149149999999997,0.00040935800000000013,0.0008920791000000001,0.0022612221000000003
2024,13,mattcl,input-lanjian,rust,0.001371641305,0.00018951024557660597,0.0013916286,0.0009961950999999997,0.0004574044000000001,0.0006580511,0.0020981861
2024,13,mattcl-py,input-lanjian,python,0.016821456004191614,0.0006636348406742412,0.016715639100000002,0.011589582155688614,0.005158336287425149,0.0157404031,0.0198801711
2024,13,kcen,input-mattcl,nim,0.001417985115000001,0.00017542660716029842,0.0014157796,0.0010851749999999999,0.00042157859999999997,0.0006617081,0.0021865831000000002
2024,13,lanjian,input-mattcl,rust,0.0014197135099999994,0.0001998548381042608,0.0014162251,0.0010059599999999995,0.000468726,0.0007090060999999999,0.0023497381
2024,13,mattcl,input-mattcl,rust,0.0013401009249999997,0.00023593921349271773,0.0013646936000000001,0.0010592033999999998,0.0003673218000000001,0.0006201301,0.0021345751
2024,13,mattcl-py,input-mattcl,python,0.016742229381767955,0.000667659940347091,0.0166811541,0.01227041138121547,0.004432695248618784,0.015579202100000002,0.0197771201
