year,day,participant,input,language,mean,stddev,median,user,system,min,max
2024,13,kcen,input-kcen,nim,0.001496277405,0.00026030685446353944,0.0014618406199999995,0.0010013300000000008,0.0005016739,0.0008229536199999997,0.00268004262
2024,13,lanjian,input-kcen,rust,0.001443257259999999,0.00018215180649669785,0.0014242601199999996,0.0009659950000000001,0.0004979554000000001,0.0007890106199999996,0.00241616862
2024,13,mattcl,input-kcen,rust,0.0013752658600000003,0.0001840542828424693,0.0014094576199999997,0.0010218243999999992,0.00041958280000000016,0.0005745386199999996,0.0021086226199999994
2024,13,mattcl-py,input-kcen,python,0.016810492655502957,0.000509646739348991,0.01674697162,0.011831649467455619,0.004915834437869822,0.016041760619999998,0.02012714262
2024,13,kcen,input-lanjian,nim,0.001451614315,0.0001522662204329531,0.0014486061199999996,0.00112414,0.0003958948,0.0007968556199999997,0.0021623636199999997
2024,13,lanjian,input-lanjian,rust,0.0014477618599999988,0.00012041726922501795,0.0014466526199999998,0.0010370799999999997,0.00045730780000000006,0.0008516276199999997,0.00199779462
2024,13,mattcl,input-lanjian,rust,0.0014230616649999995,0.00019423773843262306,0.0014233441199999995,0.0009838497999999998,0.0004626738999999999,0.0003036216199999997,0.00217328362
2024,13,mattcl-py,input-lanjian,python,0.01681751434413793,0.0007029925008692793,0.016678829120000002,0.011540551494252874,0.005187143333333331,0.015629017619999998,0.019835276619999998
2024,13,kcen,input-mattcl,nim,0.001442517895,0.0002070589114474147,0.0014399746199999996,0.0009212894000000009,0.0005651314999999998,0.00043582861999999956,0.0024019416199999996
2024,13,lanjian,input-mattcl,rust,0.0014411036099999997,0.00021747801107316935,0.0014484356199999996,0.0010013247999999997,0.00044584510000000014,0.0007353406199999996,0.00198890762
2024,13,mattcl,input-mattcl,rust,0.0013916455400000002,0.00017318008075472972,0.0014227226199999997,0.0009465239999999998,0.00047297619999999986,0.0007286776199999995,0.0018566106199999998
2024,13,mattcl-py,input-mattcl,python,0.0167165664964706,0.00046345688549370923,0.01668219512,0.011732945882352937,0.004889449529411765,0.015868596619999998,0.01930912062
