year,day,participant,input,language,mean,stddev,median,user,system,min,max
2024,13,kcen,input-kcen,nim,0.0014405236749999994,0.0001603495530689088,0.00141148354,0.0010085250000000004,0.00047295809999999987,0.00088748704,0.0023194780400000005
2024,13,mattcl,input-kcen,rust,0.001259214185,0.00023623263234355193,0.0012963225400000002,0.0009572659999999997,0.00039958259999999993,0.00038938503999999996,0.00207633204
2024,13,mattcl-py,input-kcen,python,0.0166278359522807,0.0005350858748811738,0.01649103104,0.012138876023391814,0.004446938596491227,0.01577080404,0.01941526604
2024,13,kcen,input-mattcl,nim,0.00142277603,0.00017020473753877455,0.0014038290400000002,0.0010257820000000003,0.00045831760000000007,0.00054985504,0.0020789780400000003
2024,13,mattcl,input-mattcl,rust,0.0013196288049999998,0.0002195183329725905,0.0013447540400000001,0.000982244,0.0004092017,0.0004995110400000001,0.0021729140400000005
2024,13,mattcl-py,input-mattcl,python,0.01665498660647398,0.0005903781805533758,0.01654318004,0.01175183468208093,0.004837968323699421,0.015503102040000003,0.01936460104
