year,day,participant,input,language,mean,stddev,median,user,system,min,max
2024,13,kcen,input-kcen,nim,0.0013967207950000011,0.00020310463677463434,0.00139892522,0.0009817050000000003,0.0004875534999999999,0.00037004872000000015,0.00233566972
2024,13,lanjian,input-kcen,rust,0.00136120954,0.0001886925443998466,0.0013685277200000002,0.0010629871000000005,0.00037517309999999984,0.00063994372,0.00200861672
2024,13,mattcl,input-kcen,rust,0.0013221902700000002,0.00019727650129259874,0.0013662442200000002,0.0009704984000000001,0.0004425831999999997,0.0004365627200000001,0.00197731872
2024,13,mattcl-py,input-kcen,python,0.016771139552369946,0.0004387676355725692,0.016770143720000002,0.011519611329479762,0.005169985317919076,0.01592910972,0.019019968720000002
2024,13,kcen,input-lanjian,nim,0.0014257590399999994,0.00015711567237077344,0.0013955942200000002,0.0009924949999999997,0.0004945384999999999,0.0008969657200000002,0.0021033947200000003
2024,13,lanjian,input-lanjian,rust,0.0014015281299999997,0.0002108626296254381,0.0013613047200000002,0.0009875000000000003,0.0004405422999999998,0.00066712472,0.0025133317200000003
2024,13,mattcl,input-lanjian,rust,0.0013347718300000006,0.0002199069445012989,0.0013606887200000002,0.0009623947000000001,0.0004117558000000001,0.00062884372,0.00201134272
2024,13,mattcl-py,input-lanjian,python,0.016770322113939383,0.0005377105446728172,0.01673725172,0.011658061333333334,0.005042272606060607,0.01535450172,0.01948417772
2024,13,kcen,input-mattcl,nim,0.0013884790800000005,0.00019335994086500176,0.0013833507200000001,0.0010363400000000002,0.00042753580000000005,0.0003980307200000001,0.00216039172
2024,13,lanjian,input-mattcl,rust,0.0013779806599999993,0.0001674359344595061,0.00137909822,0.0009125933999999997,0.0005433253000000004,0.00062564672,0.00192515072
2024,13,mattcl,input-mattcl,rust,0.0013613791349999995,0.00015321345885638266,0.00137083272,0.0010359670999999999,0.0004011595999999999,0.0006957487200000001,0.0019611477200000005
2024,13,mattcl-py,input-mattcl,python,0.016806257958095233,0.0005517890085371709,0.016743414220000002,0.01221112761904762,0.004543514166666668,0.01578743272,0.019469670720000002
