year,day,participant,input,language,mean,stddev,median,user,system,min,max
2024,13,kcen,input-kcen,nim,0.0013910228500000007,0.00012051438754148986,0.0013922522400000002,0.0008473438,0.0005925266000000001,0.0007314682400000002,0.0017915852400000002
2024,13,mattcl,input-kcen,rust,0.0012979269450000004,0.0002136461074735766,0.0013324747400000002,0.0009132225999999999,0.0004152713000000001,0.0005629522400000004,0.0024028712400000008
2024,13,mattcl-py,input-kcen,python,0.01657130469614036,0.000586989314880405,0.01643075124,0.011486368538011688,0.00501460643274854,0.01548172224,0.01916528524
2024,13,kcen,input-mattcl,nim,0.0013921416900000004,0.00015565696768917364,0.0013858397400000003,0.0010227206999999996,0.00041883080000000003,0.0007506842400000003,0.0026166112400000004
2024,13,mattcl,input-mattcl,rust,0.0012349864449999997,0.00017066744225540797,0.0012933317400000003,0.0008700926000000004,0.0004489151000000002,0.0005447082400000002,0.0019633372400000007
2024,13,mattcl-py,input-mattcl,python,0.01664784234240964,0.0006430382112699118,0.01649984474,0.01200152963855422,0.004560241204819277,0.015543837240000002,0.01945614024
