year,day,participant,input,language,mean,stddev,median,user,system,min,max
2024,13,kcen,input-kcen,nim,0.0014444627800000007,0.00019210816944574587,0.0014104713400000003,0.0010328200000000003,0.0004766750000000001,0.0007651133400000003,0.0022964393400000003
2024,13,mattcl,input-kcen,rust,0.001328921125000001,0.00025599930763687927,0.0013535593400000002,0.0009513685000000001,0.0004496749999999999,0.0005168983400000003,0.0027934803400000005
2024,13,mattcl-py,input-kcen,python,0.016850400276046514,0.0005915138801937262,0.016788465840000003,0.011760412325581391,0.0049965116279069785,0.01596683834,0.020159305340000003
2024,13,kcen,input-mattcl,nim,0.0014359977199999998,0.00021003871411023496,0.0014135218400000004,0.0010764399999999997,0.00041987000000000003,0.0008244043400000002,0.0024532923400000005
2024,13,mattcl,input-mattcl,rust,0.001370620035,0.0001791255560744947,0.0013776303400000005,0.001027474999999999,0.00040160999999999994,0.0008194753400000003,0.0020892423400000006
2024,13,mattcl-py,input-mattcl,python,0.016930052081176473,0.0006718634584424518,0.016790178840000003,0.012106831411764702,0.004773458823529415,0.015926001340000003,0.019663487340000004
