year,day,participant,input,language,mean,stddev,median,user,system,min,max
2024,13,kcen,input-kcen,nim,0.0014287397700000004,0.00022270013324311236,0.0014034040200000006,0.0009479550000000003,0.0005212406,0.0007190175200000004,0.0023928105200000005
2024,13,mattcl,input-kcen,rust,0.0013084493999999999,0.00019328471093514366,0.0013448590200000007,0.0009503274000000001,0.00042881140000000005,0.0005111785200000004,0.0020573025200000005
2024,13,mattcl-py,input-kcen,python,0.01683932516327485,0.0007348110425762504,0.01666934952,0.01205532982456141,0.00468867157894737,0.01533938852,0.020178508520000003
2024,13,kcen,input-mattcl,nim,0.0014587299750000004,0.00020761197448956366,0.0014404930200000005,0.0010955299999999995,0.00038032720000000014,0.0006985895200000003,0.0022714635200000006
2024,13,mattcl,input-mattcl,rust,0.0013416946950000005,0.00022758709337733575,0.0013655625200000006,0.0009779358000000001,0.0003955326,0.00011737152000000043,0.0025613565200000004
2024,13,mattcl-py,input-mattcl,python,0.01696381107294117,0.0007524709009885585,0.016786669520000002,0.01194645282352941,0.004953403764705881,0.015898305520000003,0.02013678052
