year,day,participant,input,language,mean,stddev,median,user,system,min,max
2024,13,kcen,input-kcen,nim,0.001448452459999999,0.00014307272752266058,0.00144006144,0.0009821849999999998,0.0004920844000000002,0.0008167244399999998,0.00210904444
2024,13,mattcl,input-kcen,rust,0.0013391870399999998,0.00021897277600300537,0.0013360624399999998,0.000982257,0.00042102959999999994,0.0006367274399999999,0.00203234044
2024,13,mattcl-py,input-kcen,python,0.01655000643441341,0.0006056364737328366,0.01649595544,0.011615778770949721,0.004832645586592178,0.015264870440000002,0.02011526344
2024,13,kcen,input-mattcl,nim,0.001435864275,0.00017355576158987918,0.0014478059399999999,0.0011040350000000004,0.00037874420000000005,0.0004619704399999999,0.00198272844
2024,13,mattcl,input-mattcl,rust,0.0013207786699999998,0.0002171829434884764,0.0013538399399999998,0.0009691240000000002,0.00038883219999999994,0.0002288634399999997,0.0021751374399999997
2024,13,mattcl-py,input-mattcl,python,0.016769480606666665,0.0006861377872068129,0.01662705044,0.011553638095238095,0.005118484999999999,0.01560993644,0.02007824444
