year,day,participant,input,language,mean,stddev,median,user,system,min,max
2024,13,kcen,input-kcen,nim,0.0013824273850000005,0.00014515252991265427,0.0013867856,0.0010384099999999994,0.0003995586999999999,0.0006826571,0.0017696021
2024,13,mattcl,input-kcen,rust,0.0013259423000000004,0.00019714836441912394,0.0013417616,0.0009637197999999997,0.00041885969999999996,0.0006264420999999999,0.0021619761
2024,13,mattcl-py,input-kcen,python,0.016641819510714286,0.0005742577012189818,0.0165804336,0.011592305714285715,0.004972858690476191,0.0156560741,0.0201968431
2024,13,kcen,input-mattcl,nim,0.0014069228700000005,0.00019533997575796598,0.0013967991,0.0009712773999999995,0.00047254520000000023,0.0007587191,0.0025439121
2024,13,mattcl,input-mattcl,rust,0.00128955245,0.00024065486375346435,0.0013161586,0.0009272269999999999,0.00040710969999999987,0.0004873631,0.0020219841
2024,13,mattcl-py,input-mattcl,python,0.016626515349999996,0.0006931523213453276,0.0164773401,0.011572064523809522,0.004964612142857145,0.015140358100000001,0.0195075321
