year,day,participant,input,language,mean,stddev,median,user,system,min,max
2024,13,kcen,input-kcen,nim,0.0014185786600000017,0.00015610493098242847,0.0013966897400000003,0.0009297249999999997,0.0005111772000000002,0.0007932097400000003,0.0021303017400000008
2024,13,lanjian,input-kcen,rust,0.0014010018499999999,0.0001612935454612653,0.0014106952400000003,0.0009058721999999996,0.0005350950000000002,0.0006410747400000002,0.0018957627400000004
2024,13,mattcl,input-kcen,rust,0.001387470975,0.00018519838356463735,0.0013881682400000003,0.0009715468000000004,0.0004474058,0.0007023097400000002,0.0021851847400000003
2024,13,mattcl-py,input-kcen,python,0.0165880895675862,0.0006469276891019691,0.01646492874,0.011807757011494252,0.004717539540229885,0.01524736974,0.02009276874
2024,13,kcen,input-lanjian,nim,0.0014258775650000002,0.00015973400309561242,0.0014076187400000005,0.0009889599999999999,0.0004599324000000001,0.0008039387400000004,0.0020951567400000004
2024,13,lanjian,input-lanjian,rust,0.0014125165150000003,0.00013116180666931273,0.0014210192400000003,0.001078070000000001,0.0003780502,0.0007697657400000002,0.0018724897400000005
2024,13,mattcl,input-lanjian,rust,0.0013533875950000004,0.00020715498443298714,0.0013829932400000005,0.0009353153999999999,0.00045511059999999993,0.0005530007400000004,0.00257053574
2024,13,mattcl-py,input-lanjian,python,0.016646988161052634,0.0006763753023425491,0.01652377874,0.011333166315789478,0.005215885847953217,0.01577206274,0.020267924740000002
2024,13,kcen,input-mattcl,nim,0.0014394807849999998,0.00019112392330964051,0.0014068482400000004,0.0009319199999999999,0.0005123652000000003,0.0008147907400000004,0.0028173167400000008
2024,13,lanjian,input-mattcl,rust,0.0014007779900000006,0.00017177823628066504,0.0014050842400000004,0.0010266536,0.0004064046000000001,0.0006439897400000003,0.0019114327400000005
2024,13,mattcl,input-mattcl,rust,0.0013360772350000005,0.0001895895385637193,0.0013551512400000005,0.0009744636,0.00041012300000000003,0.0008003627400000003,0.0019947687400000006
2024,13,mattcl-py,input-mattcl,python,0.01668743187253013,0.0007438303449441299,0.01651923574,0.011948489397590361,0.004637788915662652,0.015264502740000003,0.01980527974
