year,day,participant,input,language,mean,stddev,median,user,system,min,max
2024,13,kcen,input-kcen,nim,0.0014591993650000005,0.00021268477679257708,0.0014265585,0.0009617499999999997,0.0005281602,0.0007167090000000002,0.0022881520000000003
2024,13,mattcl,input-kcen,rust,0.001236874385,0.00020487952962294542,0.001286276,0.0009499649999999994,0.0003751055999999999,0.000350404,0.0020001430000000002
2024,13,mattcl-py,input-kcen,python,0.01673875257142857,0.0005808423494313152,0.016614507,0.011721634285714284,0.004931806171428572,0.015358996000000001,0.019571223
2024,13,kcen,input-mattcl,nim,0.0013639245050000009,0.00020766006476131453,0.0014137845000000001,0.0010982150000000003,0.0003456201999999999,0.0006629380000000002,0.00182248
2024,13,mattcl,input-mattcl,rust,0.00116588583,0.0003358957467343583,0.0012627670000000001,0.000847715,0.0003962326,0.00010190800000000005,0.001986337
2024,13,mattcl-py,input-mattcl,python,0.016769750904761904,0.0006785691459533947,0.0166722695,0.011796875000000004,0.004882455476190474,0.015685326,0.020013671
