year,day,participant,input,language,mean,stddev,median,user,system,min,max
2024,13,kcen,input-kcen,nim,0.0014015264900000004,0.00016572779479009502,0.0013964196000000003,0.0009120932999999997,0.0005304163,0.0006581431000000002,0.0024253711000000004
2024,13,lanjian,input-kcen,rust,0.0014071437150000002,0.00020147210694064401,0.0013825486000000001,0.0009511560999999999,0.00048408980000000005,0.0006986291000000003,0.0025768341000000005
2024,13,mattcl,input-kcen,rust,0.001364285095,0.0001424476273724317,0.0013931336000000002,0.0010134360999999998,0.00041500160000000006,0.0005570441000000003,0.0020043231
2024,13,mattcl-py,input-kcen,python,0.01672297384850299,0.0007042558957718809,0.0166212521,0.012046288982035927,0.004601258922155688,0.015450390100000003,0.020050732100000003
2024,13,kcen,input-lanjian,nim,0.0014146131300000002,0.00016346946466127036,0.0014024611000000003,0.000988129999999999,0.00045227680000000016,0.0008631671000000002,0.0022141351000000004
2024,13,lanjian,input-lanjian,rust,0.001401837925000001,0.0001612222768647112,0.0013970806000000002,0.0008969249999999998,0.0005343213000000002,0.0007563871000000003,0.0020016881
2024,13,mattcl,input-lanjian,rust,0.0013210993299999996,0.0002386402500824919,0.0013794731000000002,0.0009905215999999996,0.00039880270000000004,0.00019396410000000028,0.0020936201000000005
2024,13,mattcl-py,input-lanjian,python,0.016811429910344823,0.000718759911664338,0.0167107241,0.011977626091954022,0.004766982068965515,0.0155847811,0.020141762100000002
2024,13,kcen,input-mattcl,nim,0.001325525600000001,0.0003121505995672618,0.0013840471000000005,0.0009947571999999994,0.0003993689999999999,0.0002878401000000002,0.0022809901000000006
2024,13,lanjian,input-mattcl,rust,0.0014099876649999999,0.0001964719622250682,0.0013940411000000004,0.0010770049999999998,0.0003871601000000001,0.0007582801000000003,0.0021373121
2024,13,mattcl,input-mattcl,rust,0.001340408215000001,0.00021565589351003097,0.0013803596000000003,0.0009103832999999994,0.00048032980000000004,0.0005548591000000002,0.0020478541000000005
2024,13,mattcl-py,input-mattcl,python,0.016648970144943823,0.0005906386104895786,0.0165582486,0.011834489101123589,0.004751350337078654,0.015305149100000002,0.020115172100000002
