year,day,participant,input,language,mean,stddev,median,user,system,min,max
2024,13,kcen,input-kcen,nim,0.001437804495,0.00014026132112585,0.0014281076000000003,0.0010286700000000002,0.00043604140000000016,0.0004452661000000003,0.0020388311
2024,13,mattcl,input-kcen,rust,0.0013452099799999989,0.0002136393255651573,0.0013803626000000002,0.0009599972000000002,0.0004115168000000001,0.0005936951000000003,0.0021690851000000003
2024,13,mattcl-py,input-kcen,python,0.016647528443023262,0.0006645935280382794,0.0165288766,0.0114993888372093,0.005055885581395347,0.015542825100000001,0.0200035491
2024,13,kcen,input-mattcl,nim,0.0014372489099999997,0.00015928724252393307,0.0014360476000000002,0.0010044099999999994,0.0004708532,0.0008276431000000002,0.0022974151
2024,13,mattcl,input-mattcl,rust,0.001372541945000001,0.00023335287941983623,0.0013804886,0.0009401457999999998,0.0004431932000000001,0.0005967401000000003,0.0024446821
2024,13,mattcl-py,input-mattcl,python,0.01661013510568182,0.0006869504265777013,0.016483005600000003,0.011924325454545444,0.004583439318181815,0.0151792631,0.0198642391
