year,day,participant,input,language,mean,stddev,median,user,system,min,max
2024,13,kcen,input-kcen,nim,0.0014082376750000007,0.00021551284686713193,0.00137853712,0.0010417660000000006,0.00041973400000000006,0.00038608861999999983,0.00226788162
2024,13,lanjian,input-kcen,rust,0.0014063313899999991,0.00017094150415522663,0.0013895981199999999,0.0010671649999999993,0.00039143560000000024,0.0007980006199999998,0.00194702062
2024,13,mattcl,input-kcen,rust,0.001332210904999999,0.00019167715844988127,0.00135597012,0.0010355865000000004,0.00041897460000000017,0.0006493416199999998,0.00204451462
2024,13,mattcl-py,input-kcen,python,0.016694206028284028,0.0005794725294277427,0.01659975562,0.01213507159763313,0.004503687810650888,0.01566280962,0.019531964619999998
2024,13,kcen,input-lanjian,nim,0.0014322103900000014,0.000192540599627094,0.0014170441199999999,0.00100365,0.0004985308000000001,0.0007780336199999999,0.0023200796199999998
2024,13,lanjian,input-lanjian,rust,0.0012725395799999997,0.0002842393926228054,0.00138621662,0.0009784310000000005,0.000403049,0.0004342996199999999,0.0018311046199999998
2024,13,mattcl,input-lanjian,rust,0.0013458558550000007,0.00024228773324870114,0.00135421662,0.0009768135,0.00042560959999999974,0.0006658636199999997,0.00236898062
2024,13,mattcl-py,input-lanjian,python,0.016665015288604656,0.0006167774600807597,0.016568987119999996,0.011867004651162786,0.004746562790697675,0.015427399620000002,0.01943197762
2024,13,kcen,input-mattcl,nim,0.00142007064,0.00011911040439649718,0.0014112936199999998,0.0010395355000000009,0.00045255540000000013,0.00106884762,0.00214623462
2024,13,lanjian,input-mattcl,rust,0.00140715865,0.0001321356340779999,0.0014191881199999998,0.0009756154999999997,0.0005148485999999998,0.0007180606199999999,0.0017930636199999998
2024,13,mattcl,input-mattcl,rust,0.0013577773299999992,0.00018379699255900405,0.00139225812,0.0010310915000000006,0.0003877612000000001,0.0006937556199999998,0.00208819562
2024,13,mattcl-py,input-mattcl,python,0.01661954854528736,0.0005478995981616835,0.01653983262,0.011448434482758622,0.0051011802298850575,0.01540866462,0.01909605862
