year,day,participant,input,language,mean,stddev,median,user,system,min,max
2024,13,kcen,input-kcen,nim,0.0014259546750000013,0.00016996264151417022,0.0014093676200000003,0.0010092450000000002,0.00043587400000000005,0.0007847376200000003,0.0022001776200000003
2024,13,mattcl,input-kcen,rust,0.00132117727,0.00024559821693777127,0.0013437501200000005,0.0008878800000000003,0.00046096219999999994,0.0005641846200000003,0.0024791706200000003
2024,13,mattcl-py,input-kcen,python,0.01668456797057471,0.00059731313057763,0.01658308962,0.011977347701149426,0.004613357701149425,0.015553307620000002,0.020393340620000002
2024,13,kcen,input-mattcl,nim,0.0014164607900000003,0.00015381024125207395,0.0013959826200000004,0.0009529375000000003,0.0005097975999999999,0.0007310766200000003,0.0021859216200000005
2024,13,mattcl,input-mattcl,rust,0.0012954213200000006,0.00022655573225384383,0.0013316066200000003,0.0009399200000000004,0.00042014439999999993,0.0006730386200000003,0.002485261620000001
2024,13,mattcl-py,input-mattcl,python,0.016601881818863653,0.0005348414565780994,0.016529975120000002,0.011468386363636366,0.005053720454545454,0.01567889162,0.02021196062
