year,day,participant,input,language,mean,stddev,median,user,system,min,max
2024,13,kcen,input-kcen,nim,0.0014342159550000003,0.0001796279940769856,0.0014248298599999997,0.0010325949999999997,0.00045942590000000005,0.0007442953599999998,0.0023619213599999998
2024,13,lanjian,input-kcen,rust,0.0014100942149999995,0.00017332777708721115,0.0013906053599999997,0.0009079768000000001,0.0005387925999999997,0.0006645773599999999,0.0023068193599999997
2024,13,mattcl,input-kcen,rust,0.0013734145499999996,0.00018809610852197196,0.0014070608599999997,0.0010759818000000002,0.0003707387999999997,0.0005674553599999999,0.0021533813599999996
2024,13,mattcl-py,input-kcen,python,0.01687955612704546,0.000623566668868252,0.016770660360000002,0.011771433636363633,0.005025897045454545,0.01604750236,0.01967065036
2024,13,kcen,input-lanjian,nim,0.0014450763500000006,0.00025279796226730634,0.00141404936,0.0010680599999999994,0.00040679029999999986,0.0006909363599999998,0.00290916536
2024,13,lanjian,input-lanjian,rust,0.0014080597650000012,0.00015510840501922846,0.0014137688599999997,0.000992945,0.000449362,0.0007475823599999999,0.00217422136
2024,13,mattcl,input-lanjian,rust,0.0013773486549999998,0.00023956510453610513,0.0014012048599999997,0.0010583684,0.0003777564,0.00047775735999999985,0.0027280673599999997
2024,13,mattcl-py,input-lanjian,python,0.016848647992183906,0.0005742581487244784,0.01678923986,0.01175833540229885,0.0050011514942528736,0.01597464636,0.02012589236
2024,13,kcen,input-mattcl,nim,0.0014338884099999996,0.0001318468402040659,0.0014203658599999999,0.0011079049999999997,0.00038002360000000005,0.0009226893599999999,0.0021697023599999998
2024,13,lanjian,input-mattcl,rust,0.001425887169999999,0.0001478768902723036,0.0014115043599999997,0.0010585583999999993,0.0004135015999999999,0.0008553843599999998,0.0021265113599999996
2024,13,mattcl,input-mattcl,rust,0.0013605231000000009,0.00019227446257178498,0.0013969523599999998,0.000966287,0.00043686830000000024,0.0006471943599999998,0.0018543533599999999
2024,13,mattcl-py,input-mattcl,python,0.01686200332407186,0.0005930627365664592,0.01677456236,0.011947457724550904,0.0048092964071856275,0.01605034836,0.01989147336
