year,day,participant,input,language,mean,stddev,median,user,system,min,max
2024,13,kcen,input-kcen,nim,0.0013690553050000002,0.00015847285128417314,0.0013658310599999998,0.0010188950000000001,0.00038774999999999975,0.0007561890599999998,0.00205053306
2024,13,lanjian,input-kcen,rust,0.0013569701000000001,0.00017079613748871407,0.0013600950599999997,0.0009778150000000004,0.0004272194,0.0006195140599999998,0.00189289806
2024,13,mattcl,input-kcen,rust,0.0013134634049999999,0.00021684997551623785,0.0013495560599999998,0.0009211650000000002,0.0004429063999999998,0.00033671405999999987,0.0024996240599999995
2024,13,mattcl-py,input-kcen,python,0.01657598075714285,0.0006124735827854924,0.01647866606,0.012071317142857139,0.004482870857142857,0.01540193106,0.018861117059999998
2024,13,kcen,input-lanjian,nim,0.0013672202099999997,0.0001706069945051429,0.0013728795599999997,0.0008765324999999999,0.0005153829999999999,0.0006904570599999998,0.0025382860599999996
2024,13,lanjian,input-lanjian,rust,0.00136732333,0.00016026440251548478,0.00139163456,0.0009012774999999993,0.00045648839999999966,0.0007964350599999998,0.0017430970599999999
2024,13,mattcl,input-lanjian,rust,0.001321290915,0.0001792717244950276,0.0013522610599999998,0.0009774250000000003,0.00037963020000000006,0.0005235240599999998,0.00185353406
2024,13,mattcl-py,input-lanjian,python,0.016420738582727263,0.0004951037888362045,0.016356203059999998,0.011741727272727275,0.004633950454545458,0.01524663006,0.01925859206
2024,13,kcen,input-mattcl,nim,0.001371279595,0.00014275469157851574,0.0013671135599999998,0.000895385,0.0005194958,0.00046339205999999973,0.0020407550599999998
2024,13,lanjian,input-mattcl,rust,0.0013609459699999995,0.00018091986303389398,0.00136979406,0.0008837999999999999,0.0005318405999999999,0.0006204460599999997,0.00195618606
2024,13,mattcl,input-mattcl,rust,0.0013426315899999993,0.0001786659312583436,0.0013512490599999999,0.0009624799999999997,0.00041299439999999983,0.0005458160599999997,0.00205786606
2024,13,mattcl-py,input-mattcl,python,0.01657700853428571,0.0007671718804504448,0.01638357806,0.011754214285714288,0.004773913599999998,0.015210923060000001,0.01978516806
