year,day,participant,input,language,mean,stddev,median,user,system,min,max
2024,13,kcen,input-kcen,nim,0.0014409730350000002,0.00017504389780115582,0.00141928476,0.0011237700000000005,0.00036789969999999984,0.0007906022599999998,0.0026703432599999998
2024,13,mattcl,input-kcen,rust,0.00133380907,0.0002037943730321861,0.0013764737599999998,0.0009981556999999997,0.0003895031,0.0007091102599999997,0.00210046526
2024,13,mattcl-py,input-kcen,python,0.01670707046454546,0.0005879135069902651,0.01660599126,0.01166255181818182,0.004959648181818183,0.015718444260000002,0.01959831926
2024,13,kcen,input-mattcl,nim,0.0014368757099999991,0.00015089893230181139,0.0014190292599999999,0.0008994100000000002,0.0005654433999999999,0.0008196472599999997,0.00224199026
2024,13,mattcl,input-mattcl,rust,0.0013321757099999994,0.0002297270292823463,0.00137919476,0.0009576537999999996,0.00043287929999999983,0.0005403542599999998,0.00266140626
2024,13,mattcl-py,input-mattcl,python,0.01669181490571429,0.0006634560084009418,0.01654099426,0.01148828857142857,0.005104980114285714,0.015333122260000002,0.01966880126
