year,day,participant,input,language,mean,stddev,median,user,system,min,max
2024,13,kcen,input-kcen,nim,0.0013379257949999992,0.0003040742848009281,0.0014285210400000001,0.0009807254,0.0004086972,0.0002848005400000001,0.00191953054
2024,13,lanjian,input-kcen,rust,0.0013202586050000006,0.00033347164250498965,0.00144678004,0.0009047971999999999,0.0004864142000000002,0.0002625185400000001,0.00178685054
2024,13,mattcl,input-kcen,rust,0.0013973402299999995,0.00020558706646208643,0.0014220235400000001,0.0010602359000000006,0.00036453999999999995,0.0005002065400000001,0.00216097554
2024,13,mattcl-py,input-kcen,python,0.016769600534117645,0.00056243262171573,0.016694171040000004,0.012127455294117647,0.004557506117647062,0.015461647540000002,0.01949642154
2024,13,kcen,input-lanjian,nim,0.0014689085449999997,0.00018045613145084872,0.00145743054,0.0009381576999999999,0.0005288264,0.00085124754,0.00227954954
2024,13,lanjian,input-lanjian,rust,0.0014560702899999998,0.0002019401289057474,0.00144900954,0.0010488753999999994,0.00039255240000000003,0.0005501305400000001,0.0019103435400000001
2024,13,mattcl,input-lanjian,rust,0.0013817032449999992,0.0002054623344199722,0.00141201004,0.0009227595000000003,0.00046661539999999995,0.0005916995400000001,0.00186330554
2024,13,mattcl-py,input-lanjian,python,0.016672628210520228,0.00070900472584693,0.01661260754,0.011960935606936413,0.004606242774566475,0.01522627554,0.019720644540000002
2024,13,kcen,input-mattcl,nim,0.0014707210600000003,0.00019706903947540417,0.00146140804,0.0009792817999999997,0.0004902106,0.00058617854,0.00237036054
2024,13,lanjian,input-mattcl,rust,0.0014438108250000004,0.0001404621000430947,0.0014448720399999999,0.0009411908999999999,0.0004876204,0.0009657435400000001,0.0017833145399999998
2024,13,mattcl,input-mattcl,rust,0.0014008780449999998,0.0002006377524192274,0.00143341504,0.0009245735999999999,0.0004914302,0.00055296554,0.00221009854
2024,13,mattcl-py,input-mattcl,python,0.016699119784047617,0.0005983126766005214,0.01665741704,0.011853302142857144,0.004738167857142857,0.01525658354,0.01950352554
