year,day,participant,input,language,mean,stddev,median,user,system,min,max
2024,13,kcen,input-kcen,nim,0.0014474339700000006,0.00014183065070670492,0.0014442113600000004,0.0011216800000000001,0.00038009480000000004,0.0008486218600000004,0.00214458586
2024,13,mattcl,input-kcen,rust,0.0013216144449999998,0.0002635757883212124,0.0013630548600000003,0.0009724855000000002,0.0004157122,0.0005267908600000003,0.0025933048600000003
2024,13,mattcl-py,input-kcen,python,0.01651657836285714,0.0005349227944750733,0.016436051860000002,0.0112169,0.005218850285714285,0.015079243860000001,0.019542830860000002
2024,13,kcen,input-mattcl,nim,0.001453305405000001,0.00017583689987564428,0.0014580423600000004,0.0010550900000000003,0.00041486659999999994,0.0008195988600000002,0.00262516486
2024,13,mattcl,input-mattcl,rust,0.001354788475,0.00021226996797348447,0.0013851658600000003,0.0009813742000000002,0.0004069667999999999,0.0007492058600000002,0.0020498888600000006
2024,13,mattcl-py,input-mattcl,python,0.016598367714651164,0.000605582820841866,0.01647353236,0.01193070209302325,0.0045792088372093,0.015312670860000002,0.01948326986
