year,day,participant,input,language,mean,stddev,median,user,system,min,max
2024,13,kcen,input-kcen,nim,0.0014158161250000007,0.00014457484210219198,0.0014128264,0.0011050190000000005,0.00037206099999999987,0.0008775534,0.0020316863999999997
2024,13,mattcl,input-kcen,rust,0.00120689592,0.00024537309070175623,0.0012716569,0.000990161,0.0003072339999999999,0.0004053793999999999,0.0022122744000000003
2024,13,mattcl-py,input-kcen,python,0.01651364382613636,0.0007104821958644268,0.016325465400000003,0.011539104545454539,0.004913438636363638,0.0152544334,0.0198876054
2024,13,kcen,input-mattcl,nim,0.0014110586150000001,0.0001624636684886895,0.0014203008999999999,0.0009273279999999994,0.0005403590000000001,0.00038924839999999994,0.0023249264
2024,13,mattcl,input-mattcl,rust,0.0012607285749999997,0.0001952756202667327,0.0012888893999999998,0.0009608879999999997,0.00036741500000000017,0.0006241083999999999,0.0020334504
2024,13,mattcl-py,input-mattcl,python,0.01654047420924856,0.0006204961992297289,0.0164092964,0.011792082080924854,0.004669073988439307,0.0154353024,0.0195095764
