year,day,participant,input,language,mean,stddev,median,user,system,min,max
2024,13,kcen,input-kcen,nim,0.0014321696550000007,0.00012717345400771045,0.0014305824000000003,0.0010215700000000003,0.00045633180000000003,0.0010410574000000003,0.0021313694000000003
2024,13,mattcl,input-kcen,rust,0.0012676896349999996,0.0002507484763046534,0.0013062644000000003,0.000933875,0.0004047572,0.00023701140000000022,0.0020914654000000004
2024,13,mattcl-py,input-kcen,python,0.016722305564705886,0.0006421650844342305,0.016600282400000003,0.011860558823529412,0.004798404941176469,0.0155387334,0.020083247400000004
2024,13,kcen,input-mattcl,nim,0.0014198604200000007,0.00011495652893596175,0.0014239444000000003,0.0011681950000000001,0.00035125559999999996,0.0008292214000000003,0.0017786994000000005
2024,13,mattcl,input-mattcl,rust,0.0012727308150000008,0.0002328713908672662,0.0013188729000000003,0.000987149999999999,0.00036729839999999987,0.0005104734000000001,0.0023257044
2024,13,mattcl-py,input-mattcl,python,0.01678042688538011,0.0007312990788077413,0.016615601400000003,0.011719081871345025,0.00496919649122807,0.015849145400000004,0.020045526400000003
