year,day,participant,input,language,mean,stddev,median,user,system,min,max
2024,13,kcen,input-kcen,nim,0.0015646703599999999,0.00030515260146240277,0.00163323098,0.0011068356,0.0004771307999999998,0.0005289014800000001,0.0025618624800000005
2024,13,lanjian,input-kcen,rust,0.0016391859099999997,0.00016156546426044637,0.00165053348,0.0010659878,0.0005588581999999998,0.00105587948,0.0023079154800000005
2024,13,mattcl,input-kcen,rust,0.0015679026250000011,0.00021643353495556274,0.0016144859800000001,0.0011459300000000003,0.0004331988,0.0007600744799999999,0.0023933654800000004
2024,13,mattcl-py,input-kcen,python,0.016833348565714286,0.0004901963167051279,0.01675888948,0.011818157142857146,0.004915714742857141,0.01586810048,0.01957363448
2024,13,kcen,input-lanjian,nim,0.0016688719749999986,0.00016723028222128024,0.0016483194800000001,0.001176995,0.0004600572000000001,0.00103127348,0.0023314704800000002
2024,13,lanjian,input-lanjian,rust,0.0016408142000000003,0.00017487539816965847,0.0016561544800000002,0.0012687138999999997,0.00035621279999999996,0.00060506448,0.0022525624800000003
2024,13,mattcl,input-lanjian,rust,0.0016196564799999993,0.00019601575047698406,0.0016299494800000001,0.0011101989,0.0004901810000000001,0.00082233148,0.0024519154800000005
2024,13,mattcl-py,input-lanjian,python,0.016936141048047335,0.0007289332930966149,0.01680038748,0.011312332426035503,0.005514443076923076,0.015824087480000002,0.02021599848
2024,13,kcen,input-mattcl,nim,0.0016702236050000006,0.00010548578646162011,0.00166097798,0.0011255850000000003,0.0005533016000000001,0.00124809948,0.00247796448
2024,13,lanjian,input-mattcl,rust,0.0016355740049999994,0.00016615983332200762,0.00165241698,0.0011293889,0.0004963628,0.00086995048,0.0021569124800000002
2024,13,mattcl,input-mattcl,rust,0.001611536674999999,0.00020733402495940292,0.0016350599800000001,0.0011866938999999994,0.0004013099999999999,0.0008057004799999999,0.0024138734800000002
2024,13,mattcl-py,input-mattcl,python,0.016841575985813945,0.0005471770582244505,0.016717285980000003,0.01170430720930233,0.0050302858139534895,0.01579616348,0.01936174648
