year,day,participant,input,language,mean,stddev,median,user,system,min,max
2024,13,kcen,input-kcen,nim,0.0014650463650000003,0.000281352211546908,0.0014323458400000001,0.0010073300000000003,0.00048400589999999995,0.00040721133999999993,0.0027123973400000004
2024,13,mattcl,input-kcen,rust,0.0012859882749999998,0.00022734397293986306,0.00130313884,0.0009369550000000002,0.0004111306999999998,0.0006358193399999999,0.00201219734
2024,13,mattcl-py,input-kcen,python,0.016781379869069767,0.0006212932253337636,0.016607422340000004,0.012000552325581395,0.004682094651162789,0.01561744934,0.019772949340000002
2024,13,kcen,input-mattcl,nim,0.0014270760249999988,0.00017644493918561922,0.00142904934,0.0011520000000000007,0.00037225100000000004,0.00048996634,0.0022697983400000003
2024,13,mattcl,input-mattcl,rust,0.0013063486499999997,0.00020722914922165168,0.00132439384,0.0009291350000000006,0.0004446546,0.0006409383399999999,0.0022068813400000003
2024,13,mattcl-py,input-mattcl,python,0.01688535337468209,0.0006835713167845365,0.016791597340000002,0.012096317919075145,0.004710311213872831,0.015506941340000002,0.020254520340000002
