year,day,participant,input,language,mean,stddev,median,user,system,min,max
2024,13,kcen,input-kcen,nim,0.0013910617999999997,0.00017397043516721158,0.00139989162,0.0008731550000000004,0.0005340509999999998,0.0005102826199999999,0.00222724362
2024,13,lanjian,input-kcen,rust,0.001396314585,0.00015384213334582875,0.0013996261200000001,0.0010184474999999993,0.0003989919999999998,0.0006695206199999999,0.0017151866200000002
2024,13,mattcl,input-kcen,rust,0.0012949003150000001,0.0002182927953081577,0.00134184812,0.0009194249999999996,0.000412668,0.0005959826199999999,0.0021018696200000003
2024,13,mattcl-py,input-kcen,python,0.016392683345714282,0.0005735094119759744,0.01627381562,0.011295265714285714,0.005011877714285713,0.01540138362,0.01920846462
2024,13,kcen,input-lanjian,nim,0.001414288914999999,0.0001574169807902041,0.00141010012,0.0008905249999999995,0.0005638199999999999,0.0006921926199999999,0.00241951362
2024,13,lanjian,input-lanjian,rust,0.0013790198000000003,0.0001703990942054204,0.00140802712,0.000992725,0.000428178,0.0006491926199999998,0.00168302662
2024,13,mattcl,input-lanjian,rust,0.0012459556600000006,0.00022127368130125981,0.00129650812,0.0009172750000000006,0.00042059899999999996,0.0004728626199999999,0.0020152876200000003
2024,13,mattcl-py,input-lanjian,python,0.016476322719415203,0.0005176084553324142,0.01641679162,0.01168444736842105,0.0047204421052631585,0.015458410620000002,0.019198706620000002
2024,13,kcen,input-mattcl,nim,0.0014195199099999993,0.00017573105539032903,0.0014118691200000002,0.0010937375,0.00036546499999999993,0.0008256626199999998,0.0025749946200000003
2024,13,lanjian,input-mattcl,rust,0.0013822750050000007,0.0001629935221223408,0.00139802312,0.0008996400000000007,0.0004924189999999999,0.00075615262,0.00175992962
2024,13,mattcl,input-mattcl,rust,0.001228245605,0.00023921857616556076,0.00128936462,0.0009440725000000004,0.0003828179999999999,0.0004363346199999998,0.00197474162
2024,13,mattcl-py,input-mattcl,python,0.016357284005964923,0.0006228142331736909,0.01623850862,0.011470149122807013,0.004802252631578945,0.015179388620000001,0.019374894620000003
