year,day,participant,input,language,mean,stddev,median,user,system,min,max
2024,13,kcen,input-kcen,nim,0.0014111108399999992,0.00013424232857948425,0.0014114855400000003,0.001061985,0.0004132841999999999,0.00066886954,0.00181653854
2024,13,mattcl,input-kcen,rust,0.0013596712499999999,0.00021442742035883517,0.0013744965400000002,0.0009776399999999992,0.0004243566,0.00046545954,0.00248603254
2024,13,mattcl-py,input-kcen,python,0.01680695622786127,0.0006923949500609894,0.01668367354,0.011791789132947976,0.004929255953757223,0.01569897954,0.01990199854
2024,13,kcen,input-mattcl,nim,0.0013612639000000013,0.00022413560282991647,0.0014068470400000002,0.0010117352000000007,0.0004426310000000001,0.00045541053999999996,0.0019484255400000002
2024,13,mattcl,input-mattcl,rust,0.0013189425500000004,0.00018008779360271308,0.00134387354,0.0009827187999999999,0.0004155742000000001,0.00062081954,0.00204261154
2024,13,mattcl-py,input-mattcl,python,0.016779532062988496,0.0007282445855624906,0.01664711504,0.012068777471264365,0.004619866896551725,0.01520923254,0.01980527754
