year,day,participant,input,language,mean,stddev,median,user,system,min,max
2024,13,kcen,input-kcen,nim,0.0014306669500000005,0.00016212996167985313,0.0014395664200000003,0.0009924150000000008,0.00045256310000000015,0.0007887729200000003,0.0018776419200000004
2024,13,lanjian,input-kcen,rust,0.0014246316849999994,0.00015725876177640153,0.0014207509200000004,0.0009383848000000003,0.0004932368,0.0008144809200000002,0.00196723992
2024,13,mattcl,input-kcen,rust,0.0013605718149999997,0.00018752092020697412,0.0013818634200000004,0.0010052116000000002,0.0004112677999999999,0.0007142229200000003,0.0020841589200000002
2024,13,mattcl-py,input-kcen,python,0.016636168114285723,0.0006805562064198623,0.016512781920000004,0.011839897142857147,0.004717446857142856,0.01542155892,0.019871713920000002
2024,13,kcen,input-lanjian,nim,0.0014276630699999997,0.00011446567905470524,0.0014150554200000002,0.0009366216000000001,0.0005041397,0.0009712749200000003,0.0017884849200000006
2024,13,lanjian,input-lanjian,rust,0.0014204396749999996,0.00015009433270652845,0.0014198594200000004,0.0009050498000000003,0.0005248933999999999,0.0008196799200000003,0.0018940729200000003
2024,13,mattcl,input-lanjian,rust,0.0013400603250000003,0.000214360192455898,0.0013984994200000004,0.0009514480000000001,0.00041545359999999997,0.0005918039200000003,0.0021199149200000003
2024,13,mattcl-py,input-lanjian,python,0.016494576367058814,0.0005514768658600547,0.016430864920000003,0.011418315294117643,0.005004505764705881,0.01562477992,0.019443210920000002
2024,13,kcen,input-mattcl,nim,0.0014362087800000012,0.00019279498867332665,0.0014039349200000004,0.0009419699999999999,0.0004980596999999999,0.0008655959200000003,0.0027036889200000003
2024,13,lanjian,input-mattcl,rust,0.001400358755,0.00017423777660452455,0.0014153314200000002,0.0009694600000000008,0.00044425939999999983,0.0005535119200000002,0.0018176399200000005
2024,13,mattcl,input-mattcl,rust,0.0013890903550000011,0.00018996699173067357,0.0014077919200000003,0.0010046650000000003,0.00042587859999999996,0.0006146759200000003,0.0024504949200000003
2024,13,mattcl-py,input-mattcl,python,0.016576378738181817,0.0006476399857789254,0.016472862920000005,0.011749975454545454,0.004737046249999998,0.015545350920000001,0.01958730092
