year,day,participant,input,language,mean,stddev,median,user,system,min,max
2024,13,kcen,input-kcen,nim,0.001370010960000001,0.00016482397192201978,0.00136093256,0.00101695,0.00044117669999999996,0.00063547406,0.00201617006
2024,13,lanjian,input-kcen,rust,0.0013638719049999999,0.00013897667120516056,0.00138004306,0.0009857723999999995,0.00048730310000000005,0.00067815406,0.00171091806
2024,13,mattcl,input-kcen,rust,0.0013209809299999993,0.00023221166574300008,0.00133760906,0.0009766731,0.0004350604999999998,0.00054173906,0.00240419706
2024,13,mattcl-py,input-kcen,python,0.01665507813428572,0.0006368107089038749,0.01654544406,0.012165374285714283,0.0044618621714285715,0.01571916706,0.01975413306
2024,13,kcen,input-lanjian,nim,0.001374573275,0.0001860129371485,0.00135982106,0.0009521430999999998,0.0005049256999999998,0.00072929006,0.00221366006
2024,13,lanjian,input-lanjian,rust,0.0013679710700000005,0.00015952152243377021,0.00138344956,0.0010708630999999998,0.00037748389999999984,0.00070388206,0.0018108760599999999
2024,13,mattcl,input-lanjian,rust,0.0013116118250000005,0.00022484786994803985,0.0013223050600000002,0.0009758842999999999,0.0004454455000000001,0.00058624206,0.0025297300599999998
2024,13,mattcl-py,input-lanjian,python,0.016639762048571427,0.0006651322533275599,0.016532370060000003,0.011890274971428569,0.004707390285714287,0.015279845060000002,0.01977200506
2024,13,kcen,input-mattcl,nim,0.0013877688350000005,0.00015057717679199466,0.0013849275600000001,0.0010529850000000002,0.00045739789999999994,0.00069361306,0.00214893806
2024,13,lanjian,input-mattcl,rust,0.0013607048899999998,0.00012642446385270268,0.00137328006,0.0010220499999999998,0.0004482005,0.00071000406,0.0016848690600000003
2024,13,mattcl,input-mattcl,rust,0.0013153964750000002,0.0002237010221268013,0.00133088206,0.0010340731,0.0003774876999999999,0.00057725506,0.00239371706
2024,13,mattcl-py,input-mattcl,python,0.01662248423964072,0.0004770530223802425,0.01659606906,0.012046230299401202,0.004529654251497006,0.01528625606,0.019333485060000002
