year,day,participant,input,language,mean,stddev,median,user,system,min,max
2024,13,kcen,input-kcen,nim,0.0014483254700000004,0.00016047456528758285,0.0014293027199999999,0.0009860599999999998,0.0005034329999999997,0.00086786122,0.00229549422
2024,13,lanjian,input-kcen,rust,0.0014096949850000006,0.00017384412372622914,0.00140977072,0.0010183399999999997,0.00041852599999999985,0.00061581922,0.00223293722
2024,13,mattcl,input-kcen,rust,0.001372486,0.00021359848547315057,0.00138021522,0.0010117513,0.000392681,0.0005202002200000001,0.00206645522
2024,13,mattcl-py,input-kcen,python,0.016663940843595505,0.0006046954408347449,0.016567053720000002,0.012260908539325842,0.004329386516853932,0.01534061822,0.020100690220000002
2024,13,kcen,input-lanjian,nim,0.00146238919,0.00018974628586628336,0.00143111122,0.0010442449999999994,0.00045384099999999975,0.00083804522,0.00234572822
2024,13,lanjian,input-lanjian,rust,0.0014122713400000007,0.0001421797627574841,0.0014198147199999999,0.0009471025999999998,0.000528082,0.00069556822,0.00176258622
2024,13,mattcl,input-lanjian,rust,0.0013068197499999997,0.00021244473311804433,0.00137560122,0.0010484125999999999,0.00034759,0.00024837121999999993,0.00195128022
2024,13,mattcl-py,input-lanjian,python,0.016769367129090915,0.0006105805602364853,0.016701320220000003,0.011822654772727276,0.0048650215909090905,0.015738272220000002,0.020074962220000003
2024,13,kcen,input-mattcl,nim,0.0014446232899999994,0.0002031457581140789,0.00142122222,0.0010338675999999993,0.00045084300000000014,0.0008047632200000001,0.00276498322
2024,13,lanjian,input-mattcl,rust,0.0014151281849999987,0.00020920878759872014,0.00141018622,0.0010960225999999999,0.00036240299999999997,0.00071424422,0.00267976322
2024,13,mattcl,input-mattcl,rust,0.00134161412,0.00020893803123080067,0.00137844222,0.0009760215000000002,0.00042946499999999975,0.00058563322,0.00198615522
2024,13,mattcl-py,input-mattcl,python,0.01671217234790698,0.0006447318206936545,0.016603091220000005,0.011952071395348833,0.00464444418604651,0.01557304322,0.019762917220000002
