year,day,participant,input,language,mean,stddev,median,user,system,min,max
2024,13,kcen,input-kcen,nim,0.0013931608650000003,0.00019873865573067961,0.00142062324,0.0011638950000000003,0.0002963805,0.0005926247400000001,0.00182728374
2024,13,lanjian,input-kcen,rust,0.0013935046149999998,0.0001758856473208281,0.00141427574,0.001084135,0.0003594939999999999,0.0006092457400000002,0.0019118917400000003
2024,13,mattcl,input-kcen,rust,0.0013423930400000004,0.00021760488602984144,0.0013710052400000001,0.0010160214999999997,0.0003910504999999999,0.0006563727400000001,0.00213804474
2024,13,mattcl-py,input-kcen,python,0.016582739195555564,0.0007540483659276802,0.016420291240000003,0.011659666666666665,0.004860658333333333,0.01539951174,0.02034276774
2024,13,kcen,input-lanjian,nim,0.0014218619649999987,0.0001920675017386989,0.0014198017400000001,0.0010366049999999995,0.00044453749999999985,0.00068128974,0.00204514074
2024,13,lanjian,input-lanjian,rust,0.0014058107999999998,0.00015740697122812716,0.0014197762399999999,0.001019615,0.00044860850000000003,0.0005262797400000001,0.00237211274
2024,13,mattcl,input-lanjian,rust,0.0013471363150000001,0.0001930025571661363,0.00136727374,0.0010061510000000005,0.00040920749999999993,0.00070577574,0.00210251874
2024,13,mattcl-py,input-lanjian,python,0.01652797762268157,0.0007125062793540153,0.01640419074,0.011884308379888261,0.004586534078212292,0.015332776740000002,0.01949802774
2024,13,kcen,input-mattcl,nim,0.0014178736299999995,0.00017548298193472044,0.0014137852400000002,0.0011381950000000003,0.000348,0.0004460907400000001,0.0025068547400000003
2024,13,lanjian,input-mattcl,rust,0.0014049099300000012,0.00015823658213073226,0.00141706624,0.0009966559999999996,0.0004681555000000001,0.0006395427400000001,0.00214595974
2024,13,mattcl,input-mattcl,rust,0.0013034156199999997,0.00022275146045803266,0.00136226924,0.0009674199999999995,0.000390776,0.0006197047400000002,0.00205858574
2024,13,mattcl-py,input-mattcl,python,0.01659825541058823,0.0006675466048393577,0.01642809074,0.011516788823529411,0.005007334117647055,0.015419077740000002,0.01963754874
