year,day,participant,input,language,mean,stddev,median,user,system,min,max
2024,13,kcen,input-kcen,nim,0.0014293377300000007,0.00018929092232444655,0.0014174801800000004,0.0009358268000000006,0.0004982528000000001,0.0007774566800000004,0.0027056976800000003
2024,13,mattcl,input-kcen,rust,0.0012813696450000001,0.00021040174509489857,0.0013212001800000004,0.0009971904000000001,0.00034059140000000003,0.0005251946800000005,0.0020120686800000004
2024,13,mattcl-py,input-kcen,python,0.016357990559310344,0.0005000462223516473,0.016277613179999997,0.011151904367816096,0.005128697701149427,0.01537338968,0.018950937680000002
2024,13,kcen,input-mattcl,nim,0.0014075146200000005,0.00014110119586199397,0.0014186721800000003,0.0008902168000000002,0.0005763408,0.0006547366800000004,0.0018633706800000004
2024,13,mattcl,input-mattcl,rust,0.0013042020149999995,0.0002557917850661538,0.0013237101800000004,0.0009754554000000005,0.00038528039999999997,0.00021065468000000043,0.0022185956800000006
2024,13,mattcl-py,input-mattcl,python,0.016492482533107342,0.0006844633147733345,0.01637281968,0.012194402711864416,0.004219985988700567,0.015327804680000003,0.01941307368
