year,day,participant,input,language,mean,stddev,median,user,system,min,max
2024,13,kcen,input-kcen,nim,0.0013992964999999997,0.00014573022683929773,0.0013803518999999998,0.0009140600000000002,0.0005171349999999998,0.0007825483999999998,0.0022365884
2024,13,mattcl,input-kcen,rust,0.0013138730249999992,0.00025701492632421483,0.0013378473999999998,0.0009139950000000002,0.00044076460000000005,0.00029655839999999985,0.0025867544
2024,13,mattcl-py,input-kcen,python,0.016561313594285726,0.0006843266391952801,0.0164347804,0.011552165714285714,0.004915251542857144,0.015367774400000003,0.019896849400000003
2024,13,kcen,input-mattcl,nim,0.0014024146599999998,0.00015792238040161042,0.0013819948999999998,0.0009642499999999999,0.0004800409999999998,0.0006533863999999999,0.0020701573999999997
2024,13,mattcl,input-mattcl,rust,0.001116566275,0.0003447184460150698,0.0012231774,0.0009043069999999997,0.00032413930000000003,0.00007251939999999976,0.0021348293999999997
2024,13,mattcl-py,input-mattcl,python,0.016523126505882346,0.0006081944633817782,0.0164390134,0.011826328235294128,0.004630521058823528,0.015412467400000001,0.0199943924
