year,day,participant,input,language,mean,stddev,median,user,system,min,max
2024,13,kcen,input-kcen,nim,0.0014133321649999998,0.00018925794764585813,0.00140935678,0.0010625000000000003,0.0003897664,0.00071901978,0.00216379278
2024,13,lanjian,input-kcen,rust,0.0013895722449999992,0.00018380185543162865,0.0014031702799999998,0.0009231423999999998,0.0005039652,0.00030979478,0.00203395978
2024,13,mattcl,input-kcen,rust,0.0013231486850000004,0.0002013687470203076,0.0013587412799999999,0.0009954561999999997,0.0003911119999999998,0.00038087778,0.00194097678
2024,13,mattcl-py,input-kcen,python,0.01641453634140351,0.0005707119373408665,0.01627983678,0.011885350760233917,0.004432735906432752,0.015332625780000003,0.019043886779999998
2024,13,kcen,input-lanjian,nim,0.0014053205049999996,0.00014062309409558038,0.00141809728,0.0009828700000000003,0.0004468946000000001,0.0007396487800000001,0.00185909278
2024,13,lanjian,input-lanjian,rust,0.0013899148999999991,0.00019382672900378602,0.00140493778,0.0009793974000000007,0.0004402125999999999,0.0006238127800000001,0.00239828178
2024,13,mattcl,input-lanjian,rust,0.0013405006449999993,0.00024226960862127188,0.00135149778,0.0009299630999999998,0.0004363832000000002,0.00057529078,0.00237831378
2024,13,mattcl-py,input-lanjian,python,0.016432069920350872,0.0006359834959528924,0.01630596678,0.011155163625730994,0.005202879298245613,0.015636503779999998,0.01970695778
2024,13,kcen,input-mattcl,nim,0.0014222516899999999,0.00014348014444567819,0.0014151472799999998,0.0008634200000000005,0.0005817684000000001,0.00069307178,0.00209617578
2024,13,lanjian,input-mattcl,rust,0.00140406275,0.00012420613172872816,0.00141789228,0.0009871662000000005,0.00048413659999999985,0.00058655278,0.0016722437799999998
2024,13,mattcl,input-mattcl,rust,0.0013616492049999998,0.00018603141595492775,0.0013755977799999998,0.0009465412000000009,0.00044712100000000003,0.0006668627800000001,0.00203393078
2024,13,mattcl-py,input-mattcl,python,0.01641284674610169,0.0005991633312722788,0.01628689978,0.011528826327683615,0.004806214237288133,0.015561423780000002,0.01909572478
