year,day,participant,input,language,mean,stddev,median,user,system,min,max
2024,13,kcen,input-kcen,nim,0.0014032368849999993,0.00021226274536762622,0.00139108002,0.0009516349999999997,0.0004915340000000002,0.0003164420199999998,0.00228561102
2024,13,mattcl,input-kcen,rust,0.0012539848549999993,0.00030914112248841115,0.0013022890199999998,0.0008973168,0.00042680179999999993,0.0004863300199999998,0.0024904440200000004
2024,13,mattcl-py,input-kcen,python,0.016675409304090914,0.0006843183170698345,0.016528330520000002,0.011649705454545446,0.004953999772727272,0.015273074020000001,0.01984592802
2024,13,kcen,input-mattcl,nim,0.001420820635,0.00017309240446171652,0.0014156965199999998,0.00100284,0.00046277799999999995,0.0007763940199999998,0.00231008602
2024,13,mattcl,input-mattcl,rust,0.0013067677399999993,0.00022312764189411348,0.00133022602,0.0009679941999999997,0.0003966119999999998,0.0005299220199999999,0.00213293502
2024,13,mattcl-py,input-mattcl,python,0.016616258836666658,0.000515433683903572,0.01650045302,0.011802397999999999,0.004749657777777777,0.015696728019999998,0.01939911102
