year,day,participant,input,language,mean,stddev,median,user,system,min,max
2024,13,kcen,input-kcen,nim,0.001446994035,0.00018331347568925025,0.00141977284,0.001061504999999999,0.0004392850000000001,0.00077253484,0.00226944884
2024,13,lanjian,input-kcen,rust,0.001168769535000001,0.00044432128823308423,0.00136971384,0.0008248535999999998,0.00043159500000000006,0.00022006983999999993,0.00233064384
2024,13,mattcl,input-kcen,rust,0.0010118223750000001,0.0004270652566679513,0.00114885984,0.0008241257999999994,0.00032991999999999993,0.00011694783999999995,0.0020835208400000003
2024,13,mattcl-py,input-kcen,python,0.017030009661428588,0.000667492328903763,0.01688789484,0.012055594285714297,0.004896654761904763,0.01587515284,0.02013081484
2024,13,kcen,input-lanjian,nim,0.0014142006650000002,0.00018678081506809488,0.00140529434,0.0009621630999999999,0.0005142749999999999,0.00051573484,0.0024268628400000002
2024,13,lanjian,input-lanjian,rust,0.0014009748200000003,0.00019761052843696178,0.0014082508400000001,0.001098095,0.00038297499999999997,0.0004662608399999999,0.00270221984
2024,13,mattcl,input-lanjian,rust,0.0013434595150000003,0.00019328767572711236,0.00138811784,0.0009635054999999992,0.00044816499999999993,0.0006899008399999999,0.00185414084
2024,13,mattcl-py,input-lanjian,python,0.016965944886242784,0.0006994577884118843,0.01684058184,0.01179262855491329,0.005080526011560695,0.015363474840000002,0.01964383184
2024,13,kcen,input-mattcl,nim,0.0014706183550000002,0.0002253446188982595,0.0014275673400000002,0.001059799999999999,0.0004511899999999999,0.0007336628400000001,0.00257153384
2024,13,lanjian,input-mattcl,rust,0.001423512975000001,0.00021996832852619897,0.00139084834,0.0009121731000000002,0.0005113700000000001,0.0006849308399999999,0.00258594184
2024,13,mattcl,input-mattcl,rust,0.0013006838849999997,0.00024954663424604757,0.0013787403400000002,0.0009733835999999995,0.00042860500000000014,0.00020072384,0.0020641848400000003
2024,13,mattcl-py,input-mattcl,python,0.016906561759075154,0.0006382028546618816,0.016830111840000002,0.011739776647398845,0.005087260115606937,0.01583012884,0.01977174184
