year,day,participant,input,language,mean,stddev,median,user,system,min,max
2024,13,kcen,input-kcen,nim,0.0014633026499999992,0.00017813287131172588,0.0014304378199999997,0.0011030653999999996,0.00040794040000000006,0.0009598218199999999,0.0022596158199999997
2024,13,lanjian,input-kcen,rust,0.0014181738100000005,0.0001539482930754483,0.0014214963199999998,0.0009762252,0.0004673370000000001,0.0008027978199999999,0.00208964682
2024,13,mattcl,input-kcen,rust,0.0013665025549999999,0.00016417026155053977,0.0014039738199999997,0.0009455205999999995,0.0004695671000000002,0.0005506458199999999,0.0017892038199999998
2024,13,mattcl-py,input-kcen,python,0.016819512568538007,0.0005709134951986633,0.01673709882,0.011627287485380113,0.005091109122807018,0.01586371382,0.01984367482
2024,13,kcen,input-lanjian,nim,0.001451542059999999,0.0002245885711339792,0.0014280483199999997,0.0009735353999999999,0.0005016463999999999,0.0007652168199999999,0.00270422682
2024,13,lanjian,input-lanjian,rust,0.0013804645249999997,0.00026522981250620817,0.00141211382,0.0009901303999999991,0.0004458763000000001,0.0002507048199999999,0.00277682382
2024,13,mattcl,input-lanjian,rust,0.001391525555000001,0.00015997196534372655,0.0014067433199999998,0.0010443050000000006,0.0003736104,0.0005774358199999999,0.00220421082
2024,13,mattcl-py,input-lanjian,python,0.016810313191428564,0.0006230702032786196,0.01672705982,0.01208251451428571,0.004627448800000002,0.01534262882,0.02022218382
2024,13,kcen,input-mattcl,nim,0.001430126749999999,0.00017218471184136692,0.00142295882,0.00100676,0.0004971448999999997,0.0006506528199999999,0.00263533882
2024,13,lanjian,input-mattcl,rust,0.0014042684900000002,0.00012035708302853133,0.0014150843199999999,0.0009304601999999997,0.0005349079000000002,0.0008046518199999998,0.0017153658199999997
2024,13,mattcl,input-mattcl,rust,0.001343295055,0.0002224301193266056,0.0013899473199999997,0.0010213804,0.0003733190000000001,0.0003469338199999999,0.00211052582
2024,13,mattcl-py,input-mattcl,python,0.01687609303637427,0.0006514031023776248,0.01675147582,0.011923603274853804,0.004862017309941521,0.01562651982,0.01998644282
