year,day,participant,input,language,mean,stddev,median,user,system,min,max
2024,13,kcen,input-kcen,nim,0.0014000062299999996,0.00012115639527960893,0.00137986386,0.0010084776999999998,0.00045354429999999995,0.0009737833600000001,0.0020875083600000004
2024,13,mattcl,input-kcen,rust,0.0013131435650000011,0.00020258223526612614,0.0013330458600000002,0.0009885577000000002,0.00038893759999999994,0.00061019136,0.0021538523600000002
2024,13,mattcl-py,input-kcen,python,0.016737269458837217,0.0005903379207858216,0.01664273436,0.011665436744186049,0.004995113488372092,0.015532805360000002,0.019829651360000002
2024,13,kcen,input-mattcl,nim,0.0013953612000000004,0.00014183075613637358,0.0013931533600000001,0.0010147777000000004,0.00045246709999999994,0.0007743893600000002,0.0020198323600000003
2024,13,mattcl,input-mattcl,rust,0.0012976011249999995,0.00023156713403068595,0.00132989986,0.0009702430999999999,0.0003836925999999998,0.0005009973600000001,0.00209605536
2024,13,mattcl-py,input-mattcl,python,0.016689937240952385,0.0006857004250210917,0.01650979986,0.0117563230952381,0.004859992380952381,0.01542009436,0.019622875360000003
