year,day,participant,input,language,mean,stddev,median,user,system,min,max
2024,13,kcen,input-kcen,nim,0.0014291531150000003,0.0001457730768588985,0.0014093111799999998,0.0008960700000000001,0.0005578542000000001,0.0008862426799999998,0.0024618216799999998
2024,13,mattcl,input-kcen,rust,0.0013172954450000002,0.00022417785455170817,0.0013448261799999996,0.0010382299999999996,0.00037178959999999996,0.0006371256799999997,0.00239484568
2024,13,mattcl-py,input-kcen,python,0.0166558198983908,0.0006047159671609544,0.01657625368,0.011549798850574708,0.005034101954022988,0.015550517680000002,0.02001660868
2024,13,kcen,input-mattcl,nim,0.0014288346399999995,0.0001955607848701615,0.0014178076799999995,0.0011025124999999997,0.00038805820000000006,0.0007875276799999997,0.00253259468
2024,13,mattcl,input-mattcl,rust,0.0013326224799999997,0.00018082853718209713,0.0013513831799999998,0.001000945,0.0003983902000000002,0.0006162576799999998,0.0020502116799999996
2024,13,mattcl-py,input-mattcl,python,0.016734116569570565,0.0005966542289366804,0.01668029268,0.01152859815950921,0.005106608588957055,0.01532206968,0.02003377168
