year,day,participant,input,language,mean,stddev,median,user,system,min,max
2024,13,kcen,input-kcen,nim,0.0014162064199999996,0.00018377129796770246,0.00140749528,0.0009003049999999999,0.0005248811999999999,0.0007828097799999999,0.0022793317800000002
2024,13,mattcl,input-kcen,rust,0.00131505601,0.00020192798970966854,0.0013394727799999999,0.0008718380000000003,0.00046204740000000007,0.00065377878,0.00207956778
2024,13,mattcl-py,input-kcen,python,0.016802923415294112,0.0006649288358806662,0.01665965228,0.011619530588235292,0.005078158352941178,0.015539530780000001,0.01961409978
2024,13,kcen,input-mattcl,nim,0.0014350299149999998,0.0002058945305830313,0.00141671728,0.0009703769999999999,0.00048429600000000005,0.0004917957799999999,0.00225560878
2024,13,mattcl,input-mattcl,rust,0.0012931228150000005,0.0002164796412661881,0.00133205878,0.0009985889999999994,0.00034951370000000016,0.0005474797799999999,0.00199415878
2024,13,mattcl-py,input-mattcl,python,0.016725600018372092,0.0005327350091128233,0.01663774178,0.011377579069767442,0.0052583644186046516,0.01588714178,0.02012008678
