year,day,participant,input,language,mean,stddev,median,user,system,min,max
2024,13,kcen,input-kcen,nim,0.0014194484900000009,0.0001941225182607028,0.00141285244,0.0011046349999999994,0.0003985325,0.00071533094,0.00268525894
2024,13,mattcl,input-kcen,rust,0.0012789103949999991,0.00018685337080296435,0.00133142994,0.0010207328000000008,0.000382675,0.0005246449399999999,0.00197371694
2024,13,mattcl-py,input-kcen,python,0.01683873873069768,0.0007095162903563554,0.01671724694,0.012358513023255809,0.00442823546511628,0.01535300894,0.020141960940000002
2024,13,kcen,input-mattcl,nim,0.0014301339649999997,0.00015817976343469363,0.00142001044,0.0011290799999999998,0.00040539000000000005,0.00063602294,0.00219917894
2024,13,mattcl,input-mattcl,rust,0.0013324585049999992,0.00020380692744124515,0.00135290994,0.0010588484000000004,0.00036232,0.0007183969400000001,0.00200602694
2024,13,mattcl-py,input-mattcl,python,0.01677839408942528,0.0006256806488391693,0.01666275994,0.01187297448275862,0.0048490201149425285,0.01575231594,0.019758383940000002
