year,day,participant,input,language,mean,stddev,median,user,system,min,max
2024,13,kcen,input-kcen,nim,0.0014467968350000008,0.0002083130984495893,0.0014201418399999999,0.0010169904,0.00048042100000000003,0.00043804933999999987,0.00253834834
2024,13,mattcl,input-kcen,rust,0.0013122806500000003,0.00019669362520867976,0.00136145184,0.0009603484999999994,0.00046565699999999985,0.0005817273399999998,0.00201487934
2024,13,mattcl-py,input-kcen,python,0.016834420088538013,0.0005395757390577295,0.01675080034,0.011749921988304097,0.004984473684210526,0.01595861734,0.019817808340000003
2024,13,kcen,input-mattcl,nim,0.0014420332800000005,0.00018386727477089223,0.00142680434,0.0009892549999999996,0.0005062830000000001,0.0007807803399999998,0.00226417534
2024,13,mattcl,input-mattcl,rust,0.0013331959449999998,0.0002162689385672943,0.0013652443399999998,0.0009852834999999995,0.00040223099999999996,0.0005512803399999997,0.00209699334
2024,13,mattcl-py,input-mattcl,python,0.016880890159767445,0.0006763106917460496,0.01677026184,0.011924698372093022,0.004846370930232558,0.01573373734,0.01991905834
