year,day,participant,input,language,mean,stddev,median,user,system,min,max
2024,13,kcen,input-kcen,nim,0.001447981355,0.00015758767766851746,0.00145298322,0.0010078912000000004,0.00046403420000000006,0.00059170872,0.0023086157199999997
2024,13,lanjian,input-kcen,rust,0.0014593438099999995,0.00013857778927589686,0.0014502677199999998,0.0010036011999999999,0.00048032439999999967,0.0007873257199999999,0.00184381472
2024,13,mattcl,input-kcen,rust,0.0014121734599999993,0.0002186306384557301,0.00142611722,0.0009422561999999996,0.0004658393999999998,0.0006290387199999999,0.0019986857199999998
2024,13,mattcl-py,input-kcen,python,0.01662873577027934,0.0007355413463926753,0.01644626772,0.011095681787709493,0.005433306592178772,0.015616632720000002,0.02016041772
2024,13,kcen,input-lanjian,nim,0.0013370019300000002,0.0002974477661082529,0.0014282962200000001,0.0008784958000000002,0.0005299202,0.00028940271999999996,0.0018399087199999999
2024,13,lanjian,input-lanjian,rust,0.001438178965,0.0001774081872521827,0.00146313722,0.0009742150000000001,0.0004921948000000004,0.0004479687199999999,0.00183308472
2024,13,mattcl,input-lanjian,rust,0.00139437693,0.00017479417213648834,0.0014172502199999999,0.0010799336,0.00038570300000000015,0.0006388567199999999,0.0020715117200000004
2024,13,mattcl-py,input-lanjian,python,0.016404547365348836,0.0004310211811204865,0.016351144220000002,0.011484900930232552,0.0048560903488372095,0.015335555720000001,0.01951327472
2024,13,kcen,input-mattcl,nim,0.0014381679549999998,0.00019582822526403106,0.00145144972,0.0011652374,0.000338887,0.0007164117199999999,0.00228268772
2024,13,lanjian,input-mattcl,rust,0.0014414486749999994,0.00014672289755285128,0.0014632417199999998,0.0010254650000000001,0.00046491909999999976,0.0006949017199999999,0.0018816057200000001
2024,13,mattcl,input-mattcl,rust,0.0013804522749999994,0.00019204595898989572,0.0014067162200000001,0.0009991923999999991,0.00045238909999999985,0.00070512072,0.0021273067200000004
2024,13,mattcl-py,input-mattcl,python,0.016492997246315783,0.0005754403280916411,0.01639173572,0.01189658011695906,0.004522494853801169,0.015390498720000003,0.019422363720000002
