year,day,participant,input,language,mean,stddev,median,user,system,min,max
2024,13,kcen,input-kcen,nim,0.0014029273150000013,0.00018954221394506767,0.0014041701800000005,0.0011012665000000004,0.00036507999999999994,0.0007796816800000002,0.0025906606800000006
2024,13,lanjian,input-kcen,rust,0.0013969064200000001,0.00014183524565215957,0.0013990656800000004,0.0009840314999999993,0.00046819599999999993,0.0005605116800000003,0.0018249586800000005
2024,13,mattcl,input-kcen,rust,0.001305401575,0.00024085253980756101,0.0013262341800000005,0.0009820214999999991,0.00041087700000000014,0.0006283876800000002,0.0026153976800000005
2024,13,mattcl-py,input-kcen,python,0.016623894408323698,0.0005863696738000666,0.016504315680000003,0.011839723121387284,0.004707960693641621,0.015500345680000001,0.019922523680000002
2024,13,kcen,input-lanjian,nim,0.001404165505000001,0.00016939101392781094,0.0014096756800000005,0.0009644964999999994,0.00047580199999999983,0.0004888076800000002,0.0022704116800000003
2024,13,lanjian,input-lanjian,rust,0.0013903367400000008,0.00018444915043032526,0.0013920576800000002,0.0009514739999999997,0.000465959,0.0007008546800000003,0.0019007396800000006
2024,13,mattcl,input-lanjian,rust,0.001325629980000001,0.00022520095946496256,0.0013497786800000004,0.0008905144999999998,0.00048487700000000037,0.0006597266800000002,0.0020705676800000005
2024,13,mattcl-py,input-lanjian,python,0.01670515461333334,0.0006177094195112208,0.016586318180000004,0.012117318333333345,0.0045515300000000015,0.01553468968,0.019792690680000002
2024,13,kcen,input-mattcl,nim,0.0010552649149999998,0.00041159916694832193,0.0011807526800000003,0.0008388235000000003,0.0003591950000000001,0.00023225768000000025,0.0021931166800000005
2024,13,lanjian,input-mattcl,rust,0.001339123075,0.00020246058377367904,0.0014011341800000004,0.0009083389999999995,0.0005139759999999999,0.0003135986800000002,0.0016460836800000003
2024,13,mattcl,input-mattcl,rust,0.0013096742400000002,0.00020656764592900237,0.0013578436800000004,0.0010063880000000004,0.00038661799999999987,0.0005983816800000003,0.0020489076800000003
2024,13,mattcl-py,input-mattcl,python,0.016609163611428578,0.0006541890025374806,0.016431960680000003,0.011992404571428568,0.004570534857142857,0.01535132868,0.019330254680000002
