year,day,participant,input,language,mean,stddev,median,user,system,min,max
2024,13,kcen,input-kcen,nim,0.0014700501249999998,0.0002127756624168767,0.0014427502799999996,0.0010134259999999998,0.000479806,0.0008548837799999998,0.0026951007799999997
2024,13,lanjian,input-kcen,rust,0.0014305811800000001,0.00016134937842134624,0.0014301212799999997,0.00101498,0.00046112709999999985,0.0007121667799999997,0.0018469517799999998
2024,13,mattcl,input-kcen,rust,0.0013942046349999999,0.00016747456810844302,0.0014277767799999997,0.0010591299999999997,0.0004071869999999999,0.0006560817799999997,0.0020885847799999996
2024,13,mattcl-py,input-kcen,python,0.01685876499176471,0.0006605658917701438,0.016749409780000002,0.011651688235294116,0.0051221716470588215,0.01583868878,0.01963022978
2024,13,kcen,input-lanjian,nim,0.001468618789999998,0.00019594560993485823,0.0014411367799999997,0.0011443280000000002,0.00037420970000000004,0.00037649777999999965,0.0022826987799999996
2024,13,lanjian,input-lanjian,rust,0.0013939028199999998,0.00022172404347014813,0.0014379562799999997,0.0010444209999999994,0.00041893369999999983,0.0003511407799999997,0.0020542507799999996
2024,13,mattcl,input-lanjian,rust,0.0013798593449999997,0.00024832639984527694,0.0014032862799999996,0.0009872689999999998,0.0004137615000000001,0.00034635177999999965,0.0023189167799999998
2024,13,mattcl-py,input-lanjian,python,0.016855855282994013,0.0006025136266852862,0.01680297578,0.011970777245508981,0.004795062874251501,0.015727570780000002,0.019723404780000002
2024,13,kcen,input-mattcl,nim,0.0014480406349999997,0.0001457700988967415,0.0014370047799999997,0.0009709600000000004,0.0005125111000000003,0.0009111497799999997,0.00224704178
2024,13,lanjian,input-mattcl,rust,0.0014371765349999992,0.00015032723912702164,0.0014278377799999999,0.000988763,0.0004801066000000001,0.0008151687799999997,0.0019820447799999996
2024,13,mattcl,input-mattcl,rust,0.0014036066849999998,0.00018430756562427854,0.0014181647799999997,0.0010592160000000002,0.0003928652999999997,0.0005670147799999997,0.00213318778
2024,13,mattcl-py,input-mattcl,python,0.016933515271228057,0.0006715104671839657,0.01683967378,0.012368031578947366,0.004479657309941521,0.01578894678,0.01967889178
