year,day,participant,input,language,mean,stddev,median,user,system,min,max
2024,13,kcen,input-kcen,nim,0.0014233780399999993,0.00014726569177827778,0.00143466364,0.0011141972,0.0003813799999999999,0.0006466341399999996,0.00214381714
2024,13,mattcl,input-kcen,rust,0.0012369823049999992,0.00021747711051805943,0.0012892221399999997,0.0009528315999999999,0.000361885,0.0005267291399999996,0.0019192871399999999
2024,13,kcen,input-mattcl,nim,0.0014294361799999994,0.00015154919669491083,0.00144303514,0.0011190249999999994,0.0003850299999999999,0.0008297171399999998,0.00218766914
2024,13,mattcl,input-mattcl,rust,0.0012045794099999996,0.00024118286434555576,0.00125641564,0.0008902810000000004,0.00040347999999999995,0.0004496251399999997,0.00193292214
