year,day,participant,input,language,mean,stddev,median,user,system,min,max
2024,13,kcen,input-kcen,nim,0.0014138785299999998,0.0001266762780472279,0.0014137315000000003,0.0011088800000000005,0.0003381286000000001,0.0008171045,0.0018789615000000003
2024,13,lanjian,input-kcen,rust,0.001405076204999999,0.00014868520938059282,0.001406403,0.0009610142000000001,0.0004670538,0.0007767495,0.0017105565
2024,13,mattcl,input-kcen,rust,0.0012137647700000002,0.00034332290302047883,0.00131402,0.0008729338000000006,0.0003948272,0.00011889849999999994,0.0020440215
2024,13,mattcl-py,input-kcen,python,0.016587069352272724,0.0006676581838376117,0.016504489,0.012386483181818182,0.00414566159090909,0.015189618500000002,0.0204677945
2024,13,kcen,input-lanjian,nim,0.0014125642450000006,0.00015945227296806845,0.0014067435000000002,0.0008840950000000005,0.0005501848,0.0007361834999999999,0.0021790235
2024,13,lanjian,input-lanjian,rust,0.0013993735150000003,0.00014736025539092683,0.0013760555000000001,0.0009116196000000005,0.0004945732,0.0007835524999999999,0.0017878615000000001
2024,13,mattcl,input-lanjian,rust,0.001348980585,0.0001589981284517639,0.0013909940000000002,0.0009544645999999993,0.000453974,0.0006090165,0.0019498245000000003
2024,13,mattcl-py,input-lanjian,python,0.016588534341463415,0.0005789992200156749,0.0164803585,0.011683253170731699,0.004831008292682928,0.0155120215,0.019493891500000003
2024,13,kcen,input-mattcl,nim,0.0013760280999999997,0.00019910085416738153,0.0014057915000000002,0.0009192598000000002,0.0005171457999999999,0.0007075304999999999,0.0022545255
2024,13,lanjian,input-mattcl,rust,0.0014124535450000008,0.00012802531818258345,0.0014143125000000002,0.0008636242000000008,0.0005979944,0.0008136584999999999,0.0020057595000000004
2024,13,mattcl,input-mattcl,rust,0.0013263788650000005,0.00021496344546153719,0.0013633570000000002,0.0009646744000000005,0.00043133679999999994,0.0005226744999999999,0.0025087195
2024,13,mattcl-py,input-mattcl,python,0.016456985425714294,0.0005536607359475452,0.016355109500000003,0.011760342857142853,0.004637142171428572,0.015231506500000002,0.0199107325
