year,day,participant,input,language,mean,stddev,median,user,system,min,max
2024,13,kcen,input-kcen,nim,0.0014602657100000003,0.00019938442367473854,0.00145760998,0.0010231978000000005,0.00048075410000000015,0.00045775297999999995,0.00234753198
2024,13,lanjian,input-kcen,rust,0.0013815352150000004,0.00025971299421854034,0.00143492248,0.0009594505999999992,0.0004616093,0.0002913709799999999,0.00201915598
2024,13,mattcl,input-kcen,rust,0.0013738732750000007,0.00020980431504242258,0.00141393848,0.0009620189999999998,0.0004372288,0.0006364269799999999,0.00192380798
2024,13,mattcl-py,input-kcen,python,0.016866049339999998,0.0004857775079408001,0.016827638980000004,0.011828874285714277,0.004938220457142858,0.01584458798,0.01982400998
2024,13,kcen,input-lanjian,nim,0.0014734593500000004,0.0002129088610252482,0.0014457174800000003,0.0010481099999999997,0.0004410533999999999,0.0007218269799999999,0.00236609598
2024,13,lanjian,input-lanjian,rust,0.0012283617300000004,0.00039391076195282964,0.0013638394800000002,0.0008687767999999998,0.0004146087999999999,0.0002612249799999999,0.00230955098
2024,13,mattcl,input-lanjian,rust,0.0014061496800000005,0.0002121932748090783,0.00143291348,0.0009855928000000003,0.0004560790000000002,0.00019489997999999978,0.0021191739800000002
2024,13,mattcl-py,input-lanjian,python,0.0167046613172093,0.0004769970617751919,0.016608974480000004,0.011618367674418593,0.004998404883720932,0.015597424980000002,0.018491925980000004
2024,13,kcen,input-mattcl,nim,0.0014599396100000003,0.00018832027298965347,0.00145465348,0.0010676378000000002,0.0004295579,0.00078014598,0.00225447598
2024,13,lanjian,input-mattcl,rust,0.0014351067949999997,0.00016588742551413993,0.0014518989799999998,0.0009743277999999995,0.0005209796999999998,0.00071060498,0.00199997098
2024,13,mattcl,input-mattcl,rust,0.0013583354599999993,0.0002158389966135297,0.0014273124799999998,0.0010308373999999996,0.00040537319999999996,0.0007062769799999999,0.00207748498
2024,13,mattcl-py,input-mattcl,python,0.016868440580000005,0.0006000412694091324,0.01681192898,0.011856516470588234,0.004908197647058823,0.01580256898,0.019468904980000003
