year,day,participant,input,language,mean,stddev,median,user,system,min,max
2024,13,kcen,input-kcen,nim,0.0014200014300000006,0.00018447814886640587,0.0013983569400000003,0.0010418289999999998,0.00044054600000000016,0.0006815164400000003,0.0022423254400000007
2024,13,lanjian,input-kcen,rust,0.0013855247350000011,0.0001737484028870394,0.0013918749400000003,0.0009552099999999998,0.0004948360000000001,0.0005089644400000002,0.0019110764400000005
2024,13,mattcl,input-kcen,rust,0.0013420931300000005,0.00018451594544276404,0.0013707904400000004,0.0010109880000000002,0.00040352099999999995,0.0007116124400000003,0.0020979744400000007
2024,13,mattcl-py,input-kcen,python,0.01678194814760235,0.0005724432447873886,0.016691539440000003,0.012103181286549709,0.004612895906432747,0.01589028144,0.019506642440000003
2024,13,kcen,input-lanjian,nim,0.0014124698350000003,0.00021818966664697147,0.0013920499400000002,0.0010674750000000002,0.0004092300000000002,0.0006647754400000002,0.0024414174400000004
2024,13,lanjian,input-lanjian,rust,0.0013939809000000003,0.0001800793479164629,0.0013797624400000003,0.0010799550000000005,0.0003761339999999999,0.0007880764400000002,0.0021427984400000004
2024,13,mattcl,input-lanjian,rust,0.0013544752399999996,0.00020321003515530212,0.0013725184400000003,0.0010352990000000002,0.0003930429999999999,0.0008373574400000004,0.0021798674400000002
2024,13,mattcl-py,input-lanjian,python,0.016760879279285715,0.0005412540087748249,0.016754928440000004,0.012123247619047615,0.004576236904761903,0.015802737440000002,0.019607882440000002
2024,13,kcen,input-mattcl,nim,0.0014212261700000007,0.00014288486614548847,0.0013952659400000005,0.0009499649999999999,0.000527575,0.0007889474400000003,0.00209849644
2024,13,lanjian,input-mattcl,rust,0.0013989524849999993,0.00018015975284309588,0.0014125484400000002,0.0010552200000000008,0.0003974390000000001,0.0005889544400000002,0.0018728544400000004
2024,13,mattcl,input-mattcl,rust,0.0013211465399999994,0.0002531642242537043,0.0013561879400000002,0.0010130160000000007,0.00039070900000000004,0.0001805004400000003,0.0025138114400000003
2024,13,mattcl-py,input-mattcl,python,0.016678276209230774,0.00044933525495604806,0.016660271440000003,0.011760352662721893,0.00487646627218935,0.01571846144,0.019407568440000002
