year,day,participant,input,language,mean,stddev,median,user,system,min,max
2024,13,kcen,input-kcen,nim,0.0013933097950000004,0.00017042022529813687,0.0013960018200000002,0.0009497749999999996,0.0004911579000000002,0.0007669738200000002,0.0020456778200000003
2024,13,mattcl,input-kcen,rust,0.0011708376850000008,0.0002195989753692693,0.0012055798200000002,0.0008991538000000006,0.00038028020000000005,0.0004239518200000001,0.0019290588200000004
2024,13,mattcl-py,input-kcen,python,0.01633729687780347,0.0005943583595573614,0.016233223820000003,0.011746409710982654,0.004537317803468209,0.01539409282,0.019463983820000003
2024,13,kcen,input-mattcl,nim,0.0013904700299999994,0.0001598725752623978,0.00139677782,0.0011100449999999996,0.0003505412999999999,0.0006375818200000001,0.00200161582
2024,13,mattcl,input-mattcl,rust,0.0012391404149999995,0.00024554510182529186,0.0012613843200000002,0.0009262771999999993,0.00037078490000000007,0.0005096228200000001,0.0020696938200000002
2024,13,mattcl-py,input-mattcl,python,0.016444204562690065,0.000585315053629575,0.01631101982,0.011669741286549714,0.004703138479532162,0.015268767820000001,0.019273897820000004
