year,day,participant,input,language,mean,stddev,median,user,system,min,max
2024,13,kcen,input-kcen,nim,0.0014129028400000007,0.00019327278689545323,0.0014133829200000004,0.0011187150000000004,0.0003458150000000001,0.0006848844200000001,0.00215245142
2024,13,mattcl,input-kcen,rust,0.0012840626800000002,0.00024089551331980108,0.0013180949200000004,0.0009188134999999993,0.00041888,0.0005769324200000002,0.0023823824200000002
2024,13,mattcl-py,input-kcen,python,0.01658046627628742,0.0006775462265113892,0.01644858742,0.01163376706586826,0.004875784431137725,0.015399763420000002,0.01949366742
2024,13,kcen,input-mattcl,nim,0.0014233966849999994,0.00016507982104142874,0.0014199204200000001,0.0009181850000000003,0.0005353200000000002,0.0007651554200000002,0.0022152294200000005
2024,13,mattcl,input-mattcl,rust,0.0013010015050000003,0.00018409191607009686,0.0013101904200000004,0.0009585034999999995,0.00039942499999999996,0.0007018554200000001,0.0019372194200000005
2024,13,mattcl-py,input-mattcl,python,0.016546886590454557,0.0007005927507730774,0.016440341419999997,0.011432896590909092,0.005023420454545454,0.015189649420000001,0.01991803242
