year,day,participant,input,language,mean,stddev,median,user,system,min,max
2024,13,kcen,input-kcen,nim,0.0014050359949999986,0.0001738711382760781,0.00140602944,0.0010052402999999996,0.00043272979999999986,0.0007372669399999997,0.00215217894
2024,13,lanjian,input-kcen,rust,0.001403818514999999,0.00015401448352963062,0.0013936119399999998,0.0009651103,0.0004909277999999998,0.0007611419399999997,0.00215533394
2024,13,mattcl,input-kcen,rust,0.0013105215200000003,0.0002087146972549484,0.00135387144,0.0010042012000000002,0.0003780340000000001,0.00046396293999999966,0.00209055194
2024,13,mattcl-py,input-kcen,python,0.016642370301581912,0.0005395237108616604,0.016566839939999998,0.011559019096045196,0.005018169265536725,0.01565509394,0.01923533794
2024,13,kcen,input-lanjian,nim,0.001406160520000001,0.00013114028319952594,0.0014039064399999999,0.001111675,0.0003760340000000001,0.0008127289399999998,0.0019174469399999999
2024,13,lanjian,input-lanjian,rust,0.00138851026,0.00013740146018076602,0.00140258844,0.0009849756000000001,0.0004694606,0.0006599609399999996,0.0016695099399999997
2024,13,mattcl,input-lanjian,rust,0.0013470933949999999,0.0002106672821647238,0.0013628934399999998,0.0010080753,0.0003890712000000002,0.0004826589399999998,0.00248674694
2024,13,mattcl-py,input-lanjian,python,0.016553999315,0.0006188927794540791,0.01645008844,0.011496957045454543,0.0049861159090909095,0.01547828094,0.02001602494
2024,13,kcen,input-mattcl,nim,0.0014006198349999996,0.00016237637054457806,0.0013883269399999998,0.0009279799999999994,0.0005146878999999998,0.0007061979399999998,0.00223397194
2024,13,lanjian,input-mattcl,rust,0.0013979104249999996,0.00017229326460984886,0.0014111599399999999,0.0009663052999999992,0.0004271027,0.0007008489399999996,0.0017333809399999998
2024,13,mattcl,input-mattcl,rust,0.00127387306,0.00026572796946771113,0.0013130604399999998,0.0009716808999999992,0.0004108505000000001,0.0005640209399999998,0.00259940894
2024,13,mattcl-py,input-mattcl,python,0.016681111049195396,0.0007857054305447629,0.01652155694,0.011553026551724133,0.005057660804597704,0.015474772940000001,0.01969314594
