year,day,participant,input,language,mean,stddev,median,user,system,min,max
2024,13,kcen,input-kcen,nim,0.0013999277949999999,0.0001907948597581139,0.0013910138800000004,0.0010777914000000002,0.00039700900000000003,0.0003871978800000003,0.0023260908800000002
2024,13,lanjian,input-kcen,rust,0.0013872462150000008,0.00020428209927313747,0.0013903923800000003,0.0010491428,0.0004080300000000002,0.0003642958800000003,0.0020899668800000003
2024,13,mattcl,input-kcen,rust,0.0013547976000000009,0.00016854711723760549,0.0013806738800000004,0.0009440227999999996,0.00046703300000000016,0.0005136548800000003,0.0018364718800000005
2024,13,mattcl-py,input-kcen,python,0.016896780806829277,0.0006039628635141327,0.01684536238,0.012159909024390245,0.004667531707317071,0.01585034388,0.01976990588
2024,13,kcen,input-lanjian,nim,0.0014656492149999992,0.00020768455141876308,0.0014092073800000002,0.0009563299999999994,0.0005425679999999998,0.0008009528800000003,0.0023439928800000004
2024,13,lanjian,input-lanjian,rust,0.0013863843850000007,0.000142955770163942,0.0013779888800000003,0.0009715213999999998,0.00046788599999999993,0.0008000708800000003,0.00198385888
2024,13,mattcl,input-lanjian,rust,0.0013280522550000006,0.00019253556501762898,0.0013565388800000004,0.0010279363999999992,0.000380559,0.0006621728800000003,0.0019286848800000003
2024,13,mattcl-py,input-lanjian,python,0.016832034632873562,0.0006411950506381302,0.016758218380000002,0.012185478620689645,0.00456740574712644,0.015614781880000003,0.02002769888
2024,13,kcen,input-mattcl,nim,0.0014240242550000001,0.00018400370690485566,0.0014015733800000004,0.0010701427999999995,0.0004185109999999999,0.0007428038800000002,0.0022845118800000003
2024,13,lanjian,input-mattcl,rust,0.0014067829349999994,0.0001584443459957853,0.0013943898800000004,0.0009482950000000001,0.0005132320000000001,0.0006995128800000002,0.00200574988
2024,13,mattcl,input-mattcl,rust,0.0013489022400000007,0.00018319696910378867,0.0013703748800000003,0.0010088791999999997,0.00040461699999999996,0.0005016528800000002,0.00211272988
2024,13,mattcl-py,input-mattcl,python,0.01678259082827585,0.000659209938981078,0.016666526879999997,0.011338997471264368,0.0053822574712643675,0.01565771388,0.01997925788
