year,day,participant,input,language,mean,stddev,median,user,system,min,max
2024,13,kcen,input-kcen,nim,0.0013944860550000006,0.00013919041454203555,0.00138866142,0.0010126049999999995,0.00045070060000000005,0.00078816742,0.0020443284200000003
2024,13,mattcl,input-kcen,rust,0.0012617869600000003,0.000242069883789927,0.0012871159200000001,0.0009505282999999997,0.00039138160000000004,0.00045854942,0.00200769042
2024,13,mattcl-py,input-kcen,python,0.01654923304209302,0.0005883728468796614,0.01644841692,0.011860466046511624,0.004623212790697672,0.015491836419999998,0.01969637842
2024,13,kcen,input-mattcl,nim,0.0013880775399999997,0.00017326123274746564,0.00137920842,0.0009951349999999999,0.00045606060000000004,0.00075921242,0.0020193624200000003
2024,13,mattcl,input-mattcl,rust,0.001224874915,0.00021165616848670477,0.00127526392,0.0009967083,0.0003489721999999999,0.0005133224200000001,0.00196167442
2024,13,mattcl-py,input-mattcl,python,0.016677388640930234,0.0006451492483535811,0.01656881792,0.01133500674418605,0.005275051395348836,0.01573744642,0.01992281142
