year,day,participant,input,language,mean,stddev,median,user,system,min,max
2024,13,kcen,input-kcen,nim,0.0014162991499999996,0.0002140396169425466,0.0013780596,0.0009484531999999998,0.0005163234000000001,0.0006566145999999998,0.0023447346
2024,13,lanjian,input-kcen,rust,0.0013861087399999997,0.00020366074051356357,0.0013543600999999998,0.0010452365999999995,0.00038856040000000006,0.0007457505999999999,0.0022667886
2024,13,mattcl,input-kcen,rust,0.0013211921700000012,0.00017361771502113745,0.0013562186,0.0009900257999999997,0.00039324699999999983,0.0004569595999999998,0.0017776136000000001
2024,13,mattcl-py,input-kcen,python,0.017043930434319517,0.0007411208882068327,0.016864112599999998,0.011735567810650892,0.005223460355029583,0.0158317516,0.0200652046
2024,13,kcen,input-lanjian,nim,0.0014328044500000001,0.0002618029086630047,0.0013757206,0.00098426,0.0004789748000000002,0.0008001026,0.0024846156
2024,13,lanjian,input-lanjian,rust,0.0013694965849999998,0.00017514048434487547,0.0013643191,0.0009066107999999993,0.00047837799999999984,0.0003330986,0.0019402076
2024,13,mattcl,input-lanjian,rust,0.0013254824749999996,0.00020205083643581246,0.0013229920999999999,0.0009211781999999998,0.00044006600000000013,0.0005333736,0.0017887735999999998
2024,13,mattcl-py,input-lanjian,python,0.016889893497590364,0.0006511690618338461,0.0168001331,0.01213703277108434,0.004680323132530121,0.0159639176,0.0200863956
2024,13,kcen,input-mattcl,nim,0.0013921100250000003,0.0001866852094839457,0.0013678101,0.0010250358000000004,0.00044877320000000004,0.0003962865999999998,0.0022230256
2024,13,lanjian,input-mattcl,rust,0.001344134435,0.0001643031328325505,0.0013515351,0.0009744298000000002,0.0004332239999999999,0.0005724465999999999,0.0019681796
2024,13,mattcl,input-mattcl,rust,0.0013336506500000007,0.00015489872418336987,0.0013550766,0.0009279523999999993,0.00046922180000000003,0.0006564735999999999,0.0020125626
2024,13,mattcl-py,input-mattcl,python,0.01700626498505747,0.0007086408628675782,0.0168397731,0.012157529655172417,0.00479964988505747,0.0158013136,0.0203880496
