year,day,participant,input,language,mean,stddev,median,user,system,min,max
2024,13,kcen,input-kcen,nim,0.0014191424450000012,0.00015390275044822435,0.0014139812600000002,0.0010556342000000002,0.0004218378,0.0008233002600000002,0.0021590902600000005
2024,13,mattcl,input-kcen,rust,0.001344294735,0.00023926786890537973,0.00135539626,0.0009496770999999999,0.0004412421999999998,0.00058090626,0.00257823626
2024,13,mattcl-py,input-kcen,python,0.01680928989905326,0.000498347792805416,0.016756543260000003,0.012248437988165677,0.004461501538461542,0.01592483726,0.020057605260000003
2024,13,kcen,input-mattcl,nim,0.0014284888849999998,0.00015927874803072615,0.00141905526,0.0009499371000000002,0.0005277815999999999,0.0007744592600000002,0.0020570712600000004
2024,13,mattcl,input-mattcl,rust,0.0013023577300000006,0.0002247796217961342,0.00131949426,0.0009833570999999998,0.00039516100000000005,0.0006021662600000002,0.0025581382600000004
2024,13,mattcl-py,input-mattcl,python,0.01690390331847953,0.0006459469908784783,0.016765651260000004,0.011902252514619877,0.004909516257309941,0.01554213026,0.01967903626
