year,day,participant,input,language,mean,stddev,median,user,system,min,max
2024,14,kcen,input-kcen,nim,0.032370561428695654,0.0009274740754744438,0.03210947682,0.03125409652173913,0.001078402608695652,0.030769473320000004,0.03502834732
2024,14,mattcl,input-kcen,rust,0.0014470151999999995,0.00015824441017912868,0.0014598773199999996,0.0010483500000000002,0.0004443559999999999,0.0006842353199999996,0.0018304613199999998
2024,14,mattcl-py,input-kcen,python,0.06539832585333334,0.0014578420997946617,0.06504451532,0.058662962222222226,0.006653004444444444,0.06351481232,0.07157292831999999
2024,14,kcen,input-mattcl,nim,0.02582592992952382,0.001036209323649059,0.025505778320000002,0.024375816190476192,0.001423778476190476,0.02458441332,0.029294281320000004
2024,14,mattcl,input-mattcl,rust,0.0014522269999999993,0.0001272380072565216,0.0014493978199999996,0.0011741985999999998,0.0003368671999999999,0.0008363703199999997,0.0017985323199999998
2024,14,mattcl-py,input-mattcl,python,0.05579357275396226,0.0014666535489310682,0.05546527132,0.04958015886792452,0.006134821132075471,0.053956917320000006,0.06107847132000001
