year,day,participant,input,language,mean,stddev,median,user,system,min,max
2024,14,kcen,input-kcen,nim,0.032721336555555564,0.0007276199130444961,0.032530851900000005,0.03165344888888889,0.0010759404444444448,0.0314680169,0.0352798029
2024,14,lanjian,input-kcen,rust,0.0014305556250000001,0.00022052515186049614,0.0013897799000000001,0.0010868050000000001,0.00042494660000000004,0.0004845609000000003,0.0026377109000000004
2024,14,mattcl,input-kcen,rust,0.0013727176399999993,0.00012903596329496552,0.0013767154000000003,0.0011166042000000003,0.00037109259999999983,0.0007479039000000002,0.0021184789
2024,14,mattcl-py,input-kcen,python,0.06660219462093023,0.0012924977127517267,0.0663459949,0.06005622976744187,0.006468997209302324,0.06449941790000001,0.0709960889
2024,14,kcen,input-lanjian,nim,0.028968776804761922,0.000807289180795227,0.0288001839,0.027843064761904755,0.0011333161904761905,0.027382630900000003,0.0318135549
2024,14,lanjian,input-lanjian,rust,0.0014372981150000009,0.00022379848670829616,0.0013807934000000003,0.0010335399999999997,0.00046588840000000005,0.0009103279000000001,0.0024387789000000007
2024,14,mattcl,input-lanjian,rust,0.0014038602599999999,0.0001456167434521472,0.0013698834000000003,0.0010401949999999996,0.00043775939999999994,0.0009926219,0.0022575399
2024,14,mattcl-py,input-lanjian,python,0.061194668623404266,0.0011702685033872188,0.060987133900000004,0.055599479148936176,0.005521668085106382,0.059188617900000004,0.0642829729
2024,14,kcen,input-mattcl,nim,0.02591265034954129,0.0008816373974279598,0.0257359189,0.024837572844036686,0.0010998352293577977,0.024675152900000004,0.029175126900000004
2024,14,lanjian,input-mattcl,rust,0.0013963244199999996,0.0001782807531824344,0.0013753129000000002,0.0010372900000000002,0.00044014299999999994,0.0008414089000000002,0.0026259799000000004
2024,14,mattcl,input-mattcl,rust,0.0013646446299999991,0.00013878727595653098,0.0013710699000000002,0.0011216349999999997,0.00036608619999999996,0.0007678919000000002,0.0020762399000000004
2024,14,mattcl-py,input-mattcl,python,0.05676053403461538,0.001056463130535943,0.056630500400000006,0.0506077946153846,0.006110691538461539,0.0550067899,0.0596999259
