year,day,participant,input,language,mean,stddev,median,user,system,min,max
2024,14,kcen,input-kcen,nim,0.03207738414989248,0.00103881768689162,0.03167646858,0.030710760430107533,0.0013525698924731178,0.030716592580000004,0.035041169579999996
2024,14,mattcl,input-kcen,rust,0.0013673672899999997,0.0001377833619557713,0.0013823530800000001,0.001024785,0.0003982288999999998,0.00072366458,0.0017296785800000002
2024,14,mattcl-py,input-kcen,python,0.06505069535777779,0.0010867227766906433,0.06514323058,0.06003117333333334,0.004946683555555555,0.06359404058,0.06810026758
2024,14,kcen,input-mattcl,nim,0.025333139500353968,0.0007695782169101292,0.025190825580000003,0.024116358584070803,0.0012193215929203539,0.023901150580000002,0.028223022580000003
2024,14,mattcl,input-mattcl,rust,0.001364834595,0.0001555672570777937,0.00136273658,0.0011075397999999992,0.00033949770000000004,0.0006926565800000001,0.00202123358
2024,14,mattcl-py,input-mattcl,python,0.05576552073094341,0.0010972498554225399,0.05560486158,0.0501708324528302,0.005536515849056603,0.05389130258,0.05823651758
