year,day,participant,input,language,mean,stddev,median,user,system,min,max
2024,14,kcen,input-kcen,nim,0.03256269706731183,0.001055530514236929,0.032287441820000005,0.03138989935483871,0.0012039079569892471,0.03077744382,0.03606713282
2024,14,lanjian,input-kcen,rust,0.00142427824,0.00023069501583906958,0.0013871463200000004,0.0010768075999999993,0.0004326874,0.0005018978200000003,0.0026787348200000005
2024,14,mattcl,input-kcen,rust,0.001407165465,0.00022383234247531995,0.0013880428200000001,0.0011172976,0.00038329479999999985,0.00034378182000000023,0.0022279708200000003
2024,14,mattcl-py,input-kcen,python,0.06542135443363638,0.0014883170347474997,0.06526248482000001,0.05957584363636364,0.005731783636363636,0.06337577182000001,0.07042159782
2024,14,kcen,input-lanjian,nim,0.028477304358461537,0.000931727551706667,0.02824372832,0.02746644153846154,0.0010365615384615385,0.027163855820000003,0.03197631982
2024,14,lanjian,input-lanjian,rust,0.001433059375,0.00023325569962645736,0.0013850273200000003,0.00112251,0.00039796960000000007,0.0007663028200000001,0.0026266668200000003
2024,14,mattcl,input-lanjian,rust,0.0014055770200000009,0.00021931028414731005,0.0013727938200000002,0.0011109649999999998,0.00037371499999999994,0.0007708118200000001,0.00260900382
2024,14,mattcl-py,input-lanjian,python,0.060921420819999995,0.0015255960377315366,0.06060974032000001,0.05506365999999998,0.0058073672,0.05886054382000001,0.06803089982
2024,14,kcen,input-mattcl,nim,0.025775637235929197,0.0010611487334853354,0.025496602820000002,0.02483044460176991,0.0009361256637168139,0.024555349820000003,0.029326776820000004
2024,14,lanjian,input-mattcl,rust,0.0011875416150000004,0.0004261054020118278,0.0013277043200000003,0.0009302803999999999,0.0003797632,0.0001833308200000002,0.0022233518200000003
2024,14,mattcl,input-mattcl,rust,0.0011116410949999999,0.000384035078303267,0.0012261193200000004,0.0009487754000000003,0.0003084296000000001,0.0002680898200000002,0.0018299948200000003
2024,14,mattcl-py,input-mattcl,python,0.0564198509709434,0.0011529270023006896,0.056175334820000006,0.05008698943396225,0.006247358490566037,0.054727893820000005,0.059417326820000005
