year,day,participant,input,language,mean,stddev,median,user,system,min,max
2024,14,kcen,input-kcen,nim,0.03182651101000002,0.0008433430581346896,0.03150583876,0.03062185956521739,0.0011232869565217392,0.03093589726,0.03502039726
2024,14,mattcl,input-kcen,rust,0.0014224904850000007,0.00015471680361953447,0.0014263187599999998,0.0010541262999999997,0.000382881,0.0007818432599999999,0.00236126726
2024,14,mattcl-py,input-kcen,python,0.06540977686,0.0015496437159861574,0.06502513226,0.05853247333333333,0.0068070888888888915,0.06359418626,0.07316480826
2024,14,kcen,input-mattcl,nim,0.02541136504070174,0.0009079525852505731,0.025156646759999998,0.02419209964912281,0.0011859210526315787,0.024083038260000002,0.02885655726
2024,14,mattcl,input-mattcl,rust,0.0014164369149999995,0.00012257706078995983,0.00142468626,0.0009062352000000009,0.000554894,0.00080843326,0.00197692826
2024,14,mattcl-py,input-mattcl,python,0.0559512162414815,0.0013212143745970188,0.05586617026,0.05051907333333334,0.005366562962962962,0.05374768826,0.059020551260000005
