year,day,participant,input,language,mean,stddev,median,user,system,min,max
2024,14,kcen,input-mattcl,nim,0.02517389659478262,0.000902858222207618,0.02492231696,0.02427816956521739,0.000913406956521739,0.02416185196,0.02858474296
2024,14,mattcl,input-mattcl,rust,0.0013945276650000004,0.00016485242225565197,0.0014145279600000001,0.0011292800000000003,0.00032928700000000005,0.0005627229599999999,0.0017060129600000003
2024,14,mattcl-py,input-mattcl,python,0.05528281233735851,0.0011464323917163835,0.054858810960000004,0.04886380188679247,0.00636125924528302,0.053601044960000004,0.05984189896000001
