year,day,participant,input,language,mean,stddev,median,user,system,min,max
2024,14,kcen,input-kcen,nim,0.03186885241872341,0.0009328844083307418,0.03155290694,0.030872714893617006,0.0010047425531914897,0.030457525939999997,0.03557433494000001
2024,14,mattcl,input-kcen,rust,0.0013990325,0.00014309914115448824,0.0013855274400000003,0.001078901000000001,0.00036805999999999997,0.0007420119400000002,0.0022563969400000005
2024,14,mattcl-py,input-kcen,python,0.06547969187181821,0.001011078618442664,0.06544435194,0.058964595454545465,0.006438403636363635,0.06352064594000001,0.06794683194000001
2024,14,kcen,input-mattcl,nim,0.02534756670923078,0.000776656041264178,0.025172790940000002,0.024271577777777772,0.0010562123076923076,0.02418401994,0.028271924940000002
2024,14,mattcl,input-mattcl,rust,0.0013872335350000012,0.00011956163537665701,0.0013946044400000002,0.0009625430000000003,0.0004879867999999999,0.0007126769400000003,0.0016934029400000005
2024,14,mattcl-py,input-mattcl,python,0.05608641624769231,0.001047245117780138,0.05582903044000001,0.05037433846153846,0.00562876769230769,0.054587962940000005,0.05912784194000001
