year,day,participant,input,language,mean,stddev,median,user,system,min,max
2024,14,kcen,input-kcen,nim,0.03224684261333333,0.0008577169074978137,0.03198917188,0.03097019999999999,0.0012642057777777773,0.030989573880000003,0.03570957288
2024,14,lanjian,input-kcen,rust,0.0015036939550000005,0.00021631713194036176,0.00145417588,0.00106672,0.0004852195999999999,0.00094952088,0.00247002788
2024,14,mattcl,input-kcen,rust,0.0014450525249999997,0.0001302045840466563,0.00144169788,0.00111131,0.0004118704000000001,0.0007850128799999999,0.00227835988
2024,14,mattcl-py,input-kcen,python,0.06653283813581397,0.0014822153649881027,0.06616475488000001,0.060701090697674424,0.005774030697674419,0.06441313388,0.07194528888
2024,14,kcen,input-lanjian,nim,0.028234636524230763,0.0006845919498397967,0.02807581788,0.027108251923076917,0.001125512307692308,0.02736551788,0.030529452880000002
2024,14,lanjian,input-lanjian,rust,0.0014616862000000005,0.00019679691221703247,0.00144590038,0.0010671649999999997,0.00046689959999999994,0.0005277618799999999,0.00237012088
2024,14,mattcl,input-lanjian,rust,0.0014468301399999995,0.00015326119999796588,0.0014457003799999998,0.0012041500000000002,0.0003401963999999999,0.00083835188,0.00266065488
2024,14,mattcl-py,input-lanjian,python,0.061740871920816294,0.0014630805534098946,0.06138240988,0.05581785102040814,0.00585461306122449,0.059612695880000004,0.06731224288
2024,14,kcen,input-mattcl,nim,0.025802005652727274,0.0009408381998911089,0.02553097288,0.024682454545454535,0.0010784272727272725,0.02452340688,0.02901787288
2024,14,lanjian,input-mattcl,rust,0.0014446703299999997,0.00007239762721754874,0.0014459108799999999,0.0010430835000000002,0.0004890519999999999,0.0009964888800000002,0.0016676258799999998
2024,14,mattcl,input-mattcl,rust,0.0014454788700000005,0.00011950976725685999,0.00144644188,0.0010386935000000002,0.0004756763999999997,0.0008155498799999999,0.0022683308799999998
2024,14,mattcl-py,input-mattcl,python,0.05660083686076922,0.0012177595575108254,0.056324787880000005,0.05168733846153845,0.004823351538461538,0.05443933688,0.05975572288
