year,day,participant,input,language,mean,stddev,median,user,system,min,max
2024,14,mattcl,input-mattcl,rust,0.0029942081350000007,0.000529281079105621,0.0029558326599999998,0.001815804199999999,0.0011988989999999998,0.00174269616,0.00479680416
