year,day,participant,input,language,mean,stddev,median,user,system,min,max
2024,14,kcen,input-kcen,nim,0.032216175613913045,0.0008463164382554605,0.03205912394,0.030999077826086945,0.0011916147826086956,0.03047983194,0.03526205894
2024,14,mattcl,input-kcen,rust,0.001413179655,0.0001741290547786448,0.0014148579399999998,0.0010821850999999992,0.000390013,0.0004524659399999997,0.0022904469399999995
2024,14,mattcl-py,input-kcen,python,0.0661433258490909,0.002031095200751484,0.06556066244,0.060637434545454554,0.00546695909090909,0.06377495794,0.07240507994
2024,14,kcen,input-mattcl,nim,0.025495559849090906,0.0008635815510636799,0.025255838439999997,0.024260143636363644,0.0012473272727272727,0.024469905939999998,0.02887875294
2024,14,mattcl,input-mattcl,rust,0.0014378428650000002,0.00010870955491209271,0.0014279479399999997,0.001091124999999999,0.00040782379999999987,0.0012675319399999996,0.0018218609399999997
2024,14,mattcl-py,input-mattcl,python,0.05596241331037036,0.0012535221980177823,0.05564377944,0.04997831333333333,0.005894277777777778,0.05380587794,0.05904409694
