year,day,participant,input,language,mean,stddev,median,user,system,min,max
2024,14,kcen,input-kcen,nim,0.03197859331826087,0.000825167709714346,0.03179289884,0.030774411304347823,0.0011687606521739128,0.03066292384,0.03459988584
2024,14,mattcl,input-kcen,rust,0.0014008215349999998,0.0001718023154040215,0.0013845568399999998,0.0010802549999999998,0.0003703439,0.0006734798399999999,0.00206338284
2024,14,mattcl-py,input-kcen,python,0.06504915510666667,0.0012051268925000547,0.06475373684,0.06025236444444443,0.004740630666666666,0.06334906584000001,0.06812607184000001
2024,14,kcen,input-mattcl,nim,0.025543862607857144,0.0007912639348857172,0.02539639184,0.02437212714285714,0.0011407564285714283,0.02414765384,0.028409253840000002
2024,14,mattcl,input-mattcl,rust,0.0013909399150000004,0.00019200338268837423,0.0013802978399999998,0.0009698824000000001,0.00047130770000000037,0.0007847678399999999,0.00251972684
2024,14,mattcl-py,input-mattcl,python,0.05561815302867926,0.00110815066978638,0.055460906840000004,0.049482727547169814,0.0060630430188679234,0.05382674684000001,0.05866720084
