year,day,participant,input,language,mean,stddev,median,user,system,min,max
2024,14,kcen,input-kcen,nim,0.032141928534782614,0.0007706716908153239,0.03195433660000001,0.030988858260869567,0.0010687669565217393,0.0312436466,0.0353746136
2024,14,mattcl,input-kcen,rust,0.0018969426199999992,0.00014929989619120003,0.0018940591000000003,0.0013980750000000014,0.0004490957999999999,0.0012552596,0.0027715556000000004
2024,14,mattcl-py,input-kcen,python,0.06636962146956521,0.006431099353662459,0.0651755951,0.06052038,0.005721186956521739,0.0636070666,0.1076988806
2024,14,kcen,input-mattcl,nim,0.02577605644166667,0.0009190766901237754,0.025579413600000003,0.02450272166666667,0.0011664819999999997,0.0244926006,0.029454671600000003
2024,14,mattcl,input-mattcl,rust,0.00167118876,0.0003724119055301231,0.0018333811000000003,0.0013194430999999998,0.00035554320000000006,0.0007249476000000002,0.0024578186000000003
2024,14,mattcl-py,input-mattcl,python,0.05605979754339623,0.0010717092121049587,0.0557091746,0.05017334226415095,0.0057625652830188695,0.0543552616,0.059127638600000004
