year,day,participant,input,language,mean,stddev,median,user,system,min,max
2024,14,kcen,input-kcen,nim,0.03198898899736263,0.0008369139518726531,0.03178226136,0.030876766813186806,0.0011087993406593405,0.030985700360000003,0.034960912360000006
2024,14,lanjian,input-kcen,rust,0.0014028571,0.00014193652153997132,0.0014125843599999998,0.0010249492000000008,0.0004370138000000001,0.00079236736,0.0018139703599999997
2024,14,mattcl,input-kcen,rust,0.0013921941449999994,0.00017264487819062591,0.0013722288599999997,0.0009033341999999998,0.0005410750000000002,0.00055577436,0.00189822836
2024,14,mattcl-py,input-kcen,python,0.06578623562666666,0.0015663919014545433,0.06537621036,0.05938920222222222,0.006337765777777777,0.06373863536,0.06979198936
2024,14,kcen,input-lanjian,nim,0.028216714000776695,0.0007068367350955011,0.02809171136,0.02718601689320387,0.0010255716504854369,0.02691680136,0.030208004360000002
2024,14,lanjian,input-lanjian,rust,0.0014375101499999984,0.00015338037946766242,0.00140865686,0.0009549363000000008,0.0005336036000000002,0.0008057723599999999,0.00225880336
2024,14,mattcl,input-lanjian,rust,0.00141327346,0.00015602185603057718,0.0013999603599999999,0.0010962921000000007,0.00037088750000000004,0.00074892636,0.00252619436
2024,14,mattcl-py,input-lanjian,python,0.061080973625306144,0.0015308872366823038,0.06079199936000001,0.054373253469387754,0.006626495918367345,0.05895303536,0.06621148436
2024,14,kcen,input-mattcl,nim,0.025409377296936944,0.0008739888294078247,0.02510289636,0.024506444864864873,0.0009082356756756757,0.02439138336,0.028385541360000002
2024,14,lanjian,input-mattcl,rust,0.0014208654049999998,0.00016504151351417082,0.0014140068599999998,0.0009223642000000001,0.0005554263999999995,0.0008698923599999999,0.00248091936
2024,14,mattcl,input-mattcl,rust,0.0013963277450000007,0.00020523433643250639,0.0013932023599999997,0.0009520020999999998,0.00047837509999999994,0.00034539035999999986,0.00207989836
2024,14,mattcl-py,input-mattcl,python,0.05657435458641512,0.0018090101571811377,0.05613709236000001,0.0501133724528302,0.006393223773584906,0.054353042360000006,0.06458478936
