year,day,participant,input,language,mean,stddev,median,user,system,min,max
2024,14,kcen,input-kcen,nim,0.03209820939824176,0.0006956660848684097,0.032003560640000005,0.031004606373626373,0.001077565934065934,0.031019127640000005,0.035080761640000006
2024,14,mattcl,input-kcen,rust,0.0014279805499999995,0.00020980868374571025,0.0014015721400000001,0.0010824003000000002,0.00037678,0.0007128476400000002,0.0026303976400000005
2024,14,mattcl-py,input-kcen,python,0.06608467521777778,0.001182270487569872,0.06596579564,0.060604068888888876,0.005404188888888889,0.06405603064000001,0.06958209664000001
2024,14,kcen,input-mattcl,nim,0.025548066955789473,0.000729196512023468,0.025385705640000002,0.024511339649122804,0.0009676929824561403,0.024635906640000003,0.028751962640000003
2024,14,mattcl,input-mattcl,rust,0.0014040365250000005,0.00015012615644429005,0.0013916181400000002,0.0009868801000000001,0.00045685750000000003,0.0005583976400000002,0.00215624964
2024,14,mattcl-py,input-mattcl,python,0.05659751931307692,0.0012562241154216748,0.05636178514,0.0505396146153846,0.0059653653846153815,0.05474808364000001,0.06036564064
