year,day,participant,input,language,mean,stddev,median,user,system,min,max
2024,14,kcen,input-kcen,nim,0.032072316739560444,0.0008428738641410401,0.0318367613,0.0309039586813187,0.0011656984615384613,0.0309633753,0.0350625033
2024,14,mattcl,input-kcen,rust,0.0014094533749999991,0.0001496810405561749,0.0014064593,0.0010854167999999993,0.0004218664000000001,0.0007941423,0.0020652043000000003
2024,14,mattcl-py,input-kcen,python,0.06546716345909089,0.0015237816448488532,0.0651523323,0.05879457181818182,0.006608021818181817,0.0627314823,0.07131730630000001
2024,14,kcen,input-mattcl,nim,0.025735888028155327,0.0011665235049114974,0.0253225883,0.02471377592233009,0.0010117821359223304,0.0240899403,0.0293577873
2024,14,mattcl,input-mattcl,rust,0.001422552310000001,0.00019330614885579092,0.0014223248000000003,0.0011142318000000003,0.0003571449999999999,0.0007838733000000001,0.0025597093
2024,14,mattcl-py,input-mattcl,python,0.05579672989615385,0.0014402305616119345,0.0554427793,0.04888323615384614,0.006821982307692305,0.0535072933,0.059118113300000004
