year,day,participant,input,language,mean,stddev,median,user,system,min,max
2024,14,kcen,input-kcen,nim,0.03186291528430108,0.0008667704809168569,0.031603202080000004,0.030741695053763438,0.0011451329032258063,0.03062215608,0.035275241080000005
2024,14,mattcl,input-kcen,rust,0.0013687508700000002,0.00015410611980962917,0.00140034508,0.0010986050000000003,0.0003901728,0.0006659490800000001,0.0016775940800000002
2024,14,mattcl-py,input-kcen,python,0.06536927587545455,0.0016454769088182395,0.06499565507999999,0.05830620727272728,0.006978868181818181,0.06334181808,0.07080141708
2024,14,kcen,input-mattcl,nim,0.02562995080173912,0.0008843952231944937,0.025326308080000002,0.024462975652173903,0.0011578942608695651,0.02449747608,0.028523566080000003
2024,14,mattcl,input-mattcl,rust,0.001388785554999999,0.00015635642486772473,0.00141418108,0.0011065601999999996,0.00034436379999999993,0.0005469170800000001,0.0017092330800000002
2024,14,mattcl-py,input-mattcl,python,0.05553820650592594,0.0010695692862765355,0.05520215958000001,0.04882244296296295,0.006657478518518518,0.05404132208000001,0.058515330080000004
