year,day,participant,input,language,mean,stddev,median,user,system,min,max
2024,14,kcen,input-kcen,nim,0.03225906027217392,0.0010352477006009687,0.03190641962,0.031072061739130435,0.0011373754347826087,0.030867738620000005,0.03545587262000001
2024,14,lanjian,input-kcen,rust,0.0014060982950000011,0.00017317261249568967,0.0014078521200000006,0.001119485,0.00034327589999999996,0.0007671216200000004,0.0019611286200000005
2024,14,mattcl,input-kcen,rust,0.0014007162399999995,0.0001405291771026621,0.0013895931200000006,0.0011554250000000003,0.0002889344000000001,0.0008446366200000004,0.002114605620000001
2024,14,mattcl-py,input-kcen,python,0.06621050004222225,0.0016026340459046348,0.06575276762,0.060147151111111116,0.005985618222222222,0.06418996962,0.07241571762
2024,14,kcen,input-lanjian,nim,0.02833706467769231,0.0007151563356742127,0.02818128212,0.02711953038461539,0.0011949984615384614,0.027327227620000002,0.03082835562
2024,14,lanjian,input-lanjian,rust,0.0014074318800000002,0.00013550326002784315,0.0014065996200000007,0.0009483749999999998,0.0005206770999999999,0.0007892336200000005,0.002175880620000001
2024,14,mattcl,input-lanjian,rust,0.0014023016200000005,0.00013868664553434062,0.0013958196200000005,0.0009562749999999999,0.00047421629999999985,0.0007822706200000005,0.0022873396200000008
2024,14,mattcl-py,input-lanjian,python,0.060848035415918385,0.0013312775806742603,0.060669236620000004,0.05469352979591837,0.006039384489795919,0.058809112620000006,0.06627374362
2024,14,kcen,input-mattcl,nim,0.025673790339298248,0.0010694503170585396,0.025305997620000003,0.024587961052631575,0.0010610075438596493,0.024443948620000003,0.029558015620000003
2024,14,lanjian,input-mattcl,rust,0.0014102450750000006,0.00014010393955435813,0.0014127861200000007,0.0010339797999999994,0.0003996897000000002,0.0008239186200000005,0.0019026786200000007
2024,14,mattcl,input-mattcl,rust,0.0013860984600000004,0.00018479849688120346,0.0013750756200000007,0.001010585,0.00040962539999999997,0.0006591086200000005,0.0020279736200000007
2024,14,mattcl-py,input-mattcl,python,0.056616511072830195,0.0013030730447416863,0.056152406620000005,0.05064068150943396,0.0059253664150943405,0.054856249620000005,0.06001674462000001
