year,day,participant,input,language,mean,stddev,median,user,system,min,max
2024,14,kcen,input-kcen,nim,0.032496780611648346,0.000791831878579782,0.03232203426,0.03140816637362637,0.0010966637362637363,0.03161586226,0.035928234260000004
2024,14,lanjian,input-kcen,rust,0.0015030839449999994,0.00022593242089781964,0.0014413677600000003,0.0011311150000000007,0.0004491339999999999,0.0007530642600000003,0.0023470582600000002
2024,14,mattcl,input-kcen,rust,0.0014153309150000005,0.00017519816575855404,0.0014173377600000003,0.0011164223000000003,0.0004032230000000001,0.0004225862600000001,0.0021814782600000004
2024,14,mattcl-py,input-kcen,python,0.0656835477483721,0.0014841111261772533,0.06550194926000001,0.060182609767441865,0.00541946046511628,0.06286562326,0.07110220026000001
2024,14,kcen,input-lanjian,nim,0.028602861160000003,0.0011370071827455888,0.02836331826,0.027559209999999994,0.001064848,0.02695494726,0.03251128826
2024,14,lanjian,input-lanjian,rust,0.0015218223549999994,0.0002745749787848293,0.0014363982600000002,0.0011499973000000006,0.0004401869999999998,0.0005921332600000003,0.0024392302600000004
2024,14,mattcl,input-lanjian,rust,0.0014041416349999999,0.00016303351384472196,0.0014097982600000001,0.0011498950000000013,0.00037721299999999994,0.0007696852600000001,0.00261761426
2024,14,mattcl-py,input-lanjian,python,0.06005123244750001,0.0011048824094835223,0.060014055760000004,0.05359006083333332,0.006344400000000003,0.058139698260000004,0.06257286626000001
2024,14,kcen,input-mattcl,nim,0.02573146111714286,0.0008890241340293003,0.025553484260000002,0.024423455966386554,0.0012822823529411768,0.02422513826,0.02879172626
2024,14,lanjian,input-mattcl,rust,0.0014252051950000002,0.00015570840803061318,0.0014162157600000002,0.0011197900000000003,0.00041584400000000007,0.0008370512600000003,0.0022445962600000004
2024,14,mattcl,input-mattcl,rust,0.0014147149850000007,0.00019110801606965567,0.0014087872600000001,0.0011883596000000008,0.00033533299999999994,0.0003985812600000002,0.00214221426
2024,14,mattcl-py,input-mattcl,python,0.05619086497153848,0.0017719979002765792,0.05567269626,0.050110886153846144,0.006009596153846152,0.05376905726,0.06483552126000001
