year,day,participant,input,language,mean,stddev,median,user,system,min,max
2024,14,mattcl,input-mattcl,rust,0.0025566478700000017,0.0003331462719929779,0.0025717723000000005,0.0017192420000000002,0.0008328801000000001,0.0015920578,0.0042249678
2024,14,mattcl-py,input-mattcl,python,0.056152506892592595,0.001505412811923057,0.0557603478,0.049534618518518515,0.006527240740740742,0.0542419148,0.0617975608
