year,day,participant,input,language,mean,stddev,median,user,system,min,max
2024,14,kcen,input-kcen,nim,0.03226458226752688,0.0009088846368240185,0.03200148016,0.03117612860215055,0.001073364301075269,0.030988354160000006,0.03506196916
2024,14,lanjian,input-kcen,rust,0.0014270957699999993,0.00016703507697242456,0.00140053716,0.0010028250000000006,0.0004598659999999999,0.00076411016,0.00230195316
2024,14,mattcl,input-kcen,rust,0.0014027225149999994,0.00012117514744638125,0.0014039481600000001,0.001009105,0.0004351623999999999,0.0007566151599999999,0.0016996591600000003
2024,14,mattcl-py,input-kcen,python,0.06647504741581395,0.001192622657477231,0.06628742016000001,0.06034113860465115,0.0060657237209302325,0.06446459516000001,0.06919886816000001
2024,14,kcen,input-lanjian,nim,0.02831066090285713,0.0007806995254375429,0.028103435160000002,0.027257462857142863,0.0010519512380952384,0.027408157160000002,0.031177967160000004
2024,14,lanjian,input-lanjian,rust,0.0013763791199999991,0.00023910368771119756,0.00140597716,0.0009720192000000001,0.000486153,0.00036818515999999994,0.00226921016
2024,14,mattcl,input-lanjian,rust,0.0013861092049999998,0.0001934193821405216,0.00136782516,0.0010667850000000004,0.0003701817999999999,0.0006529201599999999,0.00228682416
2024,14,mattcl-py,input-lanjian,python,0.06170560703755103,0.001588937767377074,0.06132501116,0.056133393469387755,0.005496964081632654,0.05958238516,0.06727773916
2024,14,kcen,input-mattcl,nim,0.02560935930035089,0.0009546390850894038,0.025358493660000002,0.02447165859649124,0.0010774828070175438,0.02441123716,0.02923977016
2024,14,lanjian,input-mattcl,rust,0.0014104646149999999,0.0001692462516663027,0.0014012831600000001,0.00107139,0.0003842968,0.00074522416,0.00212849516
2024,14,mattcl,input-mattcl,rust,0.0014133613300000001,0.00017364364143707868,0.0014094281600000001,0.0010065400000000004,0.00042844439999999997,0.0007871021599999999,0.00217920116
2024,14,mattcl-py,input-mattcl,python,0.05675342288,0.0011705252656754983,0.05649037166,0.05172455999999999,0.004944337600000001,0.05478901216,0.06026705616
