year,day,participant,input,language,mean,stddev,median,user,system,min,max
2024,14,kcen,input-kcen,nim,0.032146490816923064,0.0010697463992896338,0.03182219274,0.030734873406593404,0.0014087347252747253,0.03056183374,0.03478338574
2024,14,mattcl,input-kcen,rust,0.0014154845499999996,0.0001721758075181194,0.00141917824,0.0011308586000000004,0.00035358029999999987,0.0007566277400000001,0.00269580874
2024,14,mattcl-py,input-kcen,python,0.06511203331777776,0.0016210016464110518,0.06480091874,0.05810183555555553,0.006928199555555555,0.06271422474,0.07156115374000001
2024,14,kcen,input-mattcl,nim,0.02558707501586207,0.0009505287358937572,0.02533042774,0.024611504137931044,0.0009224825862068964,0.02409713474,0.02877871674
2024,14,mattcl,input-mattcl,rust,0.001415396085,0.00013458742418244847,0.00141115324,0.0011402850000000002,0.00035583960000000003,0.00078108474,0.0018394147400000002
2024,14,mattcl-py,input-mattcl,python,0.05572705538150944,0.001368591162972207,0.055526740740000004,0.05032920452830189,0.005333083396226417,0.05394852674,0.06105680174
