year,day,participant,input,language,mean,stddev,median,user,system,min,max
2024,14,kcen,input-kcen,nim,0.03259118058703296,0.0011077017337755729,0.03231854162,0.031636425714285724,0.0008981885714285711,0.030862854620000005,0.03619802862
2024,14,lanjian,input-kcen,rust,0.0014134740949999997,0.00018404062406367815,0.00138787612,0.0009189149999999994,0.0005311449999999999,0.0008912966199999999,0.0026165276199999997
2024,14,mattcl,input-kcen,rust,0.0014347562350000007,0.00022037030901563175,0.00140242312,0.0009771150000000006,0.0004835092,0.00065077562,0.00232929962
2024,14,mattcl-py,input-kcen,python,0.06632678702909091,0.0017304311727926163,0.06594456512,0.058954435454545456,0.007273871818181819,0.06447599562,0.07359528562
2024,14,kcen,input-lanjian,nim,0.028697045855294118,0.0008798347300921692,0.028610310620000003,0.02742891450980391,0.001273796862745098,0.027306984620000002,0.032767361620000005
2024,14,lanjian,input-lanjian,rust,0.00137627994,0.0001618675336637322,0.00139031062,0.0010001,0.0004486282,0.0004003866199999999,0.0022554916200000002
2024,14,mattcl,input-lanjian,rust,0.0014157441849999997,0.0002107071157391495,0.0013944081200000001,0.00105317,0.00040047000000000005,0.0007513136199999999,0.0026915876199999998
2024,14,mattcl-py,input-lanjian,python,0.06076601397416669,0.0011358317080664797,0.060320916620000005,0.05472155666666667,0.005956195,0.05916362362,0.06336381162000002
2024,14,kcen,input-mattcl,nim,0.025841333187567574,0.0006614115795192696,0.02575442562,0.02476890576576575,0.0010297888288288285,0.02490085762,0.029270992620000002
2024,14,lanjian,input-mattcl,rust,0.0014010427599999997,0.00017503180833429755,0.00137364912,0.0008860271999999999,0.0005329687999999999,0.00083861662,0.0021563856200000004
2024,14,mattcl,input-mattcl,rust,0.0014216951299999986,0.00021965683504008942,0.00138589712,0.0009708749999999996,0.00046891919999999995,0.0007384896200000001,0.00248851762
2024,14,mattcl-py,input-mattcl,python,0.05686259174000001,0.0013346232603745536,0.05655563912,0.05067229999999998,0.006116841599999999,0.05420072762,0.060786983620000005
