year,day,participant,input,language,mean,stddev,median,user,system,min,max
2024,14,kcen,input-kcen,nim,0.03222455840064516,0.0008977748851106867,0.03195557382,0.030899814623655902,0.0012912877419354837,0.03106477582,0.03575365082
2024,14,lanjian,input-kcen,rust,0.0014323409500000004,0.00017853905779443256,0.00141985982,0.0009409784000000008,0.0005160165999999999,0.0008790728200000004,0.0022388868200000005
2024,14,mattcl,input-kcen,rust,0.0014176040750000004,0.0002127977032086918,0.0013846233200000002,0.0010034050000000002,0.0004296024,0.0008502388200000002,0.00225329382
2024,14,mattcl-py,input-kcen,python,0.06824343238818181,0.012732836200639645,0.06619558482,0.06238277454545456,0.005766438181818183,0.06453137082,0.15023249682
2024,14,kcen,input-lanjian,nim,0.028199476712156855,0.000755186762329846,0.02798125182,0.02687475137254903,0.0013032286274509805,0.027350776820000002,0.03172628482
2024,14,lanjian,input-lanjian,rust,0.001424101335,0.00017383938468039993,0.0014069353200000002,0.0010416618000000002,0.00042671240000000007,0.0007749868200000004,0.0023214208200000004
2024,14,mattcl,input-lanjian,rust,0.00139810492,0.00019565601440781153,0.0014038643200000001,0.0011528399999999998,0.00031664420000000005,0.0006870728200000002,0.0020729768200000004
2024,14,mattcl-py,input-lanjian,python,0.06144109282000002,0.0013430923073847157,0.06123657482,0.056751340408163264,0.004612089795918367,0.059335356820000004,0.06425543482
2024,14,kcen,input-mattcl,nim,0.025640589311379317,0.0009463438607189662,0.02534867632,0.02439142344827584,0.0012065575862068958,0.02446651982,0.02909253682
2024,14,lanjian,input-mattcl,rust,0.0014031520950000004,0.0001724040683510087,0.0014041098200000004,0.0009615568,0.0004912431999999997,0.0007722828200000003,0.0022609978200000005
2024,14,mattcl,input-mattcl,rust,0.0014107114700000003,0.0001725847382106649,0.0013931843200000002,0.0010023568,0.00044085139999999994,0.0006374808200000002,0.0022762968200000003
2024,14,mattcl-py,input-mattcl,python,0.056699882604313745,0.0012452541865193517,0.05645935582,0.05106498666666664,0.00554625411764706,0.05503550182,0.059933566820000006
