year,day,participant,input,language,mean,stddev,median,user,system,min,max
2024,14,kcen,input-kcen,nim,0.032850491529450555,0.0010778258436364616,0.03245823098,0.0317858868131868,0.0010087092307692303,0.031126267980000004,0.03576435998
2024,14,mattcl,input-kcen,rust,0.0015351502800000003,0.0001889252493965743,0.00150151048,0.00114778,0.0003920054,0.0008564729800000001,0.0026868689800000002
2024,14,mattcl-py,input-kcen,python,0.06634939975777777,0.0013791549033585896,0.06631707598,0.059971144444444444,0.0062774057777777795,0.06391493898,0.06913808598
2024,14,kcen,input-mattcl,nim,0.025987886804561388,0.0009153702447113059,0.02578799498,0.02460551578947368,0.0012928108771929822,0.02440161898,0.02859754498
2024,14,mattcl,input-mattcl,rust,0.0015156547499999985,0.00017763647660387285,0.00149248848,0.0011242649999999997,0.00039654250000000017,0.00092416998,0.00226073098
2024,14,mattcl-py,input-mattcl,python,0.056836154058431364,0.0011515113711408123,0.05654340898,0.05158273921568628,0.005129627058823528,0.05492128298,0.060044262980000006
