year,day,participant,input,language,mean,stddev,median,user,system,min,max
2024,14,kcen,input-kcen,nim,0.032160343851428574,0.0009069926851197147,0.031819683280000004,0.031135255164835167,0.001041546813186813,0.030928483280000002,0.03506482928
2024,14,lanjian,input-kcen,rust,0.0014120036749999995,0.0001168578695664826,0.0014108072799999998,0.0011233349999999998,0.00039412800000000005,0.0007910272799999999,0.0019343982800000001
2024,14,mattcl,input-kcen,rust,0.001397924735,0.00013448301435347126,0.00139996228,0.0009950978999999998,0.00048406409999999996,0.0007816092799999999,0.0018716902799999998
2024,14,mattcl-py,input-kcen,python,0.06575511908000002,0.0009437819469712282,0.06581486128,0.06071255333333333,0.005014036888888888,0.06387985928,0.06763869628000001
2024,14,kcen,input-lanjian,nim,0.028472000209292917,0.0009643639307611767,0.028071083280000002,0.0272243896969697,0.0012514432323232321,0.027277157280000002,0.03138028928
2024,14,lanjian,input-lanjian,rust,0.0014260652950000014,0.00016254374209713357,0.00140238128,0.0009703779000000005,0.00052037,0.00089533228,0.00243472428
2024,14,mattcl,input-lanjian,rust,0.0014047581199999998,0.0001622344879215583,0.00139504228,0.001042305,0.00041655870000000005,0.0007693962799999998,0.00224751428
2024,14,mattcl-py,input-lanjian,python,0.061211139405000003,0.0012980998115907838,0.061097414280000005,0.054392253333333335,0.006705267500000001,0.05930570428,0.06411171228000001
2024,14,kcen,input-mattcl,nim,0.02569902198588235,0.0010317718046979746,0.02532466128,0.024604576862745097,0.0010808327450980391,0.02445952128,0.02830926928
2024,14,lanjian,input-mattcl,rust,0.0014143816149999994,0.00017039195913434702,0.00139396078,0.0009822099999999999,0.0004828091999999999,0.00079859028,0.00248323528
2024,14,mattcl,input-mattcl,rust,0.0014078621899999999,0.0001505320766120883,0.0013876837800000002,0.0010141449999999997,0.0004358436999999999,0.00088885028,0.00233158128
2024,14,mattcl-py,input-mattcl,python,0.0563301373554717,0.0012871711499981094,0.05600093728,0.05136387283018868,0.004875393962264151,0.05448549028,0.060285860280000006
