year,day,participant,input,language,mean,stddev,median,user,system,min,max
2024,14,kcen,input-kcen,nim,0.0321652674078261,0.0008989990999814887,0.031944526560000006,0.030863573913043472,0.0013263043478260869,0.03085520206,0.034935542060000005
2024,14,lanjian,input-kcen,rust,0.0014015298349999996,0.00013600816434766145,0.00140925656,0.001089247999999999,0.00042029999999999986,0.0007543810599999999,0.00189837306
2024,14,mattcl,input-kcen,rust,0.0014016944200000003,0.00018730127148259136,0.00140200856,0.0010917549999999996,0.0004025849999999999,0.0006549840599999999,0.0025061610600000004
2024,14,mattcl-py,input-kcen,python,0.06540321103826086,0.0013398049776896554,0.06510676506,0.05861718260869566,0.006679021739130436,0.06291243606000001,0.06830800906000001
2024,14,kcen,input-mattcl,nim,0.025519832682806994,0.0009460824864771216,0.02531454706,0.024511478947368416,0.0010032719298245611,0.024166789060000003,0.030336962060000004
2024,14,lanjian,input-mattcl,rust,0.0014058654400000011,0.00020982368559691484,0.00141104006,0.0009838149999999999,0.0004596599999999999,0.0003305370600000001,0.0022183320599999997
2024,14,mattcl,input-mattcl,rust,0.0013940446350000004,0.0001150612062942756,0.00137385056,0.0011240099999999993,0.0003530150000000001,0.00071036806,0.00169970106
2024,14,mattcl-py,input-mattcl,python,0.05574667926370371,0.0010457972129734306,0.055631739060000004,0.04981269629629629,0.005879888888888886,0.054154688060000004,0.058846163060000005
