year,day,participant,input,language,mean,stddev,median,user,system,min,max
2024,14,kcen,input-kcen,nim,0.03242300773361703,0.0011715473177132372,0.03199976034,0.03120471787234043,0.0011999819148936172,0.03083287534,0.03525321134000001
2024,14,mattcl,input-kcen,rust,0.0014098261000000001,0.00015338589989485725,0.0013941833400000002,0.0009598278999999996,0.0004900109999999999,0.0005060753400000001,0.0018140143400000005
2024,14,mattcl-py,input-kcen,python,0.06592490174909091,0.002554113996463674,0.06546085834000001,0.05932780636363635,0.006503161363636365,0.06340606134,0.07974367934
2024,14,kcen,input-mattcl,nim,0.02561285080902654,0.0008744343836905381,0.02537036734,0.02444808371681415,0.001107908849557522,0.02419049834,0.02938815134
2024,14,mattcl,input-mattcl,rust,0.0013996378350000001,0.00019385411524698392,0.00142335234,0.0011668929000000002,0.00031232249999999987,0.0003590903400000002,0.00181664834
2024,14,mattcl-py,input-mattcl,python,0.056041081000377364,0.0011435843979120907,0.055787036340000005,0.050554608679245286,0.0053877471698113195,0.05418015734000001,0.060542860340000004
