year,day,participant,input,language,mean,stddev,median,user,system,min,max
2024,14,kcen,input-kcen,nim,0.03285359587956043,0.0010638587996547619,0.03255889444,0.031775398021978034,0.0010495226373626373,0.030985910440000004,0.03603288944
2024,14,lanjian,input-kcen,rust,0.0015074546800000008,0.00023646390856460673,0.0014545409400000002,0.0011681299999999996,0.0003958331999999997,0.0010071634400000001,0.00257999644
2024,14,mattcl,input-kcen,rust,0.0014532131200000005,0.00018294981916937812,0.0014326999400000003,0.0011562399999999987,0.00037116080000000005,0.0009023464400000001,0.00237652344
2024,14,mattcl-py,input-kcen,python,0.06575476364,0.0013447994792888543,0.06542416244,0.06005270888888886,0.005609386666666668,0.06271908544,0.07051852044000001
2024,14,kcen,input-lanjian,nim,0.02846011272712871,0.0007586595961613129,0.028345004440000002,0.027330538811881192,0.0011040914851485146,0.027243428440000002,0.031939608439999996
2024,14,lanjian,input-lanjian,rust,0.0014761726799999999,0.0001900545378417035,0.0014488394400000004,0.0010774149999999995,0.0004472061999999998,0.00082970844,0.0023373494400000003
2024,14,mattcl,input-lanjian,rust,0.00146979238,0.00020930448870858993,0.0014441719400000003,0.0010330299999999999,0.00047329519999999995,0.00074567044,0.0023131544400000004
2024,14,mattcl-py,input-lanjian,python,0.060542718011428576,0.0014105722180621592,0.06031674944,0.05492931795918365,0.005522041632653062,0.05840526744,0.06678654044000001
2024,14,kcen,input-mattcl,nim,0.02577988758814816,0.0007677668141727585,0.025650873940000003,0.02466741074074074,0.0011186285185185185,0.02468353544,0.02889733644
2024,14,lanjian,input-mattcl,rust,0.0014706901249999988,0.00019173239122875728,0.0014421824400000002,0.0010766628999999998,0.00046314699999999985,0.0008551974400000001,0.00236613444
2024,14,mattcl,input-mattcl,rust,0.0014835915500000007,0.00020556274398147607,0.0014497069400000002,0.0011057678999999996,0.000433497,0.00077035744,0.0023948684400000005
2024,14,mattcl-py,input-mattcl,python,0.05611733524769234,0.0014837409688310053,0.05587257594,0.04972411230769232,0.006332644615384615,0.05389944944,0.061487616440000004
