year,day,participant,input,language,mean,stddev,median,user,system,min,max
2024,14,kcen,input-kcen,nim,0.03204428379956522,0.0008721593096996537,0.031761036179999994,0.030990413913043482,0.0010473934782608695,0.03096280568,0.03484699768
2024,14,lanjian,input-kcen,rust,0.0014126350199999992,0.00015091372656738912,0.00140662218,0.0010521149999999995,0.00043887279999999993,0.0007759166800000001,0.00211914068
2024,14,mattcl,input-kcen,rust,0.0013941508600000007,0.00013733328111842138,0.00138320818,0.00097969,0.00047147179999999995,0.0007487656800000001,0.0020682156800000003
2024,14,mattcl-py,input-kcen,python,0.06560310132444445,0.0014727565533545059,0.06507854968,0.059174395555555544,0.006368735999999998,0.06390186668,0.07162983368
2024,14,kcen,input-lanjian,nim,0.02817466783306123,0.0008434039106567749,0.02792899168,0.027053770612244895,0.0011127416326530612,0.026909668680000002,0.03114175068
2024,14,lanjian,input-lanjian,rust,0.0014194350299999985,0.0001956067551327801,0.00140691268,0.0010258437999999996,0.0004653013999999999,0.0007172666799999999,0.0029311006799999997
2024,14,mattcl,input-lanjian,rust,0.0013926102749999992,0.0001705311059996631,0.00139900268,0.0010737750000000001,0.0003982624000000001,0.0007314036799999999,0.00222214368
2024,14,mattcl-py,input-lanjian,python,0.060550951965714264,0.001571855414243162,0.06015251868,0.05576370938775508,0.0047415787755102036,0.05868906868,0.06752005068
2024,14,kcen,input-mattcl,nim,0.025573472923243253,0.000912941904350249,0.025364355680000002,0.024459483243243246,0.0011148482882882883,0.024408205680000003,0.028827567680000003
2024,14,lanjian,input-mattcl,rust,0.0014065263149999987,0.00010266740160745233,0.0014054746800000002,0.0009962637999999995,0.0005041572000000002,0.0008279036799999999,0.00176469668
2024,14,mattcl,input-mattcl,rust,0.0013941731800000002,0.00021560810332917933,0.00139056668,0.0011261349999999997,0.0003313925999999999,0.00064610368,0.00225664768
2024,14,mattcl-py,input-mattcl,python,0.05607752362339623,0.0014261670260411214,0.05572657368,0.05126461735849054,0.004757336603773584,0.054292218680000004,0.06236538068
