year,day,participant,input,language,mean,stddev,median,user,system,min,max
2024,14,kcen,input-kcen,nim,0.03189599074703296,0.0008111180959679245,0.03169801878,0.030484900219780214,0.0013828672527472525,0.030420207780000003,0.03442609278
2024,14,lanjian,input-kcen,rust,0.0014236492399999992,0.00014820688907569678,0.0014066387800000001,0.0009590299999999997,0.0005058896000000001,0.0008769877800000001,0.00269155278
2024,14,mattcl,input-kcen,rust,0.0014211854550000005,0.0001699955362917952,0.00140816128,0.001025275,0.0004492884,0.0008476937800000001,0.0024791257800000003
2024,14,mattcl-py,input-kcen,python,0.0660401187133333,0.0014452110553112422,0.06576921078,0.05926694222222222,0.006664726222222223,0.06394158178,0.07174211778
2024,14,kcen,input-lanjian,nim,0.02843000194842106,0.0009978244615484642,0.028130201780000003,0.027253277894736846,0.0011632997894736841,0.02716987578,0.03127662978
2024,14,lanjian,input-lanjian,rust,0.0014065944200000002,0.00019331049625541022,0.0014071952800000002,0.0010065250000000005,0.00047065559999999993,0.0007654497800000001,0.0023255287800000002
2024,14,mattcl,input-lanjian,rust,0.0014180925400000006,0.00015718578426264794,0.00141133278,0.00109228,0.0003845872,0.0008402787800000001,0.00221878878
2024,14,mattcl-py,input-lanjian,python,0.06087939682081631,0.001149180254092073,0.06072787878,0.05526018122448976,0.005529983673469388,0.05891684878,0.06467756978
2024,14,kcen,input-mattcl,nim,0.025469192549230774,0.0008187602071394326,0.02529600078,0.02438235076923077,0.0010455989743589748,0.024413397780000002,0.028489474780000003
2024,14,lanjian,input-mattcl,rust,0.0014129075049999999,0.00017873897089277545,0.00141166828,0.000945965,0.0005153718,0.0007297927800000002,0.00252722578
2024,14,mattcl,input-mattcl,rust,0.0014119547149999995,0.00014904912755243316,0.00140840228,0.0009549500000000001,0.0004919395999999999,0.0007031127800000001,0.00222248478
2024,14,mattcl-py,input-mattcl,python,0.05676734970452831,0.004134104794365773,0.05590488378,0.05073657283018866,0.005937772075471699,0.05466606578,0.08541312778
