year,day,participant,input,language,mean,stddev,median,user,system,min,max
2024,14,kcen,input-kcen,nim,0.03243375635258428,0.0009688062468870667,0.032295895420000005,0.031180339325842684,0.001243027415730337,0.03094836142,0.036231254420000004
2024,14,lanjian,input-kcen,rust,0.0014124637600000012,0.00014917694195093817,0.00140440242,0.001094951000000001,0.0004006201999999999,0.00034186342000000003,0.00226735842
2024,14,mattcl,input-kcen,rust,0.0014340450449999995,0.0002015617491129498,0.0014069974200000002,0.0011121150000000001,0.000362739,0.00077539442,0.0026065434200000003
2024,14,mattcl-py,input-kcen,python,0.06584112524222223,0.0019362928362040687,0.06540756542,0.06006053333333331,0.005710490222222221,0.06362223042,0.07531818542
2024,14,kcen,input-lanjian,nim,0.028721741380784316,0.0008971828069887186,0.028528008420000004,0.027386045098039203,0.0012875490196078432,0.027398662420000004,0.031810806420000004
2024,14,lanjian,input-lanjian,rust,0.0014873586099999993,0.00026073424499863644,0.00140908642,0.0009530350000000007,0.0005497327000000001,0.0008425104199999999,0.00247990642
2024,14,mattcl,input-lanjian,rust,0.0014016703900000004,0.00013357050368525516,0.00138824742,0.000963066,0.00047121029999999957,0.00035806242,0.00205050242
2024,14,mattcl-py,input-lanjian,python,0.060696464794999995,0.0015792156646460376,0.06044228042000001,0.05440515416666667,0.006186544583333333,0.05829693742000001,0.06662263042
2024,14,kcen,input-mattcl,nim,0.025888554967826084,0.0008827271877965058,0.025601698420000003,0.024728582608695655,0.0011043137391304348,0.02472922342,0.028854159420000004
2024,14,lanjian,input-mattcl,rust,0.0014015381100000001,0.000123740899613059,0.00140723292,0.0009869219999999999,0.0004635798999999998,0.00080430842,0.00210986342
2024,14,mattcl,input-mattcl,rust,0.0014264890899999996,0.00019051505167472783,0.00140716742,0.0010764849999999999,0.00040588250000000005,0.0008058414199999999,0.00229619242
2024,14,mattcl-py,input-mattcl,python,0.05610551213153848,0.001425439904016305,0.05581558642000001,0.05008597307692308,0.005951248461538462,0.05430067342000001,0.06188388542
