year,day,participant,input,language,mean,stddev,median,user,system,min,max
2024,14,kcen,input-kcen,nim,0.03253388706602151,0.0009988114608473373,0.032321478980000005,0.03142141139784948,0.0011207225806451613,0.03107106698,0.036167219980000005
2024,14,mattcl,input-kcen,rust,0.0012381212950000006,0.00036772043986546364,0.0013505759800000001,0.0009668245000000003,0.00037389819999999996,0.00022276398000000016,0.0021871119800000003
2024,14,mattcl-py,input-kcen,python,0.06626645625272728,0.0019962600229941666,0.06587349048,0.06093938818181817,0.005250498181818181,0.06390981798,0.07371846198000001
2024,14,kcen,input-mattcl,nim,0.02597321505476634,0.0009465778854680898,0.02572726398,0.02483787607476636,0.0011187147663551404,0.024611784980000002,0.02952711698
2024,14,mattcl,input-mattcl,rust,0.0014096552000000006,0.00017803889304504543,0.0013908714800000002,0.0010891759000000003,0.0003866381999999999,0.0007897959800000002,0.0021538299800000003
2024,14,mattcl-py,input-mattcl,python,0.056056255685882364,0.0012756944846928253,0.055774457980000004,0.0503232905882353,0.005679533333333334,0.054217792980000006,0.059355352980000005
