year,day,participant,input,language,mean,stddev,median,user,system,min,max
2024,14,mattcl,input-mattcl,rust,0.0030529587250000007,0.0003359495872490093,0.0029444290400000004,0.0027650449999999994,0.00035913839999999987,0.00231069804,0.00458257204
2024,14,mattcl-py,input-mattcl,python,0.13223970899454543,0.0038785910469517223,0.13122899654,0.12624280181818184,0.005948576363636365,0.12772326704,0.14337741804
