year,day,participant,input,language,mean,stddev,median,user,system,min,max
2024,14,kcen,input-kcen,nim,0.03274276930044945,0.000925636810320778,0.03245724666,0.03163560292134831,0.0010984220224719101,0.03083137366,0.03541209866
2024,14,lanjian,input-kcen,rust,0.0014764639550000009,0.0003099943586519571,0.0013923551600000003,0.0010628306,0.00045454680000000006,0.0005699106600000003,0.0026528596600000004
2024,14,mattcl,input-kcen,rust,0.0014142620149999996,0.00022689341300127203,0.0013932111600000003,0.0010444950000000003,0.00043119659999999983,0.0007356206600000002,0.00274528266
2024,14,mattcl-py,input-kcen,python,0.06617134557304348,0.001221487735415771,0.06638346115999999,0.05957039652173913,0.0065294060869565225,0.06402712966,0.06873616566
2024,14,kcen,input-lanjian,nim,0.02876313425803921,0.0008799564855897203,0.028623539660000002,0.027721685098039215,0.001083938431372549,0.027505516660000003,0.033098598660000006
2024,14,lanjian,input-lanjian,rust,0.0013977017150000005,0.00014604156551407198,0.0013822006600000003,0.0009670249999999998,0.0005118147999999999,0.0007784906600000001,0.0022995086600000004
2024,14,mattcl,input-lanjian,rust,0.0013991952499999999,0.00016184512288810316,0.0013821761600000004,0.0010155253,0.0004523323999999999,0.0007018676600000001,0.0023248756600000005
2024,14,mattcl-py,input-lanjian,python,0.06121016117063833,0.0012465747192642966,0.06098041666,0.05530591872340425,0.005816583829787235,0.05922617166000001,0.06572435766
2024,14,kcen,input-mattcl,nim,0.025771025617264975,0.0007330783843654217,0.02564445266,0.024698128034188034,0.0010243329914529917,0.024316065660000004,0.028605325660000003
2024,14,lanjian,input-mattcl,rust,0.0013974674750000002,0.00023287726195448505,0.0013736101600000002,0.0009926356000000002,0.00044818239999999996,0.0005011216600000002,0.00233647766
2024,14,mattcl,input-mattcl,rust,0.0014496191900000004,0.00023191528391448192,0.0014034956600000002,0.0010938150000000002,0.00039735059999999986,0.0009020816600000003,0.00245024066
2024,14,mattcl-py,input-mattcl,python,0.056507661506153856,0.0012493755928048565,0.05615136116000001,0.050297747692307694,0.0061405938461538455,0.05428669566,0.060441637660000005
