year,day,participant,input,language,mean,stddev,median,user,system,min,max
2024,14,kcen,input-kcen,nim,0.03204428395053764,0.0008934397589506552,0.03181499780000001,0.03080879075268816,0.0011925918279569894,0.0307728878,0.034660583800000005
2024,14,mattcl,input-kcen,rust,0.0014123499499999995,0.00014709755213735383,0.0014340053000000002,0.0010804950000000001,0.00040980169999999997,0.0006142668000000001,0.0022466108000000003
2024,14,mattcl-py,input-kcen,python,0.06516342471304347,0.0010712561757375374,0.0649877558,0.05878141043478262,0.006311720869565217,0.0633656948,0.0675579598
2024,14,kcen,input-mattcl,nim,0.02531710030442479,0.0007111053029432439,0.025175431800000002,0.024383151681415926,0.0009510810619469027,0.0243305508,0.028090247800000002
2024,14,mattcl,input-mattcl,rust,0.0014347490500000004,0.00013854816547315734,0.0014344413,0.00112235,0.00037319260000000004,0.0009028068,0.0019664568
2024,14,mattcl-py,input-mattcl,python,0.05562349344814813,0.0008783695734677792,0.055535845800000004,0.04913452074074075,0.006433555185185186,0.053955533800000004,0.057876230800000004
