year,day,participant,input,language,mean,stddev,median,user,system,min,max
2024,14,kcen,input-kcen,nim,0.03225780366130433,0.0010418959959362399,0.03192942452,0.030982624782608686,0.0012333847826086959,0.03068439202,0.03553087002
2024,14,mattcl,input-kcen,rust,0.0014043817700000005,0.00016114799203721284,0.0013908345200000004,0.0011343478000000009,0.00032398949999999996,0.0007875800200000002,0.0022848640200000005
2024,14,mattcl-py,input-kcen,python,0.06540905382434783,0.0017587876845434898,0.06489570102,0.05878504869565219,0.0065187108695652154,0.06282143202,0.07211609902
2024,14,kcen,input-mattcl,nim,0.025617616913805315,0.0009030395259051943,0.025339882020000003,0.02445840460176992,0.001126666371681416,0.02426273602,0.028793211020000004
2024,14,mattcl,input-mattcl,rust,0.0014095643650000004,0.00013568975751699567,0.0013978630200000004,0.0011216428000000002,0.0003403899999999999,0.0007305030200000002,0.0017468770200000003
2024,14,mattcl-py,input-mattcl,python,0.0556901706237736,0.0010213952346554114,0.055643767020000005,0.05004560981132074,0.0055604433962264145,0.05427851102,0.059501744020000004
