year,day,participant,input,language,mean,stddev,median,user,system,min,max
2024,14,mattcl,input-mattcl,rust,0.0025551526450000007,0.00022884580088133817,0.00256839674,0.0017019549999999994,0.0008328189999999998,0.0018033437400000003,0.00326013374
2024,14,mattcl-py,input-mattcl,python,0.055480926023018864,0.0011444516478961305,0.05520817074,0.04915828867924528,0.006221841509433961,0.05335039874,0.05967832774
