year,day,participant,input,language,mean,stddev,median,user,system,min,max
2024,14,kcen,input-kcen,nim,0.03186826076695652,0.0008441116972699907,0.031581863179999996,0.030457652173913056,0.001351433913043478,0.030879044180000006,0.03503239118
2024,14,mattcl,input-kcen,rust,0.0013949565749999996,0.0001447781424835389,0.0014101926799999999,0.0010712300000000007,0.000358419,0.0006151111799999999,0.0017401341799999999
2024,14,mattcl-py,input-kcen,python,0.06548815339739132,0.0016551707046550538,0.06524063968,0.060138239130434805,0.005278554782608696,0.06317161018,0.07058629618000001
2024,14,kcen,input-mattcl,nim,0.025466257713980575,0.0009666126608385334,0.025220673180000003,0.024112286407766977,0.0013305271844660193,0.023948374180000002,0.02859944118
2024,14,mattcl,input-mattcl,rust,0.0014118976800000004,0.00010432325027514167,0.0014128676799999998,0.0009358550000000003,0.0005202041999999999,0.00083510318,0.00182440218
2024,14,mattcl-py,input-mattcl,python,0.05611157234981133,0.0011494889450911474,0.05564284318,0.05034338679245282,0.0057036109433962244,0.054601055180000004,0.05858377318
