year,day,participant,input,language,mean,stddev,median,user,system,min,max
2024,14,kcen,input-kcen,nim,0.032436529254623654,0.0008952033566811192,0.03233918576,0.03131261419354838,0.0011200961290322579,0.030958589760000006,0.03543835976
2024,14,lanjian,input-kcen,rust,0.0014354986350000006,0.00017286065071373308,0.0014258817600000004,0.0010924458,0.00039549370000000015,0.0009688217600000004,0.0023963547600000003
2024,14,mattcl,input-kcen,rust,0.0014310071250000012,0.00020296427088515226,0.0014119407600000004,0.00104489,0.0004268504000000001,0.0008010377600000003,0.0022687457600000004
2024,14,mattcl-py,input-kcen,python,0.06611571846454548,0.0013759469500748077,0.06588982276000001,0.06025411272727273,0.0057656977272727275,0.06381410476,0.06882349676
2024,14,kcen,input-lanjian,nim,0.02847515516776701,0.0007106659459153318,0.028430914760000002,0.027257713786407768,0.0012177308737864078,0.027281161760000002,0.03152278676
2024,14,lanjian,input-lanjian,rust,0.001430447190000001,0.00023490200352666057,0.0014098617600000003,0.0010067073999999996,0.00048067329999999987,0.0007119797600000004,0.0027378247600000002
2024,14,mattcl,input-lanjian,rust,0.0014084191600000002,0.0001467986994113173,0.0013996582600000003,0.0010547600000000003,0.0003970191999999998,0.0007297937600000003,0.0022359847600000003
2024,14,mattcl-py,input-lanjian,python,0.061410510147755094,0.001612225144981619,0.06099991376,0.054682656326530625,0.00665459755102041,0.05851366776,0.06663892576000001
2024,14,kcen,input-mattcl,nim,0.025842210804247794,0.00091714723129046,0.025603048760000004,0.02474405238938054,0.0010677555752212392,0.024620809760000004,0.02921834976
2024,14,lanjian,input-mattcl,rust,0.0014390715099999998,0.00018018588574325933,0.0014105687600000005,0.0009867100000000005,0.0004885244999999998,0.0008598967600000004,0.00213958376
2024,14,mattcl,input-mattcl,rust,0.0014542140199999992,0.00022887433788472934,0.0014126372600000003,0.001040255,0.00044989970000000005,0.0008073977600000003,0.0024521297600000004
2024,14,mattcl-py,input-mattcl,python,0.056323500334074066,0.0012900194669845555,0.056123886760000005,0.050659080740740735,0.005601516666666667,0.05424993176,0.06137187076
