year,day,participant,input,language,mean,stddev,median,user,system,min,max
2024,14,kcen,input-kcen,nim,0.03227940553252748,0.0009642730466023652,0.03201154206,0.030962628791208792,0.0013143720879120872,0.030860700060000003,0.03516026606
2024,14,mattcl,input-kcen,rust,0.0014212422600000001,0.00019339509256171615,0.00141525856,0.0010534999999999997,0.00040399279999999994,0.0003522340600000002,0.0022541530600000003
2024,14,mattcl-py,input-kcen,python,0.06529283195130436,0.0013321758155478364,0.06511444856000001,0.05884544173913042,0.006331931739130434,0.06265662406000001,0.06768700806000001
2024,14,kcen,input-mattcl,nim,0.025695064399130444,0.0009089623866304812,0.02543751006,0.024684402608695633,0.000979042086956522,0.024678089060000002,0.02924205106
2024,14,mattcl,input-mattcl,rust,0.001433697115,0.00019443575636383307,0.00141005356,0.0010227328999999996,0.00044218850000000016,0.0008626090600000002,0.00253364706
2024,14,mattcl-py,input-mattcl,python,0.056136393720377355,0.0013993336632080252,0.05597795506,0.04964487283018868,0.006373565660377361,0.053708829060000005,0.061412597060000004
