year,day,participant,input,language,mean,stddev,median,user,system,min,max
2024,14,kcen,input-kcen,nim,0.032441916987741945,0.001040928151617913,0.03222994102000001,0.03146299870967742,0.0009500797849462364,0.030836652019999997,0.03771742502000001
2024,14,mattcl,input-kcen,rust,0.0014359390799999995,0.0001673146033764582,0.0014308670200000003,0.0010307442000000006,0.00039794409999999994,0.0007930520200000003,0.0022898450200000003
2024,14,mattcl-py,input-kcen,python,0.06558266619777778,0.0010914014679139575,0.06530343302,0.0604259822222222,0.005076231555555556,0.06362215502,0.06798802902
2024,14,kcen,input-mattcl,nim,0.025585899704210525,0.0005891453493389128,0.02546992352,0.02457033543859648,0.0009390384210526315,0.02441260502,0.02819664902
2024,14,mattcl,input-mattcl,rust,0.0014367604750000007,0.00020900223835551628,0.0014190940200000002,0.0010317284000000001,0.0004289621999999997,0.0006223130200000002,0.0026485470200000006
2024,14,mattcl-py,input-mattcl,python,0.05606125240461539,0.002031155758059253,0.05554321352000001,0.04896146769230768,0.007011423461538461,0.05347778202,0.06724462702
