year,day,participant,input,language,mean,stddev,median,user,system,min,max
2024,14,kcen,input-kcen,nim,0.03199158334222223,0.0010504062140935474,0.03162081312000001,0.030279046666666677,0.0016321373333333337,0.03076942862,0.035099928620000005
2024,14,mattcl,input-kcen,rust,0.0014045312999999993,0.00012845968315889627,0.00140775512,0.0009976390999999994,0.0004146486000000001,0.0008068896200000002,0.0019496496200000003
2024,14,mattcl-py,input-kcen,python,0.06473405529391303,0.001504095176052515,0.06435782662,0.05772789739130434,0.006909413913043477,0.06281168162,0.07105221362
2024,14,kcen,input-mattcl,nim,0.025320110399661016,0.0009038948085665869,0.025078231620000002,0.024085205423728814,0.001172259661016949,0.02424653262,0.02861187862
2024,14,mattcl,input-mattcl,rust,0.001404248545,0.0001505863727109481,0.0014124186200000005,0.0010381023,0.0003606145999999999,0.0003810026200000002,0.0017987076200000004
2024,14,mattcl-py,input-mattcl,python,0.05541452920490566,0.0010760100151033665,0.05536381362000001,0.04796518,0.007385601509433962,0.05369127162000001,0.05834154062000001
