year,day,participant,input,language,mean,stddev,median,user,system,min,max
2024,14,mattcl,input-mattcl,rust,0.0025465421449999996,0.0002614398648069694,0.00256091514,0.0017772049999999996,0.0007767112,0.0015350231399999998,0.00359886814
2024,14,mattcl-py,input-mattcl,python,0.05568037873999999,0.0011419171687136597,0.05545116464000001,0.049854119999999995,0.0057679839999999994,0.05410093114,0.058778492140000006
