year,day,participant,input,language,mean,stddev,median,user,system,min,max
2024,14,kcen,input-kcen,nim,0.03235609883225807,0.0008752707918789852,0.0320662438,0.03139820129032261,0.00092472688172043,0.0311862868,0.034808499799999996
2024,14,mattcl,input-kcen,rust,0.0015991447500000012,0.00014004845371706255,0.0015997738000000001,0.00119839,0.00042592999999999993,0.0010217408,0.0020677798000000003
2024,14,mattcl-py,input-kcen,python,0.06588683180000002,0.006704222557061562,0.0647556323,0.06036422181818182,0.005437010909090909,0.06317175180000001,0.1087971808
2024,14,kcen,input-mattcl,nim,0.025823970313043478,0.0009336119219519593,0.025560291800000003,0.024648953043478253,0.0011244768695652173,0.024584122800000004,0.029207891800000003
2024,14,mattcl,input-mattcl,rust,0.0016053923450000005,0.00015245559974351138,0.0016296093,0.0011098848,0.00046160280000000014,0.0009550368,0.0020161938
2024,14,mattcl-py,input-mattcl,python,0.05589841964905659,0.0011851143036338213,0.0555732428,0.049722832452830185,0.006073564528301887,0.0541222658,0.0593177048
