year,day,participant,input,language,mean,stddev,median,user,system,min,max
2024,14,kcen,input-kcen,nim,0.03236532035999999,0.0008266330400061847,0.032301400960000004,0.03096355555555556,0.0013511666666666663,0.03104162246,0.03470063146
2024,14,lanjian,input-kcen,rust,0.0012696889849999995,0.0003089109800993956,0.0013751059600000002,0.0009125289999999998,0.0004559760000000001,0.0003530184600000004,0.0019838514600000008
2024,14,mattcl,input-kcen,rust,0.0013273275250000006,0.00033270772367478206,0.0013876849600000004,0.0009677059999999991,0.0004232619999999998,0.0005891604600000004,0.0025051774600000007
2024,14,mattcl-py,input-kcen,python,0.06607255325545455,0.002123691057485721,0.06536343796,0.060821145454545464,0.005157868181818182,0.06396087246000001,0.07587380146000001
2024,14,kcen,input-lanjian,nim,0.028468516421165053,0.0008582900792390728,0.02829208546,0.02744320194174757,0.0010094116504854368,0.02731120946,0.03171048446
2024,14,lanjian,input-lanjian,rust,0.0014219886399999995,0.00015531143491975008,0.0013900344600000004,0.0009717390000000007,0.0005022639999999999,0.0008702264600000003,0.0023689114600000004
2024,14,mattcl,input-lanjian,rust,0.0014149394600000002,0.00014021793330878523,0.0014008894600000005,0.0010699839999999993,0.0004021159999999998,0.0007002184600000004,0.0022813074600000005
2024,14,mattcl-py,input-lanjian,python,0.060317410500816335,0.0012789061552850721,0.05999018946,0.05480168163265305,0.005421326530612246,0.05878246946,0.06508149046000002
2024,14,kcen,input-mattcl,nim,0.025654869318407082,0.000797861959478411,0.025503024460000003,0.02442363539823008,0.0011828601769911502,0.02453325046,0.029039995460000002
2024,14,lanjian,input-mattcl,rust,0.0014039706600000004,0.00015447967220366172,0.0013964014600000006,0.0009493450000000004,0.000486394,0.0007154664600000004,0.00234454646
2024,14,mattcl,input-mattcl,rust,0.0014165134900000007,0.00016797993837108904,0.0014034994600000004,0.0010102399999999993,0.00042328299999999983,0.0008515104600000003,0.0022704074600000002
2024,14,mattcl-py,input-mattcl,python,0.05636711619076924,0.0015190735423240152,0.056091331960000004,0.05097244615384615,0.005307046153846152,0.05425781046,0.06297215146000001
