year,day,participant,input,language,mean,stddev,median,user,system,min,max
2024,14,kcen,input-kcen,nim,0.03209822101139786,0.0009645470340121498,0.03183251042,0.030745336774193544,0.0013323978494623656,0.030780071420000006,0.03516013642
2024,14,lanjian,input-kcen,rust,0.001439328050000001,0.00017182437038208262,0.0014218234200000005,0.001003996399999999,0.0004841959999999999,0.0007083894200000004,0.0022994654200000006
2024,14,mattcl,input-kcen,rust,0.001438153640000001,0.0002154989360523856,0.0014058139200000006,0.0011043387999999995,0.0003699814,0.0008145064200000004,0.002573247420000001
2024,14,mattcl-py,input-kcen,python,0.06613347248976745,0.0019053483526881754,0.06588684442000001,0.05948049581395348,0.00655997395348837,0.06341394742,0.07481484842000001
2024,14,kcen,input-lanjian,nim,0.0282983894491262,0.0009092009076342318,0.028029505420000003,0.026907958446601942,0.0013444497087378641,0.02704729742,0.031804147420000005
2024,14,lanjian,input-lanjian,rust,0.0014213573200000007,0.000166270565814613,0.0014248884200000007,0.0010162737999999995,0.00045361559999999965,0.0005233734200000003,0.0024491154200000005
2024,14,mattcl,input-lanjian,rust,0.0014228267150000005,0.00015525742499066395,0.0014086284200000006,0.0009305126000000001,0.0005170363999999997,0.0008055204200000005,0.0021527914200000007
2024,14,mattcl-py,input-lanjian,python,0.06017966501183674,0.001106396897351713,0.059898611420000004,0.054496811428571434,0.00560680081632653,0.05857092742,0.06378346942
2024,14,kcen,input-mattcl,nim,0.02547853037192307,0.0009623371942501696,0.025165912920000005,0.024459663076923082,0.0009980888461538458,0.02430870342,0.028930701420000003
2024,14,lanjian,input-mattcl,rust,0.0014201272200000013,0.0001791025103127863,0.0014091699200000007,0.0010327976000000004,0.0004287156000000002,0.0007344164200000005,0.0022779754200000007
2024,14,mattcl,input-mattcl,rust,0.0014269111499999997,0.00019276033909921755,0.0014316864200000006,0.0010413450000000002,0.00039488040000000015,0.0007323644200000005,0.0021610164200000005
2024,14,mattcl-py,input-mattcl,python,0.05614875875962267,0.001248717668353788,0.055915528420000006,0.05046039094339624,0.005597269433962265,0.05427953842,0.05982805842
