year,day,participant,input,language,mean,stddev,median,user,system,min,max
2024,14,kcen,input-kcen,nim,0.03224899192695652,0.0009260356097148114,0.03199056884,0.03101387173913044,0.0011893230434782604,0.030557058839999998,0.03529158884
2024,14,mattcl,input-kcen,rust,0.0012665406049999998,0.0003288261507104401,0.00136893884,0.0010040309999999996,0.00038661619999999996,0.00023007483999999993,0.00185654184
2024,14,mattcl-py,input-kcen,python,0.06583880611272729,0.0016773171756821915,0.06581946284000001,0.059741872727272737,0.005994177272727274,0.06301391084,0.07181819484
2024,14,kcen,input-mattcl,nim,0.02564337967035713,0.0009269942612414171,0.025382264340000002,0.02458860892857143,0.0010635957142857142,0.02409926984,0.02894277384
2024,14,mattcl,input-mattcl,rust,0.0013489900749999997,0.0002945315782461716,0.00140667934,0.001093264,0.0003546582000000001,0.0003405728399999998,0.00267678784
2024,14,mattcl-py,input-mattcl,python,0.05574999310415093,0.001355020576921154,0.05543805884,0.04847474150943395,0.007199578867924526,0.05373854484,0.05975171884
