year,day,participant,input,language,mean,stddev,median,user,system,min,max
2024,14,kcen,input-kcen,nim,0.03268097535075269,0.0010786263034112107,0.032286561340000006,0.03163211268817205,0.001016911827956989,0.03075467434,0.03574394234000001
2024,14,mattcl,input-kcen,rust,0.0014144684550000002,0.00016927204409925305,0.00140203734,0.0010071900000000003,0.0004661136,0.00073353034,0.0022095343400000004
2024,14,mattcl-py,input-kcen,python,0.06721841609555554,0.005692938354224097,0.06613047134,0.06037889333333334,0.006755549333333334,0.06415394934,0.10351174934
2024,14,kcen,input-mattcl,nim,0.025794750439099106,0.0008190756765588984,0.025589235340000002,0.024672909549549548,0.0010619419819819823,0.024369322340000003,0.029125244340000002
2024,14,mattcl,input-mattcl,rust,0.0014026879050000004,0.00013539464151312677,0.00138655234,0.0010933550000000005,0.00036387039999999994,0.0008520423399999998,0.00229514334
2024,14,mattcl-py,input-mattcl,python,0.05661747836000001,0.0013932376874377463,0.05638337584000001,0.05075743999999999,0.0057773232,0.053764242340000004,0.06142438134000001
