year,day,participant,input,language,mean,stddev,median,user,system,min,max
2024,14,kcen,input-kcen,nim,0.032447867898021975,0.0008941215465428872,0.03224473592,0.03117728175824178,0.0012684936263736258,0.030856841920000003,0.035247109920000005
2024,14,lanjian,input-kcen,rust,0.001410829645,0.0001375336628694986,0.00139987692,0.0009495347999999998,0.0005277625999999998,0.00078966092,0.00225477992
2024,14,mattcl,input-kcen,rust,0.001432260315,0.00022628729503014358,0.00139744242,0.0011014244000000003,0.00040550159999999967,0.00073160292,0.00264916692
2024,14,mattcl-py,input-kcen,python,0.06513865765913043,0.0014217528167528115,0.06494407992,0.05915797478260868,0.005885730869565218,0.06273221392,0.06844771092000002
2024,14,kcen,input-lanjian,nim,0.028318506542641498,0.0008561655129290018,0.028130666420000002,0.02732790792452831,0.0009797256603773586,0.02711376592,0.03277488892
2024,14,lanjian,input-lanjian,rust,0.0014221512599999998,0.0001984200390016378,0.00140204142,0.001081275,0.0004093602999999998,0.0004144899199999999,0.00219684192
2024,14,mattcl,input-lanjian,rust,0.0014040776350000004,0.0001740709002495599,0.00140116442,0.0011711798000000005,0.0003290382,0.0007667579199999999,0.0024695509200000003
2024,14,mattcl-py,input-lanjian,python,0.06078420643020408,0.0013503719186411843,0.060464037920000005,0.05482340734693875,0.0058440951020408164,0.05890697492,0.06537794292000002
2024,14,kcen,input-mattcl,nim,0.025585048577894735,0.0006618694502156032,0.025519284920000003,0.02453563649122807,0.0010380373684210527,0.02411313592,0.028685244920000002
2024,14,lanjian,input-mattcl,rust,0.0014080248849999994,0.00017487814283267882,0.00140615842,0.0010581350000000004,0.0004005879,0.0007978859199999999,0.00208997192
2024,14,mattcl,input-mattcl,rust,0.0014226260000000004,0.00020575936790173172,0.0013970564199999999,0.0010982400000000008,0.00038708270000000004,0.00077085592,0.00233943792
2024,14,mattcl-py,input-mattcl,python,0.056073568353962266,0.0013311833855034275,0.055973102920000004,0.049947964528301914,0.006006985283018867,0.05399627792,0.06200899792000001
