year,day,participant,input,language,mean,stddev,median,user,system,min,max
2024,14,kcen,input-kcen,nim,0.03265435377123595,0.0010072662987386332,0.03237187676,0.031404264719101134,0.001238276179775281,0.03121053476,0.036096157760000004
2024,14,mattcl,input-kcen,rust,0.0014186242300000004,0.00015123142639280736,0.0014025797600000004,0.001026345,0.00044471789999999995,0.0007657327600000004,0.0020382657600000005
2024,14,mattcl-py,input-kcen,python,0.06597915731555558,0.0014498994605835539,0.06582507976,0.06004184,0.005813739111111111,0.06400226776000001,0.07130118876000001
2024,14,kcen,input-mattcl,nim,0.025838861777391305,0.0008972523196009376,0.025598701760000002,0.024866526956521747,0.0009487735652173914,0.02429397976,0.02956534576
2024,14,mattcl,input-mattcl,rust,0.0014192061950000006,0.00015418466685514462,0.0014082357600000005,0.0010903148,0.0003875593,0.0008290817600000003,0.0020448377600000003
2024,14,mattcl-py,input-mattcl,python,0.05634152334490564,0.0012623333428764345,0.05604837176,0.04985060603773585,0.0064068615094339644,0.05444232676,0.061142575760000005
