year,day,participant,input,language,mean,stddev,median,user,system,min,max
2024,14,kcen,input-kcen,nim,0.03254510624087914,0.0010094793182538417,0.032307925120000004,0.03167260351648352,0.0008485450549450549,0.03100690812,0.036462446120000006
2024,14,lanjian,input-kcen,rust,0.0014847537999999995,0.0002661808139237181,0.00141264212,0.0011231150000000005,0.0004059600000000001,0.00089857912,0.0026781331200000005
2024,14,mattcl,input-kcen,rust,0.00144240618,0.0002360787864985534,0.00140084512,0.0009716449999999992,0.0004990678000000002,0.0007120191199999999,0.0024093091199999996
2024,14,mattcl-py,input-kcen,python,0.06600129746090909,0.0010980459232542606,0.06587915661999999,0.059716824545454524,0.006221455454545454,0.06371432612,0.06787281612
2024,14,kcen,input-lanjian,nim,0.028777930886990287,0.0009880809060446244,0.02855656812,0.027700624854368937,0.0010742108737864077,0.02705112712,0.03160388612000001
2024,14,lanjian,input-lanjian,rust,0.0014227438499999992,0.00014963542212799826,0.00140307862,0.001010975000000001,0.00048131320000000005,0.0009366201199999999,0.0022741351200000004
2024,14,mattcl,input-lanjian,rust,0.0014132360600000004,0.00019571987991793746,0.00138655762,0.0010880100000000001,0.0003801295999999999,0.00077568812,0.00231022412
2024,14,mattcl-py,input-lanjian,python,0.06093634772416668,0.0014387503630866564,0.060777679120000004,0.055432349166666645,0.005442308333333333,0.05871527112000001,0.06624373312
2024,14,kcen,input-mattcl,nim,0.025750055166296297,0.0008549891139489458,0.025549586120000002,0.02493584222222222,0.0008054981481481481,0.024499969120000003,0.029242121120000002
2024,14,lanjian,input-mattcl,rust,0.0014110831600000005,0.0002544824397079234,0.00139896062,0.0010010949999999998,0.00045028099999999997,0.0005832481199999999,0.0024385931199999997
2024,14,mattcl,input-mattcl,rust,0.0014137240249999991,0.00017025010742533373,0.00138528112,0.0010726537999999994,0.0003911807999999999,0.0008169661199999999,0.00234000912
2024,14,mattcl-py,input-mattcl,python,0.05622385023764707,0.001425849684527813,0.05563680412000001,0.050869570980392145,0.0053093835294117635,0.053966455120000006,0.059814850120000006
