year,day,participant,input,language,mean,stddev,median,user,system,min,max
2024,14,kcen,input-kcen,nim,0.031925433135913985,0.0007320450632432651,0.03180974548,0.030874043870967746,0.0010079333333333335,0.030659150480000005,0.034752475479999996
2024,14,mattcl,input-kcen,rust,0.0013764492800000011,0.00017092352109213251,0.0013576324800000001,0.0010075871999999993,0.00041376699999999994,0.0007235194800000002,0.0021479974800000003
2024,14,mattcl-py,input-kcen,python,0.06522976117565217,0.0011922173244051874,0.06512494448,0.05992951652173911,0.005204226086956522,0.06314664948,0.06815830448
2024,14,kcen,input-mattcl,nim,0.025523466411623934,0.0007859926205328405,0.025343858480000002,0.02449957709401709,0.0010452957264957261,0.02428432448,0.028770294480000003
2024,14,mattcl,input-mattcl,rust,0.001369170495,0.00013438757617755882,0.0013677259800000002,0.001060345,0.00037539899999999995,0.0007813674800000003,0.0019003334800000002
2024,14,mattcl-py,input-mattcl,python,0.05591264161207549,0.0012584938750624926,0.05588384248,0.04935165433962263,0.006475483018867923,0.05381805348,0.05874221448
