year,day,participant,input,language,mean,stddev,median,user,system,min,max
2024,14,kcen,input-kcen,nim,0.032639377118709664,0.0009227301282987361,0.03241189528,0.03136288387096775,0.0012699479569892472,0.031075345280000003,0.03572278028
2024,14,mattcl,input-kcen,rust,0.0014267541800000003,0.00017416435796848014,0.00138839228,0.0010601249999999999,0.0004184645,0.00087568428,0.00214629028
2024,14,mattcl-py,input-kcen,python,0.06653178352444444,0.0012033611969406235,0.06622346628,0.06127153333333332,0.00516662311111111,0.06476810428,0.06948491928000002
2024,14,kcen,input-mattcl,nim,0.025715970333097343,0.0006990191307156999,0.025581066280000002,0.024505479646017698,0.0012091477876106191,0.024792680280000003,0.028415990280000004
2024,14,mattcl,input-mattcl,rust,0.0013906352649999995,0.00013735613976459122,0.0013740912800000002,0.00110449,0.0003610874999999999,0.0008341262800000001,0.00215064928
2024,14,mattcl-py,input-mattcl,python,0.0567883040054902,0.0015848174617368413,0.05639979828,0.05005349803921568,0.006651106666666667,0.05457452328,0.06538558928
