year,day,participant,input,language,mean,stddev,median,user,system,min,max
2024,14,kcen,input-kcen,nim,0.031966085255744674,0.0009932528859905412,0.031659396660000005,0.030504126808510643,0.0014597893617021278,0.03069212316,0.03483853816
2024,14,mattcl,input-kcen,rust,0.0013777081199999985,0.0001494425677364274,0.00138914366,0.0011196498000000008,0.000350401,0.0006418111599999997,0.0017465671599999997
2024,14,mattcl-py,input-kcen,python,0.06582177664888889,0.0014243524738705533,0.06541763916,0.06077065777777777,0.004994850666666667,0.06395444116,0.07164320316
2024,14,kcen,input-mattcl,nim,0.025383472445714306,0.0008594026397255085,0.02519125116,0.023948570756302523,0.0014377663865546217,0.024104529160000002,0.02832690816
2024,14,mattcl,input-mattcl,rust,0.0013885287250000001,0.00007498613362023901,0.0013904516599999998,0.0011178849999999999,0.00039187000000000005,0.0012080201599999998,0.00159035516
2024,14,mattcl-py,input-mattcl,python,0.05609038587698112,0.0010697226078382582,0.055642984160000006,0.05080866113207547,0.005189953962264151,0.05445662616,0.058487074160000006
