year,day,participant,input,language,mean,stddev,median,user,system,min,max
2024,14,kcen,input-kcen,nim,0.03250675354888889,0.001075486346679729,0.032295355160000004,0.03111071999999999,0.0013407555555555559,0.03103898916,0.035374151160000006
2024,14,lanjian,input-kcen,rust,0.0014083867750000003,0.0001960058618773125,0.0013811701600000004,0.0009238907999999998,0.0004994899999999997,0.0008435141600000003,0.00238896516
2024,14,mattcl,input-kcen,rust,0.0013851903750000006,0.000172824913277966,0.0013847711600000004,0.0009849181999999998,0.0004438539999999998,0.0007208541600000002,0.0023296941600000004
2024,14,mattcl-py,input-kcen,python,0.06569878235565219,0.0030193169949238132,0.06497532516000001,0.060180006956521745,0.005419743478260869,0.06312999216000001,0.08292615616000001
2024,14,kcen,input-lanjian,nim,0.02838100867000001,0.000689876564041047,0.02827122066,0.02719,0.0011403179999999995,0.02723286716,0.03112745416
2024,14,lanjian,input-lanjian,rust,0.00141563341,0.00019625589993506977,0.0013846761600000003,0.0009825115999999993,0.0004362285,0.0008336751600000003,0.00227470216
2024,14,mattcl,input-lanjian,rust,0.0013978769749999997,0.00018601131842933618,0.0013912486600000003,0.0010323131999999996,0.0003839389999999998,0.0007532151600000002,0.0026291551600000004
2024,14,mattcl-py,input-lanjian,python,0.06070847130285716,0.0017559822560109337,0.060404803160000006,0.05480790979591838,0.005798916326530613,0.058245041160000004,0.06897116316
2024,14,kcen,input-mattcl,nim,0.02573978213321428,0.0010008774988122728,0.02547689116,0.024724196785714296,0.0009541553571428572,0.02434759716,0.02911506916
2024,14,lanjian,input-mattcl,rust,0.00138082821,0.00014761469980779094,0.0013594086600000003,0.0008735581999999996,0.0005015555,0.0006234821600000003,0.0021248221600000004
2024,14,mattcl,input-mattcl,rust,0.0013865353450000003,0.00016999667137787894,0.0013795671600000002,0.0009375923999999994,0.00043702349999999993,0.0007160151600000002,0.00227424116
2024,14,mattcl-py,input-mattcl,python,0.05612719737568626,0.0016975593820631575,0.05549559616000001,0.049843576862745084,0.006204572549019606,0.05359022016000001,0.06222582116
