year,day,participant,input,language,mean,stddev,median,user,system,min,max
2024,15,mattcl,input-mattcl,rust,0.0021683554700000006,0.0003474973816707801,0.00226933562,0.001635845000000001,0.00059006,0.00138483012,0.00354394212
2024,15,mattcl-py,input-mattcl,python,0.025362946741848743,0.0007913355454743068,0.02518083912,0.02061634067226889,0.004662449579831934,0.02413218612,0.02853327512
