year,day,participant,input,language,mean,stddev,median,user,system,min,max
2024,15,mattcl,input-mattcl,rust,0.0020517855350000013,0.0003421798579243231,0.00207500316,0.001538255,0.0005819212,0.00116725116,0.0028942701600000002
2024,15,mattcl-py,input-mattcl,python,0.025045174577391305,0.0013426822109205547,0.02471625416,0.02018326434782609,0.004782907652173915,0.02327565816,0.03447049716
