year,day,participant,input,language,mean,stddev,median,user,system,min,max
2024,15,mattcl,input-mattcl,rust,0.0020761680800000003,0.0003531556145964055,0.0021149693799999997,0.0015584466999999996,0.0005665881000000001,0.0012383408799999998,0.0033832298799999997
2024,15,mattcl-py,input-mattcl,python,0.02516447745627119,0.0008832349613356458,0.024946555880000002,0.02034121932203389,0.004743299322033897,0.023639286880000002,0.028431223880000002
