year,day,participant,input,language,mean,stddev,median,user,system,min,max
2024,15,lanjian,input-lanjian,rust,0.0025465838250000004,0.0002508608531119534,0.0025691659399999997,0.0017855699999999993,0.0007412990000000002,0.0015378604399999998,0.0036968824400000003
2024,15,mattcl,input-lanjian,rust,0.0021893919999999988,0.00034252990870909023,0.0022843234399999995,0.0015937086999999995,0.0006097345000000002,0.0013174374399999998,0.0029716054399999995
2024,15,mattcl-py,input-lanjian,python,0.025449843726956523,0.0007928738742153835,0.02530057044,0.020384929565217407,0.0050008521739130455,0.024202646440000003,0.028396105440000003
2024,15,lanjian,input-mattcl,rust,0.002556501695000001,0.00032033393050274377,0.00255310144,0.0018579274,0.0007005180000000001,0.0017152834399999997,0.00430668344
2024,15,mattcl,input-mattcl,rust,0.0021740295749999986,0.0003331266342590315,0.0022719444399999997,0.0015736499999999996,0.0006283375000000002,0.0013792044399999997,0.00299737344
2024,15,mattcl-py,input-mattcl,python,0.025175336759327732,0.0007432107703401339,0.024986022440000002,0.020072394453781513,0.005001010084033614,0.024119450440000002,0.02832376044
