year,day,participant,input,language,mean,stddev,median,user,system,min,max
2024,15,lanjian,input-lanjian,rust,0.0025797865199999994,0.00024767443839638525,0.00258081232,0.0019071249999999993,0.0006730268999999999,0.0017309753199999999,0.003992441320000001
2024,15,mattcl,input-lanjian,rust,0.0021972403049999997,0.00040152406083693114,0.00227985332,0.0017224064000000005,0.0005189359999999999,0.00121914732,0.00393839932
2024,15,mattcl-py,input-lanjian,python,0.025331833576410265,0.0006206894422848394,0.02530176832,0.020610224273504278,0.0046383188034188,0.02431868732,0.02796652832
2024,15,lanjian,input-mattcl,rust,0.002573230865,0.00025643501258138684,0.00258173882,0.0017976699999999982,0.0007985199999999999,0.00202263132,0.004386318320000001
2024,15,mattcl,input-mattcl,rust,0.0022113441500000003,0.00034826576780507055,0.00229659482,0.0016922549999999997,0.0005654486000000001,0.00166207632,0.0033904533200000003
2024,15,mattcl-py,input-mattcl,python,0.025134606135789463,0.0007191737341621411,0.02498818032,0.020191912982456137,0.004852075789473685,0.02398114432,0.02828666732
