year,day,participant,input,language,mean,stddev,median,user,system,min,max
2024,15,mattcl,input-mattcl,rust,0.0020538576450000005,0.0003518795332712822,0.0021601450200000004,0.0016043599999999998,0.0004986496999999999,0.0013782115200000002,0.00293125952
2024,15,mattcl-py,input-mattcl,python,0.02504323568666667,0.0006755953142202194,0.02488581352,0.020218272631578944,0.004777166315789474,0.02404717852,0.02806837752
