year,day,participant,input,language,mean,stddev,median,user,system,min,max
2024,15,mattcl,input-mattcl,rust,0.0020539006099999993,0.0003407716485434465,0.0020872902400000002,0.0016538299999999998,0.00048563919999999996,0.00122379374,0.0029473507399999997
2024,15,mattcl-py,input-mattcl,python,0.0250894296307563,0.0008290342695330412,0.02487631074,0.020084621848739492,0.0049360705882352945,0.02355988474,0.02826709874
