year,day,participant,input,language,mean,stddev,median,user,system,min,max
2024,15,mattcl,input-mattcl,rust,0.002076788915,0.0003814409130537434,0.00215678186,0.0015903999999999998,0.0005388953999999999,0.00118469336,0.0035340503600000002
2024,15,mattcl-py,input-mattcl,python,0.025149368273793098,0.0010038830456229589,0.02485898036,0.020089105172413788,0.004969073620689656,0.023956952360000002,0.029925805360000002
