year,day,participant,input,language,mean,stddev,median,user,system,min,max
2024,15,mattcl,input-mattcl,rust,0.0020102091600000013,0.0003483913541895381,0.0019842074600000003,0.0014833899999999998,0.0005648447999999997,0.0012788424600000004,0.0029883124600000002
2024,15,mattcl-py,input-mattcl,python,0.024930234762520997,0.0007428453627125009,0.02473813546,0.020214685546218487,0.004628624873949579,0.02379592246,0.02781869446
