year,day,participant,input,language,mean,stddev,median,user,system,min,max
2024,15,mattcl,input-mattcl,rust,0.0020780571350000002,0.00034347574707823867,0.0020937318599999998,0.0015560699999999984,0.0005891745,0.0013885068599999999,0.00352797286
2024,15,mattcl-py,input-mattcl,python,0.024829764833913037,0.000603888523406191,0.024799227860000002,0.019586506956521737,0.005150323999999997,0.02328471186,0.027400467860000003
