year,day,participant,input,language,mean,stddev,median,user,system,min,max
2024,15,mattcl,input-mattcl,rust,0.002201022314999999,0.0003374487235811952,0.00227726832,0.0017488108999999994,0.0005041820000000002,0.0015156563199999996,0.0030506323199999998
2024,15,mattcl-py,input-mattcl,python,0.025368821604482755,0.0009260744746310523,0.02514245532,0.020306138965517237,0.004991233965517241,0.024263454320000002,0.02826347632
