year,day,participant,input,language,mean,stddev,median,user,system,min,max
2024,15,mattcl,input-mattcl,rust,0.002040474429999999,0.0003481975584927682,0.0020320025599999997,0.0014628950000000005,0.0006119385000000002,0.00123627256,0.00347398356
2024,15,mattcl-py,input-mattcl,python,0.02490534011462184,0.0009246462621739182,0.024617436560000004,0.01965792084033613,0.005153909243697479,0.023904632560000003,0.029495471560000004
