year,day,participant,input,language,mean,stddev,median,user,system,min,max
2024,15,lanjian,input-lanjian,rust,0.002569950899999999,0.0003102938896733168,0.00254697782,0.0017859176999999997,0.0007984645000000003,0.0019191013200000003,0.004867782320000001
2024,15,mattcl,input-lanjian,rust,0.0020560922100000007,0.00033844714107714716,0.0021910353200000005,0.0015939749999999996,0.0005122442999999999,0.0012354613200000002,0.0027741523200000002
2024,15,mattcl-py,input-lanjian,python,0.025244790192881363,0.0007578713294540193,0.025078024820000003,0.020073019322033907,0.005087632372881357,0.02397496432,0.02852021632
2024,15,lanjian,input-mattcl,rust,0.0025462063899999985,0.0002349937345312633,0.00256937932,0.0018146427,0.0007511264999999997,0.0016425933200000004,0.00329446732
2024,15,mattcl,input-mattcl,rust,0.002041717215000001,0.00036026857762081984,0.0020300148200000003,0.001512905,0.0005767279,0.0013080273200000003,0.00296887832
2024,15,mattcl-py,input-mattcl,python,0.02512043981152541,0.0008052306203453072,0.024940737320000003,0.020218171864406782,0.004825403389830508,0.02400779532,0.02851863232
