year,day,participant,input,language,mean,stddev,median,user,system,min,max
2024,15,mattcl,input-mattcl,rust,0.002149122875,0.0003521085413978707,0.0022526489,0.0015961049999999991,0.000621576,0.0013974574,0.0039072854
2024,15,mattcl-py,input-mattcl,python,0.025439177699145287,0.0011755694404585323,0.025232156400000004,0.020414097094017078,0.0049513521367521365,0.023993749400000004,0.0353331724
