year,day,participant,input,language,mean,stddev,median,user,system,min,max
2024,15,mattcl,input-mattcl,rust,0.0021120536149999997,0.0003543358671020395,0.0022084945400000005,0.0016387000000000005,0.0005124108,0.0011616935400000001,0.00286808254
2024,15,mattcl-py,input-mattcl,python,0.02503266864344828,0.0006536441956648409,0.02495774404,0.019827834137931034,0.005116341724137931,0.023648171540000002,0.028306319540000003
