year,day,participant,input,language,mean,stddev,median,user,system,min,max
2024,15,mattcl,input-mattcl,rust,0.0020637612999999996,0.00032943453203929514,0.0020469762800000004,0.0015490538000000004,0.000558645,0.00116098678,0.00303583778
2024,15,mattcl-py,input-mattcl,python,0.024946830397391297,0.000807676702726565,0.02472716878,0.01951373565217391,0.005343134782608696,0.023685669779999998,0.02881373978
