year,day,participant,input,language,mean,stddev,median,user,system,min,max
2024,15,mattcl,input-mattcl,rust,0.0021140837749999996,0.0003457412275717854,0.00219128634,0.001554025,0.0005897394000000001,0.00135650984,0.0034316918400000007
2024,15,mattcl-py,input-mattcl,python,0.025468011917586207,0.0009639753221468959,0.02523152284,0.02067344896551725,0.004717388965517244,0.02378913984,0.030751886840000003
