year,day,participant,input,language,mean,stddev,median,user,system,min,max
2024,15,lanjian,input-lanjian,rust,0.002541905845,0.00027368144014151466,0.0025723820600000004,0.0018160849999999988,0.0007659024000000001,0.0015033315600000003,0.0042809675600000005
2024,15,mattcl,input-lanjian,rust,0.002087728955,0.0003236273445910191,0.0021467150600000006,0.0016506820999999988,0.000521126,0.0013702425600000004,0.0028158965600000004
2024,15,mattcl-py,input-lanjian,python,0.025416279961709403,0.0009646245987361151,0.02509938856,0.020700075726495726,0.0046586263247863245,0.024270377560000004,0.02851318556
2024,15,lanjian,input-mattcl,rust,0.0025389631749999984,0.0002811229104933428,0.0025638605600000006,0.0018816671000000005,0.0007093478000000002,0.0016525615600000005,0.00370011156
2024,15,mattcl,input-mattcl,rust,0.0020572445,0.0003359678511752919,0.0020594425600000002,0.0016025550000000003,0.0005188178000000001,0.0014678545600000004,0.0037097595600000003
2024,15,mattcl-py,input-mattcl,python,0.025007122864347826,0.0007271403808848305,0.024850452560000003,0.019441266956521736,0.005499525565217392,0.023975154560000003,0.027851577560000004
