year,day,participant,input,language,mean,stddev,median,user,system,min,max
2024,15,mattcl,input-mattcl,rust,0.0021477024150000005,0.00033741778166199887,0.0022278546,0.0015655749999999998,0.0006068218000000001,0.0013599841,0.0029935221000000007
2024,15,mattcl-py,input-mattcl,python,0.02505695240833334,0.0005788445675192968,0.024989453100000003,0.02024443166666667,0.004727703,0.023848568100000002,0.027558017100000002
