year,day,participant,input,language,mean,stddev,median,user,system,min,max
2024,15,mattcl,input-mattcl,rust,0.002144374005000001,0.00033937113384648374,0.00224571564,0.0016281399999999988,0.0005940698,0.00150388114,0.0035264291399999996
2024,15,mattcl-py,input-mattcl,python,0.025338020202500006,0.000710919894419535,0.025187631140000003,0.020285012142857134,0.004977830714285715,0.02400474014,0.02824080614
