year,day,participant,input,language,mean,stddev,median,user,system,min,max
2024,15,mattcl,input-mattcl,rust,0.002154035250000001,0.0003720665442232373,0.00222536058,0.0016435252000000012,0.000564943,0.00134894908,0.00358802108
