year,day,participant,input,language,mean,stddev,median,user,system,min,max
2024,15,lanjian,input-lanjian,rust,0.0024974677149999995,0.0003205471562357622,0.00255473122,0.0019531400000000003,0.0005802286000000001,0.0015524152200000001,0.00386282022
2024,15,mattcl,input-lanjian,rust,0.0020786840150000007,0.0003305359654267534,0.00206679772,0.0015783889999999986,0.0005525920000000002,0.0013331342200000001,0.0034263932200000002
2024,15,mattcl-py,input-lanjian,python,0.025488492075932213,0.001106164071581772,0.025137930720000003,0.020446640677966102,0.00497275728813559,0.023978610220000002,0.032383215220000004
2024,15,lanjian,input-mattcl,rust,0.00248522962,0.0002717687996658171,0.00255542722,0.001813702000000001,0.0006992325999999999,0.0015481562200000002,0.0036195242200000003
2024,15,mattcl,input-mattcl,rust,0.002113857,0.00035490946299675485,0.0022523352200000003,0.0016551200000000002,0.0005046211999999998,0.0012546572200000002,0.0033786842200000003
2024,15,mattcl-py,input-mattcl,python,0.02528227179894737,0.000997415648537484,0.024964115220000003,0.02025459473684211,0.004933563859649122,0.024055154220000003,0.028884305220000003
