year,day,participant,input,language,mean,stddev,median,user,system,min,max
2024,15,mattcl,input-mattcl,rust,0.0020884862399999995,0.0003251206981415856,0.0021117409600000005,0.001608425,0.0005047308,0.0014166534600000003,0.00307590246
2024,15,mattcl-py,input-mattcl,python,0.02528239742581196,0.000916030320413049,0.02503678846,0.020526832136752146,0.004632275213675213,0.02382926646,0.02801267346
