year,day,participant,input,language,mean,stddev,median,user,system,min,max
2024,15,mattcl,input-mattcl,rust,0.0020724647250000006,0.00034667369138478984,0.0021726279600000004,0.0014862936000000005,0.0006267738,0.00122738446,0.0035763594600000006
2024,15,mattcl-py,input-mattcl,python,0.02484158144290599,0.0008131209132562994,0.024619369460000002,0.019355674188034182,0.005389738461538461,0.023816929460000004,0.028283815460000004
