year,day,participant,input,language,mean,stddev,median,user,system,min,max
2024,15,mattcl,input-mattcl,rust,0.00223053204,0.00034751780842030497,0.0023129839200000005,0.0017983399999999998,0.0004795691,0.0012771194200000002,0.0036386504200000003
2024,15,mattcl-py,input-mattcl,python,0.025013801040689652,0.000831187452616312,0.024846334420000005,0.020194741034482763,0.004718680689655173,0.02379004742,0.02824092942
