year,day,participant,input,language,mean,stddev,median,user,system,min,max
2024,15,mattcl,input-mattcl,rust,0.002127117425000001,0.0003284888581168672,0.0021940569600000003,0.0017132199999999997,0.00048764619999999985,0.0013593389600000001,0.00346141496
2024,15,mattcl-py,input-mattcl,python,0.025275284707826067,0.0007800660015286025,0.02508912496,0.019930010434782607,0.005251377043478262,0.02413374696,0.027948437960000003
