year,day,participant,input,language,mean,stddev,median,user,system,min,max
2024,15,lanjian,input-lanjian,rust,0.0026023419550000003,0.00022983085975906701,0.0026289091,0.0018374506000000004,0.0007788458000000004,0.0016707711000000002,0.0032216731
2024,15,mattcl,input-lanjian,rust,0.002193284625,0.0003853178720320092,0.0022785536,0.0017161599999999987,0.0005236246000000001,0.0013532671,0.0039370331
2024,15,mattcl-py,input-lanjian,python,0.02542296633076923,0.0010367421356299793,0.0252533521,0.02074085025641026,0.0045904013675213675,0.024397310100000003,0.0331829931
2024,15,lanjian,input-mattcl,rust,0.0025937251700000013,0.00026752167874266104,0.0025979856,0.0018852299999999997,0.0007189693999999999,0.0017719801000000003,0.0037753301
2024,15,mattcl,input-mattcl,rust,0.0022025639950000006,0.000337498518873659,0.0022218721,0.0017527649999999994,0.0004790404000000001,0.0012567851000000003,0.0030912001
2024,15,mattcl-py,input-mattcl,python,0.02521160895217392,0.0007081251565328481,0.025068656100000003,0.0200883095652174,0.005011520695652173,0.0241791511,0.0284894091
