year,day,participant,input,language,mean,stddev,median,user,system,min,max
2024,15,lanjian,input-lanjian,rust,0.002548722265000001,0.0002625867433221583,0.00256306574,0.0018739650000000009,0.0006729334,0.00164358024,0.00366452224
2024,15,mattcl,input-lanjian,rust,0.0021843760750000006,0.00038464154542023157,0.0022619627400000003,0.0017095806,0.0005084333999999998,0.0011793912399999998,0.0036990272399999996
2024,15,mattcl-py,input-lanjian,python,0.025323181351111113,0.0006939730812593275,0.02520853924,0.020311358803418805,0.004931926495726498,0.02413427924,0.02803709424
2024,15,lanjian,input-mattcl,rust,0.00258625409,0.00019586316324928893,0.00259407374,0.0018903050000000008,0.0007058160000000001,0.0017826702399999998,0.0036201602399999998
2024,15,mattcl,input-mattcl,rust,0.0021463986949999997,0.0003272904852836606,0.00225592624,0.0016327206,0.0005520346,0.0013767012399999998,0.0029453662399999995
2024,15,mattcl-py,input-mattcl,python,0.025298891946896544,0.0008949879468163658,0.025082899739999998,0.020433638275862052,0.004786813793103448,0.02393962424,0.02973410124
