year,day,participant,input,language,mean,stddev,median,user,system,min,max
2024,15,mattcl,input-mattcl,rust,0.0020380527849999997,0.00034015194998616993,0.0021208589000000005,0.0015611049999999993,0.0005360377,0.0013367224000000002,0.0029415344
2024,15,mattcl-py,input-mattcl,python,0.02483881336610171,0.0006290973952936844,0.0247241599,0.019856482711864413,0.004931427118644068,0.0238917524,0.028057245400000003
