year,day,participant,input,language,mean,stddev,median,user,system,min,max
2024,15,lanjian,input-lanjian,rust,0.002557991584999999,0.0002962286926104823,0.0025705786400000005,0.0018920675999999994,0.0007197253999999999,0.0017204171400000004,0.004407939140000001
2024,15,mattcl,input-lanjian,rust,0.002095320270000001,0.00037006579227430783,0.0021630606400000005,0.0016295933999999998,0.0005496073999999999,0.0012346981400000005,0.003671600140000001
2024,15,mattcl-py,input-lanjian,python,0.025214913271578945,0.0006806684447245152,0.025118495640000002,0.020147502105263154,0.005009575438596491,0.02413181814,0.028041939140000003
2024,15,lanjian,input-mattcl,rust,0.002552050005,0.0002523691567181496,0.0025774866400000004,0.0018792884,0.0007291543999999997,0.0018270761400000003,0.0039532681400000005
2024,15,mattcl,input-mattcl,rust,0.0020896952350000007,0.00032711364309270704,0.0021728641400000004,0.0015973392000000006,0.0005605572,0.0013482911400000005,0.0028231911400000004
2024,15,mattcl-py,input-mattcl,python,0.025191452984827573,0.0008614959348871626,0.024963330140000003,0.02034740137931035,0.004791740344827587,0.02396562714,0.028966761140000002
