year,day,participant,input,language,mean,stddev,median,user,system,min,max
2024,15,mattcl,input-mattcl,rust,0.0021057998700000006,0.00034507717993922634,0.0021545819399999997,0.0016029600000000003,0.0005505785999999999,0.0012587604400000002,0.0030749594400000003
2024,15,mattcl-py,input-mattcl,python,0.02526125487103448,0.00087507438616382,0.025067665940000004,0.020209873103448277,0.004959277931034484,0.02397265544,0.02783163844
