year,day,participant,input,language,mean,stddev,median,user,system,min,max
2024,15,mattcl,input-mattcl,rust,0.00208146182,0.00034497263246723964,0.00216479046,0.0017118100000000005,0.0004508019999999999,0.00121193646,0.00303731446
2024,15,mattcl-py,input-mattcl,python,0.025118797265084758,0.0007918867231218991,0.024938823460000002,0.020102247118644067,0.004941773559322034,0.024049899460000003,0.02788266546
