year,day,participant,input,language,mean,stddev,median,user,system,min,max
2024,15,mattcl,input-mattcl,rust,0.0020579319099999992,0.00033787605907815196,0.00216683982,0.001649835,0.00047359640000000004,0.0012825548200000002,0.00337526182
2024,15,mattcl-py,input-mattcl,python,0.02489376811661018,0.0005943994015870397,0.02476405032,0.019847670508474573,0.004968670169491528,0.024130919820000003,0.02744956082
