year,day,participant,input,language,mean,stddev,median,user,system,min,max
2024,15,mattcl,input-mattcl,rust,0.0020046568200000003,0.0003629171448694379,0.0019830534000000004,0.00162679,0.0004455772000000001,0.0011302739,0.0034424379000000003
2024,15,mattcl-py,input-mattcl,python,0.025038894190598293,0.0009717779472672851,0.024751333900000002,0.01977351196581198,0.00517638564102564,0.023641067900000003,0.0284373579
