year,day,participant,input,language,mean,stddev,median,user,system,min,max
2024,15,mattcl,input-mattcl,rust,0.002075500329999999,0.0003501667282394126,0.00213920826,0.0016654399999999994,0.0005001944,0.0011772262599999998,0.00343183926
2024,15,mattcl-py,input-mattcl,python,0.025251052086086957,0.0009368202176196066,0.02501959826,0.020115955652173917,0.005056477739130435,0.02370248226,0.028310270260000003
