year,day,participant,input,language,mean,stddev,median,user,system,min,max
2024,15,lanjian,input-lanjian,rust,0.0025310138250000014,0.00025230964784851955,0.0025548439600000003,0.0017606921,0.0007723564999999996,0.00158585996,0.00317677796
2024,15,mattcl,input-lanjian,rust,0.002177948165000001,0.0003432880415823865,0.0022663189600000003,0.0016339921000000004,0.000582982,0.0013949939600000005,0.0033268579600000004
2024,15,mattcl-py,input-lanjian,python,0.025414059925517242,0.0007779949974033747,0.02526568296,0.020330045517241383,0.004978056896551725,0.02414974496,0.02806323796
2024,15,lanjian,input-mattcl,rust,0.0025731047499999997,0.0002522688076310343,0.0025942929600000007,0.0018287499999999983,0.0007640195000000001,0.0015808109600000005,0.00370463596
2024,15,mattcl,input-mattcl,rust,0.0021743834550000014,0.000366178010407781,0.00224996846,0.0015937149999999992,0.0006021175000000001,0.0011844699600000003,0.00372660696
2024,15,mattcl-py,input-mattcl,python,0.025100608499823013,0.0010992223953745343,0.02485091696,0.019744482654867248,0.005273792920353981,0.02368812096,0.03229507796
