year,day,participant,input,language,mean,stddev,median,user,system,min,max
2024,15,mattcl,input-mattcl,rust,0.0020692932349999993,0.00035993925429428174,0.0021610338400000003,0.0016728350000000003,0.00047539399999999997,0.00135222834,0.0029616533400000002
2024,15,mattcl-py,input-mattcl,python,0.025205824653559326,0.0008152020501298912,0.025020547840000004,0.020962716271186437,0.004185437288135593,0.023748551340000004,0.027626195340000003
