year,day,participant,input,language,mean,stddev,median,user,system,min,max
2024,15,mattcl,input-mattcl,rust,0.0020746590999999996,0.00029886325525202857,0.0021393508,0.00156157,0.0005447767999999999,0.0015710312999999997,0.0029433922999999996
2024,15,mattcl-py,input-mattcl,python,0.025099484778991585,0.0008527466276953417,0.0248785273,0.01953468016806722,0.005473988571428571,0.0241450133,0.028234231300000003
