year,day,participant,input,language,mean,stddev,median,user,system,min,max
2024,15,mattcl,input-mattcl,rust,0.0021469736299999987,0.00036346192003109285,0.0022666531999999996,0.0016300299999999998,0.0005591016,0.0013649297,0.0037454266999999994
2024,15,mattcl-py,input-mattcl,python,0.025281242785714284,0.0010519284884499417,0.024973690700000002,0.02043726857142857,0.004784824000000001,0.023976033700000003,0.0315816637
