year,day,participant,input,language,mean,stddev,median,user,system,min,max
2024,15,lanjian,input-lanjian,rust,0.002539330425,0.00028321344362445286,0.0025757958800000005,0.0019241849999999997,0.0006521903999999998,0.00166187838,0.0034819703800000007
2024,15,mattcl,input-lanjian,rust,0.002126771525,0.0003500257457139646,0.0021837518800000002,0.00157213,0.0006022773999999998,0.00119497338,0.00355964538
2024,15,mattcl-py,input-lanjian,python,0.025095189884347835,0.0007816704576470377,0.02494608238,0.020289493043478254,0.004727961739130432,0.023527383380000003,0.028252328380000004
2024,15,lanjian,input-mattcl,rust,0.0025556010549999996,0.00033920244916143367,0.0025829998800000003,0.0018555490999999996,0.0007202856,0.00162051138,0.0042954833799999995
2024,15,mattcl,input-mattcl,rust,0.002096392175000001,0.0003968565185718738,0.0021507248800000005,0.0016536050000000024,0.0005039328,0.0013400953800000001,0.00416365738
2024,15,mattcl-py,input-mattcl,python,0.025058312216206902,0.0006426130868274969,0.024964250880000004,0.019690102413793105,0.00526898,0.023963130380000003,0.028176244380000003
