year,day,participant,input,language,mean,stddev,median,user,system,min,max
2024,15,mattcl,input-mattcl,rust,0.0021018162899999982,0.0003273720162035279,0.0021972700200000002,0.0016510139000000005,0.0004727126999999999,0.00139682652,0.00281205552
2024,15,mattcl-py,input-mattcl,python,0.025334215563859674,0.0007846621630369419,0.025171953520000005,0.019847851578947362,0.005378263859649123,0.02430527152,0.02815741352
