year,day,participant,input,language,mean,stddev,median,user,system,min,max
2024,15,mattcl,input-mattcl,rust,0.0020883397,0.0003406914132364195,0.00220975512,0.0014976349999999998,0.0006443859,0.00133140112,0.00290748012
2024,15,mattcl-py,input-mattcl,python,0.025260799410598295,0.0007347847762776627,0.02513499612,0.019733121880341882,0.005418025641025646,0.024094729120000002,0.02857051612
