year,day,participant,input,language,mean,stddev,median,user,system,min,max
2024,15,mattcl,input-mattcl,rust,0.002175325380000002,0.00035383631688335485,0.0022728115800000007,0.0016434599999999996,0.0005740545000000002,0.0014020115800000002,0.00307408158
2024,15,mattcl-py,input-mattcl,python,0.025366479325614043,0.0007930097442111525,0.02519314208,0.020174639649122802,0.005118461403508772,0.024134897580000002,0.02824452058
