year,day,participant,input,language,mean,stddev,median,user,system,min,max
2024,15,mattcl,input-mattcl,rust,0.00208388552,0.0003237818222722201,0.00213855402,0.0016539449999999995,0.0004985346000000001,0.0015707405200000002,0.00294524452
2024,15,mattcl-py,input-mattcl,python,0.025019962579829063,0.0007863834258038541,0.02479171452,0.020198491623931624,0.004756378803418803,0.02372941652,0.028218961520000002
