year,day,participant,input,language,mean,stddev,median,user,system,min,max
2024,15,lanjian,input-mattcl,rust,0.0024747835650000007,0.0003079295671685938,0.00253831574,0.0018452050000000008,0.0006546700000000001,0.0014114667399999998,0.00345795674
2024,15,mattcl,input-mattcl,rust,0.0020863782250000007,0.0003227020199652273,0.0021088917399999995,0.0016475225000000002,0.00048211500000000003,0.0012566377399999998,0.0030032957399999997
2024,15,mattcl-py,input-mattcl,python,0.025015999765862065,0.0006459966621653365,0.02480220474,0.02027653448275862,0.004677227586206896,0.02403216374,0.027495254740000002
