year,day,participant,input,language,mean,stddev,median,user,system,min,max
2024,15,lanjian,input-lanjian,rust,0.0025243661550000012,0.00034880991981849763,0.00254486732,0.001764204799999999,0.0007978589000000001,0.0016417173199999998,0.00512011532
2024,15,mattcl,input-lanjian,rust,0.002109790585000001,0.00033785023441957473,0.00222457282,0.0016508200000000003,0.0005213365,0.00134227732,0.0031809473200000004
2024,15,mattcl-py,input-lanjian,python,0.02529855431999999,0.000572420675983,0.025197745320000003,0.02068339931034483,0.004558730344827586,0.024486304320000003,0.02789193632
2024,15,lanjian,input-mattcl,rust,0.0025541728049999993,0.0002660604439292298,0.0025746878199999997,0.001925345000000001,0.0006708793999999998,0.0016093163199999998,0.0041992433200000005
2024,15,mattcl,input-mattcl,rust,0.0021331745250000003,0.00034305314518378265,0.00223890532,0.0016292549999999992,0.0005673999,0.00127610332,0.00351323932
2024,15,mattcl-py,input-mattcl,python,0.02523468653052631,0.0007668532133865648,0.025068789820000003,0.01990029192982456,0.005278615789473685,0.024335432320000003,0.02831367632
