year,day,participant,input,language,mean,stddev,median,user,system,min,max
2024,15,mattcl,input-mattcl,rust,0.0020929623149999995,0.0003579749783309997,0.0022009436400000004,0.0016412800000000013,0.000506148,0.0012381481400000002,0.0033472141399999997
2024,15,mattcl-py,input-mattcl,python,0.025302542792173904,0.0008778149370216162,0.02508028714,0.02029268869565217,0.004955224347826088,0.02412189314,0.02848589014
