year,day,participant,input,language,mean,stddev,median,user,system,min,max
2024,15,mattcl,input-mattcl,rust,0.0020973866299999998,0.00036812100440065183,0.0021781566200000007,0.0015371150000000012,0.0006118342000000001,0.0011744131200000006,0.0035125901200000007
2024,15,mattcl-py,input-mattcl,python,0.02511389732869567,0.0007003397159461509,0.024998336120000002,0.02017735130434783,0.004871823652173913,0.02397705412,0.02840966312
