year,day,participant,input,language,mean,stddev,median,user,system,min,max
2024,15,mattcl,input-mattcl,rust,0.002167542335,0.00033394591430122814,0.0022510019,0.0016519950000000005,0.0005739878,0.0013023823999999999,0.0029758534
2024,15,mattcl-py,input-mattcl,python,0.02546392846086955,0.0007924943973702708,0.0253054814,0.020394891304347833,0.004962556,0.023927402400000002,0.028535878400000003
