year,day,participant,input,language,mean,stddev,median,user,system,min,max
2024,15,mattcl,input-mattcl,rust,0.0021836952149999994,0.0003555918485338316,0.0022841643200000004,0.0017109269000000014,0.0005173005000000001,0.00132431682,0.00287863782
2024,15,mattcl-py,input-mattcl,python,0.02545235589758619,0.0007168290566089708,0.025284345320000002,0.021178094137931033,0.0041676982758620685,0.024300993820000002,0.027842867820000002
