year,day,participant,input,language,mean,stddev,median,user,system,min,max
2024,15,mattcl,input-mattcl,rust,0.00214649232,0.0003602565294685486,0.0022559438,0.0016893650000000004,0.0005341549999999998,0.0013721893000000003,0.0035612883000000002
2024,15,mattcl-py,input-mattcl,python,0.025346421131858407,0.0008400547609233889,0.025130536300000002,0.02018891876106195,0.005076863716814157,0.024056915300000002,0.028439673300000003
