year,day,participant,input,language,mean,stddev,median,user,system,min,max
2024,15,mattcl,input-mattcl,rust,0.0020549923000000012,0.0003627872609457367,0.0021032744800000003,0.0016099300000000005,0.0005100124000000003,0.00130788448,0.00337508648
2024,15,mattcl-py,input-mattcl,python,0.02512109571728813,0.0007766411784920143,0.02494270548,0.019557401016949146,0.00548262305084746,0.02421011848,0.028130649480000002
