year,day,participant,input,language,mean,stddev,median,user,system,min,max
2023,6,mattcl,input-mattcl,rust,0.0007480898350000004,0.00021124515122631832,0.0008420241400000001,0.0006743462,0.00011598599999999996,0.00008243463999999998,0.00097941164
