year,day,participant,input,language,mean,stddev,median,user,system,min,max
2023,6,mattcl,input-lanjian,rust,0.000675531705,0.00018411199470726085,0.00074869386,0.0006037502999999999,0.00011506079999999996,0.00005003085999999988,0.00086762186
2023,6,mattcl-py,input-lanjian,python,0.013954080300000005,0.0006291646785764735,0.013836443860000002,0.010686100000000002,0.0031740059999999987,0.012949071860000001,0.01716995486
2023,6,mattcl-ts,input-lanjian,typescript (bun),0.009207876475000005,0.0003340254886344516,0.00920248236,0.005486348699999996,0.005309240400000002,0.00821634086,0.010206156860000001
2023,6,pting,input-lanjian,python,0.013924515990000002,0.0006024954809390963,0.01380835586,0.010933429999999997,0.0029002023999999994,0.01294283086,0.01727526086
2023,6,mattcl,input-mattcl,rust,0.0006843754150000001,0.00022988740200795434,0.0007625803599999999,0.0006042885000000005,0.00011349439999999998,0.000017629859999999833,0.00212393386
2023,6,mattcl-py,input-mattcl,python,0.013977524219999999,0.000545159280727354,0.01384567486,0.011043490000000003,0.0028397949999999996,0.01299338486,0.01696606386
2023,6,mattcl-ts,input-mattcl,typescript (bun),0.00916148508,0.00038511345805277764,0.00919722736,0.005128565599999998,0.005582478999999996,0.00831871286,0.010362558860000001
2023,6,pting,input-mattcl,python,0.013924300159999991,0.0005085279014796794,0.01381380536,0.010899200000000003,0.0029317209999999987,0.01313176486,0.01678044386
2023,6,mattcl,input-pting,rust,0.0007181853249999997,0.0001722832646294051,0.0007737908599999999,0.0006543302000000002,0.000101328,0.00003208685999999989,0.00144612486
2023,6,mattcl-py,input-pting,python,0.013938833805,0.0006336773151629718,0.01381201236,0.011044375000000004,0.002796269999999999,0.013150528860000002,0.01701918286
2023,6,mattcl-ts,input-pting,typescript (bun),0.009202962335000002,0.0003389161619661101,0.00920879386,0.005137776900000001,0.005643881399999998,0.008179932860000001,0.01025454686
2023,6,pting,input-pting,python,0.013953797910000001,0.0005557842083089853,0.013838967360000001,0.010966306700000004,0.0029026423999999997,0.013184722860000001,0.01728731386
