year,day,participant,input,language,mean,stddev,median,user,system,min,max
2023,6,mattcl,input-mattcl,rust,0.0007516550050000005,0.00016251633000735548,0.0008185348800000002,0.0006459694,0.00013932959999999993,0.00008449638000000009,0.0009652353800000002
2023,6,mattcl-py,input-mattcl,python,0.01409186049000001,0.0004658419824682373,0.013993010380000002,0.011247004999999994,0.0027456200000000007,0.012989957380000002,0.01612373238
