year,day,participant,input,language,mean,stddev,median,user,system,min,max
2023,6,mattcl,input-mattcl,rust,0.0006846393650000001,0.00019712143978505852,0.0007700391,0.0006121700000000001,0.00012141780000000001,0.000034060599999999916,0.0009398465999999999
2023,6,mattcl-py,input-mattcl,python,0.013902027125000002,0.0004729038984224547,0.0137925591,0.010851220000000002,0.002950915800000001,0.0132761226,0.017179089600000003
2023,6,mattcl-ts,input-mattcl,typescript (bun),0.009224742905000005,0.00033777999048143766,0.009240206600000002,0.0047093104999999975,0.006049969600000002,0.0082292136,0.0101257846
