year,day,participant,input,language,mean,stddev,median,user,system,min,max
2024,1,lanjian,input-lanjian,rust,0.001321697309999999,0.00023599285572435577,0.0013341564,0.0010122057999999998,0.0003777777999999998,0.0006237414000000001,0.0021121574
2024,1,mattcl,input-lanjian,rust,0.0011266088200000003,0.00022304117129964417,0.0011814104,0.0008953313999999991,0.00033609760000000003,0.00015659640000000009,0.0019214104000000003
2024,1,mattcl-py,input-lanjian,python,0.01659303685508982,0.0007412770404992628,0.0163874774,0.01197445700598802,0.004551202155688621,0.015465019399999998,0.0198187124
2024,1,lanjian,input-mattcl,rust,0.0012767490050000008,0.00019885129056942174,0.0013225244000000002,0.0009425503999999997,0.00040859939999999997,0.0005110504,0.0018632424000000003
2024,1,mattcl,input-mattcl,rust,0.0011975588799999996,0.0002300302062513526,0.0012165809000000002,0.0009102859999999998,0.00036106159999999997,0.0005177524000000001,0.0019730464
2024,1,mattcl-py,input-mattcl,python,0.016488362691428577,0.0007003550149482406,0.0163584124,0.011803994514285718,0.004611281828571429,0.015137807400000002,0.0195959344
