year,day,participant,input,language,mean,stddev,median,user,system,min,max
2024,1,kcen,input-lanjian,nim,0.001783291065,0.00035364744193978995,0.00165767384,0.0015422350000000007,0.00034724079999999996,0.0010000568399999997,0.00291462284
2024,1,lanjian,input-lanjian,rust,0.0012817233300000009,0.00021814168500392512,0.00131254284,0.0010503098000000002,0.00033785779999999995,0.0005573688399999999,0.00203652784
2024,1,mattcl,input-lanjian,rust,0.0011418028149999995,0.00020112609314418056,0.0011888108400000001,0.0009275744000000002,0.0003439382000000001,0.0005219118399999999,0.00187189984
2024,1,mattcl-py,input-lanjian,python,0.016547445570994152,0.0007018482190694189,0.01639718784,0.011472727602339182,0.0050078509941520475,0.015164791840000002,0.02007663884
2024,1,kcen,input-mattcl,nim,0.0018455118800000004,0.0003459645947859194,0.0017185678400000002,0.0016516799999999996,0.00028957979999999993,0.00113924784,0.00262548084
2024,1,lanjian,input-mattcl,rust,0.0013003949500000004,0.0002466635609231415,0.00130733284,0.0010467750000000004,0.000360846,0.00044844383999999976,0.0024341628400000002
2024,1,mattcl,input-mattcl,rust,0.0011437282499999995,0.00023072642059729546,0.00118802434,0.0009421446999999998,0.00033424320000000014,0.00042663383999999983,0.00193122084
2024,1,mattcl-py,input-mattcl,python,0.016419080538863637,0.0005028216527515272,0.016361496839999996,0.01170686647727273,0.004636672727272727,0.015499217840000001,0.01898089784
