year,day,participant,input,language,mean,stddev,median,user,system,min,max
2024,1,kcen,input-lanjian,nim,0.0017433974950000009,0.0003458937873416813,0.0016033704200000003,0.0015708800000000004,0.00026092849999999996,0.0011071769200000003,0.0027571759200000004
2024,1,lanjian,input-lanjian,rust,0.0013003404150000004,0.00024933917228689434,0.00131505592,0.0010132600000000002,0.0003648242,0.00038261991999999996,0.0024646279200000003
2024,1,mattcl,input-lanjian,rust,0.0011585136450000004,0.00018707942487834796,0.00119228042,0.0009222173999999998,0.00034499929999999996,0.0006240519199999999,0.0018936999200000002
2024,1,mattcl-py,input-lanjian,python,0.016899618030465115,0.0007623028009169136,0.016747268420000003,0.0119081888372093,0.004885768837209303,0.015553994920000001,0.01997666492
2024,1,kcen,input-mattcl,nim,0.00175549634,0.000340652252997046,0.0015983164200000003,0.0014985215999999996,0.00032055530000000003,0.0010497489200000003,0.0025956239200000003
2024,1,lanjian,input-mattcl,rust,0.0012653309250000003,0.00019495491097319865,0.00129991192,0.0009172108000000008,0.00042078289999999995,0.0005334629200000001,0.0019949689200000004
2024,1,mattcl,input-mattcl,rust,0.0012310645,0.00020438898518380566,0.0012296759200000002,0.0008994732000000002,0.0003665777,0.00071443092,0.0019942069200000003
2024,1,mattcl-py,input-mattcl,python,0.0167610044825,0.000713919382166007,0.01664835342,0.01221609568181818,0.004475993636363636,0.015536491920000003,0.02014491992
