year,day,participant,input,language,mean,stddev,median,user,system,min,max
2024,1,lanjian,input-lanjian,rust,0.0012913438450000002,0.00021493191493204247,0.0013211543000000003,0.0011008953999999999,0.0002988407999999999,0.0006573358000000002,0.0021026018000000002
2024,1,mattcl,input-lanjian,rust,0.0011716082900000003,0.0002119437389956049,0.0011890868,0.0009738980999999996,0.0003230263999999999,0.0005172528000000001,0.0024163198000000004
2024,1,mattcl-py,input-lanjian,python,0.01648450376610169,0.0006390294231677984,0.0163405858,0.012247623841807904,0.004191228700564972,0.015605929800000001,0.020043809800000003
2024,1,lanjian,input-mattcl,rust,0.0012289909100000004,0.000219439754801253,0.0012752728,0.0010441007999999997,0.0003262231999999999,0.0005410678000000001,0.0019899808
2024,1,mattcl,input-mattcl,rust,0.0011258243200000001,0.00023145212928391885,0.0011751503,0.0009502853999999995,0.00031855139999999984,0.00014977580000000016,0.0018729718
2024,1,mattcl-py,input-mattcl,python,0.016568138178698226,0.0005779604021025644,0.0164798868,0.011797288402366867,0.004720948402366864,0.015680549800000002,0.0191812248
