year,day,participant,input,language,mean,stddev,median,user,system,min,max
2024,1,kcen,input-lanjian,nim,0.0016823062449999998,0.0003206233524576707,0.0015555772599999999,0.0013949550000000002,0.00034260179999999994,0.0010465937600000002,0.00266052576
2024,1,lanjian,input-lanjian,rust,0.0012627650100000005,0.00020509420344895005,0.00128851726,0.0009649649999999998,0.0004040998,0.0005485117600000001,0.00208355676
2024,1,mattcl,input-lanjian,rust,0.00113584004,0.00020596386226256325,0.00118701726,0.0009047150000000001,0.00035333819999999993,0.0005357577600000001,0.00196360176
2024,1,mattcl-py,input-lanjian,python,0.016602818191034478,0.0005817751762592025,0.01652530076,0.011800183908045974,0.004733969195402299,0.015428336760000001,0.019364496760000002
2024,1,kcen,input-mattcl,nim,0.0016749405750000007,0.0003459299557235035,0.00152475476,0.0014924050000000016,0.00026852699999999996,0.00109233976,0.00272434576
2024,1,lanjian,input-mattcl,rust,0.0012978058800000004,0.0002323739554205993,0.00133090676,0.0009806699999999997,0.0003836081999999999,0.00056214676,0.00218220076
2024,1,mattcl,input-mattcl,rust,0.0011536581850000002,0.00019844623825396676,0.0011961442600000002,0.0009177350000000003,0.0003479628,0.00009115476000000008,0.0018683427599999998
2024,1,mattcl-py,input-mattcl,python,0.016630229398418073,0.0006639142572117911,0.01653497876,0.011998310734463277,0.0045529236158192085,0.015390645760000002,0.01988297776
