year,day,participant,input,language,mean,stddev,median,user,system,min,max
2023,25,lanjian,input-lanjian,rust,0.0019287673949999996,0.0002137281502696672,0.0019211618999999999,0.0015990799999999997,0.00028385639999999995,0.0011778904,0.0025150833999999997
2023,25,mattcl,input-lanjian,rust,0.004285757895000001,0.0014574584770123903,0.0036231219000000003,0.0036598300000000006,0.0005378103999999999,0.0025226874,0.009783483400000001
2023,25,mattcl-py,input-lanjian,python,0.17036334886666668,0.035750355714530974,0.1593987334,0.15375408000000002,0.016419946666666664,0.1357801484,0.2517763194
2023,25,lanjian,input-mattcl,rust,0.0019574405050000005,0.0001753638882098717,0.0019627139,0.0016078149999999988,0.0002966328,0.0012634304,0.0024480174000000004
2023,25,mattcl,input-mattcl,rust,0.004417200494999998,0.0014388208588131553,0.0039821734000000004,0.0037650821999999995,0.0005699628000000001,0.0026967934000000004,0.0092334644
2023,25,mattcl-py,input-mattcl,python,0.16724213095555554,0.03419484479678278,0.16382909890000003,0.15251694666666665,0.014541168888888888,0.1378505314,0.2484198394
