year,day,participant,input,language,mean,stddev,median,user,system,min,max
2023,25,mattcl,input-mattcl,rust,0.004411646025000002,0.0015251438463352105,0.00415877506,0.003708385000000002,0.0006292239999999998,0.00288181256,0.01005017656
2023,25,mattcl-py,input-mattcl,python,0.16771195308380957,0.03532987725397023,0.15087422756000002,0.15167326952380952,0.0158611,0.13571656456,0.25407251556000005
