year,day,participant,input,language,mean,stddev,median,user,system,min,max
2023,25,mattcl,input-mattcl,rust,0.004218949279999999,0.001595549397665611,0.0035623261400000005,0.003613499999999999,0.0005248249999999999,0.0024028176400000003,0.013975055640000001
2023,25,mattcl-py,input-mattcl,python,0.16486896974,0.03365411558246642,0.15220305014000002,0.14544970000000002,0.0192667,0.13642576064,0.25289055164
