year,day,participant,input,language,mean,stddev,median,user,system,min,max
2023,25,mattcl,input-mattcl,rust,0.004388981470000001,0.0015028866437968962,0.0040559831000000005,0.0034764069999999995,0.0008411424999999999,0.0023680186,0.0098070476
