year,day,participant,input,language,mean,stddev,median,user,system,min,max
2023,25,mattcl,input-mattcl,rust,0.02513556377531531,0.011998583973235692,0.01859518346,0.01349244738738738,0.011503400000000002,0.01463521046,0.06525864646
