year,day,participant,input,language,mean,stddev,median,user,system,min,max
2023,25,mattcl,input-mattcl,rust,0.004291227220000002,0.0013452622410510906,0.00375921514,0.003638913599999998,0.0005882975,0.00255009814,0.00900952114
2023,25,mattcl-py,input-mattcl,python,0.16984421025764707,0.0385833267874441,0.15163181014000002,0.15019640470588236,0.01946938235294118,0.14251160914,0.29555841714000003
