year,day,participant,input,language,mean,stddev,median,user,system,min,max
2023,25,lanjian,input-lanjian,rust,0.001811155690000002,0.00018751376575892607,0.0018070013000000002,0.0014725200000000002,0.000315601,0.0009980928000000002,0.0023626458000000003
2023,25,mattcl,input-lanjian,rust,0.004283560415000001,0.0016442185612436226,0.0039102558,0.0036193757999999987,0.0006222630000000001,0.0023983518000000002,0.013346477800000001
2023,25,mattcl-py,input-lanjian,python,0.17451562974736845,0.037488734965703076,0.17259128080000002,0.1568008410526316,0.0175264947368421,0.1347360998,0.2643242318
2023,25,lanjian,input-mattcl,rust,0.0017818130050000008,0.00023249449776413194,0.0017956898000000003,0.0014864249999999998,0.00027214000000000003,0.0009217588000000002,0.0023778438000000004
2023,25,mattcl,input-mattcl,rust,0.004384832050000001,0.0017146384916724145,0.0039376823,0.003781469999999999,0.0005520920000000001,0.0024039628,0.012869233800000001
2023,25,mattcl-py,input-mattcl,python,0.17386626046666667,0.04002888577003407,0.16294241580000002,0.15688835333333334,0.016821266666666668,0.13818060480000002,0.2778166368
