year,day,participant,input,language,mean,stddev,median,user,system,min,max
2023,25,mattcl,input-mattcl,rust,0.004388555385000001,0.0015712489989267284,0.00401591766,0.0035359127000000002,0.0007463233999999998,0.0026680461600000005,0.01219509716
2023,25,mattcl-py,input-mattcl,python,0.15658670056000001,0.018227454060680826,0.14475332216,0.13697955999999997,0.019445539999999994,0.13673866116,0.19605767816
