year,day,participant,input,language,mean,stddev,median,user,system,min,max
2023,25,mattcl,input-mattcl,rust,0.00422433016,0.0014884979483333117,0.003925513320000001,0.0034854350000000007,0.0006771059999999999,0.0024730368200000003,0.011197466820000002
2023,25,mattcl-py,input-mattcl,python,0.16601912248666673,0.024041452559946816,0.16216906182000002,0.14761813333333335,0.018225439047619047,0.13697051382000003,0.21779769382000003
