year,day,participant,input,language,mean,stddev,median,user,system,min,max
2023,25,mattcl,input-mattcl,rust,0.004265277395000002,0.0014006227931107583,0.003830507540000001,0.0036264184999999986,0.0005582205999999999,0.0026331085400000003,0.01004193754
2023,25,mattcl-py,input-mattcl,python,0.17234764037333333,0.02831744876188544,0.16652632404,0.1550052444444444,0.017164775555555553,0.13710167854,0.22188179754
