year,day,participant,input,language,mean,stddev,median,user,system,min,max
2023,25,mattcl,input-mattcl,rust,0.004269242625,0.001576239845268669,0.0038971337200000003,0.003564567399999998,0.0006624251999999999,0.00237919872,0.01358073072
2023,25,mattcl-py,input-mattcl,python,0.16476640992,0.031895071846003244,0.15043632522,0.14746842999999998,0.017137720000000002,0.13910212972000002,0.27136022972
