year,day,participant,input,language,mean,stddev,median,user,system,min,max
2023,25,mattcl,input-mattcl,rust,0.00443494695,0.0015803076766969769,0.004104681420000001,0.003818874999999999,0.0005307685,0.0026126899200000003,0.01402744792
2023,25,mattcl-py,input-mattcl,python,0.16655088800333337,0.0306157547332182,0.15155568392000002,0.14927638333333332,0.01707145,0.13813582092,0.23661262492000001
