year,day,participant,input,language,mean,stddev,median,user,system,min,max
2023,25,mattcl,input-mattcl,rust,0.004117580755000002,0.0015632501610371992,0.003394022,0.003411315,0.0006350003,0.002820118,0.011489035
2023,25,mattcl-py,input-mattcl,python,0.16074168714999998,0.02636266842948869,0.145383806,0.14258148999999998,0.018010336999999998,0.136528793,0.23359211700000002
