year,day,participant,input,language,mean,stddev,median,user,system,min,max
2023,25,mattcl,input-mattcl,rust,0.0043929209850000015,0.0017130715436886183,0.0036162601400000004,0.0036605747999999983,0.0006611321000000001,0.00259715764,0.012390664640000002
2023,25,mattcl-py,input-mattcl,python,0.15997409140470586,0.026912971855314462,0.14794897364,0.14049768705882348,0.019276984705882357,0.13841183664,0.24696302664000003
