year,day,participant,input,language,mean,stddev,median,user,system,min,max
2023,25,mattcl,input-mattcl,rust,0.004224031574999998,0.0015458003763385048,0.00357885908,0.0035337799999999977,0.0006247728000000001,0.00283662108,0.01119379408
2023,25,mattcl-py,input-mattcl,python,0.16076508568000003,0.03310157466275881,0.14634653858000002,0.14478143000000002,0.01583834,0.13867008408000003,0.24908649708000002
