year,day,participant,input,language,mean,stddev,median,user,system,min,max
2023,25,lanjian,input-lanjian,rust,1.51588865445,1.6658129104275663,1.0218611857000002,20.19222693,3.4772715499999998,0.12266967120000001,3.8971625752000003
2023,25,mattcl,input-lanjian,rust,0.004169295274999999,0.001433494258492031,0.0038317092000000005,0.0035451191000000003,0.0005318695000000002,0.0027101592000000002,0.0104351082
2023,25,mattcl-py,input-lanjian,python,0.16366846072380947,0.0332233127632453,0.1463458972,0.14512827523809524,0.01837490476190476,0.13865522119999998,0.2575495802
2023,25,lanjian,input-mattcl,rust,1.6184224634500002,1.2486815040055574,1.6488227457,21.43753543,3.8307615499999996,0.2172238392,3.7382915352
2023,25,mattcl,input-mattcl,rust,0.004230348604999999,0.0014334897274512091,0.0039053962000000003,0.0034670300000000003,0.000700068,0.0026072772,0.0098323392
2023,25,mattcl-py,input-mattcl,python,0.17413529809473685,0.041145371335525316,0.1533974112,0.15473202210526318,0.019243721052631578,0.1404160442,0.26581570720000003
