year,day,participant,input,language,mean,stddev,median,user,system,min,max
2023,25,lanjian,input-lanjian,rust,1.2231673849533333,0.5394888498868797,1.52766126762,16.343527426666665,2.7653237933333337,0.60027107762,1.54156980962
2023,25,mattcl,input-lanjian,rust,0.004223604484999999,0.0015223916090301155,0.00391816312,0.0035564361999999984,0.0006159665000000001,0.00237436862,0.011953267620000001
2023,25,mattcl-py,input-lanjian,python,0.15624784767555558,0.020970206503933386,0.14826236562,0.13871120444444446,0.017392626666666664,0.13585458762000002,0.20900492462
2023,25,lanjian,input-mattcl,rust,1.4694823102866668,1.6679753825335861,0.89203838662,19.260110426666667,3.432397793333333,0.16695923662,3.34944930762
2023,25,mattcl,input-mattcl,rust,0.004401153735000002,0.0017759908477584373,0.0038286711200000005,0.0037210399999999992,0.0006237138000000002,0.00258379062,0.01428727662
2023,25,mattcl-py,input-mattcl,python,0.17510025673764704,0.032318459687542905,0.16874997862000002,0.15616576000000001,0.01875475411764706,0.13655222362000002,0.23750143262
