year,day,participant,input,language,mean,stddev,median,user,system,min,max
2023,25,mattcl,input-mattcl,rust,0.0042567968850000006,0.001477970067756773,0.0036039674200000005,0.0034295931999999995,0.0007470774999999996,0.00254420992,0.00996361792
2023,25,mattcl-py,input-mattcl,python,0.1642823377435294,0.028435502535768487,0.14913178692,0.14572559058823525,0.01837304117647058,0.13774156192000003,0.23393226192000002
