year,day,participant,input,language,mean,stddev,median,user,system,min,max
2023,25,mattcl,input-mattcl,rust,0.00439410698,0.0018070030469493539,0.00391767142,0.0036496383,0.0006572043999999999,0.00255036992,0.01422392092
2023,25,mattcl-py,input-mattcl,python,0.16074499102,0.02595716728210312,0.16023590492,0.14155028999999997,0.01899743,0.13882383692,0.25030565092
