year,day,participant,input,language,mean,stddev,median,user,system,min,max
2023,25,mattcl,input-mattcl,rust,0.004330771920000001,0.0015638442372137684,0.00398157572,0.003502387399999997,0.0007505814,0.00243920972,0.01117725372
2023,25,mattcl-py,input-mattcl,python,0.17034713801411766,0.02730613716686185,0.16811033472,0.15321757882352943,0.016975227058823525,0.13802334372,0.23996564472
