year,day,participant,input,language,mean,stddev,median,user,system,min,max
2023,25,mattcl,input-mattcl,rust,0.004351756524999999,0.001734253939041568,0.003978570900000001,0.003877270000000001,0.0004163797999999998,0.0023663644,0.015270434400000001
2023,25,mattcl-py,input-mattcl,python,0.1650343844,0.03466579135230581,0.1517477669,0.14730702,0.017566530000000004,0.1375101524,0.2714125784
