year,day,participant,input,language,mean,stddev,median,user,system,min,max
2023,25,mattcl,input-mattcl,rust,0.00437084038,0.001524440997335809,0.00393524072,0.0037807519000000005,0.0005241754,0.0025127637200000005,0.01011201272
