year,day,participant,input,language,mean,stddev,median,user,system,min,max
2023,25,mattcl,input-mattcl,rust,0.004543074305000002,0.0016949995782883896,0.004187308880000001,0.003760799999999998,0.0007120354999999998,0.00251405938,0.01399392638
2023,25,mattcl-py,input-mattcl,python,0.16199160614190475,0.022854393127700573,0.16078711838,0.14279264476190473,0.019019604761904764,0.13841127438,0.21882470238
