year,day,participant,input,language,mean,stddev,median,user,system,min,max
2023,25,lanjian,input-lanjian,rust,0.0019109701949999993,0.00019984933192355802,0.0019215556000000003,0.001564145000000001,0.0003018184,0.0009894106,0.0025455946
2023,25,mattcl,input-lanjian,rust,0.004404640004999998,0.0017525062515644319,0.0037202231000000004,0.003767618100000002,0.0005647620999999999,0.0024255596,0.014458095600000002
2023,25,mattcl-py,input-lanjian,python,0.18221894210000003,0.05319807992258674,0.17380733310000002,0.16543899111111113,0.016565864444444443,0.1355272496,0.37227481560000003
2023,25,lanjian,input-mattcl,rust,0.0019428261700000005,0.00020948659562875562,0.0019320246,0.0016188249999999993,0.0002571682,0.0011901266,0.0035607646000000003
2023,25,mattcl,input-mattcl,rust,0.004355481685,0.0016491040668326201,0.0036843911000000004,0.0037924400000000015,0.00047739029999999995,0.0028823736000000003,0.012500009600000002
2023,25,mattcl-py,input-mattcl,python,0.17928836560000003,0.03976007848109512,0.1651161271,0.16306226888888886,0.01600734111111111,0.1398007886,0.2607716696
