year,day,participant,input,language,mean,stddev,median,user,system,min,max
2023,25,lanjian,input-lanjian,rust,0.0018115463900000006,0.0001901018892728091,0.00181918818,0.0015076387999999998,0.0002772964,0.00073757418,0.00228752518
2023,25,mattcl,input-lanjian,rust,0.004336097505000001,0.0015788319537028209,0.00398065418,0.0036001538,0.0006549791999999997,0.00253763218,0.010405707180000001
2023,25,mattcl-py,input-lanjian,python,0.1646567245917647,0.03390128185532432,0.14909555018,0.14714818117647058,0.017331434117647062,0.13603296318,0.24157747618
2023,25,lanjian,input-mattcl,rust,0.0018248312050000001,0.00021489814093715568,0.00180249768,0.001520154999999999,0.00022969230000000003,0.0007554281800000001,0.00269117018
2023,25,mattcl,input-mattcl,rust,0.004200214145000003,0.0013876917005150808,0.00383636318,0.0034951351999999974,0.0006403371000000002,0.00217909218,0.00972421218
2023,25,mattcl-py,input-mattcl,python,0.15258530560105263,0.015353299391224085,0.14491036718,0.1355919242105263,0.016790455789473684,0.13706397418,0.19347342118
