year,day,participant,input,language,mean,stddev,median,user,system,min,max
2023,25,lanjian,input-mattcl,rust,1.09996945354,0.6570475436315976,1.1618143675400001,14.48283806,2.53064002,0.41418603454,1.7239079585400001
2023,25,mattcl,input-mattcl,rust,0.004333178005000002,0.0015695237979649497,0.0038749540400000006,0.003429779699999999,0.0008023827,0.00280941054,0.01218708154
2023,25,mattcl-py,input-mattcl,python,0.17740271148117648,0.04423720142346763,0.16794085854000002,0.16089017764705882,0.016365078823529413,0.13744850454000002,0.30001176954
