year,day,participant,input,language,mean,stddev,median,user,system,min,max
2023,25,lanjian,input-lanjian,rust,1.173741957851111,1.0250966675900406,0.9806995312400001,15.65184086888889,2.705155606666666,0.16514966424,3.72183118724
2023,25,mattcl,input-lanjian,rust,0.004290671370000002,0.0015069516935743814,0.00398734924,0.0035038975999999978,0.0007103398999999998,0.00244012324,0.01156763824
2023,25,mattcl-py,input-lanjian,python,0.16117086704,0.02137422655560237,0.15005915874,0.14393432999999997,0.01704924,0.13936914424,0.21032143024
2023,25,lanjian,input-mattcl,rust,1.1798877019542857,0.6926230664887821,1.00278862624,15.488588908571428,2.810429511428571,0.41365090624,2.22468792524
2023,25,mattcl,input-mattcl,rust,0.004477212899999999,0.0016837037260973486,0.00408741224,0.003608010000000003,0.0008000349,0.00276554324,0.01300296524
2023,25,mattcl-py,input-mattcl,python,0.16831822935111113,0.03952055890884846,0.15912736924,0.1495342022222222,0.018583217777777782,0.14032099324,0.30827936924
