year,day,participant,input,language,mean,stddev,median,user,system,min,max
2023,25,mattcl,input-mattcl,rust,0.004161187935000002,0.0013419071868722525,0.0036488949400000003,0.003594139999999999,0.00048505499999999986,0.00254895594,0.01026932394
2023,25,mattcl-py,input-mattcl,python,0.17289711379,0.033964852998155874,0.15675110044,0.15510415,0.01763764,0.14233393994000001,0.26808493794000005
