year,day,participant,input,language,mean,stddev,median,user,system,min,max
2023,25,mattcl,input-mattcl,rust,0.004121007280000002,0.0015521879906826982,0.0033604877000000003,0.0034420150000000023,0.0006276260000000002,0.0024219417,0.0107708807
2023,25,mattcl-py,input-mattcl,python,0.15870822850000005,0.024010431481728618,0.14645752370000004,0.14033309,0.018192499999999997,0.13875193470000002,0.21202878870000003
