year,day,participant,input,language,mean,stddev,median,user,system,min,max
2023,25,mattcl,input-mattcl,rust,0.004448162750000002,0.0030930845978652654,0.00352618086,0.0036568150000000016,0.0005436540000000002,0.0023727578599999997,0.04205687486
2023,25,mattcl-py,input-mattcl,python,0.17205573217578948,0.03029721783928043,0.16944300086,0.15338543684210523,0.018489418947368424,0.13764029686,0.25515220486000006
