year,day,participant,input,language,mean,stddev,median,user,system,min,max
2023,25,lanjian,input-lanjian,rust,0.6289119141733334,0.4704950683017343,0.56116819084,7.975823053333333,1.4986341799999998,0.19596078984,1.12960676184
2023,25,mattcl,input-lanjian,rust,0.0044153364400000015,0.001535557401492988,0.00408461584,0.0037675164,0.0005236982,0.00253344384,0.01087594184
2023,25,mattcl-py,input-lanjian,python,0.16256140766352942,0.02432563036407191,0.15095667584,0.1425178376470588,0.01983270941176471,0.14271822084,0.23791142084
2023,25,lanjian,input-mattcl,rust,1.1426742225242108,0.95488232350345,0.95848618084,14.987444614736845,2.6727670221052633,0.14600397884,2.9842306608399998
2023,25,mattcl,input-mattcl,rust,0.0044331636850000015,0.0016092960075936198,0.00400518634,0.0036847763999999987,0.0006543912999999998,0.00251791384,0.011480072840000001
2023,25,mattcl-py,input-mattcl,python,0.18083617484,0.04552937449621071,0.16534693584,0.16238761999999998,0.01826193,0.14299840684,0.28099813584
