year,day,participant,input,language,mean,stddev,median,user,system,min,max
2023,25,mattcl,input-mattcl,rust,0.00429482896,0.0014313996197535203,0.004079712440000001,0.003727288000000001,0.0004973222000000002,0.0024457249400000004,0.01062599294
2023,25,mattcl-py,input-mattcl,python,0.1670453840066667,0.03337964017130212,0.14980933594,0.149806,0.01708974666666667,0.13738478494,0.23284492194
