year,day,participant,input,language,mean,stddev,median,user,system,min,max
2023,25,mattcl,input-mattcl,rust,0.0043671099549999984,0.0017132440428571302,0.00370173414,0.0034982549999999996,0.0008032055999999999,0.0025062426399999997,0.01206844464
2023,25,mattcl-py,input-mattcl,python,0.1665428463242105,0.03561242635459258,0.15180584464,0.14867464631578947,0.01769824631578947,0.13606850764,0.25852666664
