year,day,participant,input,language,mean,stddev,median,user,system,min,max
2023,25,mattcl,input-mattcl,rust,0.004220968104999998,0.0016164495351479308,0.0037318127600000006,0.0035918305000000013,0.0005740024,0.0024050592600000005,0.01683347126
2023,25,mattcl-py,input-mattcl,python,0.16217413331555555,0.016790896100266066,0.16444064976,0.14635689999999998,0.015665628888888887,0.13726523226,0.19052963526000002
