year,day,participant,input,language,mean,stddev,median,user,system,min,max
2023,25,lanjian,input-lanjian,rust,0.0017624156749999993,0.0002290049940054188,0.00178871866,0.00152703,0.00021207160000000002,0.00081967066,0.00250602666
2023,25,mattcl,input-lanjian,rust,0.004184326795000002,0.0016682570645078255,0.0037789041600000003,0.003515447200000002,0.0006175048,0.0022466406600000002,0.018913037660000003
2023,25,mattcl-py,input-lanjian,python,0.16711510227111115,0.036469412970412826,0.15568885916,0.15131105777777773,0.01564317555555556,0.13577430266,0.27003432566
2023,25,lanjian,input-mattcl,rust,0.0018020281099999987,0.00018043288731350767,0.00181886516,0.0015081600000000006,0.00027345120000000004,0.00092280366,0.00230118366
2023,25,mattcl,input-mattcl,rust,0.004271559100000001,0.0016363333691479039,0.0038836851600000002,0.0036348411000000007,0.0005986978999999999,0.00234243066,0.01419954566
2023,25,mattcl-py,input-mattcl,python,0.17469922671555552,0.031833069040919044,0.16687921066,0.15721877999999997,0.01733184222222222,0.13667873566,0.25603003166
