year,day,participant,input,language,mean,stddev,median,user,system,min,max
2023,25,lanjian,input-lanjian,rust,1.3780276633866666,0.8913365406559466,0.95480636072,18.19000335333333,3.2261766799999996,0.77714608372,2.40213054572
2023,25,mattcl,input-lanjian,rust,0.00442050786,0.001632412097429627,0.0040533737200000005,0.0038107349000000026,0.0005218203999999999,0.0023117867200000003,0.01131941872
2023,25,mattcl-py,input-lanjian,python,0.17084359987,0.04189321659073596,0.15502045372,0.15598291999999997,0.01468848,0.13752244772,0.29908404772
2023,25,lanjian,input-mattcl,rust,1.881777021386667,2.4981786729952904,0.72582824072,24.86774602,4.5573823466666665,0.17092343772000002,4.74857938572
2023,25,mattcl,input-mattcl,rust,0.004476905740000001,0.0016274623113482674,0.00408868922,0.003871619899999998,0.0005452046,0.0028283937200000004,0.01071178072
2023,25,mattcl-py,input-mattcl,python,0.1792186979927273,0.04103905584257674,0.18490599772,0.16057429272727272,0.018495225454545457,0.13995047072,0.26586233072000004
