year,day,participant,input,language,mean,stddev,median,user,system,min,max
2023,25,mattcl,input-mattcl,rust,0.004468551094999998,0.0015816287516500626,0.00415261002,0.0039050091999999954,0.0005279311999999999,0.00236349452,0.01056690452
2023,25,mattcl-py,input-mattcl,python,0.17032321352000002,0.04255000975848445,0.16253016652,0.15487221,0.01530237,0.13767357852,0.27404792152
