year,day,participant,input,language,mean,stddev,median,user,system,min,max
2023,25,mattcl,input-mattcl,rust,0.00417179371,0.001430643887578065,0.0034797127600000007,0.0035512350000000002,0.0005739028000000001,0.0025172922600000002,0.010867088260000001
2023,25,mattcl-py,input-mattcl,python,0.17917372454571429,0.04403152146744606,0.16755509126,0.16230376000000002,0.016725677142857144,0.13780645026000002,0.30322697526000003
