year,day,participant,input,language,mean,stddev,median,user,system,min,max
2023,25,mattcl,input-mattcl,rust,0.004503342905000002,0.0029901971708331766,0.0035855657000000004,0.003700279999999999,0.0005875489999999999,0.0026090762,0.0393310612
2023,25,mattcl-py,input-mattcl,python,0.16065436158095242,0.03183740649966613,0.14689034420000002,0.1437607276190476,0.016741838095238094,0.13752136620000002,0.2502844162
