year,day,participant,input,language,mean,stddev,median,user,system,min,max
2023,25,mattcl,input-mattcl,rust,0.028027660128409102,0.016209180661787906,0.025665496600000004,0.01578051704545455,0.0121358175,0.0147820131,0.09566452310000001
