year,day,participant,input,language,mean,stddev,median,user,system,min,max
2023,25,mattcl,input-mattcl,rust,0.004334235504999999,0.0015435697075755954,0.00397184038,0.00357192,0.0006751766000000002,0.00254160488,0.012665013880000001
2023,25,mattcl-py,input-mattcl,python,0.16784918078,0.02021486422740773,0.16559529988,0.14621921999999998,0.021466819999999994,0.13991388588,0.21447909888
