year,day,participant,input,language,mean,stddev,median,user,system,min,max
2023,25,mattcl,input-mattcl,rust,0.004191737780000004,0.0015449616910554274,0.0033987678799999995,0.003474370000000001,0.0006349867999999999,0.00245785188,0.011138367880000001
2023,25,mattcl-py,input-mattcl,python,0.15350201188,0.015288798260927654,0.14494983388000002,0.13260908705882352,0.020716338823529412,0.13791034888,0.18593942788
