year,day,participant,input,language,mean,stddev,median,user,system,min,max
2023,25,mattcl,input-mattcl,rust,0.0044395614249999995,0.0017515430869735403,0.004080739999999999,0.0038673149999999983,0.0005259031999999998,0.0025454320000000002,0.015103237000000002
2023,25,mattcl-py,input-mattcl,python,0.15768813461111109,0.020823221254478764,0.1489442535,0.13958470666666667,0.017935895555555557,0.1377608,0.21256449
