year,day,participant,input,language,mean,stddev,median,user,system,min,max
2024,7,lanjian,input-lanjian,rust,0.006277690965000002,0.00021868924276549926,0.006257400400000001,0.06933011,0.0034707148,0.0057701479,0.0070819629000000005
2024,7,mattcl,input-lanjian,rust,0.0159373082442623,0.0005736455591471717,0.0158856679,0.09717252601092903,0.04216391234972678,0.0144677729,0.018234725900000002
2024,7,lanjian,input-mattcl,rust,0.003879179195000001,0.00021692046246858754,0.0038141254000000004,0.026788098799999997,0.0103028478,0.0035520639000000006,0.004957696900000001
2024,7,mattcl,input-mattcl,rust,0.012505311884999995,0.0004533035769451207,0.0124698574,0.05432082499999999,0.03775925499999999,0.0113014239,0.0140268779
