year,day,participant,input,language,mean,stddev,median,user,system,min,max
2024,7,lanjian,input-mattcl,rust,0.016930919458362576,0.0006254429221366214,0.016818025780000002,0.015847323040935675,0.0010193577777777778,0.01575506478,0.02043912478
2024,7,mattcl,input-mattcl,rust,0.011998727665,0.0006003489439979464,0.01200057078,0.053840670000000014,0.03491883230000001,0.01070703278,0.017582526780000003
