year,day,participant,input,language,mean,stddev,median,user,system,min,max
2024,7,lanjian,input-kcen,rust,0.005017956915,0.00017328545899838562,0.005029614179999999,0.047954972499999984,0.0038497911999999996,0.00448520968,0.00549350768
2024,7,mattcl,input-kcen,rust,0.005002155145000001,0.00018204599400004965,0.00497917468,0.0476220125,0.0039710694,0.00454089368,0.0054818856800000005
2024,7,lanjian,input-lanjian,rust,0.006291419725,0.00025089347714749136,0.00624044618,0.06948656000000004,0.002845036800000002,0.00576422468,0.00731666168
2024,7,mattcl,input-lanjian,rust,0.006336587570000003,0.00035272142716816294,0.00629289968,0.06965139,0.0026369483999999993,0.00571962068,0.00933586368
2024,7,lanjian,input-mattcl,rust,0.003923500395,0.00022865197421723912,0.0038755836799999996,0.026421109999999998,0.010715517400000001,0.00351576468,0.00510234468
2024,7,mattcl,input-mattcl,rust,0.0038345850199999988,0.00016792323535049368,0.00381970868,0.02454785749999999,0.0107997442,0.0035460106799999995,0.00480190268
