year,day,participant,input,language,mean,stddev,median,user,system,min,max
2024,7,kcen,input-kcen,nim,0.22235797848,0.0022059934254923205,0.22231898748,0.22185018769230763,0.0005688307692307692,0.21926498248,0.22715250448000002
2024,7,lanjian,input-kcen,rust,0.0050171011200000025,0.0001974062148568808,0.00504554698,0.04513590179999997,0.006356343999999999,0.00431048048,0.00556184248
2024,7,mattcl,input-kcen,rust,0.0014195732700000012,0.000176727653416312,0.0014261679800000003,0.003411017200000001,0.001310065,0.0009957174800000004,0.0024425354800000003
2024,7,mattcl-py,input-kcen,python,0.04760056575868853,0.0007417520262829112,0.047489953480000006,0.06086796196721311,0.03387413442622951,0.04607591548000001,0.051423825480000004
2024,7,kcen,input-lanjian,nim,0.357854319855,0.00223243306808506,0.35843736648,0.35775113,0.00016664999999999998,0.35324262948,0.36055684748
2024,7,lanjian,input-lanjian,rust,0.006270334865000001,0.00022453773740201195,0.00626546498,0.06857373999999997,0.0038114099999999986,0.00580406548,0.007391967480000001
2024,7,mattcl,input-lanjian,rust,0.00142134376,0.0001923041523892355,0.0014184934800000003,0.0031660557999999995,0.001453209,0.0009950554800000001,0.0025639424800000003
2024,7,mattcl-py,input-lanjian,python,0.04809151254557377,0.0005687166125073444,0.048074276480000004,0.06074038819672132,0.03631439672131148,0.046634401480000004,0.049555228480000005
2024,7,kcen,input-mattcl,nim,0.17007628942117647,0.001381827865776997,0.17006310548,0.1690705270588235,0.0010008352941176472,0.16754835748,0.17208713148000002
2024,7,lanjian,input-mattcl,rust,0.0038974087099999982,0.0002901053417304302,0.0038236144800000006,0.02703826280000001,0.009824475999999999,0.0035066874800000008,0.00579858648
2024,7,mattcl,input-mattcl,rust,0.0014152662700000007,0.00016125321991523477,0.0014481639800000003,0.0032967758,0.0014931070000000007,0.0009707404800000002,0.0018097304800000005
2024,7,mattcl-py,input-mattcl,python,0.04812632121770492,0.0006653106968786059,0.048076241480000004,0.059033240655737715,0.03462841311475409,0.046747152480000005,0.050732461480000005
