year,day,participant,input,language,mean,stddev,median,user,system,min,max
2024,7,kcen,input-kcen,nim,0.2196685848338462,0.00124206750536554,0.21987714668000002,0.21887291846153842,0.0008481076923076923,0.21740527768,0.22209394968
2024,7,lanjian,input-kcen,rust,0.005037312055000001,0.00019292796827080275,0.0050420301800000004,0.0434401017,0.0082499676,0.00431556968,0.00559692968
2024,7,mattcl,input-kcen,rust,0.0014262029200000001,0.0001952633311570175,0.00144394668,0.002948869299999998,0.001689694800000001,0.0009365516799999999,0.00255941168
2024,7,mattcl-py,input-kcen,python,0.04713340651870969,0.0006562895379962901,0.04708175868,0.053687734838709665,0.04019221225806452,0.04597558168,0.04983919668
2024,7,kcen,input-lanjian,nim,0.35496412855500004,0.00340905074293929,0.35346129168,0.353925505,0.0010279249999999998,0.35124626768000006,0.36043046868
2024,7,lanjian,input-lanjian,rust,0.006258042140000003,0.0001760048365940576,0.00626095818,0.06909110999999996,0.002889760600000001,0.00572905768,0.0067125286800000005
2024,7,mattcl,input-lanjian,rust,0.0014383512099999999,0.00020212610996115586,0.00142619868,0.003116618500000001,0.0014684613999999996,0.0009624596799999999,0.00239740768
2024,7,mattcl-py,input-lanjian,python,0.04718808706709679,0.0004742370742972113,0.047149579680000005,0.06021346064516127,0.035469792903225814,0.04630785468,0.04810431768
2024,7,kcen,input-mattcl,nim,0.1701340038564706,0.0015673971664887302,0.17000512668,0.16878638,0.0013956917647058825,0.16701097768,0.17281714268
2024,7,lanjian,input-mattcl,rust,0.0039769220649999975,0.00034317620879104917,0.00387617718,0.027699219699999986,0.009525866999999997,0.0035548646800000003,0.00583176968
2024,7,mattcl,input-mattcl,rust,0.0014378061199999998,0.0001466169501155728,0.0014600571800000002,0.0032658852000000006,0.0015019365999999997,0.00099164568,0.00206886268
2024,7,mattcl-py,input-mattcl,python,0.0471375564703226,0.00053402385167126,0.04707403868,0.04754383161290322,0.04494732516129031,0.04622658168,0.049078252680000004
