year,day,participant,input,language,mean,stddev,median,user,system,min,max
2024,7,kcen,input-kcen,nim,0.21919651389692307,0.0008676548079574831,0.21964554582,0.21749799230769232,0.0016456030769230769,0.21780959682,0.22001610982
2024,7,lanjian,input-kcen,rust,0.005040873765000001,0.0001769162320379748,0.00504548582,0.04552446099999998,0.006081022200000001,0.00434500882,0.00589121482
2024,7,mattcl,input-kcen,rust,0.005005951449999999,0.00024239953651974665,0.00500103782,0.043061809500000006,0.007831369599999997,0.00426234482,0.00665450382
2024,7,kcen,input-lanjian,nim,0.35483791819500005,0.0013344616364698151,0.35525302682000004,0.35385042499999997,0.0009444350000000001,0.35231067182000003,0.35667928182
2024,7,lanjian,input-lanjian,rust,0.006289641734999997,0.00020136312650157726,0.00629308182,0.06870266500000001,0.003995097199999999,0.00579047682,0.0070174628200000005
2024,7,mattcl,input-lanjian,rust,0.006326739680000001,0.0003133142840941305,0.00626702282,0.06838596999999995,0.0032415656000000003,0.00582558182,0.00859301382
2024,7,kcen,input-mattcl,nim,0.17164542129058824,0.005942954789108593,0.17031992482,0.17079906470588235,0.0008743364705882353,0.16692822682,0.18983242182
2024,7,lanjian,input-mattcl,rust,0.0038911512950000017,0.0002301607758581323,0.0038409953200000003,0.02656795399999999,0.010270457799999999,0.0035279188200000003,0.00512252582
2024,7,mattcl,input-mattcl,rust,0.0036697870100000003,0.00026680644417084325,0.003623543320000001,0.02540804799999998,0.008918957400000004,0.00315296782,0.00513527882
