year,day,participant,input,language,mean,stddev,median,user,system,min,max
2024,7,mattcl,input-mattcl,rust,0.01241390197500001,0.0004717308397469055,0.012368778580000002,0.05479868000000002,0.037318259999999985,0.01093290058,0.014375786580000001
