year,day,participant,input,language,mean,stddev,median,user,system,min,max
2024,7,kcen,input-kcen,nim,0.22016683665384612,0.0012701964465943088,0.22003766550000003,0.21867597384615384,0.001529630769230769,0.21842937550000002,0.2228834195
2024,7,lanjian,input-kcen,rust,0.004976303260000002,0.0002590185256719852,0.004996825999999999,0.04561193219999996,0.0055087875,0.0042169525,0.0061552485
2024,7,mattcl,input-kcen,rust,0.005017579405000001,0.00024220927729871078,0.0049868675000000005,0.04190327400000001,0.009639860500000003,0.0043767505,0.0058932485
2024,7,mattcl-py,input-kcen,python,0.19289550470000003,0.0027644275398205553,0.1933662875,2.0825919533333335,0.0499971,0.1875373425,0.19793164750000003
2024,7,kcen,input-lanjian,nim,0.357455949,0.001257707133770145,0.3575587615,0.35650606999999995,0.0009375999999999999,0.3559190045,0.35941298950000006
2024,7,lanjian,input-lanjian,rust,0.006255998575,0.00020759223380049843,0.0062440445,0.06894275500000002,0.003182303000000001,0.0057428665,0.0070320585
2024,7,mattcl,input-lanjian,rust,0.006315327249999997,0.00032446230209142937,0.006265264499999999,0.06783310000000001,0.003229592,0.0057916385,0.008381102500000001
2024,7,mattcl-py,input-lanjian,python,0.27400099800000005,0.0061076414554397645,0.2730924075,3.17553182,0.05865859999999999,0.2636912235,0.2866031305
2024,7,kcen,input-mattcl,nim,0.17111237067647062,0.0015564234482944464,0.17172091350000002,0.17020617294117651,0.0009654411764705881,0.16864300550000003,0.17338773150000003
2024,7,lanjian,input-mattcl,rust,0.0038743399850000022,0.00024073875711024326,0.003830354,0.027200705099999997,0.009429147,0.0034444574999999995,0.0051847325
2024,7,mattcl,input-mattcl,rust,0.00365506195,0.00024207872305175715,0.0036111285,0.023530470399999993,0.010855483999999997,0.0030970564999999997,0.0046331415
2024,7,mattcl-py,input-mattcl,python,0.16950958872222227,0.0060123465711161336,0.16862546850000001,1.5150156533333332,0.05044953333333333,0.15891434450000003,0.1780549855
