year,day,participant,input,language,mean,stddev,median,user,system,min,max
2024,7,lanjian,input-kcen,rust,0.005038658235,0.0001830319622225418,0.005046348700000001,0.0472725196,0.004929099400000001,0.0044322027,0.0056679577
2024,7,mattcl,input-kcen,rust,0.005079040039999999,0.0003717370309443506,0.005021787200000001,0.04596881319999998,0.0054127381999999995,0.0044746127,0.007606517700000001
2024,7,lanjian,input-lanjian,rust,0.0063020205900000004,0.00021766196024386968,0.0062872872,0.06833017499999999,0.004056058000000002,0.005808019700000001,0.0068980407
2024,7,mattcl,input-lanjian,rust,0.006299215934999998,0.00026352218366347004,0.006254450200000001,0.06707914499999998,0.003696363399999999,0.0058178487,0.0078480097
2024,7,lanjian,input-mattcl,rust,0.00393278808,0.0001972390441835179,0.0038967157,0.02811940019999999,0.0085814894,0.0035150757,0.0047784117000000004
2024,7,mattcl,input-mattcl,rust,0.0038463546950000035,0.00017809068522631067,0.0038170712,0.024909844399999995,0.010480012199999998,0.0033670487000000008,0.004811493700000001
