year,day,participant,input,language,mean,stddev,median,user,system,min,max
2024,7,kcen,input-kcen,nim,0.22081481420307697,0.002475193643198056,0.22133240528,0.21958031230769232,0.0012417784615384616,0.21590722528,0.22447831728
2024,7,lanjian,input-kcen,rust,0.005021193575000002,0.00019352639165538577,0.00503335428,0.04575984259999998,0.005858879000000001,0.004483525279999999,0.00556618228
2024,7,mattcl,input-kcen,rust,0.0014178642499999995,0.0001539192518124736,0.00142771278,0.003239932400000001,0.0015255901999999997,0.00104990528,0.00203962928
2024,7,mattcl-py,input-kcen,python,0.04784428644129033,0.0006019878595351224,0.04786903078,0.05921660387096774,0.03577833741935483,0.04626907428,0.04916501628
2024,7,kcen,input-lanjian,nim,0.35834124303000003,0.0023489743398229053,0.35809024778,0.35713762,0.00122008,0.35420243328,0.36212288328
2024,7,lanjian,input-lanjian,rust,0.00631343764,0.00029112707825690553,0.00629551328,0.06922243999999997,0.0034846487999999985,0.00574176128,0.00820912128
2024,7,mattcl,input-lanjian,rust,0.0014638899149999993,0.0002089488591218998,0.0014481657799999999,0.0032991173999999996,0.0015675968,0.0010609662799999997,0.00267374628
2024,7,mattcl-py,input-lanjian,python,0.04986394426360659,0.0014954242458902812,0.04973672828,0.06252245606557377,0.03762216000000001,0.04716655528,0.05290128428
2024,7,kcen,input-mattcl,nim,0.16955317922117644,0.002097090619506746,0.16969055728000002,0.16890450235294116,0.0006845270588235293,0.16668482028,0.17364309928000002
2024,7,lanjian,input-mattcl,rust,0.003976800500000003,0.0002943758097025838,0.00390399528,0.02900832700000001,0.0082707798,0.0035748432799999996,0.00521434428
2024,7,mattcl,input-mattcl,rust,0.0014433739899999986,0.00019469324724914828,0.00142684628,0.003283626199999998,0.0016887418,0.00102704228,0.00249131428
2024,7,mattcl-py,input-mattcl,python,0.04830056861333334,0.000739180035921725,0.04821663678,0.05704578666666666,0.03727201,0.04708528228,0.050630501280000004
