year,day,participant,input,language,mean,stddev,median,user,system,min,max
2024,7,kcen,input-kcen,nim,0.22003885644307694,0.0011000450618691626,0.21969858552,0.21821606307692304,0.0018279523076923075,0.21846788852000001,0.22257877152
2024,7,lanjian,input-kcen,rust,0.0050447805050000015,0.0001721444147800462,0.00503601502,0.045308499299999985,0.0066387611000000004,0.00465092852,0.00573776552
2024,7,mattcl,input-kcen,rust,0.0014194100049999996,0.00018736453386546475,0.00142718852,0.0032572646999999995,0.0012315862999999995,0.0009718645199999999,0.0025045975200000004
2024,7,mattcl-py,input-kcen,python,0.046991359758095236,0.0005049512795963815,0.047004858520000005,0.05061782253968253,0.04303989555555555,0.045944321520000005,0.048337135520000005
2024,7,kcen,input-lanjian,nim,0.3553124768950001,0.0016411852710511994,0.35518715652,0.3535880149999999,0.0017489199999999997,0.35298629652,0.35803960452
2024,7,lanjian,input-lanjian,rust,0.006285362520000008,0.00022343859200549263,0.006283673020000001,0.06890982999999999,0.0029896737000000002,0.0057572015200000005,0.00714371952
2024,7,mattcl,input-lanjian,rust,0.0014373079549999995,0.0001537884012649652,0.00143584452,0.003279615600000001,0.0014381245999999998,0.00103747752,0.00231701552
2024,7,mattcl-py,input-lanjian,python,0.04741120550387098,0.0006264974287417697,0.04728255252000001,0.05952115612903225,0.036598646451612905,0.046218525520000005,0.048843874520000004
2024,7,kcen,input-mattcl,nim,0.16966940934352936,0.0012915843099141028,0.16929951252,0.16921043411764702,0.0005018058823529411,0.16711561251999998,0.17184516352
2024,7,lanjian,input-mattcl,rust,0.0038851778950000004,0.00019088714015166335,0.0038493965200000002,0.026242895600000003,0.010621916300000001,0.0035402885200000005,0.00460346952
2024,7,mattcl,input-mattcl,rust,0.0014550508099999992,0.0001706773753797453,0.0014666525199999998,0.003190957800000001,0.0015259564999999995,0.0010082935199999998,0.00202494852
2024,7,mattcl-py,input-mattcl,python,0.047438788552258075,0.0007709879276343229,0.047358475520000005,0.05533451096774192,0.03760484000000001,0.04588411852,0.051861887520000004
