year,day,participant,input,language,mean,stddev,median,user,system,min,max
2025,7,mattcl,input-mattcl,rust,0.00046834143600000015,0.00018614283504773567,0.0004891235600000003,0.0004385751999999998,0.00017746940000000003,0.0,0.0012644665600000005
