year,day,participant,input,language,mean,stddev,median,user,system,min,max
2025,7,kcen,input-lanjian,nim,0.0008935584000000004,0.00013001294798311707,0.0009205357399999999,0.0007685173999999989,0.0002548739000000001,0.00037987224,0.0014596752399999998
2025,7,mattcl,input-lanjian,rust,0.00039781421819999987,0.000172223574442577,0.00045212323999999993,0.00042536760000000005,0.0001732974000000001,0.0,0.00084340124
2025,7,mattcl-py,input-lanjian,python,0.017361200215155283,0.0006711283128693327,0.01727014424,0.012455225838509318,0.0048333896894409934,0.01621253224,0.02019503324
2025,7,whyando,input-lanjian,rust,0.00037974876199999995,0.0001515098715764269,0.0004218862399999999,0.00041810019999999966,0.00016742049999999995,0.0,0.0005815302399999999
2025,7,kcen,input-mattcl,nim,0.000924761,0.0001748302913424238,0.0009471397399999999,0.0007723872000000004,0.00026774579999999995,0.0003089492399999999,0.0014539252400000001
2025,7,mattcl,input-mattcl,rust,0.0004324082365999999,0.00018117103503571138,0.00046697023999999984,0.0004447226,0.00018868360000000005,0.0,0.00104858524
2025,7,mattcl-py,input-mattcl,python,0.017389271511604937,0.0005785740868700103,0.017277387239999997,0.012960476049382719,0.0043667979012345665,0.01636128124,0.02106447124
2025,7,whyando,input-mattcl,rust,0.00036636528179999995,0.00016029371351529998,0.0004073142399999999,0.0004142779999999998,0.00016069739999999998,0.0,0.00098010724
2025,7,kcen,input-whyando,nim,0.000905887825,0.00013897934226877055,0.00093326374,0.0007566747999999997,0.00027626819999999994,0.0004767242399999999,0.0014252102399999998
2025,7,mattcl,input-whyando,rust,0.0004300179953999998,0.00017184624088833114,0.00047150923999999996,0.0004632117999999999,0.00016266499999999996,0.0,0.00102917924
2025,7,mattcl-py,input-whyando,python,0.017413769940000007,0.0007308003572284008,0.01727482724,0.012585436470588232,0.004754210823529411,0.01647217924,0.02061257524
2025,7,whyando,input-whyando,rust,0.0004023781142,0.00016600797382948637,0.0004333477399999999,0.00044041399999999965,0.00017437619999999997,0.0,0.0010260132399999998
