year,day,participant,input,language,mean,stddev,median,user,system,min,max
2025,7,kcen,input-mattcl,nim,0.0008903026649999996,0.00015223979716801642,0.0009280696599999999,0.0007639063999999997,0.0002536858,0.0002343901599999999,0.0014930381599999997
2025,7,mattcl,input-mattcl,rust,0.0004116375011999998,0.00016955821867902537,0.00045630615999999987,0.00044422860000000006,0.00015882790000000007,0.0,0.0009707891599999999
2025,7,mattcl-py,input-mattcl,python,0.01743042760171779,0.0007825928394146284,0.01724698516,0.012432475828220858,0.004923710061349694,0.01631425816,0.02043746116
