year,day,participant,input,language,mean,stddev,median,user,system,min,max
2025,7,kcen,input-lanjian,nim,0.0008285050757999993,0.00018870445789299396,0.0008825869200000001,0.0007503603999999999,0.00023807400000000004,0.0,0.0014065474200000002
2025,7,mattcl,input-lanjian,rust,0.00038355164559999993,0.00016024503482183316,0.00042379192,0.0004492023999999999,0.00015992020000000007,0.0,0.00098512842
2025,7,mattcl-py,input-lanjian,python,0.017330569635568865,0.0006119850802580954,0.017231126420000003,0.012565494491017959,0.004714372455089819,0.016143049420000003,0.022315928420000002
2025,7,whyando,input-lanjian,rust,0.00034815551689999986,0.00015082752493727672,0.00038293042,0.0004414109,0.000148915,0.0,0.00085823042
2025,7,kcen,input-mattcl,nim,0.0008082863228999999,0.00019724784006941088,0.0008549199200000001,0.0007764003999999998,0.0001970386,0.0,0.00135272642
2025,7,mattcl,input-mattcl,rust,0.00036931110399999995,0.00016680803949045505,0.0004111384200000001,0.00044528110000000004,0.00015994670000000002,0.0,0.0008938674200000001
2025,7,mattcl-py,input-mattcl,python,0.01741099976756098,0.00035562412572738827,0.017382135420000003,0.012953538780487805,0.004407474756097564,0.016577122420000003,0.01861103042
2025,7,whyando,input-mattcl,rust,0.0003329705472,0.0001615574175142885,0.00036140542000000003,0.0004238833,0.00014700649999999996,0.0,0.00091232242
2025,7,kcen,input-whyando,nim,0.0006039374706000001,0.0002954357449588189,0.0006799424200000001,0.0005984258,0.00018651039999999998,0.0,0.0012857014200000003
2025,7,mattcl,input-whyando,rust,0.0004005009506000001,0.00017412348680524663,0.00043398142,0.0004660008999999999,0.0001535784,0.0,0.00118821842
2025,7,mattcl-py,input-whyando,python,0.017419699671533763,0.0006611044642017335,0.01728693242,0.012517741595092021,0.004857495950920247,0.016026672420000002,0.020435045420000002
2025,7,whyando,input-whyando,rust,0.0003322080622000002,0.00018033550850947113,0.00035873542000000006,0.0004175558999999999,0.00013857510000000003,0.0,0.00104357742
