year,day,participant,input,language,mean,stddev,median,user,system,min,max
2025,7,kcen,input-lanjian,nim,0.0008364288116000012,0.00018703828098660426,0.0008863125600000004,0.0007443398000000001,0.000256306,0.0,0.0015620545600000004
2025,7,mattcl,input-lanjian,rust,0.00038557676420000026,0.0001594630158859079,0.00041805056000000036,0.00045745090000000007,0.00015600679999999998,0.0,0.0009776995600000004
2025,7,mattcl-py,input-lanjian,python,0.01723653125230771,0.0006808967380980377,0.017059113560000002,0.012628480591715972,0.004557199053254437,0.016255347560000005,0.02038173756
2025,7,whyando,input-lanjian,rust,0.00035338576360000024,0.00015416270990131675,0.0003861105600000004,0.0004171895,0.0001694789999999999,0.0,0.0009813965600000004
2025,7,kcen,input-mattcl,nim,0.0008551692071999997,0.00015860299533048715,0.0008844440600000004,0.0007678304999999995,0.00024552239999999994,0.0,0.0014344355600000005
2025,7,mattcl,input-mattcl,rust,0.00038320034640000047,0.00016250625942499787,0.00041617206000000033,0.0004398956999999999,0.00016786440000000007,0.0,0.0011244335600000004
2025,7,mattcl-py,input-mattcl,python,0.017309286810000008,0.0006080518619594912,0.017175151060000005,0.012301266904761899,0.004948290476190474,0.016373229560000004,0.020641103560000002
2025,7,whyando,input-mattcl,rust,0.0003301268858000003,0.0001536849292417426,0.00038112656000000033,0.0004054682999999999,0.00015493360000000002,0.0,0.0008540065600000004
2025,7,kcen,input-whyando,nim,0.0008883300322000002,0.00017954211550935304,0.0009080840600000004,0.0007844648,0.00024699380000000004,0.0,0.0014718645600000004
2025,7,mattcl,input-whyando,rust,0.0003919981636000005,0.00015942904939257073,0.00043726156000000035,0.00045708709999999994,0.00015219399999999997,0.0,0.0010453855600000004
2025,7,mattcl-py,input-whyando,python,0.017406436927088615,0.000751480625918295,0.01719246856,0.012464538227848107,0.004898128354430378,0.016405309560000005,0.020923032560000002
2025,7,whyando,input-whyando,rust,0.00033551357240000024,0.00017519201131139164,0.0003768835600000004,0.0004027468999999999,0.00015988860000000005,0.0,0.0010756125600000002
