year,day,participant,input,language,mean,stddev,median,user,system,min,max
2025,7,kcen,input-lanjian,nim,0.0005287299544,0.00018661913594790705,0.0006029190400000002,0.0006935517999999999,0.00022670779999999998,0.0,0.0009033320400000002
2025,7,mattcl,input-lanjian,rust,0.0001732531658000001,0.00010989779344705792,0.00017792854000000017,0.0004239066999999998,0.00018335359999999994,0.0,0.0006049530400000001
2025,7,mattcl-py,input-lanjian,python,0.017067321766708072,0.0004840621244429399,0.017008717040000003,0.01249544310559006,0.0047677821118012435,0.015933845040000002,0.02027860104
2025,7,whyando,input-lanjian,rust,0.00011897077200000005,0.00009584092980875938,0.00012944254000000013,0.0003844063999999997,0.00016910919999999998,0.0,0.0006201520400000002
2025,7,kcen,input-mattcl,nim,0.0005736441650000001,0.00015336290783854104,0.0006293840400000001,0.0006782742,0.00028218100000000006,0.00006326904000000019,0.00104082004
2025,7,mattcl,input-mattcl,rust,0.00016418528920000012,0.00011966398162144126,0.00017030954000000012,0.0004053764,0.00018330360000000007,0.0,0.00077124404
2025,7,mattcl-py,input-mattcl,python,0.017888991467672952,0.002513991733798257,0.017249529040000003,0.012688116100628932,0.004906724276729559,0.01592104104,0.03450664104
2025,7,whyando,input-mattcl,rust,0.00013550007180000007,0.00011710890139562306,0.0001340370400000001,0.0003964413999999997,0.0001635394,0.0,0.0006259030400000002
2025,7,kcen,input-whyando,nim,0.0005679061296000002,0.00018426026400371952,0.0006166200400000001,0.0007216494999999997,0.00024305279999999992,0.0,0.00119287504
2025,7,mattcl,input-whyando,rust,0.0001617883686,0.0001156924504766849,0.00016524554000000007,0.0004138993999999999,0.00019822920000000003,0.0,0.0007198280400000001
2025,7,mattcl-py,input-whyando,python,0.01734804788567902,0.0005257961350376245,0.01729769404,0.013459390617283948,0.004107748888888889,0.01605981104,0.02039230204
2025,7,whyando,input-whyando,rust,0.00013074634900000012,0.00009245644042614405,0.00013815904000000006,0.00039342729999999974,0.00017774899999999997,0.0,0.0005878720400000002
