year,day,participant,input,language,mean,stddev,median,user,system,min,max
2025,7,kcen,input-lanjian,nim,0.000891996874999999,0.0001635643024179534,0.0009187570000000001,0.000781213,0.0002430895,0.00027154550000000005,0.0014092555
2025,7,lanjian,input-lanjian,rust,0.000710385965,0.0001408189559269652,0.0007267030000000001,0.0006475469999999996,0.00021252519999999993,0.000018201500000000087,0.0011200034999999998
2025,7,mattcl,input-lanjian,rust,0.0004269080900000001,0.0001445504583514089,0.00045478399999999996,0.000467111,0.00016596870000000003,0.0,0.0009972344999999998
2025,7,mattcl-py,input-lanjian,python,0.017507442841463414,0.0007293333255570818,0.017361757,0.012876218292682925,0.0045794804878048784,0.0163238895,0.0210564565
2025,7,whyando,input-lanjian,rust,0.0003596558800000004,0.0001527670934003148,0.000392627,0.00043144500000000003,0.00014512639999999998,0.0,0.0009776575
2025,7,kcen,input-mattcl,nim,0.000878427725,0.0001413229318004254,0.000914534,0.0007832670000000003,0.00023710879999999993,0.0002768155,0.0014374775000000001
2025,7,lanjian,input-mattcl,rust,0.00068539619,0.00014584534729345034,0.000721934,0.0006407930000000002,0.00020318589999999994,0.0,0.0009261105
2025,7,mattcl,input-mattcl,rust,0.00040791763500000016,0.00017889842790453142,0.00044645350000000004,0.0004528090000000002,0.0001544808,0.0,0.0010261285
2025,7,mattcl-py,input-mattcl,python,0.01751121497904192,0.000635948261127247,0.017368083500000003,0.013093487425149703,0.004352028742514967,0.0165273005,0.0204824535
2025,7,whyando,input-mattcl,rust,0.0003649164950000001,0.00015271040849675643,0.000410421,0.00043175699999999984,0.00014705860000000003,0.0,0.0009733295
2025,7,kcen,input-whyando,nim,0.00087051823,0.00015286476179147672,0.0009050565000000001,0.0007775549999999993,0.00023591380000000003,0.00018357150000000006,0.0013602035
2025,7,lanjian,input-whyando,rust,0.0006993157725,0.00014944770266785807,0.000724393,0.0006405069999999999,0.00021434160000000007,0.0,0.0012150115
2025,7,mattcl,input-whyando,rust,0.00044350951250000015,0.0001360555479074007,0.000462313,0.0004989109999999998,0.00015026499999999996,0.0,0.0009724375000000001
2025,7,mattcl-py,input-whyando,python,0.01755004663664596,0.0007113367162968473,0.0174132785,0.013071790062111802,0.004385896645962733,0.0166820905,0.021097122500000003
2025,7,whyando,input-whyando,rust,0.0004012296250000001,0.0001435038718845634,0.000421832,0.0004220809999999998,0.00020778800000000004,0.0,0.0009582705000000001
