year,day,participant,input,language,mean,stddev,median,user,system,min,max
2025,7,mattcl,input-mattcl,rust,0.00045843165020000026,0.0001539109896143738,0.00049048524,0.00046637700000000013,0.00016438399999999998,0.0,0.0010602472400000002
