year,day,participant,input,language,mean,stddev,median,user,system,min,max
2025,7,kcen,input-lanjian,nim,0.0009095946699999999,0.00016510465017596,0.0009376463199999999,0.0007896236000000005,0.00023186549999999994,4.658819999999917e-6,0.0013842228199999998
2025,7,mattcl,input-lanjian,rust,0.00039092103219999985,0.00015154520006411033,0.00042819781999999993,0.0004348113999999999,0.00016946659999999994,0.0,0.0006892208199999999
2025,7,mattcl-py,input-lanjian,python,0.017220884428433725,0.00043123632097135143,0.01714197732,0.012731850361445776,0.004428057228915664,0.01643920182,0.01950636382
2025,7,whyando,input-lanjian,rust,0.00039278382899999984,0.00013965346646074367,0.00043081231999999995,0.00044327820000000025,0.0001444916,0.0,0.0007585208199999999
2025,7,kcen,input-mattcl,nim,0.0009035768199999998,0.00014214933421850356,0.00093390882,0.0008478059999999999,0.0001990958,0.00011988581999999989,0.00138250882
2025,7,mattcl,input-mattcl,rust,0.0004267042626000001,0.00016301483201102744,0.00047432881999999986,0.0004828232,0.00013323769999999994,0.0,0.00097869282
2025,7,mattcl-py,input-mattcl,python,0.017267603740245396,0.000598013745766695,0.01718367582,0.012819606625766866,0.004384643926380368,0.01650339182,0.02065141782
2025,7,whyando,input-mattcl,rust,0.00040107529900000014,0.0001448165477643841,0.00042350381999999985,0.0004472842000000003,0.00015658349999999997,0.0,0.0010694638199999999
2025,7,kcen,input-whyando,nim,0.00089176356,0.0001609296250819203,0.0009261143199999999,0.0007916709999999998,0.0002344655,0.000016881819999999925,0.00143003882
2025,7,mattcl,input-whyando,rust,0.00040541445989999975,0.00015575822084419125,0.00045249281999999995,0.0004487476,0.00015724619999999998,0.0,0.00071474882
2025,7,mattcl-py,input-whyando,python,0.017383116207878788,0.000697182565153687,0.01719899382,0.01273867515151514,0.004554465575757578,0.01612096582,0.02061785582
2025,7,whyando,input-whyando,rust,0.0004106352090000001,0.0001589750655837167,0.00043347182000000003,0.00044312259999999983,0.00017813080000000003,0.0,0.00100242782
