year,day,participant,input,language,mean,stddev,median,user,system,min,max
2025,7,kcen,input-lanjian,nim,0.0008757029938999994,0.00016832829390215652,0.00090125672,0.0007419496000000006,0.00023842039999999996,0.0,0.0014617372200000003
2025,7,mattcl,input-lanjian,rust,0.0004266138562,0.00015782606849902933,0.0004665577199999999,0.0004506180000000001,0.00014620680000000002,0.0,0.0010190572199999999
2025,7,mattcl-py,input-lanjian,python,0.017399253151677008,0.0006288721963590665,0.017289522220000002,0.012297397267080748,0.005016559999999997,0.01630154122,0.02085566222
2025,7,whyando,input-lanjian,rust,0.0003946418811999998,0.00014243161328921045,0.0004324992199999999,0.00040095220000000017,0.00018300320000000006,0.0,0.0006439242199999998
2025,7,kcen,input-mattcl,nim,0.0008937827938999996,0.0001496903679628739,0.00092838722,0.000748236000000001,0.00025276860000000005,0.0,0.0013407702200000002
2025,7,mattcl,input-mattcl,rust,0.00040094753290000014,0.00017586511506764474,0.00045572221999999986,0.0003999186000000002,0.00017879639999999995,0.0,0.0010253792199999999
2025,7,mattcl-py,input-mattcl,python,0.01738509641631902,0.0005544904668887505,0.017294803220000002,0.01246804098159509,0.004823533496932515,0.01638134122,0.02125732522
2025,7,whyando,input-mattcl,rust,0.00041625472729999986,0.0001546479430408136,0.0004435442199999998,0.0004198934000000004,0.0001568568,0.0,0.00088651922
2025,7,kcen,input-whyando,nim,0.00094179817,0.00014649735085089133,0.0009611487199999999,0.0007187682000000001,0.000287695,0.0003834572199999999,0.00147551222
2025,7,mattcl,input-whyando,rust,0.0004175139556999998,0.00018023627821380883,0.0004638877199999999,0.00042681260000000014,0.0001576558,0.0,0.00098475322
2025,7,mattcl-py,input-whyando,python,0.017476941102352955,0.000702795046299723,0.01735293172,0.012808095294117649,0.00457897694117647,0.01639987622,0.02062508022
2025,7,whyando,input-whyando,rust,0.0004099970340000002,0.00015280529961358283,0.0004405542199999999,0.0004188058000000003,0.00017487659999999999,0.0,0.00097313122
