year,day,participant,input,language,mean,stddev,median,user,system,min,max
2025,7,kcen,input-lanjian,nim,0.0009533096600000001,0.0001346026997991187,0.0009746580400000003,0.0007919973999999995,0.0002614785999999999,0.00048653354000000016,0.0013320575400000004
2025,7,mattcl,input-lanjian,rust,0.0006666031346000001,0.00016402167060103594,0.0007005690400000002,0.0006208907999999995,0.00020650300000000008,0.0,0.0012669855400000002
2025,7,mattcl-py,input-lanjian,python,0.017521299510238092,0.0006704133993026394,0.01736311604,0.0130797719047619,0.004363094285714286,0.016521263540000004,0.020729742540000002
2025,7,whyando,input-lanjian,rust,0.0003835667775000003,0.00019359338811276582,0.0004499390400000003,0.00041772499999999965,0.00016132779999999996,0.0,0.0008196665400000004
2025,7,kcen,input-mattcl,nim,0.0009526520450000004,0.00012731075046562478,0.0009731695400000003,0.0008079347999999994,0.0002726817999999999,0.0004298165400000002,0.0014807965400000002
2025,7,mattcl,input-mattcl,rust,0.0006572302023000005,0.00017812256015210462,0.0006901340400000003,0.0005861341,0.00021854440000000001,0.0,0.0010565715400000003
2025,7,mattcl-py,input-mattcl,python,0.017478169649756094,0.00045576912077560167,0.017478377540000003,0.012591339268292681,0.00477886926829268,0.016627250540000003,0.020165714540000004
2025,7,whyando,input-mattcl,rust,0.0003063992073000002,0.00021489754937497574,0.00037381154000000016,0.0003621074,0.00012114359999999999,0.0,0.0006271365400000002
2025,7,kcen,input-whyando,nim,0.0009438922550000001,0.0001605232835096747,0.0009711960400000003,0.000836339799999999,0.00024332440000000003,0.000042099540000000205,0.0014984595400000004
2025,7,mattcl,input-whyando,rust,0.0006661600723000004,0.0001625131655439252,0.0006994370400000003,0.0006124993,0.0002078544,0.0,0.0013616625400000003
2025,7,mattcl-py,input-whyando,python,0.017578122238795173,0.0006005779977036112,0.017491461540000003,0.01261257325301205,0.0049033248192771085,0.016567880540000003,0.020431872540000003
2025,7,whyando,input-whyando,rust,0.0004052902195000003,0.00017610336380046346,0.0004594520400000002,0.0004691605999999998,0.0001333304,0.0,0.0008650625400000002
