year,day,participant,input,language,mean,stddev,median,user,system,min,max
2025,7,mattcl,input-mattcl,rust,0.00045119942980000017,0.0001824125109736373,0.0005049268600000003,0.00045629080000000004,0.000160393,0.0,0.0009692913600000005
