year,day,participant,input,language,mean,stddev,median,user,system,min,max
2025,7,mattcl,input-mattcl,rust,0.00042856622840000016,0.00015512889019376135,0.0004733804400000001,0.0004898220000000001,0.00014459550000000003,0.0,0.00090286444
2025,7,mattcl-py,input-mattcl,python,0.01738251688578312,0.0007247139810854997,0.017202340939999998,0.01237476771084338,0.004935403012048194,0.01641997044,0.02070903444
