year,day,participant,input,language,mean,stddev,median,user,system,min,max
2025,7,kcen,input-lanjian,nim,0.0009438053199999992,0.00015412853079732215,0.0009679845799999999,0.0007523819999999995,0.000282688,0.00037671708000000005,0.00172813708
2025,7,lanjian,input-lanjian,rust,0.0007521314549999998,0.00012901758902986754,0.0007812795799999999,0.0006246149999999999,0.0002375546,0.0001512350799999999,0.0009444700799999999
2025,7,mattcl,input-lanjian,rust,0.00046252532759999995,0.00015301887192912248,0.0004964320799999999,0.00044623599999999987,0.00017417170000000003,0.0,0.00095792508
2025,7,mattcl-py,input-lanjian,python,0.01757760675878788,0.0006408815993754797,0.01746330908,0.013048060606060596,0.004417613818181819,0.01624136208,0.02094957708
2025,7,whyando,input-lanjian,rust,0.00037975304419999976,0.00020802262757245937,0.00044629757999999997,0.0003582329999999999,0.00018539450000000003,0.0,0.00098555808
2025,7,kcen,input-mattcl,nim,0.0009668534750000002,0.0001466643652182195,0.00097882458,0.0007645960000000004,0.00028069019999999996,0.00046510308000000003,0.0014994990800000002
2025,7,lanjian,input-mattcl,rust,0.0007682608642,0.00017863204194166094,0.00079919358,0.000621593,0.0002344385,0.0,0.00152284308
2025,7,mattcl,input-mattcl,rust,0.0004462562606,0.00016952788229987698,0.00049233358,0.00044210099999999987,0.0001485489,0.0,0.0009049370800000001
2025,7,mattcl-py,input-mattcl,python,0.017591684948750005,0.0007800703794951049,0.01743344858,0.012846143749999994,0.004636692750000003,0.01655682208,0.02065194008
2025,7,whyando,input-mattcl,rust,0.0003995429694000002,0.00016733775911416878,0.00045078557999999995,0.0004063280000000002,0.0001582161,0.0,0.00064115208
2025,7,kcen,input-whyando,nim,0.001006921635,0.00016402812489270266,0.00102141958,0.0007973709999999997,0.0002547007,0.00044776108,0.00191650008
2025,7,lanjian,input-whyando,rust,0.0007704076538,0.00019482758346681882,0.0008028405799999999,0.0006466320000000002,0.00021206789999999996,0.0,0.0012732860799999999
2025,7,mattcl,input-whyando,rust,0.0004537953071999999,0.00017026915121494532,0.0005029880799999999,0.00045126299999999987,0.00015267,0.0,0.00100995308
2025,7,mattcl-py,input-whyando,python,0.01766332836048781,0.0007324680498138753,0.01748870708,0.012882192682926829,0.004666398048780489,0.01660607508,0.02124459908
2025,7,whyando,input-whyando,rust,0.0004404843514000003,0.00018022620303440173,0.00046913508,0.0004222830000000001,0.00019853119999999996,0.0,0.00116971208
