year,day,participant,input,language,mean,stddev,median,user,system,min,max
2023,14,kcen,input-kcen,python,0.7415607081200001,0.011054985367873072,0.7402247611200001,0.73752396,0.0039533599999999995,0.7308214286200001,0.7549718816200001
2023,14,lanjian,input-kcen,rust,0.02156769215956835,0.0006640108205303112,0.021429626620000003,0.02083397438848921,0.000668951654676259,0.020839703620000004,0.02435478862
2023,14,mattcl,input-kcen,rust,0.005770245315000001,0.0004893253769880782,0.00570745462,0.005306275000000002,0.00039429,0.00501358162,0.00896989162
2023,14,kcen,input-lanjian,python,0.62932092662,0.007824984988707526,0.63002962762,0.62296346,0.00622323,0.6207555946200001,0.6364688566200001
2023,14,lanjian,input-lanjian,rust,0.019106790309873427,0.0007195360873656823,0.018841395620000003,0.018555225822784807,0.00047111645569620245,0.018323236620000002,0.022395664620000002
2023,14,mattcl,input-lanjian,rust,0.005380493674999997,0.0002606147548082433,0.00536166212,0.004925589999999999,0.00039605860000000006,0.00452488662,0.00645140062
2023,14,kcen,input-mattcl,python,0.8143680009533334,0.018036824963071123,0.80705038362,0.8129919600000001,0.0013128266666666668,0.8011399386200001,0.83491368062
2023,14,lanjian,input-mattcl,rust,0.02361369318198346,0.0007120556289536761,0.023444435620000002,0.02315710876033058,0.0004242489256198347,0.022737713620000002,0.026913464620000004
2023,14,mattcl,input-mattcl,rust,0.006093127760000002,0.00048673101564999824,0.0060248021200000005,0.005490555,0.0005149420000000002,0.00548045462,0.00894795062
