year,day,participant,input,language,mean,stddev,median,user,system,min,max
2023,14,kcen,input-kcen,python,0.7257280246900001,0.0037770740986252365,0.7248122569400001,0.72343182,0.00219526,0.72269665644,0.7305909284400001
2023,14,lanjian,input-kcen,rust,0.021981077410802925,0.0008933604859233257,0.02175632044,0.021137192262773722,0.000725403503649635,0.020975831440000002,0.02553554744
2023,14,mattcl,input-kcen,rust,0.00576370734,0.0005133262769585938,0.005648730940000001,0.005315265000000001,0.00035140899999999996,0.00515282344,0.009169535440000001
2023,14,kcen,input-lanjian,python,0.6318696959400001,0.006935295666007439,0.62929464294,0.62980832,0.0019841299999999997,0.6267780824400001,0.64211141544
2023,14,lanjian,input-lanjian,rust,0.019506756206233766,0.0006982611414723053,0.01940157294,0.018699209610389605,0.0006897433766233766,0.01858677444,0.02226165644
2023,14,mattcl,input-lanjian,rust,0.005473114469999999,0.0003416443577834639,0.00542849944,0.0049916899999999965,0.0003928372,0.00474821644,0.008251858439999999
2023,14,kcen,input-mattcl,python,0.8139746817733333,0.004187397953005736,0.8128977714400001,0.8094344866666666,0.00436268,0.81043091944,0.8185953544400001
2023,14,lanjian,input-mattcl,rust,0.024208118723185842,0.0007339810239708963,0.02403267844,0.023391041238938055,0.0007065189380530973,0.02323139944,0.02700308244
2023,14,mattcl,input-mattcl,rust,0.006066499650000001,0.0004523105988215815,0.00606635694,0.005457225000000001,0.0005363048,0.00508262244,0.010018992439999999
