year,day,participant,input,language,mean,stddev,median,user,system,min,max
2023,14,kcen,input-kcen,python,0.7305872149400001,0.00240393407301025,0.73008923944,0.7301464799999999,0.00024005,0.7284830004400001,0.7336873804400001
2023,14,lanjian,input-kcen,rust,0.02655079591706422,0.00097389006776549,0.026208640440000004,0.025637902018348636,0.0008411284403669724,0.025374809440000003,0.029600212440000002
2023,14,mattcl,input-kcen,rust,0.016637389276257315,0.0006830469837915185,0.01645955744,0.015952696374269,0.0005757520467836257,0.015853953440000002,0.020417091440000004
2023,14,kcen,input-lanjian,python,0.6244764304400001,0.002419639704686745,0.62525026994,0.6221327299999999,0.0022166499999999997,0.6209550844400001,0.6264500974400001
2023,14,lanjian,input-lanjian,rust,0.023710161744687496,0.0008588989933418976,0.02343005394,0.0223075425,0.0013568374999999998,0.022737757440000003,0.026984885440000002
2023,14,mattcl,input-lanjian,rust,0.014992725254207648,0.000722257144121,0.01487793544,0.014342949945355192,0.0005493923497267758,0.01403136944,0.01867894444
2023,14,kcen,input-mattcl,python,0.8281737237733333,0.0072729484045977654,0.8319121544400001,0.8267844799999998,0.0013177333333333331,0.8197919144400001,0.8328171024400001
2023,14,lanjian,input-mattcl,rust,0.028775529779622645,0.0008986422262087971,0.028478406440000003,0.02775029132075471,0.000951320754716981,0.027474791440000004,0.032559015440000005
2023,14,mattcl,input-mattcl,rust,0.018696997744347823,0.0009366044783242688,0.01845487444,0.018123896149068324,0.0004942521739130433,0.017343533440000003,0.021944912440000002
