year,day,participant,input,language,mean,stddev,median,user,system,min,max
2023,14,kcen,input-kcen,python,0.7331700035200001,0.013760678386977436,0.72874919252,0.730132,0.00296746,0.7219530485200001,0.7532285805200001
2023,14,lanjian,input-kcen,rust,0.02195010068799999,0.0009121635608480864,0.02167169952,0.021117712000000014,0.0007339228799999999,0.02101357652,0.02533252952
2023,14,mattcl,input-kcen,rust,0.006210090914999997,0.003790294656351949,0.005842084020000001,0.0054805900000000005,0.0003822003999999999,0.00502863152,0.058976915520000006
2023,14,pting,input-kcen,python,0.26816725815636366,0.0048443555134205785,0.26740479952,0.2594443636363636,0.008628109090909091,0.26016701352,0.27669129852
2023,14,kcen,input-lanjian,python,0.6333175150200001,0.0035155626598957807,0.6325516045200001,0.63307175,0.00018048,0.6301268015200001,0.63804004952
2023,14,lanjian,input-lanjian,rust,0.01950982995795621,0.0009107048160917879,0.01923512852,0.01881016788321168,0.0005300756204379563,0.01824014552,0.02343221352
2023,14,mattcl,input-lanjian,rust,0.005538996809999999,0.0004746749993985106,0.00546051902,0.004863644999999997,0.000505822,0.004666423520000001,0.009168598520000001
2023,14,pting,input-lanjian,python,0.23059678535333336,0.0029657183338261746,0.23045084102000002,0.2197759166666667,0.010690503333333332,0.22586074552000002,0.23653778652000002
2023,14,kcen,input-mattcl,python,0.8106333701866667,0.014165124129721495,0.8130543735200001,0.8075309999999999,0.00291028,0.79541377152,0.8234319655200001
2023,14,lanjian,input-mattcl,rust,0.024249428607301584,0.0009241848299677376,0.023992116020000002,0.02347001587301588,0.0006663599999999998,0.02305098952,0.02813676652
2023,14,mattcl,input-mattcl,rust,0.0063159885299999986,0.00047435049477861154,0.0062628760200000005,0.005793879999999998,0.00042681999999999985,0.005524458520000001,0.00920260252
2023,14,pting,input-mattcl,python,0.28726817082,0.005314445299862279,0.28728184852000005,0.27897079999999996,0.008202128,0.27918230052,0.29320352052
