year,day,participant,input,language,mean,stddev,median,user,system,min,max
2023,14,mattcl,input-kcen,rust,0.016931513426892655,0.0007222453738499465,0.01673571528,0.016145713107344643,0.0006801254237288135,0.015823555280000002,0.01996040928
2023,14,mattcl,input-mattcl,rust,0.018771429916942677,0.0008539221791712666,0.018621308280000002,0.018235802675159223,0.00044363375796178337,0.01730383028,0.022151494280000003
