year,day,participant,input,language,mean,stddev,median,user,system,min,max
2023,14,kcen,input-kcen,python,0.7310844145300001,0.0038730020766973012,0.73148144728,0.7268585499999999,0.00415896,0.72677977928,0.73459498428
2023,14,mattcl,input-kcen,rust,0.01700582784249999,0.0008799963248219142,0.016743319280000002,0.01646914659090909,0.0004346043181818181,0.015821860280000002,0.02018329228
2023,14,kcen,input-mattcl,python,0.8041656649466665,0.0048717354752814915,0.80235347728,0.8000527999999999,0.003966853333333333,0.80045973228,0.80968378528
2023,14,mattcl,input-mattcl,rust,0.018736348286289305,0.0007999699657674142,0.01855345128,0.018296353459119497,0.00034822893081761007,0.017482238280000003,0.022973132280000003
