year,day,participant,input,language,mean,stddev,median,user,system,min,max
2023,12,kcen,input-kcen,python,1.2635590167866668,0.02629223776766517,1.26185333312,1.2525318866666666,0.010900053333333333,1.23816114912,1.29066256812
2023,12,mattcl,input-kcen,rust,0.004223344235000001,0.0004772048274159295,0.00411767762,0.031258613599999985,0.009675058,0.00326858912,0.00684972212
2023,12,pting,input-kcen,python,0.29079253162000007,0.0043729610703323075,0.2902253021200001,0.2673639199999999,0.02328752,0.28518758912000003,0.29783509712000006
2023,12,kcen,input-lanjian,python,1.4421190434533333,0.0021364229976971257,1.4413387041199999,1.4273972200000002,0.014618719999999997,1.44048249012,1.4445359361199999
2023,12,mattcl,input-lanjian,rust,0.004189955470000001,0.00048177377284428906,0.00411168212,0.029065129300000003,0.012185515999999993,0.0033877121200000006,0.007274486120000001
2023,12,pting,input-lanjian,python,0.29616768762,0.0016550315644094534,0.29607632512000004,0.2764926199999999,0.01956822,0.29414762612000006,0.29922207412
2023,12,kcen,input-mattcl,python,1.38434628212,0.01066696156769929,1.37966046112,1.3682955533333334,0.015942386666666666,1.37682428612,1.39655409912
2023,12,mattcl,input-mattcl,rust,0.004016958784999999,0.0003500659883546908,0.003977340120000001,0.0269833727,0.013082865600000002,0.0032681081200000004,0.00586254412
2023,12,pting,input-mattcl,python,0.29616965356444447,0.004082709062135801,0.29540364512000006,0.27156933111111103,0.02446172,0.29119088112,0.30081760712000005
2023,12,kcen,input-pting,python,1.2756000984533333,0.016309025020607677,1.26683139012,1.260770553333333,0.014625053333333332,1.26555127512,1.2944176301199999
2023,12,mattcl,input-pting,rust,0.004165243030000001,0.0005378748455287295,0.004114537120000001,0.02981554369999999,0.0113821242,0.0033208371200000005,0.0070142691200000004
2023,12,pting,input-pting,python,0.3085037483422222,0.004433829742357066,0.30983041512000004,0.28743444222222214,0.020962053333333328,0.30168627212000004,0.31330550812
