year,day,participant,input,language,mean,stddev,median,user,system,min,max
2024,4,kcen,input-kcen,nim,0.0021751541350000015,0.00033594176140862184,0.0022738947000000005,0.001730369999999999,0.0004992988000000001,0.0013436577000000005,0.003629248700000001
2024,4,lanjian,input-kcen,rust,0.0015255742850000004,0.00020947664694339084,0.0014822667000000006,0.0010545453999999998,0.0005156740000000001,0.0010440467000000005,0.0024777317000000006
2024,4,mattcl,input-kcen,rust,0.0015442609700000005,0.00022019649122802292,0.0014849322000000005,0.0011143953999999997,0.0004778318000000002,0.0011043787000000003,0.0026541617000000006
2024,4,mattcl-py,input-kcen,python,0.02257385971550388,0.0007725314533205104,0.0224379827,0.01803733984496125,0.004433348837209301,0.021547073700000002,0.0258366387
2024,4,kcen,input-lanjian,nim,0.002261846765,0.00044842778449974245,0.0023057137000000007,0.001926139999999999,0.0003826209999999999,0.0014303197000000004,0.005312409700000001
2024,4,lanjian,input-lanjian,rust,0.0015698461550000004,0.0002589187083245052,0.0014938082000000004,0.00115403,0.00045233579999999995,0.0009750977000000003,0.0024913167000000006
2024,4,mattcl,input-lanjian,rust,0.0016935022300000003,0.0003474123337210796,0.0015365687000000003,0.0012121399999999994,0.0004898280000000001,0.0010594357000000003,0.0027511427000000005
2024,4,mattcl-py,input-lanjian,python,0.022608004260606072,0.000590795697670759,0.022533847200000002,0.01766616454545454,0.004823177575757578,0.021446284700000002,0.025116900700000003
2024,4,kcen,input-mattcl,nim,0.0022043442800000006,0.0003546807497322016,0.0023289887000000004,0.0017427601999999989,0.0005030599999999999,0.0013458917000000003,0.003814023700000001
2024,4,lanjian,input-mattcl,rust,0.0015923395950000016,0.00027145735678240593,0.0015028652000000004,0.0012376449999999995,0.0003916348,0.0009512927000000003,0.0025528127000000005
2024,4,mattcl,input-mattcl,rust,0.001615586170000001,0.00028948694830793715,0.0015238347000000004,0.0011796503999999999,0.0004736268000000003,0.0010352307000000003,0.0028762587000000007
2024,4,mattcl-py,input-mattcl,python,0.022744360615384623,0.000672777866906497,0.0226105852,0.018403952307692317,0.004265040307692308,0.021261709700000003,0.025716952700000004
