year,day,participant,input,language,mean,stddev,median,user,system,min,max
2024,4,kcen,input-lanjian,nim,0.00204226305,0.0003661101344226005,0.0020831815400000004,0.0014971400000000003,0.0005803891000000001,0.0011468565400000004,0.0035043735400000007
2024,4,lanjian,input-lanjian,rust,0.0014411288100000012,0.00013913205412066727,0.00141164754,0.0010446552999999995,0.00044910990000000014,0.0009435065400000003,0.0022393445400000003
2024,4,mattcl,input-lanjian,rust,0.0014615673949999997,0.00021616085152358414,0.0014204385400000002,0.0009936656,0.0004987768,0.0007601515400000003,0.0024399205400000004
2024,4,mattcl-py,input-lanjian,python,0.022440989028372087,0.001734437478268032,0.02213257454,0.01801152914728682,0.004347321085271319,0.021435277540000002,0.04022021154
2024,4,kcen,input-mattcl,nim,0.0020663662750000002,0.00034921562884145156,0.00217720254,0.0016819802999999995,0.00041998009999999995,0.0011690075400000001,0.0031966165400000002
2024,4,lanjian,input-mattcl,rust,0.0014602869199999999,0.00021229525056990398,0.0014173990400000002,0.001131815,0.0003779109,0.0007791675400000002,0.0027362755400000003
2024,4,mattcl,input-mattcl,rust,0.0014450547350000006,0.0002111693895135481,0.0014174530400000002,0.0010471253,0.00044816359999999984,0.0007529385400000002,0.00245453754
2024,4,mattcl-py,input-mattcl,python,0.022223207585801527,0.0005407261499108805,0.02210811754,0.017672558320610685,0.004457613129770994,0.02124741554,0.02452764354
