year,day,participant,input,language,mean,stddev,median,user,system,min,max
2024,4,lanjian,input-lanjian,rust,0.001456076,0.00018218580070803584,0.0014261791,0.0010893599999999997,0.0004321335,0.0008531256,0.0022675236
2024,4,mattcl,input-lanjian,rust,0.0014500908199999998,0.0001430366941284915,0.0014246755999999998,0.0011079700000000004,0.00041626730000000005,0.0009953926,0.0022546196
2024,4,lanjian,input-mattcl,rust,0.001415633115,0.00016567607800465579,0.0014300161,0.0011176230999999997,0.00040700180000000004,0.0004787656,0.0020154116
2024,4,mattcl,input-mattcl,rust,0.0012326525749999995,0.00038665561019361327,0.0013880571,0.000996556,0.0003717775,0.0004104576,0.0023846635999999997
