year,day,participant,input,language,mean,stddev,median,user,system,min,max
2024,4,mattcl,input-lanjian,rust,0.0014743544749999998,0.0002336135616027236,0.0014395853200000002,0.001115345,0.0003952443999999999,0.0007523998200000001,0.00237719082
2024,4,mattcl,input-mattcl,rust,0.0014438162850000014,0.00015255838392266174,0.0014143988200000003,0.0010893017999999994,0.00039723999999999993,0.0007678478200000001,0.0024395478200000004
