year,day,participant,input,language,mean,stddev,median,user,system,min,max
2024,24,mattcl,input-mattcl,rust,0.0013198097000000008,0.0002224115378151876,0.0013530912000000003,0.0010477093999999999,0.00034225599999999993,0.0005995312000000002,0.0021924422000000002
2024,24,mattcl-py,input-mattcl,python,0.01637876387441861,0.0006040733203665765,0.0162150562,0.011871487674418608,0.004474140697674417,0.015393675200000003,0.0192223892
