year,day,participant,input,language,mean,stddev,median,user,system,min,max
2024,24,mattcl,input-mattcl,rust,0.0013625632700000009,0.0001656913872287163,0.0013973151200000007,0.0010664133999999995,0.0003945991,0.0007273746200000007,0.002034182620000001
2024,24,mattcl-py,input-mattcl,python,0.016119103297966116,0.0006089523200257771,0.01602179862,0.01103165152542373,0.00505518418079096,0.015048815620000001,0.01943096862
