year,day,participant,input,language,mean,stddev,median,user,system,min,max
2024,24,mattcl,input-mattcl,rust,0.001330266105,0.0001901237709319555,0.0013509871200000005,0.0009228279999999999,0.0004698552000000002,0.0005240696200000004,0.0018063386200000003
2024,24,mattcl-py,input-mattcl,python,0.016780610637241393,0.0007799256450074549,0.016629589620000003,0.011990768045977013,0.004726363793103448,0.01557439962,0.020202271620000004
