year,day,participant,input,language,mean,stddev,median,user,system,min,max
2024,24,mattcl,input-mattcl,rust,0.0013738248749999994,0.00017091732193718012,0.00140243474,0.0009675980999999999,0.0004670049999999998,0.0005759727399999999,0.00213266674
2024,24,mattcl-py,input-mattcl,python,0.01647555397255814,0.0005197406075540108,0.01641214924,0.011577640697674417,0.004813703488372094,0.01542555074,0.01938620974
