year,day,participant,input,language,mean,stddev,median,user,system,min,max
2024,24,mattcl,input-mattcl,rust,0.0014484718549999998,0.00017337981194181539,0.00149846708,0.0011393451999999998,0.0003694976999999999,0.0006808510800000001,0.0017877530800000001
2024,24,mattcl-py,input-mattcl,python,0.023401259369017335,0.007079709822257334,0.01803741008,0.01683047121387285,0.005958809132947977,0.01622205208,0.04118417708
