year,day,participant,input,language,mean,stddev,median,user,system,min,max
2024,24,mattcl,input-mattcl,rust,0.0013564769199999988,0.00021795081961110244,0.00139814804,0.0009773486000000003,0.00042873480000000006,0.0002087720399999998,0.00201674504
2024,24,mattcl-py,input-mattcl,python,0.016226364173333337,0.0006735191033590344,0.016065153040000002,0.011137129999999992,0.005002624888888885,0.015177308040000002,0.019196618040000002
