year,day,participant,input,language,mean,stddev,median,user,system,min,max
2024,24,mattcl,input-mattcl,rust,0.00137967582,0.0001670722217661084,0.00140786916,0.0010871595999999999,0.0003387439999999999,0.0005546061599999999,0.0017413181599999997
