year,day,participant,input,language,mean,stddev,median,user,system,min,max
2024,24,mattcl,input-mattcl,rust,0.0013509364250000003,0.00018936336405038425,0.0013834580800000005,0.0010433404,0.000380973,0.0006262500800000004,0.0019764870800000004
2024,24,mattcl-py,input-mattcl,python,0.016316201716871495,0.0005948943044083281,0.01622138708,0.011229991284916202,0.005019202346368713,0.015043903080000002,0.01952874908
