year,day,participant,input,language,mean,stddev,median,user,system,min,max
2024,24,mattcl,input-mattcl,rust,0.0013681188999999996,0.000185428133627974,0.0013934378,0.0010386279999999998,0.000415517,0.0006779287999999999,0.0021264508
2024,24,mattcl-py,input-mattcl,python,0.016319125711111108,0.0006250167952919328,0.0161590978,0.011242630000000002,0.004996740222222222,0.015263300799999999,0.019279451800000003
