year,day,participant,input,language,mean,stddev,median,user,system,min,max
2024,24,mattcl,input-mattcl,rust,0.0013064351349999998,0.00020345253575646438,0.001373779,0.0009188350000000001,0.0004510465000000001,0.0005136590000000001,0.001613147
2024,24,mattcl-py,input-mattcl,python,0.016307989948571435,0.000631724013596703,0.016195583,0.011192245714285716,0.005020718285714288,0.015152111000000001,0.01977503
