year,day,participant,input,language,mean,stddev,median,user,system,min,max
2024,24,mattcl,input-mattcl,rust,0.0013602315749999996,0.0001998020533460718,0.0013823640800000004,0.0010200988000000002,0.0004031399999999999,0.0004958680800000001,0.0021969640800000006
2024,24,mattcl-py,input-mattcl,python,0.016340477962681562,0.000752400505270748,0.01610380208,0.011280653519553065,0.004993130726256981,0.014881172080000001,0.01979108808
