year,day,participant,input,language,mean,stddev,median,user,system,min,max
2024,24,mattcl,input-mattcl,rust,0.0013585773550000007,0.00015421201356440004,0.0013728093200000002,0.0009849944000000002,0.00042776000000000023,0.0005698508200000002,0.00177625982
