year,day,participant,input,language,mean,stddev,median,user,system,min,max
2024,24,mattcl,input-mattcl,rust,0.001387010445,0.00014249814694550905,0.0014076867200000004,0.0010355080000000003,0.000400271,0.0006527387200000003,0.0016716157200000004
2024,24,mattcl-py,input-mattcl,python,0.016401921146966293,0.0006771573998971816,0.01624926822,0.011548553932584265,0.0047653305617977515,0.015124231719999999,0.01936570272
