year,day,participant,input,language,mean,stddev,median,user,system,min,max
2024,24,mattcl,input-mattcl,rust,0.001339674794999999,0.0002832972091507696,0.0013939256800000002,0.0010182764999999991,0.00041411779999999987,0.00053356568,0.00355851568
2024,24,mattcl-py,input-mattcl,python,0.017158955532941174,0.00368679132104321,0.016682724680000004,0.010922747058823531,0.005728570823529409,0.01537392568,0.06088619968000001
