year,day,participant,input,language,mean,stddev,median,user,system,min,max
2024,24,mattcl,input-mattcl,rust,0.0013725012700000006,0.0001628142433990378,0.0014046456400000002,0.0010985860000000006,0.00036463299999999995,0.00065176164,0.00203370764
2024,24,mattcl-py,input-mattcl,python,0.01660992825764706,0.0007554075582750689,0.01645106364,0.011620682352941182,0.004914685294117647,0.01565635564,0.02006407664
