year,day,participant,input,language,mean,stddev,median,user,system,min,max
2024,24,mattcl,input-mattcl,rust,0.001376184080000001,0.00021304165975697905,0.0013976150400000001,0.0010223746999999995,0.00038439759999999985,0.0003001030400000002,0.0020899440400000005
2024,24,mattcl-py,input-mattcl,python,0.016398199488275873,0.0005876667979729162,0.016264175040000002,0.011571060114942529,0.004760059310344829,0.015242124040000003,0.019157562040000003
