year,day,participant,input,language,mean,stddev,median,user,system,min,max
2024,24,mattcl,input-mattcl,rust,0.0013998698450000007,0.00019249502803541852,0.0014426960800000004,0.0010699395000000002,0.0003811044000000001,0.0006801485800000003,0.0020654025800000003
2024,24,mattcl-py,input-mattcl,python,0.01611503396953488,0.0006364003387007478,0.01598967308,0.011183595348837208,0.004849904883720932,0.014998216580000001,0.01932920658
