year,day,participant,input,language,mean,stddev,median,user,system,min,max
2024,24,mattcl,input-mattcl,rust,0.001356242175,0.00016152902497638594,0.0013768608400000003,0.0009962765,0.0004172574999999997,0.0005942668400000001,0.0017380668400000002
2024,24,mattcl-py,input-mattcl,python,0.016606164483678163,0.0006016985464102498,0.016470574340000002,0.012103993103448275,0.004437282183908045,0.015682248840000003,0.01952071484
