year,day,participant,input,language,mean,stddev,median,user,system,min,max
2024,12,kcen,input-kcen,nim,0.0018141343699999998,0.0003627128129326487,0.0016753446399999997,0.0013851321000000014,0.00048364769999999983,0.0009668426399999997,0.0027671946399999998
2024,12,mattcl,input-kcen,rust,0.0018661310249999995,0.0003530651400526947,0.0018015001399999998,0.0014571349999999994,0.00046832270000000004,0.0010687126399999997,0.00287826164
2024,12,mattcl-py,input-kcen,python,0.03728410774126582,0.000865234783924106,0.03703095364,0.03194588379746835,0.0052608430379746845,0.03570509864,0.04036209264
2024,12,kcen,input-mattcl,nim,0.00185216878,0.00035418438835789,0.0017441681399999998,0.0013627392000000005,0.0005316581,0.0009498196399999998,0.00285482764
2024,12,mattcl,input-mattcl,rust,0.0018910324999999993,0.0003505203218893699,0.0018177056399999998,0.0014523321000000002,0.00048780029999999987,0.00113569864,0.00294076864
2024,12,mattcl-py,input-mattcl,python,0.03728579969000001,0.000767775494960553,0.03719408864,0.03181881749999998,0.005390476500000001,0.03605507564,0.04092595764
