year,day,participant,input,language,mean,stddev,median,user,system,min,max
2024,12,kcen,input-kcen,nim,0.0017661721550000006,0.0003495229230736794,0.0016103206800000003,0.0012743443999999994,0.0005368961999999999,0.00114242468,0.00278642268
2024,12,mattcl,input-kcen,rust,0.0016690751250000005,0.0003130546114856305,0.0015622106800000004,0.0013308099999999991,0.00040146139999999996,0.0009870836800000002,0.00251764968
2024,12,mattcl-py,input-kcen,python,0.037250283110379756,0.0009939425203181402,0.03703756768,0.03238012,0.004795353924050632,0.03564657168,0.04008978168
2024,12,kcen,input-mattcl,nim,0.0017613155550000004,0.0003515135882119175,0.0016228591800000003,0.0013656394,0.00046771579999999995,0.0011102646800000002,0.00281057868
2024,12,mattcl,input-mattcl,rust,0.0016732931300000005,0.0003285388321915025,0.0015546916800000003,0.0013243594000000006,0.0004227599999999999,0.0009147376800000002,0.0027503156800000005
2024,12,mattcl-py,input-mattcl,python,0.037438836705316454,0.0010846778372451875,0.037175255680000005,0.032662525063291155,0.004692143797468354,0.03589757268,0.041408771680000005
