year,day,participant,input,language,mean,stddev,median,user,system,min,max
2024,12,kcen,input-kcen,nim,0.0016573424649999997,0.0003081525547357269,0.0015501428400000001,0.0012514362,0.0004994494,0.0009903498399999999,0.00265720184
2024,12,mattcl,input-kcen,rust,0.0016996193450000013,0.0003327693113758203,0.00156446034,0.0013058899999999999,0.00046485379999999994,0.0011580848399999999,0.0028766818400000004
2024,12,mattcl-py,input-kcen,python,0.037147543612151904,0.0009826106707101292,0.036841555840000005,0.032693057215189864,0.004379202025316455,0.035833078840000004,0.04033355384
2024,12,kcen,input-mattcl,nim,0.0017883800849999994,0.0003674912817429011,0.0016170038400000002,0.0012451856,0.0005950190000000001,0.0010292228399999999,0.0028230408400000003
2024,12,mattcl,input-mattcl,rust,0.001696971569999999,0.0003238666279806938,0.0015689983400000002,0.0013995000000000001,0.0003683622,0.00094776984,0.0026054628400000003
2024,12,mattcl-py,input-mattcl,python,0.03714824982734179,0.0010583865701710908,0.036949128840000005,0.03186528506329113,0.00520419746835443,0.035499012840000004,0.040634696840000005
