year,day,participant,input,language,mean,stddev,median,user,system,min,max
2024,12,kcen,input-kcen,nim,0.0019458297300000002,0.0003875015575144074,0.0018137949,0.0013998299999999995,0.0005591585,0.0007486398999999999,0.0027644049
2024,12,mattcl,input-kcen,rust,0.0020096032899999993,0.00032693542161823234,0.0019554699,0.0014279600000000007,0.0005671299999999999,0.0012817479,0.0029311669
2024,12,mattcl-py,input-kcen,python,0.03772465898219178,0.0012631869639495152,0.0374540339,0.03306160273972602,0.004561960273972603,0.035767846900000004,0.043075730900000005
2024,12,kcen,input-mattcl,nim,0.0018501460749999993,0.00042379483197060034,0.0017621584,0.0014041649999999998,0.00047536750000000015,0.0009861249,0.0029676549
2024,12,mattcl,input-mattcl,rust,0.00139452637,0.00037458020441342223,0.0014686528999999999,0.0012195950000000002,0.00029349050000000005,0.0006642118999999998,0.0024243779
2024,12,mattcl-py,input-mattcl,python,0.037558789332432424,0.0010259641213289194,0.0374760494,0.032171418918918906,0.005293008108108108,0.0359758659,0.041865724900000005
