year,day,participant,input,language,mean,stddev,median,user,system,min,max
2024,12,kcen,input-kcen,nim,0.0017974601249999994,0.00036444192074922075,0.0016806194,0.0013400050000000002,0.0005363761999999998,0.0009401079000000002,0.0027660759000000005
2024,12,mattcl,input-kcen,rust,0.0017286892750000007,0.00032899288974523307,0.0015772649000000002,0.0014502966000000004,0.0003950770000000002,0.0012788719,0.0026667399000000003
2024,12,mattcl-py,input-kcen,python,0.04857946090000001,0.0011699473400735986,0.0483130674,0.04323940666666667,0.0052598370000000024,0.0468498179,0.0511579749
2024,12,kcen,input-mattcl,nim,0.0018176615800000004,0.00033760722123318327,0.0016783099000000003,0.0014693583000000004,0.0004509696999999999,0.0011171199000000003,0.0027564479000000003
2024,12,mattcl,input-mattcl,rust,0.0017929959850000012,0.0003587124854180599,0.0016461844,0.001526579999999999,0.0003716098,0.0011009189000000003,0.0027808739000000004
2024,12,mattcl-py,input-mattcl,python,0.048630010529032236,0.001443532497490396,0.0483006299,0.04336937225806453,0.00516275064516129,0.0466035059,0.0538267709
