year,day,participant,input,language,mean,stddev,median,user,system,min,max
2024,12,kcen,input-kcen,nim,0.0018304235849999997,0.00033563307324647725,0.0016882040200000004,0.0013500699999999999,0.0005208847999999999,0.00113888652,0.0027903285200000004
2024,12,mattcl,input-kcen,rust,0.0018368663200000008,0.00033490024711959205,0.0017065235200000002,0.001477349999999999,0.0004184407999999999,0.0011876975200000002,0.00274382052
2024,12,mattcl-py,input-kcen,python,0.03728541934716049,0.0008499185760267243,0.037100732520000006,0.032207716790123464,0.004983672592592593,0.03593887652,0.04013749752
2024,12,kcen,input-mattcl,nim,0.001878462700000001,0.000344651665390332,0.0017356430200000002,0.0014266899999999996,0.0004920775999999999,0.0012731365200000003,0.0028115375200000003
2024,12,mattcl,input-mattcl,rust,0.0018719930449999998,0.00038221223160151286,0.0017142025200000003,0.0014979699999999993,0.00041662689999999995,0.0011211725200000002,0.0029480735200000004
2024,12,mattcl-py,input-mattcl,python,0.03751405845670886,0.0010211858606151557,0.03720768252000001,0.032385576455696195,0.00502833924050633,0.03623587352,0.040582230520000005
