year,day,participant,input,language,mean,stddev,median,user,system,min,max
2024,12,kcen,input-kcen,nim,0.001953264290000001,0.00036257678679925095,0.0019148624600000001,0.0014354858,0.0005497065,0.00097708196,0.00299549996
2024,12,lanjian,input-kcen,rust,0.002655536965000002,0.0003430814565120902,0.00256858596,0.001678144999999999,0.0009218030999999997,0.00178745896,0.00528151896
2024,12,mattcl,input-kcen,rust,0.0019664665050000006,0.00035428522070628693,0.00194693246,0.0014082699999999992,0.0005837719,0.0010369039600000001,0.0030127519599999998
2024,12,mattcl-py,input-kcen,python,0.038041069024102564,0.0008394250473316075,0.03779873896000001,0.03337919897435897,0.004551361025641025,0.036729757960000005,0.04009026896000001
2024,12,kcen,input-lanjian,nim,0.00195708438,0.0003716745918996514,0.00189534496,0.0014315458000000003,0.0005533996999999999,0.0012316989599999999,0.0032314219600000004
2024,12,lanjian,input-lanjian,rust,0.0026083319899999997,0.00028258442566461445,0.00259342196,0.0018651357999999994,0.0007554464000000001,0.00180019296,0.00495604996
2024,12,mattcl,input-lanjian,rust,0.002004688670000001,0.0003669587213217673,0.0019781704600000003,0.0015108599999999997,0.0005259110999999999,0.0013155759599999999,0.00297451096
2024,12,mattcl-py,input-lanjian,python,0.03789203306810813,0.000994528268269766,0.03768648946000001,0.032670042702702705,0.00512449108108108,0.03605779096,0.04069410896
2024,12,kcen,input-mattcl,nim,0.0019651250400000006,0.00035570753259359393,0.0018921644600000001,0.0013954849999999997,0.0005863037000000002,0.00117652596,0.00279126696
2024,12,lanjian,input-mattcl,rust,0.002662058070000001,0.0003402388158595303,0.0026112504599999998,0.0017066999999999994,0.0009137654000000001,0.00188243696,0.00546641596
2024,12,mattcl,input-mattcl,rust,0.0019665070049999997,0.0003491035731853757,0.0018836139600000002,0.0013754849999999999,0.0006206113999999999,0.0011294979600000002,0.00273120596
2024,12,mattcl-py,input-mattcl,python,0.037998198643544305,0.0007347869326497192,0.037950863960000004,0.032711865316455695,0.005200527848101265,0.03658372496000001,0.040173685960000004
