year,day,participant,input,language,mean,stddev,median,user,system,min,max
2024,12,kcen,input-kcen,nim,0.0017504644350000004,0.00033122986918701636,0.0016304292000000001,0.0012619413999999996,0.0005419725000000001,0.0009356482,0.0027027562000000002
2024,12,lanjian,input-kcen,rust,0.002581391305000001,0.00023535568146113267,0.0025706342,0.001701689999999999,0.0008657225000000004,0.0016678992,0.0032008792000000007
2024,12,mattcl,input-kcen,rust,0.0016784133050000002,0.000334136299706635,0.0015479497,0.0013383378,0.0004113074999999999,0.0007886232,0.0027216112
2024,12,mattcl-py,input-kcen,python,0.037709019335135124,0.001231447267448996,0.037347667200000004,0.033468544324324334,0.004183682432432431,0.0359227202,0.0435338492
2024,12,kcen,input-lanjian,nim,0.0017976060449999998,0.0003891463513500108,0.0016273427000000002,0.0013573700000000003,0.0005032725,0.0010094262,0.0032087642
2024,12,lanjian,input-lanjian,rust,0.0026047670149999995,0.00028098197078058133,0.0026005252000000003,0.001840225,0.0007890375000000002,0.0018488682,0.0048251202
2024,12,mattcl,input-lanjian,rust,0.001743204189999999,0.00033159053354278053,0.0015933947000000002,0.0013376199999999997,0.00045836999999999994,0.0011137622,0.0027602842
2024,12,mattcl-py,input-lanjian,python,0.03761968801481481,0.0010419254431970424,0.0373234132,0.03255992987654322,0.004982555555555555,0.0357023672,0.040414519200000006
2024,12,kcen,input-mattcl,nim,0.0017961917750000003,0.0003402489306179782,0.0016584012000000002,0.0013053949999999998,0.0005303175,0.0010840262000000002,0.0026225162
2024,12,lanjian,input-mattcl,rust,0.002575772685000001,0.0002537522268382222,0.0025549102000000006,0.0019266499999999998,0.0006725250000000001,0.0017350352000000003,0.0042980532
2024,12,mattcl,input-mattcl,rust,0.001683045575,0.00033459170529384267,0.0015627767000000003,0.0013631814000000003,0.0003828775000000001,0.0009494442,0.0026259022000000003
2024,12,mattcl-py,input-mattcl,python,0.03756124735000001,0.0009935735563162337,0.0373708467,0.032071670000000004,0.005427187499999999,0.036102606200000005,0.0405858792
