year,day,participant,input,language,mean,stddev,median,user,system,min,max
2024,12,mattcl,input-mattcl,rust,0.002110410555,0.0003698360618421607,0.0021973656600000006,0.0016044000000000002,0.0005684424999999999,0.0014402426600000004,0.0036334106600000005
2024,12,mattcl-py,input-mattcl,python,0.04774496180516131,0.0008714355848044292,0.047521320160000005,0.04297293870967741,0.004719435483870968,0.04643219466,0.05087312266
