year,day,participant,input,language,mean,stddev,median,user,system,min,max
2024,12,kcen,input-kcen,nim,0.0018265755599999995,0.0003706811917857514,0.0016967000000000004,0.0012112467000000003,0.0006574574,0.0009693575000000003,0.0027765825000000003
2024,12,mattcl,input-kcen,rust,0.0015587436049999998,0.00045685583406553153,0.0015351320000000002,0.001295355,0.00034742360000000007,0.0005202265000000001,0.0027663825
2024,12,mattcl-py,input-kcen,python,0.03723132843243244,0.0008448372493038994,0.0371971985,0.03187222756756757,0.005290935675675676,0.0357021235,0.040611918500000004
2024,12,kcen,input-mattcl,nim,0.001850970165000001,0.0003412267222796616,0.0017150190000000001,0.0013172600000000009,0.0005709941999999999,0.0012032155000000003,0.0027884035000000002
2024,12,mattcl,input-mattcl,rust,0.001836691425,0.00036049150178695254,0.0016755350000000001,0.0014007849999999997,0.0004674181999999997,0.0011332145000000002,0.0029875265000000005
2024,12,mattcl-py,input-mattcl,python,0.0376103277739726,0.0010483282216514785,0.0373162775,0.03368148191780822,0.0038545961643835615,0.036121017500000005,0.040243478500000006
