year,day,participant,input,language,mean,stddev,median,user,system,min,max
2024,12,kcen,input-kcen,nim,0.0018920447050000016,0.00035787116021983415,0.00176490822,0.001269905,0.0006262100999999999,0.0011941457199999997,0.0028336647200000002
2024,12,lanjian,input-kcen,rust,0.0026271001850000013,0.00024861195457068436,0.00258523922,0.001587385,0.0009887446,0.00177811772,0.0033293527199999996
2024,12,mattcl,input-kcen,rust,0.0018606493600000008,0.00046048278562212504,0.0017273432199999999,0.001378601,0.0005151906000000001,0.00105103672,0.00508988872
2024,12,mattcl-py,input-kcen,python,0.03736582694784813,0.0008482055143089143,0.03724939872000001,0.03238350759493671,0.004891589873417721,0.035902557720000006,0.041480059720000004
2024,12,kcen,input-lanjian,nim,0.0019439151200000002,0.00035538636764446616,0.0018687932199999999,0.0014016149999999997,0.0005405838999999997,0.0008744367199999999,0.00271946972
2024,12,lanjian,input-lanjian,rust,0.002617672374999999,0.00023239205563042956,0.00261091772,0.00181084,0.0008012834999999996,0.00184000472,0.00440964472
2024,12,mattcl,input-lanjian,rust,0.0019205524899999998,0.00037210202843185726,0.0018148567199999998,0.0014267649999999991,0.0005088421999999998,0.0007966807199999999,0.0028043997199999997
2024,12,mattcl-py,input-lanjian,python,0.03741811588666668,0.0011832194437538983,0.037237341220000005,0.03187846410256409,0.005429562564102564,0.035848164720000006,0.04158732072000001
2024,12,kcen,input-mattcl,nim,0.0019110706149999999,0.00034644658878619654,0.0018287227199999998,0.0013324915,0.0005812135999999999,0.0009838607199999998,0.0029941347199999996
2024,12,lanjian,input-mattcl,rust,0.0026224443399999998,0.0002246400017037546,0.00260041222,0.0018101149999999997,0.0007647118,0.0018679257199999998,0.0033456927199999997
2024,12,mattcl,input-mattcl,rust,0.0019616362950000002,0.0003480785572352732,0.0019393442199999997,0.0014027899999999992,0.000552042,0.0012078607199999998,0.0029732857199999997
2024,12,mattcl-py,input-mattcl,python,0.037239007568101286,0.000551567558276086,0.03724343672,0.031666191139240504,0.005485652658227849,0.03531026772,0.038729259720000006
