year,day,participant,input,language,mean,stddev,median,user,system,min,max
2024,12,kcen,input-kcen,nim,0.0018153665050000011,0.000360168619507647,0.00166438836,0.0012939750000000002,0.0005816450999999999,0.0009681643599999998,0.0027125103600000003
2024,12,mattcl,input-kcen,rust,0.0021173548750000005,0.0003298846073492207,0.00222192236,0.0016727219999999995,0.0005175216999999999,0.0013757173600000001,0.00295265036
2024,12,mattcl-py,input-kcen,python,0.04829023834360656,0.001237324784737425,0.04817427836,0.04271571803278688,0.005500053770491803,0.04649240936,0.05444668436
2024,12,kcen,input-mattcl,nim,0.0018506682449999999,0.00034617854918350417,0.0017433903600000001,0.0014032600000000001,0.0004918016,0.0008140653599999999,0.00272681736
2024,12,mattcl,input-mattcl,rust,0.002099720590000001,0.00045763546792517367,0.00227887336,0.0016192249999999997,0.0005503680999999999,0.00083426336,0.00286295236
2024,12,mattcl-py,input-mattcl,python,0.04846490297016948,0.001176990758210267,0.04841825536,0.042882071186440676,0.005466305084745763,0.04629966836,0.05101904536
