year,day,participant,input,language,mean,stddev,median,user,system,min,max
2024,12,kcen,input-kcen,nim,0.0017830583000000002,0.00033831935153760286,0.0016461349000000001,0.0013537027999999999,0.0004958763999999998,0.0010598574,0.0025051924
2024,12,mattcl,input-kcen,rust,0.0017784954450000003,0.00033975822400145975,0.0016403494,0.0014377300000000001,0.00041434760000000006,0.0009849874,0.0026168014000000003
2024,12,mattcl-py,input-kcen,python,0.037683043041025654,0.0009930149010944184,0.037433043900000004,0.03247917076923076,0.0051256371794871775,0.0361109654,0.0405879544
2024,12,kcen,input-mattcl,nim,0.0017525179050000006,0.00032274390060744226,0.0016185784,0.0013062927999999995,0.0005141709000000001,0.0011227254000000001,0.0024931704000000004
2024,12,mattcl,input-mattcl,rust,0.0018182861299999992,0.0003534963888346141,0.0016625804,0.00141472,0.00046798720000000007,0.0011271234000000002,0.0026871524
2024,12,mattcl-py,input-mattcl,python,0.037484922260759494,0.0006673450053951977,0.0372921654,0.032892819746835444,0.0045166936708860754,0.0363013704,0.0398512044
