year,day,participant,input,language,mean,stddev,median,user,system,min,max
2024,12,kcen,input-kcen,nim,0.0018694546349999992,0.0003433442707018619,0.00171877836,0.0015438899999999992,0.00041419439999999986,0.0011517818599999998,0.00291514286
2024,12,mattcl,input-kcen,rust,0.001872906015,0.0003542538837523722,0.0017284013600000001,0.0015255900000000005,0.00042070620000000025,0.00083737286,0.00281806186
2024,12,mattcl-py,input-kcen,python,0.03797531206253163,0.0011477165307295196,0.03759488086,0.032740934430379745,0.005148168607594936,0.036413539860000003,0.04119604386
2024,12,kcen,input-mattcl,nim,0.0018759767749999998,0.0003612960439316505,0.00171779636,0.0013769950000000002,0.0005656378,0.0011792238600000001,0.00309684386
2024,12,mattcl,input-mattcl,rust,0.00187147801,0.00033555428878762137,0.00174310936,0.00138801,0.0005399598,0.00103194786,0.00265021786
2024,12,mattcl-py,input-mattcl,python,0.03781001238564103,0.001011108863513893,0.037509576360000005,0.033224554358974354,0.0045091174358974345,0.03605145186,0.04109159686
