year,day,participant,input,language,mean,stddev,median,user,system,min,max
2024,12,kcen,input-kcen,nim,0.0017879818,0.00037465434026984337,0.0016478323600000004,0.0013553950000000001,0.0005029995000000001,0.0011112583600000005,0.0032904783600000006
2024,12,lanjian,input-kcen,rust,0.0025442335150000018,0.00038314550210668516,0.0025173208600000004,0.0017671899999999992,0.000788835,0.0016787503600000006,0.005148386360000001
2024,12,mattcl,input-kcen,rust,0.001686998650000001,0.00033711134362575477,0.0015478303600000003,0.0012567867000000002,0.0005011619,0.0010902783600000006,0.00255799636
2024,12,mattcl-py,input-kcen,python,0.03770902189246756,0.0009204581287604128,0.037461153360000006,0.03240541324675325,0.005224354805194806,0.03643723636,0.04122083236
2024,12,kcen,input-lanjian,nim,0.0018222976050000003,0.00037090380415685293,0.0016575563600000004,0.0012878217000000002,0.0005959990999999999,0.0011078423600000005,0.0031921643600000002
2024,12,lanjian,input-lanjian,rust,0.002561553114999998,0.00025849952757361823,0.0025567643600000003,0.0018888717000000016,0.0007159906000000001,0.0017961203600000005,0.0048109343600000005
2024,12,mattcl,input-lanjian,rust,0.0016736330599999999,0.0003523013527396837,0.0015213308600000005,0.001303104999999999,0.0004571486000000001,0.0008866473600000005,0.0025657813600000008
2024,12,mattcl-py,input-lanjian,python,0.03752898486666666,0.0009661096505834607,0.03717140136,0.03198072666666666,0.005509485333333333,0.036125042360000005,0.040062995360000006
2024,12,kcen,input-mattcl,nim,0.0018292777300000004,0.0003506756245098022,0.0017145678600000004,0.001366179999999999,0.0005260982000000001,0.0011147553600000003,0.00310990036
2024,12,lanjian,input-mattcl,rust,0.002521702065000001,0.00027206547304792634,0.0025318773600000004,0.0019231883999999994,0.0006635594999999999,0.0017851793600000005,0.00447430436
2024,12,mattcl,input-mattcl,rust,0.0016656825399999997,0.00037659381472380664,0.0015153293600000005,0.001267895,0.0004680531999999998,0.0006432423600000003,0.0026428953600000004
2024,12,mattcl-py,input-mattcl,python,0.03799526661316456,0.0015618329458088858,0.03754151336,0.032880622025316456,0.005014529620253162,0.03589494036,0.04751934336
