year,day,participant,input,language,mean,stddev,median,user,system,min,max
2024,12,kcen,input-kcen,nim,0.0018623974299999998,0.0003351412282641422,0.0017228492199999998,0.0014164799999999995,0.00051611,0.00109656172,0.0027206527199999998
2024,12,mattcl,input-kcen,rust,0.0018589755650000003,0.00035037692015314157,0.0017102957199999996,0.0014484450000000007,0.00047800500000000004,0.0011495517199999997,0.0036369977199999996
2024,12,mattcl-py,input-kcen,python,0.03773603615999999,0.0010494854018249654,0.03744764872,0.03296723999999998,0.0046707066666666665,0.03602039672,0.04062837472
2024,12,kcen,input-lanjian,nim,0.0019151383549999986,0.00036985143915887526,0.0018265282199999998,0.0014602689999999993,0.0005307224999999999,0.0008191517199999997,0.00283044772
2024,12,mattcl,input-lanjian,rust,0.001866383179999999,0.0003637804532815457,0.0017205347199999999,0.0014968439999999991,0.0004500225,0.0009714567199999998,0.00251079872
2024,12,mattcl-py,input-lanjian,python,0.03820218329692306,0.0017206850151921301,0.03776853472,0.03261868717948718,0.005533044871794871,0.03585052872,0.04799305172
2024,12,kcen,input-mattcl,nim,0.0019112963150000007,0.00034770991997505076,0.0018469662199999998,0.0014596400000000001,0.0005191075,0.0008047347199999998,0.00298998572
2024,12,mattcl,input-mattcl,rust,0.0019019181600000005,0.0003788356251835319,0.0017994027199999998,0.0015117089999999993,0.00046620749999999996,0.0010516077199999997,0.00289463772
2024,12,mattcl-py,input-mattcl,python,0.037632200925128215,0.0009374240074145074,0.03740941722,0.03157523846153847,0.005953185897435895,0.03590031172,0.04061201372
