year,day,participant,input,language,mean,stddev,median,user,system,min,max
2024,12,kcen,input-kcen,nim,0.0018630617149999996,0.0003752198884065608,0.0016983983799999998,0.0014246099999999998,0.0004831783,0.0010316243799999999,0.00274551338
2024,12,lanjian,input-kcen,rust,0.002608045664999999,0.00021421797838817682,0.0026141168799999996,0.0017330174000000007,0.0008684957999999998,0.00175876638,0.0031881113799999998
2024,12,mattcl,input-kcen,rust,0.001850572674999999,0.0003528113181779324,0.00170484488,0.0013974,0.0004982884000000001,0.00111666438,0.00268313638
2024,12,mattcl-py,input-kcen,python,0.03750240805948719,0.0007448505044745296,0.03733154188,0.032056362564102575,0.005362491538461536,0.03599894638,0.03994884038
2024,12,kcen,input-lanjian,nim,0.001824389199999999,0.0003418750132491524,0.00166799638,0.0012958400000000001,0.0005614427999999999,0.0011220643799999997,0.00273692638
2024,12,lanjian,input-lanjian,rust,0.0025080221649999984,0.0003588334533690702,0.0025581618799999997,0.0018330310999999989,0.0006987142000000001,0.00138962538,0.00401886638
2024,12,mattcl,input-lanjian,rust,0.0017261096150000014,0.00043607736219952335,0.0016531228799999999,0.001338713499999999,0.00047140260000000004,0.0006567533799999997,0.0033956203799999996
2024,12,mattcl-py,input-lanjian,python,0.037730390162051285,0.0013208693782893759,0.037346023379999996,0.03241686256410255,0.005238443846153846,0.03629392838,0.04187734038
2024,12,kcen,input-mattcl,nim,0.0018536471499999993,0.00035245133936382463,0.00170816588,0.0014567150000000004,0.0004522182,0.0007886093799999998,0.00279841238
2024,12,lanjian,input-mattcl,rust,0.0026135095850000002,0.00023529473657379083,0.00261105088,0.0018588000000000007,0.0007835142000000001,0.00183298438,0.00449216238
2024,12,mattcl,input-mattcl,rust,0.0018965742949999997,0.00035965025618761457,0.00172551338,0.0014749650000000008,0.00046785399999999997,0.00116252938,0.00317752138
2024,12,mattcl-py,input-mattcl,python,0.03755580427743589,0.0009128748700122374,0.03728611188,0.03316117025641026,0.00430453512820513,0.03617814338,0.04042734738
