year,day,participant,input,language,mean,stddev,median,user,system,min,max
2024,12,kcen,input-kcen,nim,0.0018772643200000005,0.0003654471308706137,0.0017476424399999997,0.0014275600000000005,0.0005249415999999997,0.0010154469399999994,0.0032397599399999998
2024,12,lanjian,input-kcen,rust,0.002608421365,0.00034821267569339303,0.0026034994399999995,0.0020140724999999997,0.0006375370000000001,0.0017090949399999997,0.00502527194
2024,12,mattcl,input-kcen,rust,0.0019351597449999982,0.0003636462142758573,0.0018530689399999997,0.0014680249999999998,0.000520242,0.0011437769399999997,0.0028619729399999997
2024,12,mattcl-py,input-kcen,python,0.03786641806820511,0.0010087828328340601,0.03747865594,0.0325809358974359,0.005210802051282052,0.03635617494,0.04076420594
2024,12,kcen,input-lanjian,nim,0.001914107180000001,0.0003808579155664755,0.0017662124399999998,0.0014552349999999998,0.0005260606,0.0008309509399999996,0.0030443239399999995
2024,12,lanjian,input-lanjian,rust,0.0026020526350000006,0.0002383054250751823,0.00257886294,0.0018208824999999989,0.0007902397999999999,0.0017767509399999998,0.0043631029399999995
2024,12,mattcl,input-lanjian,rust,0.0019484621199999973,0.00035702667483647715,0.0018866824399999997,0.0014972349999999995,0.0005051966,0.0010540189399999996,0.00292769594
2024,12,mattcl-py,input-lanjian,python,0.037710485991282044,0.0010906301103449493,0.03739430394,0.03305388461538462,0.004590272307692308,0.03633965394,0.04158594394
2024,12,kcen,input-mattcl,nim,0.0019174689399999991,0.00035451111317074096,0.0018423449399999998,0.0013384299999999998,0.0006045191999999998,0.0010968489399999998,0.00291112594
2024,12,lanjian,input-mattcl,rust,0.00260771754,0.00025391295402675497,0.00261586244,0.0019597125000000008,0.0006853968000000001,0.0018409019399999995,0.00482518794
2024,12,mattcl,input-mattcl,rust,0.001995600079999999,0.00038125863620733073,0.0019447914399999997,0.0015237549999999995,0.0005026259999999999,0.0011619409399999995,0.00292285694
2024,12,mattcl-py,input-mattcl,python,0.03787307287333334,0.0012586525111811565,0.03754385794,0.03285767333333332,0.0049574575999999995,0.03586838094,0.04271588994
