year,day,participant,input,language,mean,stddev,median,user,system,min,max
2024,12,kcen,input-kcen,nim,0.0017103315600000002,0.0004762704270419204,0.00165936008,0.0012610302,0.000485002,0.0005834050800000001,0.0029592340800000004
2024,12,mattcl,input-kcen,rust,0.0018822291649999998,0.000372472251670956,0.0017881550800000002,0.001444335,0.00044571249999999997,0.0007693030799999999,0.0029732790800000002
2024,12,mattcl-py,input-kcen,python,0.03742019099139241,0.000882000459694807,0.03724411908,0.03206863645569621,0.005239073417721518,0.03595356308,0.04095181208
2024,12,kcen,input-mattcl,nim,0.0019292819699999997,0.00032846281627724904,0.00186404308,0.0013393084000000008,0.0005776149999999999,0.00117725708,0.0028120680799999997
2024,12,mattcl,input-mattcl,rust,0.0019031485849999995,0.0003580605482322254,0.00177417458,0.0012390518,0.0006514795,0.0010646360800000002,0.00287967408
2024,12,mattcl-py,input-mattcl,python,0.03754434034923076,0.0007574949173487479,0.03741197358,0.03253382,0.004909021794871795,0.03620679708,0.04059943208
