year,day,participant,input,language,mean,stddev,median,user,system,min,max
2024,12,kcen,input-kcen,nim,0.0016856473250000008,0.00040011324160528413,0.0015970756800000004,0.0013115045999999998,0.00046520199999999995,0.0005500926800000003,0.0027364116800000005
2024,12,lanjian,input-kcen,rust,0.002515965319999998,0.00030972895194668245,0.0025374346800000006,0.0018188082,0.0007208963999999999,0.0017090696800000004,0.00435406768
2024,12,mattcl,input-kcen,rust,0.001767788695,0.00037054169037587095,0.0016052406800000003,0.0013664700000000003,0.00046478719999999994,0.0010768176800000002,0.0028867636800000004
2024,12,mattcl-py,input-kcen,python,0.037309940604050636,0.0009690672421752126,0.03704010768,0.03255461670886075,0.0046842010126582284,0.03608693568,0.040613712680000004
2024,12,kcen,input-lanjian,nim,0.0017722861000000003,0.00034732657188706105,0.0016095996800000003,0.0013045749999999997,0.0005369529999999996,0.0013739226800000004,0.0027561486800000002
2024,12,lanjian,input-lanjian,rust,0.0026108287400000013,0.00031717492752236966,0.0025796841800000006,0.0017159415999999988,0.0009024074000000002,0.0017943396800000006,0.00499306268
2024,12,mattcl,input-lanjian,rust,0.001784788945000001,0.0003601877768249713,0.0016352121800000004,0.001410584999999999,0.00044921360000000016,0.0011756516800000005,0.0027523016800000003
2024,12,mattcl-py,input-lanjian,python,0.03735439460307692,0.0022242964159807773,0.03688506268,0.03199739794871795,0.005287610256410257,0.035978301680000005,0.055007847680000006
2024,12,kcen,input-mattcl,nim,0.0017778849699999996,0.0003381511623395726,0.0016488776800000003,0.0014102799999999999,0.0004287711999999998,0.0009451916800000002,0.0025841766800000004
2024,12,lanjian,input-mattcl,rust,0.002593032214999999,0.000299296671924017,0.0025942206800000003,0.001973874999999999,0.0006611634000000001,0.0017758246800000004,0.00482043068
2024,12,mattcl,input-mattcl,rust,0.0018115622400000017,0.0003449189072216122,0.0016577496800000003,0.0014613850000000006,0.0004189497999999996,0.0011634196800000005,0.0027806556800000003
2024,12,mattcl-py,input-mattcl,python,0.0374488251925,0.0011318755628318754,0.03705935968,0.03248024249999999,0.004897839000000002,0.03612269168,0.04150603168
