year,day,participant,input,language,mean,stddev,median,user,system,min,max
2024,12,kcen,input-kcen,nim,0.0018567599299999982,0.00036765597885069255,0.00169203848,0.0013736988000000012,0.0005200125,0.00134962798,0.00293760098
2024,12,lanjian,input-kcen,rust,0.0026003829800000013,0.00027171616969201605,0.00256262298,0.0017454099999999989,0.0008192184999999999,0.00182258298,0.00422263598
2024,12,mattcl,input-kcen,rust,0.0018196277949999995,0.0003420275868829819,0.0016620124799999999,0.001348540000000001,0.0005048065000000002,0.00114753898,0.00265399998
2024,12,mattcl-py,input-kcen,python,0.03765622648632911,0.001098995840769233,0.03728706198000001,0.03304340455696203,0.004528686075949366,0.03609651298,0.04285698898
2024,12,kcen,input-lanjian,nim,0.0018371404499999998,0.00036515408568442626,0.00169432748,0.0013252188,0.0005377659999999999,0.0009432369799999998,0.0029728259799999997
2024,12,lanjian,input-lanjian,rust,0.0025975527199999992,0.0002873086380104845,0.00261690948,0.0020282449999999997,0.0005979094999999997,0.00172571198,0.00507926998
2024,12,mattcl,input-lanjian,rust,0.001899984885000001,0.00035987056855887856,0.00178418648,0.001508013799999999,0.00044021150000000004,0.0011887959799999999,0.00293392298
2024,12,mattcl-py,input-lanjian,python,0.03751050495297298,0.0009971287773050351,0.037259104980000006,0.032664199459459475,0.0047672216216216225,0.03594240498,0.040162083980000006
2024,12,kcen,input-mattcl,nim,0.0018415476850000008,0.00035655614768051864,0.00169726298,0.001389475,0.00048599600000000004,0.0010584329799999998,0.00264455198
2024,12,lanjian,input-mattcl,rust,0.0025987838850000007,0.0002377341347123571,0.00259549498,0.001785465,0.0008046059999999997,0.00177296998,0.00372353198
2024,12,mattcl,input-mattcl,rust,0.0018325725200000018,0.00035273455256826784,0.00168922798,0.0014227537999999997,0.000464147,0.00100572398,0.00271339998
2024,12,mattcl-py,input-mattcl,python,0.03726096087873417,0.0007634637358391872,0.03708775898,0.03188235392405062,0.005276060759493671,0.035621713980000004,0.039830442980000005
