year,day,participant,input,language,mean,stddev,median,user,system,min,max
2024,12,kcen,input-kcen,nim,0.0019038478150000013,0.0003530831072927399,0.00178785092,0.0014248051,0.0005294089999999997,0.0010044794199999998,0.0028221824200000004
2024,12,lanjian,input-kcen,rust,0.002608125770000001,0.00035601720035436247,0.00258163242,0.0019162850000000004,0.0007349193999999998,0.00178121342,0.00532601142
2024,12,mattcl,input-kcen,rust,0.0019376526000000002,0.00035924797817702325,0.0018490009200000002,0.0015821799999999997,0.00041799419999999994,0.00106957142,0.00265371742
2024,12,mattcl-py,input-kcen,python,0.03722840929341772,0.0008423588304736177,0.03720766642000001,0.031649688860759494,0.005471486582278483,0.035814488420000005,0.039479440420000005
2024,12,kcen,input-lanjian,nim,0.001907092465000001,0.00034855730952347596,0.00180499342,0.0013759949999999999,0.0005697880000000001,0.00115605342,0.0027348094200000004
2024,12,lanjian,input-lanjian,rust,0.0026374862850000024,0.0002948836625010054,0.00258422292,0.0017321500000000004,0.000878847,0.0018770734200000002,0.00521145742
2024,12,mattcl,input-lanjian,rust,0.0018895536599999995,0.00038096667679245096,0.00172788492,0.0014791200000000007,0.0004727035999999999,0.0008223584200000001,0.0028811844200000002
2024,12,mattcl-py,input-lanjian,python,0.03746571539435899,0.0009075867257776481,0.03721487492,0.03231298000000001,0.005055490769230768,0.03601390142000001,0.04055085742
2024,12,kcen,input-mattcl,nim,0.0018979156450000005,0.00034893599264613584,0.00176832942,0.0013521850999999995,0.0006014821999999999,0.00123894842,0.0028631204200000003
2024,12,lanjian,input-mattcl,rust,0.002605347054999999,0.00023405689501729583,0.00259987642,0.0018108701000000003,0.0008276696,0.0018383414200000001,0.00437262642
2024,12,mattcl,input-mattcl,rust,0.0018798255999999999,0.00035644017792826785,0.0017019904199999999,0.0015041800000000008,0.00045387579999999996,0.00119578742,0.00278029442
2024,12,mattcl-py,input-mattcl,python,0.037548841103544305,0.003141711837988788,0.036882658420000006,0.032526017974683546,0.004937734683544305,0.03533334742,0.06337123542
