year,day,participant,input,language,mean,stddev,median,user,system,min,max
2024,12,kcen,input-kcen,nim,0.0017184405,0.00034154547347919136,0.0015758873400000004,0.0013240105,0.000456616,0.0011418763400000004,0.0026892293400000004
2024,12,mattcl,input-kcen,rust,0.0016431548600000013,0.00031344314844360664,0.0015044338400000004,0.0013678910000000002,0.0003561716,0.0010810213400000005,0.0026292573400000007
2024,12,mattcl-py,input-kcen,python,0.03703787603620253,0.0009545027172315132,0.03681438034,0.03218384936708861,0.004771365569620251,0.03576441634,0.04032991734
2024,12,kcen,input-mattcl,nim,0.0017887050000000007,0.0003705012351379116,0.0016298633400000004,0.0013485399999999996,0.0004917518999999999,0.0010805103400000002,0.0028470663400000005
2024,12,mattcl,input-mattcl,rust,0.0016490773250000007,0.0003490856915907062,0.0015176183400000005,0.0013211650000000002,0.00040552839999999986,0.0006613663400000003,0.0028031033400000003
2024,12,mattcl-py,input-mattcl,python,0.037007892690649365,0.0010829447044191443,0.03677794234,0.03215436753246754,0.004759306753246754,0.03566524034,0.04087047834
