year,day,participant,input,language,mean,stddev,median,user,system,min,max
2024,12,kcen,input-kcen,nim,0.0019416361549999994,0.0003357347955572857,0.0018660572000000002,0.0014246250000000005,0.0005676467999999999,0.0011824522000000001,0.0026746572
2024,12,lanjian,input-kcen,rust,0.00259346025,0.0002278527528013283,0.0025541912,0.001840285,0.000760488,0.0018718732,0.0033737962
2024,12,mattcl,input-kcen,rust,0.0019190185749999994,0.0003687308166348937,0.0018335057,0.0014536737999999993,0.0005132305999999999,0.0011555712000000003,0.0029709212000000006
2024,12,mattcl-py,input-kcen,python,0.037501560555263165,0.0008821832974845186,0.037238090700000004,0.03186521368421053,0.005567851578947369,0.036145624200000004,0.0407655882
2024,12,kcen,input-lanjian,nim,0.0019470280100000003,0.0003616280921559685,0.0018969807000000002,0.0013564700000000011,0.0006283157999999997,0.0009526112000000003,0.0029436912
2024,12,lanjian,input-lanjian,rust,0.002679481900000001,0.00033017558404282424,0.0026126912000000004,0.0018304150000000006,0.0008028346000000002,0.0018907282,0.0049925892000000005
2024,12,mattcl,input-lanjian,rust,0.0018924167449999993,0.00038960630089288225,0.0018073267,0.0013897899999999997,0.0005626101999999997,0.0009718872000000002,0.0028353172
2024,12,mattcl-py,input-lanjian,python,0.03762960218717948,0.0008390599002967007,0.037553542700000005,0.03232926564102563,0.005226410769230768,0.03619803320000001,0.0403060582
2024,12,kcen,input-mattcl,nim,0.0019509722899999997,0.00036259025716967876,0.0018717177000000002,0.0015162750000000007,0.0005019816000000001,0.0011379182,0.0032460972
2024,12,lanjian,input-mattcl,rust,0.00259594473,0.0002874979313989275,0.0025769692,0.0017622450000000015,0.0008481523999999998,0.0018922622,0.0051877742
2024,12,mattcl,input-mattcl,rust,0.001993083675,0.0003456878342340187,0.0019609047,0.0016009538000000007,0.00045807079999999993,0.0014242942,0.0027869272000000003
2024,12,mattcl-py,input-mattcl,python,0.037949106238461545,0.00103312782838307,0.037705461700000005,0.032698778461538465,0.005168638461538462,0.0360904312,0.0407644672
