year,day,participant,input,language,mean,stddev,median,user,system,min,max
2024,12,kcen,input-kcen,nim,0.001865965505,0.00035520681652640454,0.0017172232200000003,0.0013172300000000004,0.0005647871000000001,0.0011271787200000005,0.003031023720000001
2024,12,lanjian,input-kcen,rust,0.002669965605000001,0.00024592677373227095,0.0026500707200000006,0.001846975000000001,0.0008207780000000002,0.0017884667200000004,0.00458918272
2024,12,mattcl,input-kcen,rust,0.001751549055,0.00035553753704266545,0.0016180032200000004,0.0013603750000000003,0.00043097159999999976,0.0011328997200000003,0.0030314247200000006
2024,12,mattcl-py,input-kcen,python,0.03787479820717949,0.0008643505219617666,0.03770713572000001,0.03300467487179486,0.004790594871794871,0.036666201720000006,0.040377281720000005
2024,12,kcen,input-lanjian,nim,0.0019192919350000013,0.0003590650644439101,0.0017843447200000004,0.0014750199999999996,0.00047129690000000004,0.0012135007200000003,0.0029042667200000006
2024,12,lanjian,input-lanjian,rust,0.00264834866,0.00019658647816726214,0.0026660257200000004,0.0018271080999999981,0.0008180259000000001,0.0018525667200000005,0.0031905637200000006
2024,12,mattcl,input-lanjian,rust,0.0017928479949999995,0.0003443255997607825,0.0016455992200000004,0.0013338000000000004,0.0004870348000000001,0.0012184097200000003,0.0028114727200000003
2024,12,mattcl-py,input-lanjian,python,0.03761467561743591,0.0007872395883974407,0.037462673220000006,0.03181579025641025,0.005697361794871793,0.036465996720000005,0.04097311772000001
2024,12,kcen,input-mattcl,nim,0.0018854243000000004,0.0003786902413337061,0.0017351772200000005,0.0013639581000000007,0.000538828,0.0007412557200000002,0.0029023527200000006
2024,12,lanjian,input-mattcl,rust,0.0024899733149999995,0.0004866445367367951,0.0026031932200000006,0.0017544835999999985,0.0007547279999999998,0.0014223717200000006,0.0061505367200000004
2024,12,mattcl,input-mattcl,rust,0.001735483345000001,0.00032466058682563284,0.0016179177200000006,0.0013081861999999997,0.00045405630000000004,0.0010590307200000005,0.0024982667200000004
2024,12,mattcl-py,input-mattcl,python,0.037776107514871815,0.0008239558350453516,0.03766936522,0.032956649230769214,0.004751505897435899,0.03648738672000001,0.04026122472000001
