year,day,participant,input,language,mean,stddev,median,user,system,min,max
2024,12,kcen,input-kcen,nim,0.0017484179300000006,0.00034029806761896766,0.0015849132800000007,0.0012276399999999997,0.000582492,0.0011230742800000008,0.002753102280000001
2024,12,mattcl,input-kcen,rust,0.0017411688500000011,0.0003589969624173295,0.0015699902800000007,0.0014083750000000001,0.00041176399999999996,0.0009717612800000006,0.002777688280000001
2024,12,mattcl-py,input-kcen,python,0.03725926125468357,0.0009324223651460276,0.037154836280000006,0.03173993898734176,0.005472777215189872,0.035974848280000006,0.041323821280000006
2024,12,kcen,input-mattcl,nim,0.0017664446100000009,0.00035466131871252267,0.0016278487800000007,0.00139987,0.00044139,0.0011073852800000006,0.0028319002800000007
2024,12,mattcl,input-mattcl,rust,0.0017612641400000003,0.00036059212420887373,0.0016327677800000008,0.0013654100000000003,0.00046482500000000004,0.0010757262800000008,0.002858479280000001
2024,12,mattcl-py,input-mattcl,python,0.037073558811645584,0.0007298436391974799,0.03699481528,0.03234016683544305,0.004649278481012658,0.035848943280000004,0.039980499280000005
