year,day,participant,input,language,mean,stddev,median,user,system,min,max
2024,12,kcen,input-kcen,nim,0.0018519781649999996,0.00035403185790618976,0.0017114062600000002,0.0013682039000000002,0.0005291070000000004,0.00113105926,0.0030835452600000003
2024,12,mattcl,input-kcen,rust,0.0018122649849999998,0.0003584971825475369,0.0016592732600000002,0.0013874339000000003,0.0004905271999999999,0.0012679862600000003,0.0028065362600000004
2024,12,mattcl-py,input-kcen,python,0.037323921854936715,0.0010703261628811857,0.03707302526,0.03209554911392406,0.005125049367088607,0.03565744326,0.04155180026
2024,12,kcen,input-mattcl,nim,0.001923610255000002,0.0003512451637334323,0.0018027762600000003,0.0013033349999999994,0.0006358351000000001,0.00105771126,0.00277960726
2024,12,mattcl,input-mattcl,rust,0.0018231353600000003,0.00035443486973120604,0.0016885677600000002,0.001423285,0.000451429,0.0008065012600000001,0.00265715726
2024,12,mattcl-py,input-mattcl,python,0.037377178272658226,0.0010497937812581305,0.03712710526,0.031670776962025325,0.005633125063291141,0.03560433426,0.04052407726
