year,day,participant,input,language,mean,stddev,median,user,system,min,max
2024,12,kcen,input-kcen,nim,0.0016535668750000015,0.0003084338356731473,0.00154395586,0.0011903709000000008,0.0005177640000000001,0.0009863313600000003,0.0027206193600000004
2024,12,mattcl,input-kcen,rust,0.001831144085,0.00033911580116670185,0.0016758733600000001,0.0014330559000000007,0.00043180580000000017,0.0011349693600000003,0.0028001483600000004
2024,12,mattcl-py,input-kcen,python,0.036969923122500005,0.000903276697159247,0.03675446336,0.031944707499999996,0.0049380795,0.03539537736000001,0.04030183736000001
2024,12,kcen,input-mattcl,nim,0.0017228183200000008,0.00033469787034334455,0.0015977358600000003,0.0012386309000000002,0.0005314504000000002,0.00115760236,0.0028659813600000004
2024,12,mattcl,input-mattcl,rust,0.0018890841350000002,0.0003674331421277123,0.00170535286,0.0014203517999999997,0.0005037941999999999,0.0011790923600000004,0.0029493873600000007
2024,12,mattcl-py,input-mattcl,python,0.03732826021526315,0.0011015631621059555,0.037028586860000004,0.03229535947368421,0.0049432094736842095,0.03554920536,0.040358534360000003
