year,day,participant,input,language,mean,stddev,median,user,system,min,max
2024,12,kcen,input-kcen,nim,0.0018925810999999987,0.0003520442103396828,0.00179464536,0.0013356147999999993,0.0006102841000000003,0.00112576486,0.00288776986
2024,12,lanjian,input-kcen,rust,0.0026234184900000013,0.0002645083221474504,0.00261442286,0.0018545947999999992,0.0007921191000000002,0.00182487186,0.00518140686
2024,12,mattcl,input-kcen,rust,0.001954094480000001,0.0003648629081999514,0.0018730668599999999,0.001496485,0.0005172893999999998,0.00104055486,0.00300514886
2024,12,mattcl-py,input-kcen,python,0.03774524697688313,0.0010654229842473359,0.037416887860000005,0.032314559480519485,0.005307232987012986,0.03611620586000001,0.041628572860000004
2024,12,kcen,input-lanjian,nim,0.0019765812349999985,0.00036891318554064064,0.00189431136,0.0014789600000000003,0.0005439748999999997,0.0011267968599999998,0.0032065248599999997
2024,12,lanjian,input-lanjian,rust,0.002679444455000001,0.0003580396435443395,0.00263335336,0.0017600797999999993,0.0009157146,0.00177357486,0.00574176486
2024,12,mattcl,input-lanjian,rust,0.0020100457400000003,0.00035922583587811067,0.00195832136,0.001515689599999999,0.0005624831,0.0011984608600000002,0.0031028908600000005
2024,12,mattcl-py,input-lanjian,python,0.037439628983456784,0.0009627625077276898,0.03724981686000001,0.032929681975308635,0.004424414320987654,0.03586489786000001,0.04065494286000001
2024,12,kcen,input-mattcl,nim,0.00194735582,0.00034360491432962044,0.0018960848600000002,0.0014333450000000004,0.0005557972,0.00119344086,0.0027755798600000003
2024,12,lanjian,input-mattcl,rust,0.002636815345000001,0.00022086399200203536,0.00260381786,0.00180846,0.00080673,0.0018854048599999998,0.0032829278599999998
2024,12,mattcl,input-mattcl,rust,0.001974692415,0.000377679474449791,0.00191564686,0.0015401049999999997,0.0004961753,0.00122601186,0.00302626786
2024,12,mattcl-py,input-mattcl,python,0.03765093648025316,0.0011156770535059647,0.03736912086000001,0.032800736202531655,0.004795628607594937,0.035562963860000005,0.04139456786000001
