year,day,participant,input,language,mean,stddev,median,user,system,min,max
2024,12,kcen,input-kcen,nim,0.0019871529450000004,0.00038466972399355963,0.0019246114400000005,0.0014672050000000003,0.0005595774999999999,0.0011187419400000005,0.0027842319400000004
2024,12,lanjian,input-kcen,rust,0.0026137901100000004,0.0002849144178407416,0.0026139629400000006,0.0017587700000000006,0.0008691975,0.0016661069400000002,0.004725397940000001
2024,12,mattcl,input-kcen,rust,0.0019352325600000015,0.00037391561499181756,0.0018404384400000006,0.001616005,0.00039452299999999987,0.0010455649400000003,0.0029514539400000003
2024,12,mattcl-py,input-kcen,python,0.03775896465794871,0.0014729672743803233,0.03741594194,0.03259480717948718,0.005079585897435897,0.035561050940000005,0.04626646394
2024,12,kcen,input-lanjian,nim,0.0019694434,0.00038409976149490196,0.0018939939400000004,0.0014100500000000001,0.0005899084999999997,0.0009943189400000003,0.003008941940000001
2024,12,lanjian,input-lanjian,rust,0.002630617510000001,0.0002500825856804673,0.002588980940000001,0.0017813849999999984,0.0008482805,0.0019370249400000004,0.005239739940000001
2024,12,mattcl,input-lanjian,rust,0.001956033635000001,0.0003888044038396006,0.0019195914400000004,0.001501734999999999,0.0005030425,0.0010469979400000002,0.003103879940000001
2024,12,mattcl-py,input-lanjian,python,0.038146007081025654,0.0013300308519578724,0.03785209844000001,0.03349042256410257,0.004588133333333334,0.036178487940000004,0.04377919394
2024,12,kcen,input-mattcl,nim,0.0019108582249999998,0.00033342886207324805,0.0018162784400000004,0.0013124150000000006,0.00063213,0.0013638909400000006,0.0030702169400000003
2024,12,lanjian,input-mattcl,rust,0.0026594128,0.0002998871793623058,0.0025998709400000004,0.0018900200000000003,0.000759686,0.0018157579400000005,0.004692344940000001
2024,12,mattcl,input-mattcl,rust,0.0019623109900000005,0.0003686517688212995,0.0018815709400000005,0.0015792099999999997,0.0004633575,0.0010811309400000006,0.0027352089400000004
2024,12,mattcl-py,input-mattcl,python,0.03760743127333335,0.0008211538206703566,0.037421115940000006,0.03244715333333333,0.005064534615384615,0.03592180694,0.04073887994000001
