year,day,participant,input,language,mean,stddev,median,user,system,min,max
2024,12,kcen,input-kcen,nim,0.0018810952900000003,0.0003484138030407296,0.0017428059000000001,0.0014289950000000004,0.0004985871,0.0009870914,0.0029117744000000004
2024,12,mattcl,input-kcen,rust,0.0019047301899999993,0.000349821179534732,0.0017594069000000001,0.0014851000000000005,0.0004772662999999998,0.0012199874000000002,0.0028009674000000003
2024,12,mattcl-py,input-kcen,python,0.03792842128607596,0.00118607554709079,0.037652355400000004,0.03347986911392406,0.004339969620253164,0.03612099740000001,0.041461538400000005
2024,12,kcen,input-mattcl,nim,0.0019127157649999995,0.0003488206110894623,0.0017942179000000002,0.0014466150000000003,0.0005104681999999999,0.0010014674,0.0029245384
2024,12,mattcl,input-mattcl,rust,0.0019411779500000009,0.00037211819165991987,0.0018393864,0.0014592149999999996,0.0005310958999999999,0.0007706254000000001,0.0029890394
2024,12,mattcl-py,input-mattcl,python,0.037260488776623385,0.0009324464885452652,0.03712204140000001,0.03207469584415582,0.00511073012987013,0.03603350340000001,0.040582672400000006
