year,day,participant,input,language,mean,stddev,median,user,system,min,max
2024,12,kcen,input-kcen,nim,0.0019129260849999998,0.0003437826914809868,0.0018430962000000003,0.0013302616999999997,0.0006208488000000001,0.0010398772000000003,0.0029277152000000005
2024,12,lanjian,input-kcen,rust,0.0025725631050000004,0.00032988722654932873,0.0025246407,0.001684465000000001,0.0008603261999999998,0.0017137372,0.004919949200000001
2024,12,mattcl,input-kcen,rust,0.0018223413600000002,0.00038559416113596065,0.0016664932,0.0013678600000000003,0.0004921217999999999,0.0012733572000000002,0.0028906952
2024,12,mattcl-py,input-kcen,python,0.03737086054177215,0.0008603697667036779,0.03725441820000001,0.03285015367088607,0.004456421772151897,0.0359929712,0.040586898200000006
2024,12,kcen,input-lanjian,nim,0.001918662539999999,0.0003641227931895022,0.0018423052,0.001378985,0.0005825527999999999,0.0011257102000000003,0.0027975002
2024,12,lanjian,input-lanjian,rust,0.002589492129999999,0.00023217185802798315,0.0025818332000000005,0.001696345,0.0009049116,0.0017947602000000003,0.004762453200000001
2024,12,mattcl,input-lanjian,rust,0.0018402033249999997,0.00036289425098680724,0.0017243372000000001,0.0013849933999999988,0.000498165,0.0009032002000000001,0.0027590182000000003
2024,12,mattcl-py,input-lanjian,python,0.037467673392307686,0.001038247227247661,0.0372749332,0.03180758307692306,0.005557737948717949,0.0357578402,0.040678322200000006
2024,12,kcen,input-mattcl,nim,0.001883983730000001,0.00035339171773100944,0.0017624542000000002,0.001350505,0.0005867425999999998,0.0010273842000000002,0.0030036382
2024,12,lanjian,input-mattcl,rust,0.002594362145000001,0.00031071004963650195,0.0025564652,0.0016029683999999999,0.0009569928,0.0018669262000000002,0.0048308612
2024,12,mattcl,input-mattcl,rust,0.001747143865,0.0003744299315953322,0.0015873647000000002,0.0013118416999999996,0.0005000015999999999,0.0009300912000000001,0.0028679522
2024,12,mattcl-py,input-mattcl,python,0.0375664618875,0.0009280840431911817,0.03734394420000001,0.0328178975,0.004667569499999998,0.035943661200000004,0.0405309452
