year,day,participant,input,language,mean,stddev,median,user,system,min,max
2024,12,kcen,input-kcen,nim,0.00190432191,0.00037242581852040305,0.0017581793800000001,0.0014524414000000004,0.0005076537,0.00112347088,0.00279773588
2024,12,mattcl,input-kcen,rust,0.0019484894449999996,0.0003917682535084372,0.0018362863800000001,0.0014360699999999998,0.0005423775999999999,0.0007188338800000002,0.00308275088
2024,12,mattcl-py,input-kcen,python,0.037607106354358995,0.0009169742556893468,0.03731351038,0.03189307794871794,0.005619226923076924,0.036511473880000006,0.04085296288
2024,12,kcen,input-mattcl,nim,0.002014398885000001,0.0003706480625011472,0.00194588088,0.0014543450000000001,0.0005699921000000001,0.00115104288,0.00325337888
2024,12,mattcl,input-mattcl,rust,0.0019791764900000002,0.00036763829526603785,0.0019005713800000002,0.0015661899999999999,0.0004440013999999999,0.0010620968800000002,0.0027157228800000002
2024,12,mattcl-py,input-mattcl,python,0.03762734948759493,0.0010379848730153306,0.037337860880000004,0.03240420177215189,0.0051310298734177215,0.03610462288,0.040977906880000005
