year,day,participant,input,language,mean,stddev,median,user,system,min,max
2024,12,kcen,input-kcen,nim,0.0019853090749999995,0.0003562830946256927,0.0018970025800000003,0.0014505349999999998,0.0005391534999999999,0.0011622525800000002,0.0028535395800000003
2024,12,mattcl,input-kcen,rust,0.001929530005000001,0.0003791207953724295,0.0018199380800000002,0.0014725100000000007,0.00048342589999999993,0.0011814275800000004,0.0032044455800000005
2024,12,mattcl-py,input-kcen,python,0.037650679466075955,0.00113217124978649,0.037341674580000005,0.03191913189873418,0.005614495443037976,0.03545345858000001,0.04063581158000001
2024,12,kcen,input-mattcl,nim,0.0019057781400000004,0.00035678431453403897,0.0017731310800000004,0.0013331101000000007,0.000594489,0.0011129195800000003,0.0028758005800000003
2024,12,mattcl,input-mattcl,rust,0.0019345681899999997,0.00034804056652033665,0.0018552595800000004,0.0014687651,0.00048397219999999985,0.0010602705800000002,0.0027827755800000006
2024,12,mattcl-py,input-mattcl,python,0.03750205718759495,0.0009228523405249869,0.037339659580000004,0.03263477746835443,0.0047592124050632924,0.035551962580000006,0.04065072958
