year,day,participant,input,language,mean,stddev,median,user,system,min,max
2024,12,kcen,input-kcen,nim,0.001868826135000001,0.00034851719504325044,0.00174369298,0.0013805109999999996,0.0005174665,0.00119262198,0.00264377998
2024,12,mattcl,input-kcen,rust,0.0018994455150000019,0.00033876804008362303,0.00175261498,0.0014981400000000007,0.00043003249999999985,0.0010373699800000002,0.00259205198
2024,12,mattcl-py,input-kcen,python,0.03766353782615387,0.0010014781788712493,0.03732627398,0.03236354358974359,0.005162523076923078,0.03616044998,0.04026949598
2024,12,kcen,input-mattcl,nim,0.0019256413,0.00033831096057317935,0.0018169859800000001,0.0013228760000000006,0.0006104670000000001,0.0011786549799999999,0.00289571098
2024,12,mattcl,input-mattcl,rust,0.0018984691649999996,0.00036000851841842574,0.0017374769800000002,0.0014478100000000005,0.0004835944999999999,0.00118602898,0.0029193649800000002
2024,12,mattcl-py,input-mattcl,python,0.03745138187873418,0.0010411507649944255,0.03712253198,0.032735306329113915,0.004631688607594936,0.03599032198,0.04013771998
