year,day,participant,input,language,mean,stddev,median,user,system,min,max
2024,12,kcen,input-kcen,nim,0.001688303249999999,0.00030819511366222843,0.0015669013,0.0011997050000000003,0.0005290535000000001,0.0012122978,0.0028798788
2024,12,mattcl,input-kcen,rust,0.001512998504999999,0.00024776030506158366,0.0014414408,0.0011653913,0.0003991375,0.0009017267999999999,0.0027550258
2024,12,mattcl-py,input-kcen,python,0.037022916362500005,0.00088802801717459,0.03679198480000001,0.03159542999999999,0.005336013749999998,0.03596696580000001,0.040004443800000004
2024,12,kcen,input-mattcl,nim,0.0017493248799999998,0.0003451356160776224,0.0016178863,0.0013401821000000008,0.0004640525,0.0009776588,0.0027970438
2024,12,mattcl,input-mattcl,rust,0.0015254605599999997,0.0002856286739278311,0.0014496568,0.0011938471000000005,0.00038990750000000005,0.0005287687999999998,0.0027505378000000002
2024,12,mattcl-py,input-mattcl,python,0.0371688162878049,0.0009680218411823569,0.0369506473,0.031967031219512186,0.005081179268292683,0.03562726980000001,0.0418663598
