year,day,participant,input,language,mean,stddev,median,user,system,min,max
2024,12,kcen,input-kcen,nim,0.001773495854999998,0.00034569709823167145,0.0016288074999999996,0.0013431417000000002,0.0004980588000000001,0.0010859474999999996,0.0027615114999999997
2024,12,lanjian,input-kcen,rust,0.002555519745000001,0.00022720259952033778,0.0025316464999999995,0.0017023900000000007,0.0008489657,0.0018076574999999996,0.0031364924999999996
2024,12,mattcl,input-kcen,rust,0.0018057312950000002,0.0003579850680477873,0.0016465909999999995,0.0013769499999999998,0.0004963182000000001,0.0011508584999999996,0.0026903284999999994
2024,12,mattcl-py,input-kcen,python,0.03723862017500001,0.000966933084674279,0.036976167500000004,0.03223729750000002,0.0049454912500000005,0.036099702500000004,0.040940958500000006
2024,12,kcen,input-lanjian,nim,0.0017889206049999992,0.000347437209275937,0.0016487904999999995,0.0013212566999999996,0.0005325333000000001,0.0008973144999999995,0.0027760184999999996
2024,12,lanjian,input-lanjian,rust,0.0025718199399999988,0.00027805998022928797,0.0025723924999999995,0.0019071749999999988,0.0007107230999999999,0.0018155524999999995,0.004751123499999999
2024,12,mattcl,input-lanjian,rust,0.0017811361699999995,0.0003496298431517146,0.0016506079999999996,0.0013987650000000006,0.00045439270000000015,0.0009636074999999995,0.0030885935
2024,12,mattcl-py,input-lanjian,python,0.03720137798101266,0.0008401480529799017,0.036946936500000006,0.032899697974683555,0.004238534683544304,0.036023369500000006,0.040116807500000004
2024,12,kcen,input-mattcl,nim,0.00176568697,0.00033065285573336917,0.0016417119999999994,0.0014053599999999996,0.00044029770000000005,0.0012613854999999996,0.0029461064999999997
2024,12,lanjian,input-mattcl,rust,0.0025568434049999993,0.00031101958764003087,0.0025586969999999995,0.0018242400000000004,0.0007440296999999998,0.0016834344999999994,0.004814111499999999
2024,12,mattcl,input-mattcl,rust,0.0018358498349999991,0.00038666675667600975,0.0016722334999999997,0.0013839916999999998,0.0005010491000000002,0.0010012794999999996,0.002974409499999999
2024,12,mattcl-py,input-mattcl,python,0.03712162523750001,0.0007824064349526955,0.03701275550000001,0.03173323499999999,0.005308366499999999,0.035685457500000003,0.040137896500000006
