year,day,participant,input,language,mean,stddev,median,user,system,min,max
2024,12,kcen,input-kcen,nim,0.0018472373550000002,0.0003616596919702011,0.0017118234200000004,0.0014170199999999993,0.0004738564999999999,0.0010454564200000004,0.0026922994200000005
2024,12,mattcl,input-kcen,rust,0.0018289503899999997,0.0003712542534522413,0.0016710924200000004,0.0014314104,0.0004535174999999999,0.0009660774200000004,0.0028026654200000002
2024,12,mattcl-py,input-kcen,python,0.03764630149692308,0.0009933080289573112,0.037467863920000004,0.03144771641025642,0.0060723551282051294,0.036050795420000004,0.04124915842000001
2024,12,kcen,input-mattcl,nim,0.0019017115850000009,0.00037336235689109607,0.0017944329200000003,0.0012781902000000005,0.0006300434999999999,0.00099889842,0.003057072420000001
2024,12,mattcl,input-mattcl,rust,0.0018834136900000003,0.00033467518290629784,0.0017415639200000002,0.0014770200000000012,0.00044643400000000006,0.0013813254200000004,0.00278877942
2024,12,mattcl-py,input-mattcl,python,0.0373510449136709,0.0008805347690637056,0.037261902420000007,0.032909061265822784,0.0043497544303797465,0.03559993142,0.03988509342
