year,day,participant,input,language,mean,stddev,median,user,system,min,max
2024,12,kcen,input-kcen,nim,0.0017532013099999994,0.00033617423301657626,0.00160847122,0.001228745,0.0005627569999999999,0.00094893672,0.0027430847200000004
2024,12,lanjian,input-kcen,rust,0.0025672977800000013,0.00017937234266332438,0.00257446922,0.0018231699999999996,0.000767689,0.00184143672,0.00314215172
2024,12,mattcl,input-kcen,rust,0.0017100181299999995,0.0003474293462932871,0.0015455687200000001,0.0012171096000000005,0.000524116,0.00121903272,0.00274548772
2024,12,mattcl-py,input-kcen,python,0.0372510662075,0.0008413487217632819,0.037083533720000006,0.03238524250000001,0.004792529999999999,0.03610434172,0.04155584172
2024,12,kcen,input-lanjian,nim,0.0018033588449999985,0.0003505197658035626,0.00168802472,0.0013052949999999993,0.0005227970000000001,0.0009222477199999999,0.00279973072
2024,12,lanjian,input-lanjian,rust,0.002579945820000002,0.0003566884000332947,0.00256564672,0.0017384192,0.0008373930000000002,0.00172818572,0.0050438787200000005
2024,12,mattcl,input-lanjian,rust,0.0017072482250000004,0.0003580397295357039,0.0015462852199999999,0.0012270500000000001,0.0005087280000000001,0.00104169072,0.00271130472
2024,12,mattcl-py,input-lanjian,python,0.037582792078974366,0.0009896972543157608,0.03728487022,0.03235886205128206,0.00514375641025641,0.03596684372,0.041013516720000004
2024,12,kcen,input-mattcl,nim,0.0017882724799999994,0.0003523308670309292,0.0016449597199999998,0.0012479849999999994,0.0005616789999999999,0.0007485817199999998,0.00290682072
2024,12,lanjian,input-mattcl,rust,0.002587468785000001,0.00032113280681987454,0.00255164572,0.0016427850000000008,0.0008978960000000003,0.00175841172,0.00464368972
2024,12,mattcl,input-mattcl,rust,0.0016579139199999996,0.0003456317944690701,0.00153255422,0.0012353792,0.0004672969999999999,0.0009448487199999998,0.00276880172
2024,12,mattcl-py,input-mattcl,python,0.037603300796923075,0.001303700518914562,0.037175986720000005,0.03219802871794871,0.00532621794871795,0.036113829720000004,0.043808575720000006
