year,day,participant,input,language,mean,stddev,median,user,system,min,max
2024,12,kcen,input-kcen,nim,0.0017412386050000006,0.00033226708705416745,0.0015908426800000004,0.0012917149999999997,0.0005443262000000001,0.0010840841800000005,0.0028061681800000005
2024,12,lanjian,input-kcen,rust,0.0025824363650000003,0.000285614921343425,0.0025636186800000005,0.0018593200000000007,0.0007555322999999998,0.0017916891800000005,0.004955121180000001
2024,12,mattcl,input-kcen,rust,0.0017330530950000003,0.0003322053035564951,0.0015897506800000003,0.0013786908,0.000444328,0.0012101491800000004,0.0027831451800000005
2024,12,mattcl-py,input-kcen,python,0.03738815488512822,0.0008611229077048042,0.037283199680000004,0.03313039128205128,0.0042155310256410256,0.03599333518,0.03992203918
2024,12,kcen,input-lanjian,nim,0.001820492495,0.0003464345391447392,0.0016902991800000003,0.0014598499999999995,0.00043636190000000005,0.0008775671800000005,0.0026790311800000007
2024,12,lanjian,input-lanjian,rust,0.0025869504299999998,0.00019393507460098585,0.0025894871800000007,0.0019786649999999992,0.0006793673999999999,0.0017529161800000003,0.0033008741800000007
2024,12,mattcl,input-lanjian,rust,0.0016706784499999992,0.00042092776893687823,0.0015515246800000004,0.0013601831999999997,0.00040958359999999997,0.0005410671800000003,0.0027929131800000003
2024,12,mattcl-py,input-lanjian,python,0.037641449040759514,0.001123454545507245,0.03729416118,0.03255334632911393,0.005025522784810127,0.03611820918,0.04117973518
2024,12,kcen,input-mattcl,nim,0.0017673798600000004,0.0003478042450502762,0.0016445631800000005,0.0012969790000000004,0.0005523006000000001,0.0009937241800000002,0.0028792541800000005
2024,12,lanjian,input-mattcl,rust,0.0025951593500000004,0.0002115664697400143,0.0025652166800000003,0.0018148900000000013,0.0007916828,0.0017584361800000005,0.0031833141800000006
2024,12,mattcl,input-mattcl,rust,0.001748909180000001,0.00035164890951902523,0.0015937826800000003,0.0014182158,0.00041959239999999986,0.0011343181800000002,0.0027498021800000006
2024,12,mattcl-py,input-mattcl,python,0.03751472685500003,0.0008862264325708669,0.03724105568,0.032542377500000004,0.004914528749999998,0.036221142180000006,0.04023731918
