year,day,participant,input,language,mean,stddev,median,user,system,min,max
2024,12,kcen,input-kcen,nim,0.0018552804249999993,0.00035012540896978085,0.00173227842,0.0014680950000000009,0.00045845579999999976,0.0010532674199999997,0.00290678742
2024,12,lanjian,input-kcen,rust,0.0025644821200000007,0.0002741429818775846,0.00256563342,0.0018917349999999994,0.0007106472999999999,0.0017648694200000001,0.0048113624200000005
2024,12,mattcl,input-kcen,rust,0.0017564145399999998,0.0003736809414168007,0.00161240942,0.001484385000000001,0.0003618214999999999,0.0006792974199999998,0.00293664342
2024,12,mattcl-py,input-kcen,python,0.03740037153392405,0.0011304075670213276,0.037172907420000005,0.03238062,0.00493513746835443,0.03589471542,0.04095797242
2024,12,kcen,input-lanjian,nim,0.0019384116499999993,0.00036797909623753925,0.00187488542,0.0013757300000000004,0.0005758723,0.0010208464199999998,0.0030257494200000004
2024,12,lanjian,input-lanjian,rust,0.0025748842449999985,0.00024222196486694685,0.00254535542,0.0016961619,0.0008635521000000001,0.00183111442,0.0034552744200000004
2024,12,mattcl,input-lanjian,rust,0.0018214888650000011,0.00037472951730960896,0.00169335542,0.0013472400000000002,0.0005072029000000001,0.0009261294199999998,0.00286961742
2024,12,mattcl-py,input-lanjian,python,0.03747383170750001,0.0007421085335424744,0.03733427492000001,0.03231779500000001,0.0050797385,0.03636819142,0.04039062142
2024,12,kcen,input-mattcl,nim,0.0019142840599999985,0.0003605487638542038,0.00181831942,0.0013922200000000002,0.0005627646,0.00103928142,0.00285121342
2024,12,lanjian,input-mattcl,rust,0.0025617955150000005,0.0002005498445755127,0.00256930542,0.0018295300000000002,0.0007579089000000003,0.0017553914199999999,0.00337517442
2024,12,mattcl,input-mattcl,rust,0.0017992764449999993,0.00039301155152548215,0.00164346242,0.0013767500000000008,0.0004797724000000002,0.00078514542,0.00282634642
2024,12,mattcl-py,input-mattcl,python,0.03763601347063291,0.0008733017183670509,0.03744438642,0.03225498708860759,0.005295864556962028,0.03617790542,0.04048667142
