year,day,participant,input,language,mean,stddev,median,user,system,min,max
2024,12,kcen,input-kcen,nim,0.001899074065,0.00037413984197352823,0.00180555218,0.0014350978999999994,0.0005085619999999998,0.0011648266799999998,0.00304024968
2024,12,mattcl,input-kcen,rust,0.0018995140899999983,0.00036108047752399556,0.00180151418,0.0014646949999999998,0.00046030120000000005,0.00109776168,0.00283640868
2024,12,mattcl-py,input-kcen,python,0.037892796755949365,0.0011139614180435788,0.037659702680000004,0.03229750708860759,0.005470540759493671,0.036189397680000006,0.041288611680000004
2024,12,kcen,input-mattcl,nim,0.0019049284049999996,0.0003681204770154054,0.0017316836799999998,0.0014317400000000006,0.0005165618,0.0011390986799999997,0.00289249268
2024,12,mattcl,input-mattcl,rust,0.0018526492550000001,0.0003591303057094446,0.0017267696799999998,0.0014823600000000007,0.00043157959999999974,0.0011029306800000001,0.00289557968
2024,12,mattcl-py,input-mattcl,python,0.03732156504,0.000821249401593227,0.03713516068,0.031827579999999994,0.005409897066666666,0.03615899068,0.040486417680000004
