year,day,participant,input,language,mean,stddev,median,user,system,min,max
2024,12,kcen,input-kcen,nim,0.0018099755549999988,0.0003266398938382799,0.00168520858,0.0012017800000000004,0.0006213188999999999,0.0009960040799999999,0.0027517800800000002
2024,12,mattcl,input-kcen,rust,0.0018164893650000002,0.00035277125449090837,0.00167239908,0.001373642100000001,0.000484857,0.00116892708,0.00279195408
2024,12,mattcl-py,input-kcen,python,0.03742373251037974,0.0009198676573579468,0.03732004108,0.032456162278481006,0.004878105822784808,0.03565889208,0.03982242408
2024,12,kcen,input-mattcl,nim,0.00181385775,0.0003586038087970201,0.0016774035800000001,0.0013293170999999992,0.0005274659000000001,0.0010046290799999998,0.0031198290800000007
2024,12,mattcl,input-mattcl,rust,0.0019050940750000003,0.00036744232777004656,0.00179681208,0.0014713470999999998,0.00045414860000000007,0.0013400770800000002,0.00326389808
2024,12,mattcl-py,input-mattcl,python,0.037453035705000005,0.0010936902251480831,0.03712982508,0.032353429999999996,0.0050204989999999994,0.03604515508,0.04076699208
