year,day,participant,input,language,mean,stddev,median,user,system,min,max
2024,12,kcen,input-kcen,nim,0.001853645669999999,0.00038865748639246937,0.0017099655600000003,0.0013560999999999996,0.0005257342,0.0009418080600000002,0.0032173360600000005
2024,12,lanjian,input-kcen,rust,0.002451656480000001,0.00039365989914376984,0.0025561740600000002,0.001738034199999999,0.0007535133999999997,0.0013135040600000003,0.00471998806
2024,12,mattcl,input-kcen,rust,0.001848802589999999,0.00033540627094223496,0.0017337840600000003,0.0014357888000000002,0.0004346089999999999,0.0007087410600000002,0.0027327200600000003
2024,12,mattcl-py,input-kcen,python,0.037387976285000006,0.0010784117033060317,0.03709863506,0.03247234,0.004837674499999999,0.03613548206,0.04089909706
2024,12,kcen,input-lanjian,nim,0.0018841003999999994,0.0003483615470086296,0.0017314055600000002,0.0013507700000000003,0.0005323552,0.0010316550600000004,0.0026896290600000004
2024,12,lanjian,input-lanjian,rust,0.0026235436700000015,0.00034281976252875115,0.00259759656,0.0017166100000000001,0.0008754050000000005,0.0017519540600000002,0.00527001806
2024,12,mattcl,input-lanjian,rust,0.0019249944449999993,0.00037334140717915206,0.0018244850600000002,0.0013941875999999994,0.0005436406000000002,0.0012972440600000005,0.0030666840600000003
2024,12,mattcl-py,input-lanjian,python,0.03713861894750001,0.0009131593313129419,0.03696301056,0.031893327500000006,0.0051243075,0.03533562506,0.040119267060000005
2024,12,kcen,input-mattcl,nim,0.0018796989000000005,0.00033563989332581316,0.0017564025600000004,0.0012709288,0.0006137154000000001,0.0011456790600000003,0.0026938770600000005
2024,12,lanjian,input-mattcl,rust,0.0026108302600000026,0.00033384394870210706,0.00257661256,0.0017830188000000002,0.0007986994,0.0018158440600000002,0.00521670806
2024,12,mattcl,input-mattcl,rust,0.0018987107500000012,0.00038168527995024565,0.0018080390600000004,0.0013706450000000004,0.000534511,0.0011525920600000002,0.0033127650600000007
2024,12,mattcl-py,input-mattcl,python,0.037159680185,0.000921574159629665,0.03698929506,0.03201171499999998,0.0050314665,0.035704896060000005,0.04021964506
