year,day,participant,input,language,mean,stddev,median,user,system,min,max
2024,12,kcen,input-kcen,nim,0.0018094625399999995,0.0003384572830350989,0.0016812199600000004,0.0012700300000000001,0.000586499,0.0009971184600000003,0.0027423084600000005
2024,12,mattcl,input-kcen,rust,0.0017439827549999992,0.00035530466896098516,0.0016044269600000004,0.0014341896000000004,0.000390646,0.0007256604600000003,0.0027949374600000003
2024,12,mattcl-py,input-kcen,python,0.037489460135675653,0.0015138737214585812,0.03708366696,0.03226464756756758,0.005165035135135136,0.03560476546,0.046764406460000005
2024,12,kcen,input-mattcl,nim,0.001815263485000001,0.0003532689217947064,0.0016685664600000003,0.0013367149999999996,0.0005440209999999998,0.0009766394600000004,0.0026332034600000005
2024,12,mattcl,input-mattcl,rust,0.0017850017149999993,0.00038219220605445887,0.0015918524600000005,0.0014564350000000007,0.0004000279999999999,0.0010875774600000005,0.0028169384600000005
2024,12,mattcl-py,input-mattcl,python,0.03728841140871795,0.0009643057373152123,0.037041967960000005,0.03270606717948719,0.004500148717948719,0.035214885460000005,0.04027675946
