year,day,participant,input,language,mean,stddev,median,user,system,min,max
2024,12,kcen,input-kcen,nim,0.001678143535,0.0003216597187061952,0.00156661024,0.0012962549999999998,0.00045976290000000015,0.0009018672399999999,0.00280176124
2024,12,lanjian,input-kcen,rust,0.0025699705650000003,0.0002896901442791447,0.00254711474,0.0017745134,0.0008161363999999996,0.00170350624,0.00497174924
2024,12,mattcl,input-kcen,rust,0.001761290545,0.00035199274073365185,0.00158837624,0.0013659349999999998,0.0004695788,0.0012588152399999998,0.00283372024
2024,12,mattcl-py,input-kcen,python,0.03738934965025641,0.0010227167115360832,0.03709477474,0.032098755897435896,0.005221947179487179,0.03596364324,0.04007819924
2024,12,kcen,input-lanjian,nim,0.0017623638249999998,0.00034575887804002994,0.0016127522400000002,0.0012662900000000002,0.0005557168999999997,0.00115819724,0.00273947424
2024,12,lanjian,input-lanjian,rust,0.002584510269999999,0.0002851966191939473,0.0025745712400000002,0.0018783949999999989,0.0007398701,0.00173276124,0.00491728724
2024,12,mattcl,input-lanjian,rust,0.0017501718200000015,0.0003483282588902907,0.00160986624,0.0014870799999999998,0.0003519817,0.0011221192399999999,0.00275606624
2024,12,mattcl-py,input-lanjian,python,0.03707402449316457,0.0010388903500960919,0.036758910240000005,0.03196281367088607,0.005037243544303798,0.035683028240000005,0.04140086324
2024,12,kcen,input-mattcl,nim,0.001761080895,0.00036391632481159444,0.00160687574,0.0013293649999999997,0.0004947138,0.00109408724,0.0029148522400000002
2024,12,lanjian,input-mattcl,rust,0.0025985291700000002,0.0002884869552650965,0.00256286924,0.0018612599999999987,0.0007495795999999998,0.00168891024,0.00480533824
2024,12,mattcl,input-mattcl,rust,0.0017708655450000001,0.0003699223537464158,0.00161050274,0.001389548399999999,0.0004480029000000002,0.0007029352399999999,0.00269502124
2024,12,mattcl-py,input-mattcl,python,0.03727308778430379,0.0010168101805547159,0.03693916924000001,0.032552497215189866,0.004637742025316455,0.035684251240000006,0.040111823240000004
