year,day,participant,input,language,mean,stddev,median,user,system,min,max
2024,12,kcen,input-kcen,nim,0.0018252472900000003,0.0003500291983386172,0.00167249802,0.00135807,0.000496501,0.0011584545199999998,0.00280995752
2024,12,lanjian,input-kcen,rust,0.0025898869749999996,0.0002202340435653254,0.0025900700200000002,0.001871660000000001,0.000704834,0.00176021152,0.0030683005200000005
2024,12,mattcl,input-kcen,rust,0.0017619954950000008,0.000341353800247649,0.0016299925200000001,0.0013737450000000004,0.00042644600000000003,0.00115465752,0.00259669652
2024,12,mattcl-py,input-kcen,python,0.037310272057499996,0.0009779022513123547,0.03702749352,0.032358445,0.004848957500000001,0.03602919452,0.04031961752
2024,12,kcen,input-lanjian,nim,0.0017647372300000014,0.00033079772370408605,0.0016452360200000001,0.0012717850000000003,0.0005255009999999998,0.0009558055200000001,0.00285584252
2024,12,lanjian,input-lanjian,rust,0.0026080514999999994,0.0003142684570372639,0.00257826302,0.0017407250000000018,0.0008203290000000001,0.0017703905200000002,0.004596722520000001
2024,12,mattcl,input-lanjian,rust,0.001612670305000002,0.0004217826830337568,0.0015556035200000001,0.0012708633999999994,0.00040829799999999986,0.0005318315200000002,0.00284160652
2024,12,mattcl-py,input-lanjian,python,0.037148959520000004,0.0008167539984285911,0.03692973502000001,0.03171622000000002,0.005340502564102564,0.035967308520000005,0.04041965452000001
2024,12,kcen,input-mattcl,nim,0.0018277521349999992,0.0003565315446465248,0.00169593152,0.0012612350000000003,0.000584762,0.0009554545200000001,0.0027192665200000002
2024,12,lanjian,input-mattcl,rust,0.0026131393550000007,0.0002314333738939731,0.0026012755199999998,0.0019151199999999993,0.0007073330000000004,0.0019101225199999999,0.0045129355200000006
2024,12,mattcl,input-mattcl,rust,0.0018226655699999997,0.00034421544323622234,0.0016860075199999999,0.0014062700000000005,0.0004401870000000001,0.00087947252,0.00268169652
2024,12,mattcl-py,input-mattcl,python,0.03714320207696203,0.0008360677727032159,0.036911716520000006,0.03220513772151897,0.004879784810126582,0.035911612520000004,0.04007545952
