year,day,participant,input,language,mean,stddev,median,user,system,min,max
2024,12,kcen,input-kcen,nim,0.0019351681300000007,0.00037152708496106213,0.0018576508400000007,0.0012889999999999998,0.0006717429999999998,0.0008980983400000004,0.0032393023400000003
2024,12,mattcl,input-kcen,rust,0.0019750698800000007,0.00035488763098745474,0.0018444758400000007,0.001514805,0.0004647005,0.0011137433400000007,0.0029978413400000006
2024,12,mattcl-py,input-kcen,python,0.037192768972911405,0.000631022571597415,0.037037192340000004,0.03178396962025317,0.005288479746835443,0.03621439134,0.03919559334
2024,12,kcen,input-mattcl,nim,0.0018619073700000001,0.00032390949507276034,0.0017177333400000005,0.0013426150000000003,0.0005229340000000001,0.0012339673400000007,0.0030077093400000007
2024,12,mattcl,input-mattcl,rust,0.0018816750750000008,0.00033700668439247736,0.0017747108400000006,0.0013293860000000008,0.0005515005000000001,0.0010735973400000003,0.0029939543400000004
2024,12,mattcl-py,input-mattcl,python,0.03732554749999999,0.0009343273262601463,0.03708418034,0.032597013333333334,0.004633579999999998,0.03585066034,0.03996072634
