year,day,participant,input,language,mean,stddev,median,user,system,min,max
2024,12,kcen,input-kcen,nim,0.0019209259250000002,0.0003496483026031203,0.00181082312,0.0013633905000000005,0.000587565,0.0011486541199999998,0.0032737401199999998
2024,12,mattcl,input-kcen,rust,0.0019470840699999997,0.0003466291429575635,0.00186285562,0.0015056650000000006,0.0004560104999999999,0.0012408371199999998,0.00279502512
2024,12,mattcl-py,input-kcen,python,0.03796444555589743,0.000906580164094694,0.03776482812,0.03299287435897436,0.00489797564102564,0.03646034312,0.04051508812
2024,12,kcen,input-mattcl,nim,0.0018709595449999993,0.00037821012479759383,0.00173001212,0.0013235609999999998,0.000590322,0.00084414412,0.00307604912
2024,12,mattcl,input-mattcl,rust,0.0017409674950000001,0.0004165738872138249,0.00165579312,0.0012866870000000003,0.0005179515,0.0006335911199999999,0.0034897241200000004
2024,12,mattcl-py,input-mattcl,python,0.037776356555897436,0.0007942433638258444,0.037634194620000005,0.032266643589743585,0.0053824794871794885,0.03644141712,0.04026594412
