year,day,participant,input,language,mean,stddev,median,user,system,min,max
2024,12,kcen,input-kcen,nim,0.0019265685650000006,0.0003214714946964315,0.00196794472,0.0012212949999999994,0.0006908871999999999,0.0010275332200000002,0.0027253232200000004
2024,12,lanjian,input-kcen,rust,0.002590362815000002,0.00026599552925182936,0.00259499922,0.0018645242999999997,0.0007516192000000001,0.00169791922,0.00370133122
2024,12,mattcl,input-kcen,rust,0.0019379207199999987,0.00035743684988506547,0.0019115292200000001,0.0014070699999999992,0.0005614326000000002,0.0011269792200000002,0.00301541722
2024,12,mattcl-py,input-kcen,python,0.037506041435189874,0.0008895833303628896,0.03731255822,0.032695519746835454,0.004734814683544303,0.03603199922,0.04092092722
2024,12,kcen,input-lanjian,nim,0.0019496645049999987,0.00036224795285372865,0.00185229322,0.001416205,0.0005721527999999998,0.00117165322,0.00291644122
2024,12,lanjian,input-lanjian,rust,0.0025860957949999995,0.0003247069801797332,0.0025652687200000005,0.0017749150000000002,0.0008174352,0.0018023752200000001,0.005266313220000001
2024,12,mattcl,input-lanjian,rust,0.001962461090000001,0.0003619016258047533,0.0018901687200000002,0.001535964299999999,0.00047817580000000006,0.00139702522,0.0029643012200000003
2024,12,mattcl-py,input-lanjian,python,0.03784746583538462,0.000977412366622929,0.03760653922,0.03288978102564101,0.0048704671794871784,0.03637938122,0.04091852422
2024,12,kcen,input-mattcl,nim,0.0019034813450000002,0.0003814973503542139,0.00183122872,0.0013566749999999988,0.000574564,0.00100665422,0.0028783602200000004
2024,12,lanjian,input-mattcl,rust,0.0026215073500000007,0.00024772878134073545,0.0025576742200000002,0.0018059349999999987,0.0007796386000000002,0.00185449222,0.00338076122
2024,12,mattcl,input-mattcl,rust,0.0019262353550000008,0.000388201017333301,0.0018341537200000002,0.001393735,0.0005702328000000002,0.00107456122,0.0033268802200000004
2024,12,mattcl-py,input-mattcl,python,0.03793134142253165,0.0010284264192684592,0.03760728122,0.03329444379746837,0.004566222278481012,0.03670421922,0.04086036322
