year,day,participant,input,language,mean,stddev,median,user,system,min,max
2024,12,kcen,input-kcen,nim,0.0019431685150000017,0.000350035631242056,0.0018773031400000002,0.0013618482000000009,0.0005943710000000001,0.00094829364,0.0029748076400000004
2024,12,lanjian,input-kcen,rust,0.002634179124999999,0.00023601259474034453,0.00260373264,0.0018022432000000014,0.0007987456,0.00183413264,0.00327872664
2024,12,mattcl,input-kcen,rust,0.0018544080149999987,0.00037135557956095074,0.00170207964,0.0014325349999999995,0.0004416126999999999,0.0010013236400000002,0.00289820464
2024,12,mattcl-py,input-kcen,python,0.03795401997333333,0.0010010002254246238,0.037849003140000004,0.03153125743589744,0.006327700769230768,0.036176212640000004,0.040334715640000005
2024,12,kcen,input-lanjian,nim,0.0019269315800000025,0.00038384904075864664,0.0018581126400000001,0.0013715582000000007,0.0005739464999999998,0.0006302496400000001,0.0028947776400000003
2024,12,lanjian,input-lanjian,rust,0.002649632424999999,0.0002447061132800978,0.0026501601400000002,0.0018205432000000014,0.0008257601999999993,0.00192407064,0.004931219640000001
2024,12,mattcl,input-lanjian,rust,0.0018546045949999993,0.000367732876156053,0.00171216414,0.0013886281999999995,0.0004894621999999999,0.0010166826400000001,0.00285841964
2024,12,mattcl-py,input-lanjian,python,0.03803021633230769,0.001545133531925755,0.03755693214,0.033114590769230776,0.00481057282051282,0.03627531864,0.046987278640000005
2024,12,kcen,input-mattcl,nim,0.0019471924350000004,0.00034815623117791965,0.0018422721400000001,0.0014066632000000001,0.0005692415000000001,0.00103553764,0.00295048164
2024,12,lanjian,input-mattcl,rust,0.0026225101200000006,0.00021510738650573155,0.0026270916400000003,0.0017980749999999988,0.0008079002999999998,0.00187934764,0.00311916764
2024,12,mattcl,input-mattcl,rust,0.0019020206150000003,0.00037355976590551244,0.0017492176400000002,0.0014185600000000004,0.0004938070999999999,0.0010140376400000002,0.0029389706400000004
2024,12,mattcl-py,input-mattcl,python,0.03765210685518989,0.001012832900151867,0.03743850564,0.031958334683544316,0.005552729620253165,0.03612092964,0.04068975064
