year,day,participant,input,language,mean,stddev,median,user,system,min,max
2024,12,mattcl,input-mattcl,rust,0.0020740134000000006,0.0003551184191265136,0.0021051613800000006,0.0016354699999999998,0.0005008779,0.0013401743800000002,0.0035978703800000006
