year,day,participant,input,language,mean,stddev,median,user,system,min,max
2024,12,kcen,input-kcen,nim,0.0019669717200000002,0.00035185021881248784,0.0018779013,0.0014282899999999994,0.0005529556999999999,0.0013993903,0.0028779573
2024,12,lanjian,input-kcen,rust,0.002623099955000001,0.00021374317446093844,0.0026257058,0.0018364114999999991,0.0007903408999999999,0.0014544332999999999,0.0033479973
2024,12,mattcl,input-kcen,rust,0.0018998095549999999,0.0003753845557285054,0.0017689823000000002,0.0013975214999999998,0.0005171201,0.0011169322999999998,0.0030586253000000002
2024,12,mattcl-py,input-kcen,python,0.037571144928205125,0.0008234856790939088,0.037465458300000004,0.03292659743589743,0.004548941025641024,0.0360313893,0.0400568223
2024,12,kcen,input-lanjian,nim,0.0019121508450000017,0.00034507992733662625,0.0018304023,0.0013614414999999999,0.0005669529999999999,0.0011696403,0.0029690483
2024,12,lanjian,input-lanjian,rust,0.0026633346699999998,0.00036489908431058945,0.0025892468,0.001695535,0.0009019178999999998,0.0018575783,0.0054592383000000005
2024,12,mattcl,input-lanjian,rust,0.0018466646050000002,0.00036891823623475814,0.0016899643,0.0013264079999999998,0.0005563939,0.0011471883,0.0027514803000000003
2024,12,mattcl-py,input-lanjian,python,0.03731027359113924,0.0008402730831575874,0.0372381773,0.031800851898734196,0.005403255949367089,0.0358894843,0.0399856103
2024,12,kcen,input-mattcl,nim,0.001935222815000001,0.0003700824943528428,0.0017945098,0.0013082400000000009,0.0006445767999999998,0.0009673612999999999,0.0027871673000000002
2024,12,lanjian,input-mattcl,rust,0.0026413795799999982,0.000183924189636488,0.0026406633000000002,0.001688800000000001,0.0009331625999999998,0.0018312883,0.0033561123
2024,12,mattcl,input-mattcl,rust,0.00182223001,0.0003542048864331511,0.0016723218,0.0013585600000000004,0.0004922812999999998,0.0011803613,0.0026705793000000003
2024,12,mattcl-py,input-mattcl,python,0.0373908307375,0.0013383540655658277,0.0371403808,0.032333125000000004,0.0049518387500000005,0.0358238123,0.0453160453
