year,day,participant,input,language,mean,stddev,median,user,system,min,max
2024,12,kcen,input-kcen,nim,0.00183874492,0.00036899461138801816,0.00168954424,0.001310365,0.00058688,0.00104569774,0.00284857574
2024,12,mattcl,input-kcen,rust,0.0018891262599999993,0.00034970843537313376,0.0018062472399999999,0.0014490699999999996,0.0005185808,0.0010604647399999998,0.00284864574
2024,12,mattcl-py,input-kcen,python,0.037520100320246934,0.0010694464332006639,0.03718063774,0.033264465432098766,0.004214004938271603,0.03569319974,0.04050078974
2024,12,kcen,input-mattcl,nim,0.0018599058850000008,0.00036519650092215145,0.00173024474,0.0014311699999999996,0.0005061847,0.0011522167399999998,0.00286697074
2024,12,mattcl,input-mattcl,rust,0.0018998428000000017,0.00034413727404422406,0.00181482874,0.0015534599999999985,0.0004286199,0.00113569574,0.0027849867400000002
2024,12,mattcl-py,input-mattcl,python,0.0372805689323077,0.0007946971031678534,0.03716298424,0.032356212820512806,0.004840630512820511,0.03591058674,0.03998113474
