year,day,participant,input,language,mean,stddev,median,user,system,min,max
2024,12,kcen,input-kcen,nim,0.0019303607000000003,0.0003691023726538914,0.0018444171600000001,0.0013714730999999996,0.0005984152999999999,0.0012751511600000002,0.00320033516
2024,12,lanjian,input-kcen,rust,0.0025867650450000007,0.00021481878275449377,0.00257430366,0.0017934200000000009,0.0008123844999999999,0.0018204121600000002,0.00410441716
2024,12,mattcl,input-kcen,rust,0.001899066509999999,0.0003818938512302665,0.0017901706600000002,0.0014832749999999992,0.0004639917,0.0011303501599999998,0.0031443401600000005
2024,12,mattcl-py,input-kcen,python,0.03777755586886076,0.0011566189254238603,0.037402024160000005,0.03287572177215191,0.004815893924050631,0.036061614160000005,0.04139924516000001
2024,12,kcen,input-lanjian,nim,0.001658754035,0.0004515530901969353,0.0015997896599999999,0.0012137555000000001,0.0005290418999999997,0.0005810421599999999,0.00273537516
2024,12,lanjian,input-lanjian,rust,0.00249361261,0.0003554273826878413,0.0025304811600000005,0.0017191631000000012,0.0008000199999999998,0.0014029401599999999,0.004238008160000001
2024,12,mattcl,input-lanjian,rust,0.0018997972849999997,0.00037352660741399736,0.00172267416,0.0013870850000000004,0.0005597190000000002,0.00114112016,0.00295159916
2024,12,mattcl-py,input-lanjian,python,0.03777641561454546,0.0010688335984858194,0.037531958160000004,0.03279184753246752,0.004904671688311688,0.03609293316000001,0.04118449416000001
2024,12,kcen,input-mattcl,nim,0.0018875038300000006,0.000360612467311327,0.00176878566,0.0013715130999999992,0.0005591998,0.0010441991599999998,0.00272187916
2024,12,lanjian,input-mattcl,rust,0.002617674975,0.00031566578210168763,0.00258269416,0.0018661999999999993,0.0007777094999999999,0.0018143011600000002,0.004756007160000001
2024,12,mattcl,input-mattcl,rust,0.0019176188850000006,0.00036102061577678447,0.00184728266,0.0014852781000000003,0.00047727879999999993,0.00104032216,0.0027067911600000003
2024,12,mattcl-py,input-mattcl,python,0.037676769284999995,0.0010663978269444682,0.03747304166000001,0.0326261175,0.0049647235000000005,0.03560386816,0.04093104016000001
