year,day,participant,input,language,mean,stddev,median,user,system,min,max
2024,12,kcen,input-kcen,nim,0.0018156349750000007,0.0003615779952443128,0.0016875523600000002,0.0012940638,0.0005567697999999999,0.00101125486,0.0028102968600000004
2024,12,lanjian,input-kcen,rust,0.002598074,0.0002672201428577851,0.00258813486,0.0017354900000000001,0.0008235719999999997,0.00179789886,0.0032605398600000003
2024,12,mattcl,input-kcen,rust,0.0016924439299999996,0.0003145000048728461,0.0015712548600000003,0.0012885749999999995,0.00043646259999999997,0.00092354086,0.00260234686
2024,12,mattcl-py,input-kcen,python,0.03749733084734177,0.0008752555581396472,0.03728986386,0.032748347848101274,0.004659782278481012,0.03619118486,0.041322770860000003
2024,12,kcen,input-lanjian,nim,0.0018441989150000003,0.00034128847877725447,0.00170168386,0.0013631099999999996,0.0005039414,0.0008600518600000001,0.0025584048600000003
2024,12,lanjian,input-lanjian,rust,0.002631189115000001,0.0002682411006861862,0.00264090886,0.0019404849999999994,0.0006880606,0.00174331686,0.00490008186
2024,12,mattcl,input-lanjian,rust,0.001745528775,0.0003370106416979233,0.0015941128600000002,0.0014205499999999998,0.00036095399999999986,0.00094479086,0.0026342358600000004
2024,12,mattcl-py,input-lanjian,python,0.03720527798500001,0.0007359453195343671,0.03708495936,0.03127500749999999,0.005823852999999999,0.03604924886,0.039928015860000006
2024,12,kcen,input-mattcl,nim,0.001857666000000001,0.0003675875094220914,0.0017025203600000002,0.001344195,0.0005287631999999997,0.0011679588600000002,0.00294261486
2024,12,lanjian,input-mattcl,rust,0.002607130335000001,0.00031325989540842257,0.00259326436,0.0018687349999999992,0.0007212973999999998,0.0017697168600000002,0.00518606786
2024,12,mattcl,input-mattcl,rust,0.0016818121299999986,0.00031829787180445197,0.00156069486,0.0012776099999999993,0.0004535225999999999,0.0010864168600000002,0.00267687586
2024,12,mattcl-py,input-mattcl,python,0.037492293385641015,0.0010686507835178276,0.03716627586,0.03279270974358974,0.004634991794871792,0.03616587586,0.04047557286
