year,day,participant,input,language,mean,stddev,median,user,system,min,max
2024,12,kcen,input-kcen,nim,0.0018969617650000012,0.000346715840023424,0.0017608291800000001,0.0014048449999999998,0.0005185202000000001,0.0009184521799999999,0.00304048518
2024,12,mattcl,input-kcen,rust,0.0019241012149999993,0.0003756381094908409,0.00180197618,0.0014800197999999996,0.00048106259999999965,0.00122202018,0.00282092418
2024,12,mattcl-py,input-kcen,python,0.0372971841928205,0.0008534509013137243,0.03708695118,0.03262250153846155,0.004559364102564102,0.03597052118,0.039926618180000005
2024,12,kcen,input-mattcl,nim,0.0018610091750000007,0.000354608234794435,0.00174613668,0.0013622597999999994,0.0005375374,0.00066250318,0.0028616101800000003
2024,12,mattcl,input-mattcl,rust,0.001967330215000002,0.0003626857792941915,0.00189867268,0.00146786,0.0005308552,0.0010326251799999998,0.00285536818
2024,12,mattcl-py,input-mattcl,python,0.037632660293924036,0.0010543736131767697,0.037395609180000004,0.032238799493670874,0.005313144303797466,0.03610021318,0.040730472180000005
