year,day,participant,input,language,mean,stddev,median,user,system,min,max
2024,12,kcen,input-kcen,nim,0.0017874613950000001,0.00034107965286525593,0.0016694484000000002,0.001373465,0.0004830128999999996,0.0011463249,0.0027397059000000006
2024,12,lanjian,input-kcen,rust,0.0025885759250000007,0.00025696654661781917,0.0025728284000000002,0.0018005000000000009,0.0008194916999999997,0.0018361649000000002,0.004853701900000001
2024,12,mattcl,input-kcen,rust,0.0016868045150000002,0.0003423859826722452,0.0015348814000000004,0.0013148400000000003,0.00045036439999999984,0.0011012799000000005,0.0027467689000000004
2024,12,mattcl-py,input-kcen,python,0.03736801883589744,0.0008409994700127945,0.0372309299,0.03236884358974359,0.004931104102564103,0.036119694900000006,0.039888265900000004
2024,12,kcen,input-lanjian,nim,0.0017975723899999996,0.00034359998572048206,0.0016507984000000003,0.0013014700000000003,0.0005623031999999999,0.0012761379000000004,0.0029358929000000006
2024,12,lanjian,input-lanjian,rust,0.002582735719999998,0.00023589871367575747,0.0025600954,0.0018033549999999995,0.0007993648999999999,0.0018341519000000003,0.0032263259000000002
2024,12,mattcl,input-lanjian,rust,0.0015911635249999997,0.0002938026194997398,0.0014633074000000004,0.0012657869999999996,0.0004376111,0.0012436659000000004,0.0025291609000000002
2024,12,mattcl-py,input-lanjian,python,0.03727958210512823,0.0010036120036279006,0.0370602099,0.03208568974358973,0.005125291538461539,0.03590155590000001,0.0412455269
2024,12,kcen,input-mattcl,nim,0.0017892274450000004,0.0003394001806077611,0.0016543149000000004,0.001468450000000001,0.00040921569999999974,0.0010431119,0.0025984429000000006
2024,12,lanjian,input-mattcl,rust,0.0025743457199999997,0.0002510477143765426,0.0025826619000000007,0.0019659369999999988,0.0006814275999999998,0.0018571339000000003,0.0048892079
2024,12,mattcl,input-mattcl,rust,0.0017071924100000011,0.0003396459743766905,0.0015747914000000004,0.001387307,0.00040308909999999996,0.0009252409000000001,0.0025870009
2024,12,mattcl-py,input-mattcl,python,0.03754047900256411,0.0011587664537118952,0.037170781900000005,0.0320555358974359,0.005407719487179487,0.03568838790000001,0.040739379900000004
