year,day,participant,input,language,mean,stddev,median,user,system,min,max
2024,12,kcen,input-kcen,nim,0.0017875714299999995,0.00034354127425221154,0.0016481464600000004,0.0013487994000000005,0.0004894742,0.0011618459600000004,0.0027121689600000005
2024,12,mattcl,input-kcen,rust,0.0019082150000000004,0.00034731130716229543,0.0018865279600000005,0.001359239999999999,0.0005700257999999998,0.0010511579600000005,0.0027856569600000006
2024,12,mattcl-py,input-kcen,python,0.03716795770683544,0.0010696824671594946,0.03689377196,0.03211124658227849,0.0049647275949367105,0.035676471960000004,0.04104595996
2024,12,kcen,input-mattcl,nim,0.0018614969900000017,0.00033748221879308934,0.0017466709600000006,0.0013554694000000001,0.0005425592000000001,0.0010490639600000003,0.0027670719600000004
2024,12,mattcl,input-mattcl,rust,0.0019365088050000004,0.00034687549560842286,0.0018489874600000006,0.0015107693999999998,0.0004811638,0.0009909549600000006,0.0027990229600000005
2024,12,mattcl-py,input-mattcl,python,0.03722492121641027,0.0008865767024707641,0.03701812996000001,0.0321228123076923,0.005013201538461538,0.03572094496,0.040632674960000004
