year,day,participant,input,language,mean,stddev,median,user,system,min,max
2024,12,kcen,input-kcen,nim,0.0016966024999999993,0.00036215745123925066,0.00156580498,0.00124665,0.0005155304,0.00097710548,0.0027820394800000003
2024,12,mattcl,input-kcen,rust,0.0016551853050000012,0.00031503410790902406,0.00155306048,0.0012322550000000002,0.0004807975999999999,0.0009339964800000002,0.0026965294800000003
2024,12,mattcl-py,input-kcen,python,0.037517691583896125,0.001050299343274806,0.03711323248000001,0.03250822649350648,0.004940649870129872,0.03572331748,0.04075590048
2024,12,kcen,input-mattcl,nim,0.00176405594,0.00037367714294129936,0.00159083698,0.0013201513999999991,0.0005039884000000002,0.0011281894800000002,0.00276708148
2024,12,mattcl,input-mattcl,rust,0.0016951738899999996,0.00032987403050321206,0.00157303798,0.0013062813999999996,0.0004523727999999998,0.0008468114800000002,0.0025298564800000003
2024,12,mattcl-py,input-mattcl,python,0.037094220605000006,0.0007408585695181233,0.036889417980000005,0.03226213249999999,0.004731902500000001,0.03584156848,0.04017539348000001
