year,day,participant,input,language,mean,stddev,median,user,system,min,max
2024,12,kcen,input-kcen,nim,0.0019405223349999992,0.0003526483521090671,0.0018378352600000002,0.001428405,0.0005575901999999997,0.0012193577600000001,0.0028953167599999998
2024,12,lanjian,input-kcen,rust,0.002626832245000002,0.0002684499048113369,0.0026116247600000003,0.0018123070999999987,0.0008296907,0.00179107876,0.00482411976
2024,12,mattcl,input-kcen,rust,0.0019851829500000004,0.0003789520794712862,0.00186592326,0.0016166199999999998,0.0004198226000000001,0.00123401476,0.00280061876
2024,12,mattcl-py,input-kcen,python,0.03786347099076924,0.0009290632501157189,0.03771763126,0.03204741333333333,0.005737483076923076,0.036429497760000006,0.040726026760000006
2024,12,kcen,input-lanjian,nim,0.001939694050000001,0.0003597153241173081,0.00189289876,0.0014011370999999998,0.0005536150999999998,0.00106805476,0.0026851027600000004
2024,12,lanjian,input-lanjian,rust,0.0026646918999999997,0.00026124484179080345,0.0025852852600000004,0.0017533220999999997,0.0008869071,0.0018322557600000003,0.00435624276
2024,12,mattcl,input-lanjian,rust,0.0019863715749999992,0.0003394765139535593,0.00197499776,0.0014213720999999993,0.0005966322999999999,0.00127974976,0.0029794237600000006
2024,12,mattcl-py,input-lanjian,python,0.037686558127088626,0.0009923476371083335,0.037368316760000006,0.032575504050632906,0.005022187594936709,0.036465946760000006,0.04150071676
2024,12,kcen,input-mattcl,nim,0.0019517898749999998,0.0003535772163092053,0.00191846126,0.0013608499999999998,0.0006075421999999999,0.00116296176,0.0027455557599999998
2024,12,lanjian,input-mattcl,rust,0.002611251080000002,0.00031373122968771284,0.00260901976,0.0018763770999999986,0.0007554571999999999,0.0014363537600000002,0.00479379276
2024,12,mattcl,input-mattcl,rust,0.0020234743199999995,0.00035328226064692994,0.0021030222600000002,0.001512805,0.0005413281,0.0013153267600000001,0.00359576776
2024,12,mattcl-py,input-mattcl,python,0.03770774227282052,0.000884721594026886,0.037496416260000005,0.03341413128205127,0.004200301794871795,0.03621867276,0.040802078760000006
