year,day,participant,input,language,mean,stddev,median,user,system,min,max
2024,12,kcen,input-kcen,nim,0.001603498210000001,0.00029298537428676,0.0015022923400000003,0.0012419153999999992,0.00044910899999999994,0.0009856293400000002,0.0027071223400000006
2024,12,mattcl,input-kcen,rust,0.0016331831099999992,0.00032340231259685224,0.0015119703400000002,0.0012935199999999992,0.0004045169999999999,0.0007825493400000002,0.0026338353400000005
2024,12,mattcl-py,input-kcen,python,0.03721284728871795,0.0009045922908564136,0.03712764534,0.03209381743589745,0.005003846153846154,0.03585412134,0.04026761434
2024,12,kcen,input-mattcl,nim,0.0017062900100000007,0.0003319379458490753,0.0015786648400000004,0.0012857900000000006,0.000484113,0.0011304103400000005,0.0028464533400000005
2024,12,mattcl,input-mattcl,rust,0.001656963450000001,0.0002998052093217698,0.0015465298400000004,0.0012864854000000001,0.00043027699999999996,0.0011092213400000005,0.0024152663400000005
2024,12,mattcl-py,input-mattcl,python,0.03698396350250001,0.0007964655435018249,0.036793439840000004,0.03212855749999998,0.00478221,0.035929062340000005,0.03980402634
