year,day,participant,input,language,mean,stddev,median,user,system,min,max
2024,12,kcen,input-kcen,nim,0.0018712502299999994,0.0003406950594157678,0.0017819786400000003,0.0013929443000000004,0.0005276781999999999,0.0013809776400000003,0.0027252746400000002
2024,12,mattcl,input-kcen,rust,0.00179361165,0.0003655425831943826,0.0016420956400000004,0.0013558286,0.00048589460000000016,0.0011132856400000004,0.00300286364
2024,12,mattcl-py,input-kcen,python,0.037217296090000004,0.0009511773451791726,0.036979221640000004,0.03221730250000001,0.0049138765000000025,0.03596838464,0.03992759664
2024,12,kcen,input-mattcl,nim,0.0017555946850000004,0.00035515660689787123,0.0016087386400000002,0.0012889599999999994,0.0005415380000000003,0.0006522026400000002,0.00285181164
2024,12,mattcl,input-mattcl,rust,0.001789413155,0.0003895300961488322,0.0016446706400000002,0.0013435549999999995,0.0005038606,0.0010774096400000001,0.0027986816400000004
2024,12,mattcl-py,input-mattcl,python,0.0369849470450633,0.0006621060708633977,0.03696250464,0.03186267164556962,0.005034457721518987,0.03551228064,0.03932607064
