year,day,participant,input,language,mean,stddev,median,user,system,min,max
2024,12,kcen,input-kcen,nim,0.0018850101200000012,0.00034850154098598125,0.0018315457400000003,0.0013901749999999998,0.0005220586,0.0007749167400000001,0.0027297277400000004
2024,12,mattcl,input-kcen,rust,0.001891244105000001,0.0003613803314381449,0.0018246822400000003,0.0014037950000000004,0.0005078901999999998,0.0011164867400000004,0.0029485367400000004
2024,12,mattcl-py,input-kcen,python,0.0376212625220513,0.001078985138847174,0.03728325174000001,0.03183969692307692,0.005690926666666667,0.03592030074000001,0.040720858740000004
2024,12,kcen,input-mattcl,nim,0.0018921941549999977,0.00035748973360865994,0.0018045002400000002,0.0012819844000000003,0.0006199307999999999,0.0010746387400000002,0.00288963674
2024,12,mattcl,input-mattcl,rust,0.0018391766150000005,0.00037954114923162115,0.0017088957400000003,0.001359499999999999,0.0005107273,0.0009293067400000003,0.00321195974
2024,12,mattcl-py,input-mattcl,python,0.037500912604197516,0.0008514241338250102,0.03738548274,0.03211591012345679,0.005307238024691359,0.03576163174000001,0.04032191074000001
