year,day,participant,input,language,mean,stddev,median,user,system,min,max
2024,12,kcen,input-kcen,nim,0.0017820097549999993,0.00036399910082024115,0.0016208732800000003,0.0013722200000000002,0.00048110519999999997,0.00111738278,0.0026135247800000002
2024,12,lanjian,input-kcen,rust,0.0026072598549999994,0.0002626340288851612,0.00260523528,0.001844865599999999,0.00079094,0.0018889737800000003,0.005151689780000001
2024,12,mattcl,input-kcen,rust,0.0018685185750000005,0.0003402562310936321,0.0017575707800000003,0.0014923749999999998,0.00043573969999999984,0.00106586478,0.0028524057800000005
2024,12,mattcl-py,input-kcen,python,0.037463634605000004,0.0009772709621034235,0.03723369178000001,0.03233568,0.005056101000000001,0.036008557780000006,0.041040350780000005
2024,12,kcen,input-lanjian,nim,0.0018633110150000018,0.00038070511432347474,0.00169677128,0.001414985599999999,0.0005059768000000002,0.0011401547800000003,0.0033292207800000007
2024,12,lanjian,input-lanjian,rust,0.0026076932850000014,0.0002471599796153236,0.0025691517800000003,0.0017124505999999995,0.0008836426999999995,0.0018753767800000001,0.00426256578
2024,12,mattcl,input-lanjian,rust,0.0018472027500000014,0.00036294318423224644,0.0016960052800000002,0.0014759849999999998,0.00042614640000000016,0.0010324517800000001,0.0029612387800000005
2024,12,mattcl-py,input-lanjian,python,0.037738395959487206,0.0010793678586615793,0.037397612280000006,0.03283736717948716,0.004847670512820514,0.036206327780000006,0.04034962978000001
2024,12,kcen,input-mattcl,nim,0.0017832515949999992,0.0003530175507449176,0.0016419272800000002,0.0013461549999999997,0.0005107612999999999,0.00112661978,0.0027179117800000003
2024,12,lanjian,input-mattcl,rust,0.002625162095000002,0.00031915607707349143,0.0025906467800000006,0.0019435561999999991,0.0007280279000000002,0.0017631667800000004,0.00444857578
2024,12,mattcl,input-mattcl,rust,0.0018404852500000005,0.0003401089136640759,0.0017013452800000001,0.0014276461999999993,0.00047258630000000004,0.00117156278,0.0026172727800000003
2024,12,mattcl-py,input-mattcl,python,0.03756681889538461,0.000997595708394001,0.03721356378,0.032262738974358975,0.005213565128205128,0.03585002478,0.040201298780000005
