year,day,participant,input,language,mean,stddev,median,user,system,min,max
2024,12,kcen,input-kcen,nim,0.0018092372750000002,0.0003529606279943418,0.0016662533000000002,0.001425109999999999,0.0004716716,0.0006403418,0.0028205048
2024,12,lanjian,input-kcen,rust,0.00257250701,0.00023318921949683625,0.0025902533000000004,0.0018560700000000007,0.0007538345999999999,0.0017704488000000003,0.0032341608
2024,12,mattcl,input-kcen,rust,0.0017263734100000005,0.0003486554336190654,0.0015799323000000001,0.0013283249999999996,0.0004584129000000002,0.0010842748,0.0024784148000000002
2024,12,mattcl-py,input-kcen,python,0.03793726944102565,0.0010244975545539575,0.0376333968,0.03303366358974358,0.004790412307692308,0.0364883328,0.041071004800000005
2024,12,kcen,input-lanjian,nim,0.0018387817300000013,0.0003509242171651022,0.0016929538,0.0013440504000000004,0.0005531806999999999,0.0010356428,0.0029860548000000004
2024,12,lanjian,input-lanjian,rust,0.0026071783299999995,0.0003377549137417732,0.0025548078000000004,0.0017643049999999994,0.0008293397999999997,0.0017846758000000002,0.0053811208
2024,12,mattcl,input-lanjian,rust,0.0017183237000000012,0.000330355886273558,0.0015842598,0.0012922799999999996,0.0004828556999999998,0.0009616247999999998,0.0028419348000000002
2024,12,mattcl-py,input-lanjian,python,0.03780375422307692,0.0009563657026443405,0.0374668148,0.032770714871794886,0.004957566153846153,0.036480287800000004,0.0405267258
2024,12,kcen,input-mattcl,nim,0.001848432525,0.00035232613459656694,0.0017161118,0.0014111504,0.0004908041999999998,0.0012599428000000003,0.0029156428000000002
2024,12,lanjian,input-mattcl,rust,0.0025937309900000006,0.0002092047555038629,0.0026133668,0.0017611549999999993,0.0008672474,0.0017383288000000002,0.0033490648
2024,12,mattcl,input-mattcl,rust,0.0016614467349999992,0.00038109639424654674,0.0015430233,0.0013418811999999988,0.0004003388000000001,0.0005540408,0.0027781768
2024,12,mattcl-py,input-mattcl,python,0.03788030178734177,0.0008997984944556643,0.0376115558,0.032676084556962026,0.005121198481012656,0.036282226800000004,0.040110815800000005
