year,day,participant,input,language,mean,stddev,median,user,system,min,max
2024,12,kcen,input-kcen,nim,0.0019411047650000012,0.00037133000431160176,0.0018288931599999998,0.0013188899999999999,0.0006178839999999998,0.00115068866,0.00301098166
2024,12,lanjian,input-kcen,rust,0.0025882222599999992,0.00024206070821421196,0.0025830746600000003,0.0017107699999999995,0.0008659184999999997,0.00174292766,0.00356467866
2024,12,mattcl,input-kcen,rust,0.0018649523649999999,0.00038186299175415673,0.00170585816,0.0013680150000000013,0.0005081039999999999,0.0011541756599999999,0.0030613056600000002
2024,12,mattcl-py,input-kcen,python,0.03792533567282052,0.0009991710945091617,0.037639555660000004,0.03287362,0.004926697435897438,0.03629178866,0.04086343666
2024,12,kcen,input-lanjian,nim,0.00194682394,0.0003629750997177176,0.00190023716,0.0013591819000000002,0.0005908840000000001,0.0011248306599999998,0.0029591656599999997
2024,12,lanjian,input-lanjian,rust,0.0026331127700000008,0.00028908629195628253,0.00257164916,0.0016986100000000001,0.0008847984999999999,0.00181507266,0.00519957766
2024,12,mattcl,input-lanjian,rust,0.00182243355,0.0003872434938300531,0.0016872386599999997,0.0013568119000000004,0.00048431999999999994,0.0007198026599999999,0.00278650166
2024,12,mattcl-py,input-lanjian,python,0.0380391117625641,0.001073995326392097,0.03762667216,0.03222859435897434,0.005708235897435896,0.03632438066,0.04168497366
2024,12,kcen,input-mattcl,nim,0.0018942073950000006,0.0003529023763877845,0.00177338466,0.0012641749999999995,0.0006379019999999998,0.00105321666,0.00329467166
2024,12,lanjian,input-mattcl,rust,0.002592254459999999,0.00015849508249480548,0.00260373916,0.0018119950000000005,0.0007763225000000001,0.0018529336599999997,0.0030229036600000004
2024,12,mattcl,input-mattcl,rust,0.0018654177699999987,0.0003855419653578686,0.0017025071599999998,0.0013988668999999998,0.00047879899999999997,0.00095648566,0.00277001066
2024,12,mattcl-py,input-mattcl,python,0.03749966889076923,0.0009182131998141038,0.037304759660000006,0.03170200461538462,0.005703392307692307,0.03601619266,0.03985890466
