year,day,participant,input,language,mean,stddev,median,user,system,min,max
2024,12,kcen,input-kcen,nim,0.0018814323950000003,0.0003449765773341436,0.0017269188199999998,0.0014183699999999993,0.0005054457999999999,0.0013341628199999998,0.0026863658199999998
2024,12,lanjian,input-kcen,rust,0.002634863965,0.0003161309312275977,0.00259485832,0.0017943999999999994,0.0008347060999999999,0.00177276482,0.0051743738200000005
2024,12,mattcl,input-kcen,rust,0.0017028512450000003,0.000321558445920502,0.00157363232,0.0012844749999999993,0.00046369820000000014,0.0011295098199999999,0.0024892558200000003
2024,12,mattcl-py,input-kcen,python,0.03796190137696202,0.0011142829671009062,0.03768506382,0.03288933949367089,0.004997636962025317,0.03638897582,0.04245115682
2024,12,kcen,input-lanjian,nim,0.0018260539900000015,0.0003396024074207381,0.00169857132,0.0012810899999999995,0.0005830239000000001,0.00102095682,0.0027865328199999997
2024,12,lanjian,input-lanjian,rust,0.0025821014799999997,0.0002392850485835093,0.00260475732,0.0019096599999999992,0.0007039969,0.0017558828199999998,0.00353313082
2024,12,mattcl,input-lanjian,rust,0.0017453977099999999,0.00033301652266866524,0.00161390732,0.0013682399999999997,0.00043902359999999996,0.0009018938199999999,0.0027511868200000003
2024,12,mattcl-py,input-lanjian,python,0.03788407824307692,0.0011088179937501197,0.03757204182,0.033270862051282046,0.0045488546153846145,0.03661003082,0.041032330820000004
2024,12,kcen,input-mattcl,nim,0.0018151874100000008,0.00035026169288027875,0.0016676278199999998,0.0013203050000000008,0.0005518853999999999,0.0010985028199999999,0.0027483208199999996
2024,12,lanjian,input-mattcl,rust,0.00263393873,0.0002226666552189932,0.0026214138199999997,0.0019529649999999992,0.0006990643000000002,0.0018413828199999999,0.00421176082
2024,12,mattcl,input-mattcl,rust,0.001725361364999999,0.0003595773194962785,0.0015713928199999998,0.0013505870999999997,0.0004489884,0.0010287918199999998,0.0026909538199999996
2024,12,mattcl-py,input-mattcl,python,0.03779697524307693,0.0009778508021836899,0.03748766382,0.032353246666666675,0.005342049230769229,0.03652448082,0.04084557082
