year,day,participant,input,language,mean,stddev,median,user,system,min,max
2024,12,kcen,input-kcen,nim,0.00191722251,0.00037733774487970273,0.0018248829399999998,0.0013720231000000005,0.0005657536999999998,0.0009418599399999997,0.00283355994
2024,12,mattcl,input-kcen,rust,0.0019319590300000001,0.00036852516583597665,0.0018289404399999996,0.0013909581,0.0005630938,0.0012076069399999999,0.0029349799399999996
2024,12,mattcl-py,input-kcen,python,0.038160251979473696,0.0013296949487098303,0.03780954844000001,0.033008130000000004,0.0050432402631578966,0.03595356994,0.04260788394
2024,12,kcen,input-mattcl,nim,0.0019236481949999997,0.0003575472911571967,0.0018676679399999999,0.0012910399999999992,0.0006426549999999999,0.0010354049399999997,0.00280655994
2024,12,mattcl,input-mattcl,rust,0.0018776999049999992,0.0003685037174625411,0.0017708509399999997,0.0013681280999999997,0.0005358455000000001,0.0007277889399999998,0.0026460689399999994
2024,12,mattcl-py,input-mattcl,python,0.037766131836103896,0.0010086390724749073,0.03761330594,0.0325316787012987,0.005145037662337661,0.03609821994,0.04207567794
