year,day,participant,input,language,mean,stddev,median,user,system,min,max
2024,12,kcen,input-mattcl,nim,0.0016357393649999994,0.0003238547652056409,0.0015329213999999995,0.0011985431000000005,0.0005114078999999999,0.0009456898999999998,0.0027292948999999996
2024,12,mattcl,input-mattcl,rust,0.0020781500849999996,0.00036382320568462096,0.0021716999,0.0016503576999999995,0.0004897591000000002,0.0011868918999999997,0.0036351549
2024,12,mattcl-py,input-mattcl,python,0.047726223545161296,0.0010604495660008146,0.0474997914,0.04249283096774194,0.005171697096774193,0.0460064839,0.0508868599
