year,day,participant,input,language,mean,stddev,median,user,system,min,max
2024,12,kcen,input-kcen,nim,0.0017354350250000008,0.0003453088383312222,0.00160200104,0.0012886799999999995,0.00047814939999999984,0.0008306365400000002,0.00261294254
2024,12,mattcl,input-kcen,rust,0.0017079035500000004,0.00032522502517849346,0.0015778155400000002,0.001390185,0.0003640208000000001,0.00114545654,0.0026790665400000004
2024,12,mattcl-py,input-kcen,python,0.037437359527179484,0.0010700185469175987,0.037140960040000004,0.03255771641025642,0.004787798461538462,0.035768435540000004,0.04146723454000001
2024,12,kcen,input-mattcl,nim,0.0017377388400000007,0.0003328249814973079,0.0016194485400000001,0.0012392549999999999,0.0005365734000000001,0.0009820705400000003,0.00290195354
2024,12,mattcl,input-mattcl,rust,0.00173786773,0.00036594810679809435,0.00157307154,0.0013406252,0.00044414179999999995,0.0010988085400000002,0.0029295365400000004
2024,12,mattcl-py,input-mattcl,python,0.03742287005351353,0.0010791793296461376,0.037182222540000004,0.032910270810810806,0.004442276216216218,0.035900672540000005,0.04123465854
