year,day,participant,input,language,mean,stddev,median,user,system,min,max
2024,12,kcen,input-kcen,nim,0.0018262829650000007,0.00036141424543484856,0.0016861764800000004,0.0013448499999999999,0.0005344456000000001,0.0011382409800000004,0.0028333439800000003
2024,12,mattcl,input-kcen,rust,0.0018292907250000011,0.00039263680363890854,0.0016552839800000002,0.0013878115999999996,0.0004941748,0.0011135049800000004,0.003048767980000001
2024,12,mattcl-py,input-kcen,python,0.03732393751164557,0.0009424407352691129,0.037015026980000004,0.0324179964556962,0.0048314855696202546,0.035917551980000004,0.039973465980000004
2024,12,kcen,input-mattcl,nim,0.001829247090000001,0.00034182917616968,0.0017169089800000005,0.0014107650000000007,0.00047922240000000004,0.0011289839800000005,0.0028202299800000005
2024,12,mattcl,input-mattcl,rust,0.001832309405000001,0.000358615493087592,0.0016798544800000004,0.0014034000000000004,0.0004947519999999999,0.0011392529800000003,0.0028157809800000004
2024,12,mattcl-py,input-mattcl,python,0.03718539449898735,0.000982604083283356,0.036991993980000006,0.03205351544303797,0.005029242025316455,0.03568353398,0.040434037980000004
