year,day,participant,input,language,mean,stddev,median,user,system,min,max
2024,19,mattcl,input-mattcl,rust,0.0014034570700000007,0.00017584928726253863,0.0014221701,0.0033681803999999985,0.0017355732,0.0009336846,0.0025357126
2024,19,mattcl-py,input-mattcl,python,0.048371325761290336,0.0006320035778970418,0.04838397960000001,0.08667963161290322,0.03634909548387097,0.04659341560000001,0.04957337060000001
