year,day,participant,input,language,mean,stddev,median,user,system,min,max
2024,19,mattcl,input-mattcl,rust,0.0013920592449999985,0.0005151883846952773,0.00130705682,0.0032998925,0.0016973155999999991,0.0008536538199999999,0.00553252582
2024,19,mattcl-py,input-mattcl,python,0.04799671230387096,0.0005734539956720053,0.04803529432,0.08640243548387096,0.03587376258064516,0.04630405982,0.04919046082
