year,day,participant,input,language,mean,stddev,median,user,system,min,max
2024,19,lanjian,input-lanjian,rust,0.003272438495,0.0002815968887445224,0.0032459213,0.022812135799999998,0.010639892200000002,0.0027403498,0.0051214178
2024,19,mattcl,input-lanjian,rust,0.001413596115,0.00020559249002494978,0.0014314343000000002,0.003469347799999998,0.0014921443,0.0008730028000000002,0.0025690098
2024,19,mattcl-py,input-lanjian,python,0.05028642926551726,0.0006607247163022656,0.0501930518,0.11810432206896547,0.03827925931034482,0.0490291268,0.052742509800000004
2024,19,lanjian,input-mattcl,rust,0.002875285459999999,0.0003246781701381317,0.0028292163000000004,0.0174967466,0.0093722619,0.0023015687999999998,0.0045615288
2024,19,mattcl,input-mattcl,rust,0.0014122628949999993,0.000238423677792868,0.0014244413000000001,0.003480379800000002,0.001599101200000001,0.0009083898000000002,0.0026186318
2024,19,mattcl-py,input-mattcl,python,0.048287797066666666,0.0005972683166003415,0.048181700300000005,0.08843646000000002,0.03421523000000001,0.046750870800000004,0.0494850998
