year,day,participant,input,language,mean,stddev,median,user,system,min,max
2024,19,lanjian,input-lanjian,rust,0.0032806705949999975,0.0002756999626275885,0.0032437421200000004,0.023825550500000004,0.010176791200000002,0.00265872712,0.004694107120000001
2024,19,mattcl,input-lanjian,rust,0.0013712518000000007,0.00013830287207505361,0.00140460962,0.0038892465000000013,0.0018159577000000004,0.0009074491199999998,0.0016930001199999998
2024,19,mattcl-py,input-lanjian,python,0.05082454865448276,0.0005914144928839681,0.050833227620000004,0.12195753724137931,0.035702026896551727,0.04920358212,0.05190917712
2024,19,lanjian,input-mattcl,rust,0.002825041165,0.00027366553344236556,0.00280042762,0.018209229099999998,0.009193110900000002,0.0022912101199999996,0.00385027812
2024,19,mattcl,input-mattcl,rust,0.00135353958,0.00015558295352685364,0.00139213112,0.003902406400000003,0.0016909444999999995,0.0008896961199999999,0.00167941412
2024,19,mattcl-py,input-mattcl,python,0.048921156972459016,0.0005809346970759514,0.04902082112,0.08824641344262289,0.0355759019672131,0.04767583212,0.05020303412
