year,day,participant,input,language,mean,stddev,median,user,system,min,max
2024,19,mattcl,input-mattcl,rust,0.001345397180000001,0.00021282659841828958,0.0013497656400000002,0.0035122532999999974,0.0015319753999999996,0.0008757546400000004,0.0024829186400000002
2024,19,mattcl-py,input-mattcl,python,0.048791169540000005,0.0005707526751893983,0.048839809639999995,0.08690193666666667,0.03705608999999999,0.04672534664,0.050221781640000004
