year,day,participant,input,language,mean,stddev,median,user,system,min,max
2024,19,mattcl,input-mattcl,rust,0.0013822793600000004,0.0003245171182089439,0.0013616895200000002,0.0036163387000000004,0.0015343896000000001,0.0008550455200000001,0.0037885595200000005
2024,19,mattcl-py,input-mattcl,python,0.048995023740338976,0.0005945623796103593,0.049135835520000004,0.08603045050847459,0.038554018983050845,0.047589268520000005,0.05007479352
