year,day,participant,input,language,mean,stddev,median,user,system,min,max
2024,19,lanjian,input-lanjian,rust,0.003249141179999998,0.00023004951726650756,0.00322802282,0.025610255300000002,0.0080310854,0.0027639958199999998,0.00400435582
2024,19,mattcl,input-lanjian,rust,0.0013840392799999999,0.0001699948090130558,0.0014124963199999997,0.0035148279999999994,0.0015780371999999999,0.0008958398199999999,0.0017697048199999997
2024,19,mattcl-py,input-lanjian,python,0.05038850500965518,0.0006879614560411514,0.05040211832,0.11496029241379309,0.04107553655172414,0.049224049820000004,0.05206556582000001
2024,19,lanjian,input-mattcl,rust,0.0029001075999999988,0.0003067121290539971,0.00283894032,0.019343679999999995,0.0079769187,0.0022872028199999997,0.004535228820000001
2024,19,mattcl,input-mattcl,rust,0.0014198214400000001,0.00015891386439635313,0.0014349888199999999,0.0035241904,0.0015952528999999998,0.0009002578199999999,0.00239557582
2024,19,mattcl-py,input-mattcl,python,0.048414985074237304,0.0007331453444826424,0.048386641820000006,0.08255546745762712,0.040449767118644064,0.04718224882,0.051327824820000006
