year,day,participant,input,language,mean,stddev,median,user,system,min,max
2024,19,mattcl,input-mattcl,rust,0.0013701184450000006,0.0002383040746863481,0.0013862481000000001,0.0035899576000000023,0.0014837931000000002,0.0008700911,0.0026206501
2024,19,mattcl-py,input-mattcl,python,0.048868076100000005,0.0006992843183813006,0.048867190600000006,0.08669608999999999,0.03619679666666665,0.047761069100000005,0.051571005100000004
