year,day,participant,input,language,mean,stddev,median,user,system,min,max
2024,19,mattcl,input-mattcl,rust,0.0013021618150000002,0.00029132662010137396,0.0012870877000000004,0.003314210999999999,0.0016869969999999987,0.0008467137000000003,0.0026601557000000007
2024,19,mattcl-py,input-mattcl,python,0.04789761148688525,0.0005866728981865486,0.047965680700000006,0.08433167049180325,0.036656448524590164,0.04623421170000001,0.049187234700000006
