year,day,participant,input,language,mean,stddev,median,user,system,min,max
2024,19,lanjian,input-lanjian,rust,0.0032341303199999983,0.00018042628072852698,0.00324742054,0.023519995000000012,0.010234772200000004,0.0027712905400000005,0.00397438954
2024,19,mattcl,input-lanjian,rust,0.0013908460300000006,0.0001728989545252647,0.00140836604,0.0035684193999999973,0.0020481697,0.0009465265400000001,0.00197796654
2024,19,mattcl-py,input-lanjian,python,0.051165971820701754,0.0006321416724739841,0.05107156054,0.12222043298245616,0.036138695087719296,0.04975159154,0.05399703254
2024,19,lanjian,input-mattcl,rust,0.0028186904349999996,0.00029219068046884756,0.00279451354,0.018378961399999994,0.008458153099999999,0.0022318815400000002,0.00449026454
2024,19,mattcl,input-mattcl,rust,0.001382618545,0.00017178490569285908,0.0013991880399999998,0.0036115867999999994,0.001960966699999999,0.0009045785400000001,0.0022785385399999997
2024,19,mattcl-py,input-mattcl,python,0.04924985927333333,0.0006857926607377715,0.049223926040000004,0.08810717333333332,0.03687480999999999,0.04779213754,0.05201535654
