year,day,participant,input,language,mean,stddev,median,user,system,min,max
2024,19,mattcl,input-mattcl,rust,0.001327391765,0.00025676921556011377,0.00133385834,0.0033401762999999995,0.0017492990000000006,0.0008451238399999998,0.0025171438400000004
2024,19,mattcl-py,input-mattcl,python,0.04845775513508196,0.0006536262933527173,0.04834373084,0.08500670393442622,0.03781038688524591,0.04725994184,0.05005348284
