year,day,participant,input,language,mean,stddev,median,user,system,min,max
2024,19,mattcl,input-mattcl,rust,0.0013518413949999994,0.0002655917996831726,0.0013534817799999998,0.003498089199999999,0.001506521899999999,0.0008367252799999997,0.0024849682799999995
2024,19,mattcl-py,input-mattcl,python,0.04806283691934427,0.0005078516576272721,0.04808238228,0.0852598406557377,0.037376381311475415,0.046965392280000004,0.04922403628000001
