year,day,participant,input,language,mean,stddev,median,user,system,min,max
2024,19,lanjian,input-mattcl,rust,0.002930324045,0.0004000671719874928,0.0028544165599999997,0.0184194398,0.009212806599999998,0.00232351856,0.006067646560000001
2024,19,mattcl,input-mattcl,rust,0.001402855885000001,0.00018123466445617433,0.0014125335599999998,0.0036983098,0.0017627321,0.0009239995599999999,0.00236161956
2024,19,mattcl-py,input-mattcl,python,0.04865195322666666,0.000684405725531199,0.04859043356,0.08704952666666668,0.036363943333333336,0.04730498156,0.05008589756
