year,day,participant,input,language,mean,stddev,median,user,system,min,max
2024,19,mattcl,input-mattcl,rust,0.0021245183050000007,0.0004742309559991621,0.0020578073199999996,0.008005457199999996,0.004843292999999999,0.00153398682,0.00554338082
