year,day,participant,input,language,mean,stddev,median,user,system,min,max
2024,19,mattcl,input-mattcl,rust,0.0013381848700000007,0.00025736384874582496,0.0013189811200000003,0.0034336971999999995,0.0015937653999999997,0.0008467821200000001,0.0024805911200000003
2024,19,mattcl-py,input-mattcl,python,0.04828097378666666,0.0006524213669971761,0.048200574620000006,0.08785562333333333,0.03490602999999999,0.047048222120000004,0.051236954120000004
