year,day,participant,input,language,mean,stddev,median,user,system,min,max
2024,19,lanjian,input-lanjian,rust,0.0033456079549999984,0.0003487948221122905,0.00327619712,0.0231682552,0.0110364086,0.00275720562,0.00502917962
2024,19,mattcl,input-lanjian,rust,0.0013426251700000003,0.0001833279079031566,0.0013605306200000001,0.0035890500000000007,0.0014119151999999998,0.0008447946199999999,0.00212438062
2024,19,mattcl-py,input-lanjian,python,0.05003938621649123,0.0005732431902638285,0.049943434620000005,0.11859648631578945,0.036651492280701754,0.04882264662000001,0.05106163762
2024,19,lanjian,input-mattcl,rust,0.0028028214399999983,0.00023294469638147778,0.0028037631200000003,0.017773702,0.009373853399999998,0.00228762662,0.00391323962
2024,19,mattcl,input-mattcl,rust,0.0013545480849999991,0.0002283843494276617,0.0013709801200000001,0.0037850578,0.0012846951999999994,0.0008496546199999998,0.00268148262
2024,19,mattcl-py,input-mattcl,python,0.048093417519999994,0.0006828628903014655,0.04801601112000001,0.08278774333333333,0.03884364666666666,0.04686108362000001,0.04972042662000001
