year,day,participant,input,language,mean,stddev,median,user,system,min,max
2024,19,mattcl,input-mattcl,rust,0.0013301386349999999,0.00024004127295683856,0.0013373827000000005,0.0034147990000000005,0.0015988985999999996,0.0008339352000000002,0.0025205332
2024,19,mattcl-py,input-mattcl,python,0.04885015744590166,0.0006016811024190925,0.0488076332,0.08674921803278687,0.037071100327868846,0.0474761292,0.0500713192
