year,day,participant,input,language,mean,stddev,median,user,system,min,max
2024,19,lanjian,input-lanjian,rust,0.0032684430599999987,0.00027038016287703263,0.0032330539799999996,0.025151016800000002,0.008640402400000004,0.00267186798,0.00450387098
2024,19,mattcl,input-lanjian,rust,0.0013413362550000005,0.00019690893747756116,0.0013669019799999998,0.0037887103999999987,0.0015024835999999998,0.0008556039799999997,0.00264939598
2024,19,mattcl-py,input-lanjian,python,0.05039162413254237,0.0007463957238713302,0.05044418698,0.11879373423728812,0.037572066779661024,0.04881964298,0.053754852980000004
2024,19,lanjian,input-mattcl,rust,0.0027851666850000002,0.0002562038553683688,0.00277122348,0.019482061999999994,0.007270698600000001,0.0022399679799999994,0.0038333449799999994
2024,19,mattcl,input-mattcl,rust,0.0013425883849999996,0.00019020646926844734,0.0013754929799999996,0.0034449751999999995,0.0017114184000000005,0.0008460649799999997,0.00261105398
2024,19,mattcl-py,input-mattcl,python,0.04824098719311476,0.0006984964843781035,0.04813444798,0.08412588983606559,0.03808813540983605,0.04694789498,0.04960540498
