year,day,participant,input,language,mean,stddev,median,user,system,min,max
2024,19,mattcl,input-mattcl,rust,0.0013910781049999996,0.00013401330960940899,0.0014071308599999997,0.0039035143000000013,0.0015847064999999997,0.0009222578599999999,0.0021493968599999996
2024,19,mattcl-py,input-mattcl,python,0.049129456743333334,0.0006055319889631185,0.04908292086,0.08830479666666671,0.036548473333333324,0.04798269586,0.05055223786
