year,day,participant,input,language,mean,stddev,median,user,system,min,max
2024,19,mattcl,input-mattcl,rust,0.0013256066050000004,0.00019147963113355735,0.0013552025600000006,0.0033328349999999984,0.001585385,0.0008195450600000005,0.002194668060000001
2024,19,mattcl-py,input-mattcl,python,0.04871015065322032,0.0006514089383663086,0.048750490060000005,0.08465522881355932,0.03935853389830508,0.04678915006000001,0.050176248060000005
