year,day,participant,input,language,mean,stddev,median,user,system,min,max
2024,19,mattcl,input-mattcl,rust,0.0013844758699999998,0.00014780519248673956,0.0014155472800000003,0.003685462700000001,0.0016389535,0.0009024212800000002,0.00165984928
2024,19,mattcl-py,input-mattcl,python,0.04924286389666666,0.000723481960723187,0.04918734778,0.08894206000000002,0.03564985,0.04769927728,0.05196257628
