year,day,participant,input,language,mean,stddev,median,user,system,min,max
2024,19,mattcl,input-mattcl,rust,0.0013868337400000002,0.0001850687960765252,0.0014058477,0.0036184257000000004,0.0015225599999999994,0.0008837457,0.0024730797000000002
2024,19,mattcl-py,input-mattcl,python,0.048528043552459016,0.0006905508414027128,0.0485437917,0.08760926852459014,0.0354365737704918,0.0468402427,0.0498819157
