year,day,participant,input,language,mean,stddev,median,user,system,min,max
2024,19,mattcl,input-mattcl,rust,0.0013604572899999997,0.00023078296076181067,0.00136914864,0.0034064115999999983,0.0014393662000000008,0.0008069411399999999,0.00253246114
2024,19,mattcl-py,input-mattcl,python,0.048615373529830495,0.0006871964813344499,0.04864093514,0.08664183457627117,0.036988482033898304,0.04719907614,0.05038991914
