year,day,participant,input,language,mean,stddev,median,user,system,min,max
2024,19,mattcl,input-mattcl,rust,0.0013437411649999994,0.00022568788854183415,0.0013666665199999995,0.003366642000000001,0.0016296012000000001,0.0008307475199999996,0.00264235952
2024,19,mattcl-py,input-mattcl,python,0.04817099702000001,0.0006144524657226079,0.04804518302,0.08541221666666667,0.036431913333333336,0.046877116520000005,0.049619039520000005
