year,day,participant,input,language,mean,stddev,median,user,system,min,max
2024,19,mattcl,input-mattcl,rust,0.0013346118800000003,0.00023459996655190977,0.00132697094,0.003624059500000002,0.0014838526000000001,0.0008762019399999999,0.00270087794
2024,19,mattcl-py,input-mattcl,python,0.048417020126440696,0.000641395930888501,0.04847176394000001,0.08506167288135591,0.03804964779661016,0.046920960940000006,0.04974525794000001
