year,day,participant,input,language,mean,stddev,median,user,system,min,max
2024,19,mattcl,input-mattcl,rust,0.0013191849400000007,0.00024558512017724607,0.0013227277400000002,0.0033433757,0.0014990341999999996,0.0008583077400000003,0.0025118337400000003
2024,19,mattcl-py,input-mattcl,python,0.04792925036295083,0.0006627969542783614,0.04791958474,0.08587940950819672,0.03657688065573769,0.04644998374,0.04988291174
