year,day,participant,input,language,mean,stddev,median,user,system,min,max
2024,19,mattcl,input-mattcl,rust,0.0014138733449999999,0.00021675632894629663,0.00141887338,0.0035726073999999986,0.0015059599999999998,0.0009408323799999998,0.00325331438
2024,19,mattcl-py,input-mattcl,python,0.04894034946333334,0.0009722710828931125,0.04886050538,0.08691390666666667,0.03691153333333334,0.04743426838,0.05416659938
