year,day,participant,input,language,mean,stddev,median,user,system,min,max
2024,19,mattcl,input-mattcl,rust,0.0013636410450000003,0.00017599272416327734,0.00138132622,0.0036500624000000022,0.0015115275,0.0008877977199999997,0.00198354872
2024,19,mattcl-py,input-mattcl,python,0.04854211798666667,0.0006955066166920357,0.04847035022,0.08495713,0.03752584999999999,0.046979828720000005,0.05085367272000001
