year,day,participant,input,language,mean,stddev,median,user,system,min,max
2024,19,mattcl,input-mattcl,rust,0.0013634770800000004,0.00023721783065065038,0.0013716254,0.003655899400000001,0.0015195909999999996,0.0009042499,0.0031089969
2024,19,mattcl-py,input-mattcl,python,0.04850141066666667,0.0005577937353574455,0.0484985404,0.08597381333333333,0.0364266,0.0475188719,0.0499644099
