year,day,participant,input,language,mean,stddev,median,user,system,min,max
2024,19,mattcl,input-mattcl,rust,0.0013295425200000003,0.0001843330514864961,0.0013648213000000003,0.0036863707999999994,0.0014081160000000003,0.0008533778000000001,0.0019115208000000002
2024,19,mattcl-py,input-mattcl,python,0.04872141566666667,0.0006469258566787813,0.0488374888,0.08802254666666667,0.03531965000000001,0.0469395738,0.0503254558
