year,day,participant,input,language,mean,stddev,median,user,system,min,max
2024,19,lanjian,input-lanjian,rust,0.0032396574950000006,0.00020699920391987526,0.0032308939800000007,0.024326528799999997,0.009053918999999999,0.0027643464800000007,0.0038415124800000007
2024,19,mattcl,input-lanjian,rust,0.0014134915350000007,0.00018922575275134602,0.0014429619800000004,0.0039555332,0.0015731084999999994,0.0009505914800000004,0.002604747480000001
2024,19,mattcl-py,input-lanjian,python,0.05085552069052632,0.0006685663028689968,0.05080013148,0.12076293263157889,0.03688600385964912,0.04948764448,0.05281622548
2024,19,lanjian,input-mattcl,rust,0.0028612515450000013,0.00025962792319907373,0.0028229904800000003,0.019541303799999996,0.008166488900000001,0.0022870324800000003,0.003737126480000001
2024,19,mattcl,input-mattcl,rust,0.001405464535,0.00024350003160003504,0.0014267469800000004,0.0038100224000000016,0.0017081577000000012,0.0009046044800000003,0.0032009924800000004
2024,19,mattcl-py,input-mattcl,python,0.048929200413333346,0.0006425432077671962,0.04900625298,0.08872694666666663,0.035273776666666666,0.04775246648,0.05075089948
