year,day,participant,input,language,mean,stddev,median,user,system,min,max
2024,19,mattcl,input-mattcl,rust,0.0013523533499999998,0.000255959309577485,0.00134740164,0.0035637580000000006,0.0015384232000000004,0.0008407676399999999,0.00246839464
2024,19,mattcl-py,input-mattcl,python,0.04848343680393443,0.0007299409133898485,0.048400631640000004,0.08687986262295083,0.036655270163934425,0.04681388064,0.05042504064
