year,day,participant,input,language,mean,stddev,median,user,system,min,max
2024,19,mattcl,input-mattcl,rust,0.0014053129899999994,0.00020593539688036264,0.00139984516,0.0032858999999999983,0.0016905828999999998,0.00094741366,0.0027064646600000004
2024,19,mattcl-py,input-mattcl,python,0.04834103679333334,0.0009177623692122877,0.048291014660000006,0.08550694333333334,0.03740999,0.04624689766,0.052748244660000006
