year,day,participant,input,language,mean,stddev,median,user,system,min,max
2024,19,mattcl,input-mattcl,rust,0.0013462760999999998,0.0002348074964160982,0.0013607918999999997,0.0033685396,0.0015804281999999997,0.0008568633999999997,0.0024440653999999997
2024,19,mattcl-py,input-mattcl,python,0.04831993171147541,0.0005401288500089756,0.0484257134,0.08735713967213116,0.03599181049180328,0.0471871924,0.0494019714
