year,day,participant,input,language,mean,stddev,median,user,system,min,max
2025,6,kcen,input-lanjian,nim,0.0015715549899999993,0.0002649840361821497,0.0014876562000000002,0.00121184,0.0003865479999999999,0.0010131962000000001,0.0027596912000000004
2025,6,lanjian,input-lanjian,rust,0.001382632275,0.0002148115775708604,0.0014489637000000002,0.0009815431,0.00044660849999999993,0.0006049502000000003,0.0021075382000000004
2025,6,mattcl,input-lanjian,rust,0.001086762900000001,0.00019636570598041277,0.0011113802000000002,0.0008273483000000002,0.000323399,0.0005201212000000003,0.0018895392
2025,6,mattcl-py,input-lanjian,python,0.020648321221276595,0.0006417470020235887,0.0205786692,0.01589238255319149,0.004635466666666668,0.019555890200000002,0.0240505302
2025,6,kcen,input-mattcl,nim,0.0015796936049999998,0.0002758683090523957,0.0014785232000000003,0.0013087249999999997,0.0003192635,0.0010687202,0.0028014992000000003
2025,6,lanjian,input-mattcl,rust,0.0014184085600000007,0.00017546952428732027,0.0014530007000000003,0.0010315898999999997,0.0004238764999999999,0.0006156202000000003,0.0020834832
2025,6,mattcl,input-mattcl,rust,0.0010369930700000005,0.00015671731041134516,0.0010933362000000002,0.0007932033000000005,0.000327592,0.00011801720000000017,0.0015641392
2025,6,mattcl-py,input-mattcl,python,0.020532111300719427,0.0005235585963938682,0.0204404702,0.015392419136690644,0.005030951798561152,0.0196719682,0.0225990982
2025,6,kcen,input-whyando,nim,0.0015726625299999997,0.000223738583602546,0.0015146512000000002,0.0012168366,0.0003915779999999998,0.0010152302000000003,0.0022796912000000004
2025,6,lanjian,input-whyando,rust,0.0013893333600000005,0.00018709494796762812,0.0014477202,0.0009862199,0.0004403339999999998,0.0006487532000000004,0.0017529532000000003
2025,6,mattcl,input-whyando,rust,0.001050286415000001,0.00017427006999770148,0.0011010857000000001,0.0007817248000000002,0.000354948,0.0004687252000000003,0.0017783902000000004
2025,6,mattcl-py,input-whyando,python,0.020774386638356155,0.0007443804864745647,0.0206591287,0.01631588109589041,0.0043522815068493155,0.0192979062,0.0240875982
