year,day,participant,input,language,mean,stddev,median,user,system,min,max
2025,6,mattcl,input-mattcl,rust,0.0010537403,0.00018874655787525982,0.0010854128999999997,0.0008588814000000004,0.0003058082,0.0001635768999999999,0.0017602568999999998
