year,day,participant,input,language,mean,stddev,median,user,system,min,max
2025,6,kcen,input-lanjian,nim,0.0015974337299999991,0.0002719053753570425,0.0015050949199999998,0.0013269712,0.00031324280000000004,0.00104102642,0.00260488242
2025,6,lanjian,input-lanjian,rust,0.0013994916700000007,0.00018844121645348683,0.00145205542,0.0010784274,0.0003900559999999999,0.0006292854199999998,0.00174575542
2025,6,mattcl,input-lanjian,rust,0.0010624396749999998,0.00019982259323207148,0.0011057274199999998,0.0008527583999999998,0.0003235859999999999,0.0001914664199999999,0.0018034934199999998
2025,6,mattcl-py,input-lanjian,python,0.020756408017122297,0.0007068341469490248,0.02066186942,0.01572217007194245,0.0049719004316546795,0.01921772642,0.02430215242
2025,6,kcen,input-mattcl,nim,0.0013229112999999992,0.00031944028844144477,0.0014559179199999997,0.0011694121999999995,0.000289807,0.0004833934199999999,0.00197237042
2025,6,lanjian,input-mattcl,rust,0.0010445124099999997,0.0004393357238327062,0.0011829724199999999,0.0008465591999999999,0.0003273256,0.00019077541999999975,0.00213605642
2025,6,mattcl,input-mattcl,rust,0.0007012685299999998,0.000388027225155824,0.0007541944199999999,0.000645199,0.0002078924,0.000018723419999999843,0.0017921824199999999
2025,6,mattcl-py,input-mattcl,python,0.02064908293470588,0.0006374180249119039,0.02057722042,0.015649171764705885,0.004910869411764706,0.01969736442,0.024111044419999998
