year,day,participant,input,language,mean,stddev,median,user,system,min,max
2025,6,kcen,input-mattcl,nim,0.0015626118749999989,0.00025489089876452615,0.0014851649200000002,0.0013104129999999996,0.00033068979999999995,0.0008926539200000001,0.00269376992
2025,6,mattcl,input-mattcl,rust,0.001069998235,0.00021292992114326295,0.0010993564200000002,0.0008448139999999998,0.00031998799999999995,0.00049464892,0.0022633529200000004
2025,6,mattcl-py,input-mattcl,python,0.020478246394820137,0.0005992038609151789,0.020439215920000003,0.014939058992805752,0.005447943021582735,0.019453848920000003,0.02377891492
