year,day,participant,input,language,mean,stddev,median,user,system,min,max
2025,6,kcen,input-mattcl,nim,0.0015348284400000006,0.00023054360787772452,0.0014621297200000003,0.0011852083999999998,0.00041024029999999997,0.0009720722200000004,0.0025612292200000004
2025,6,mattcl,input-mattcl,rust,0.0011179061350000007,0.00020705187927098372,0.0011384987200000005,0.0008629325999999995,0.00032263390000000005,0.0004736182200000002,0.0020155462200000004
