year,day,participant,input,language,mean,stddev,median,user,system,min,max
2025,6,kcen,input-lanjian,nim,0.0015459090049999996,0.00021386537484708036,0.0014923287400000003,0.0013537149999999997,0.0002857239999999999,0.0010515272400000004,0.0024534242400000004
2025,6,lanjian,input-lanjian,rust,0.0014467665149999994,0.00021450274138883635,0.0014479752400000003,0.0009962049999999996,0.000476277,0.0007031342400000002,0.0027331082400000005
2025,6,mattcl,input-lanjian,rust,0.0011372086050000002,0.00017901636812109705,0.0011497367400000005,0.0009015595,0.00030892199999999994,0.0006339152400000003,0.0019189522400000006
2025,6,mattcl-py,input-lanjian,python,0.020568644832857155,0.0004505679420720097,0.02052204924,0.015657014285714282,0.004814381428571425,0.019565096240000003,0.02230126224
2025,6,kcen,input-mattcl,nim,0.001639829100000001,0.0003119453553809854,0.0015313317400000004,0.001398585,0.00029044700000000005,0.0006911022400000003,0.0026890052400000003
2025,6,lanjian,input-mattcl,rust,0.0014537615949999996,0.00017322590758133108,0.0014588707400000004,0.0010698749999999999,0.000416596,0.0005645052400000003,0.0020713582400000005
2025,6,mattcl,input-mattcl,rust,0.0010589447900000008,0.00017501054827169505,0.0011136437400000004,0.0008919755000000001,0.0002981809999999999,0.0005155132400000002,0.0018040982400000004
2025,6,mattcl-py,input-mattcl,python,0.02082375802169015,0.0007104229512642813,0.020748853740000003,0.01605529154929579,0.004684702816901408,0.019577600240000003,0.023685998240000002
2025,6,kcen,input-whyando,nim,0.0016215974749999998,0.0002912461370245939,0.0015854377400000004,0.0013354015000000014,0.00035629299999999993,0.0005384062400000002,0.0024647752400000006
2025,6,lanjian,input-whyando,rust,0.0014080809250000003,0.00017491851237255864,0.0014643657400000003,0.0010966079999999996,0.0004048080000000001,0.0007264082400000002,0.0016790632400000005
2025,6,mattcl,input-whyando,rust,0.0011066880400000005,0.00018326548543207277,0.0011292032400000004,0.0009129539999999997,0.000317818,0.0005227172400000003,0.0017768862400000004
2025,6,mattcl-py,input-whyando,python,0.020821498298823526,0.0006183221181758927,0.02073785274,0.01571769264705882,0.005009733823529409,0.01961108224,0.023494468240000004
