year,day,participant,input,language,mean,stddev,median,user,system,min,max
2025,6,mattcl,input-mattcl,rust,0.0010073272399999996,0.00019534763843924853,0.00105771948,0.0008427246999999995,0.00029022,0.0004800879799999999,0.00174076798
