year,day,participant,input,language,mean,stddev,median,user,system,min,max
2025,6,kcen,input-lanjian,nim,0.00158667121,0.000326586592096722,0.0014585184,0.0012998647999999998,0.00033417519999999983,0.0009787194,0.0027023284
2025,6,lanjian,input-lanjian,rust,0.001206173315,0.0003490247311617479,0.0013398709,0.0009154724,0.0003837626000000001,0.00013658240000000014,0.0020623904
2025,6,mattcl,input-lanjian,rust,0.0007086661330000004,0.00019178544210344165,0.0007334699000000001,0.0006030873999999997,0.0002079398,0.0,0.0013344464000000001
2025,6,mattcl-py,input-lanjian,python,0.02081201293676471,0.0005506686278370635,0.0207132389,0.016390584117647055,0.004316514705882352,0.0196538684,0.0234245324
2025,6,whyando,input-lanjian,rust,0.00046065261800000033,0.0001734785681070362,0.0004978589000000001,0.0004407406,0.00020302259999999998,0.0,0.0010630174
2025,6,kcen,input-mattcl,nim,0.0015467989200000007,0.0002588709802169452,0.0014620649,0.0012092699999999993,0.00039977679999999975,0.0008744844,0.0025700894
2025,6,lanjian,input-mattcl,rust,0.0013891833500000006,0.0001362205285947041,0.0014085749000000002,0.0010103647999999998,0.00042963620000000007,0.0007900464000000002,0.0020097104
2025,6,mattcl,input-mattcl,rust,0.0006550875730000004,0.0001559999250837466,0.0006978284000000001,0.0006168677999999997,0.00018459900000000003,0.0,0.0012610484
2025,6,mattcl-py,input-mattcl,python,0.020709165306474833,0.0006121783317493156,0.0206090294,0.01607986014388489,0.004553914820143886,0.0196443724,0.0235222964
2025,6,whyando,input-mattcl,rust,0.00047237033799999996,0.00014507713990925036,0.0005034339000000002,0.0004639770000000001,0.00019690979999999997,0.0,0.0009804334000000003
2025,6,kcen,input-whyando,nim,0.0016187384250000002,0.00032713013743953704,0.0014966249,0.0013244194000000006,0.00034801880000000007,0.0008659484000000001,0.0025871014
2025,6,lanjian,input-whyando,rust,0.001380785725,0.00014136489309833218,0.0014120859,0.0009759794000000003,0.0004492666,0.0007628754000000001,0.0017485614000000002
2025,6,mattcl,input-whyando,rust,0.0006590757119999998,0.0001788390558244388,0.0007103869000000001,0.0006030878,0.0001909176,0.0,0.0010980934000000002
2025,6,mattcl-py,input-whyando,python,0.02081821669197079,0.000722433651738499,0.0207013014,0.015273857518248168,0.005428563795620438,0.0195344364,0.0240872244
2025,6,whyando,input-whyando,rust,0.00047225251200000006,0.00017246592939509304,0.0005094454000000002,0.00047352619999999984,0.0001891425999999999,0.0,0.0011132414000000002
