year,day,participant,input,language,mean,stddev,median,user,system,min,max
2025,11,lanjian,input-lanjian,rust,0.0010951639550000002,0.00017885735859496312,0.00110936188,0.0008619609999999997,0.00030716699999999985,0.0005408378800000001,0.0018620308800000001
2025,11,mattcl,input-lanjian,rust,0.0008709930056,0.0001698586040145644,0.0009151283800000001,0.0007811955,0.00022488899999999995,0.0,0.00142825888
2025,11,lanjian,input-mattcl,rust,0.0010481121999999998,0.00017096355790511463,0.0010657403800000001,0.0008605974999999996,0.00030889499999999995,0.00045447588000000014,0.0017022218800000002
2025,11,mattcl,input-mattcl,rust,0.0009390213999999997,0.00016884609556435187,0.0009545118800000001,0.000786603,0.00025556100000000007,0.00038580688,0.00157595488
