year,day,participant,input,language,mean,stddev,median,user,system,min,max
2025,11,lanjian,input-lanjian,rust,0.0010371651999999997,0.00022319630835182256,0.0010978604599999999,0.0008015953000000003,0.00032770900000000014,0.000055032459999999894,0.00145121846
2025,11,mattcl,input-lanjian,rust,0.0009254830749999996,0.00017415143051747572,0.00099396096,0.0007781166,0.000259904,0.0003307794599999999,0.0017828484600000002
2025,11,whyando,input-lanjian,rust,0.0010088327649999999,0.0002044171165033144,0.00105313696,0.0008366907999999999,0.0002756659999999999,0.00003095745999999997,0.0012497904599999999
2025,11,lanjian,input-mattcl,rust,0.0010975846,0.00019097290150938947,0.00113536096,0.0008522736999999997,0.00034285299999999995,0.00013458145999999983,0.00135596946
2025,11,mattcl,input-mattcl,rust,0.0008898472077000007,0.0002170779215753897,0.00095383596,0.0007199295,0.00027291900000000005,0.0,0.00120790246
2025,11,whyando,input-mattcl,rust,0.0006753996854000002,0.0003872932625865791,0.00077980546,0.0006104064,0.00019909899999999994,0.0,0.00131431046
2025,11,lanjian,input-whyando,rust,0.0009460191599999997,0.0003273397200511969,0.0010433289600000001,0.0007538782000000003,0.000282305,0.00010132945999999994,0.00189084146
2025,11,mattcl,input-whyando,rust,0.00093438796,0.00016014757227877019,0.00097801596,0.0007486395,0.0002798999999999999,0.0003617374599999999,0.0013022694600000001
2025,11,whyando,input-whyando,rust,0.001133476575,0.0002008398594002479,0.00122044996,0.0008451398000000004,0.0003491479999999998,0.00019130745999999983,0.00138973246
