year,day,participant,input,language,mean,stddev,median,user,system,min,max
2025,11,lanjian,input-lanjian,rust,0.0010911664900000002,0.00015668737079059771,0.0011275181800000002,0.0008203070000000002,0.00035776179999999984,0.00022338518000000025,0.0013171521800000004
2025,11,mattcl,input-lanjian,rust,0.001129357335000001,0.00019590126044020568,0.0012054486800000003,0.0009103749999999995,0.0003284288,0.00045017918000000024,0.0019997401800000004
2025,11,lanjian,input-mattcl,rust,0.001047798045,0.0001540010588607362,0.0011015041800000005,0.0008426039999999994,0.0003239452999999999,0.0005159721800000002,0.0012701851800000002
2025,11,mattcl,input-mattcl,rust,0.0011714875300000013,0.00019585640087260706,0.0012501171800000002,0.0009013819999999997,0.00035103400000000007,0.00012318718000000012,0.0014446211800000002
