year,day,participant,input,language,mean,stddev,median,user,system,min,max
2025,11,lanjian,input-lanjian,rust,0.0010133044700000005,0.0001693622918796315,0.0010350578600000005,0.0008488936999999992,0.0002878658,0.0004728053600000005,0.0016078603600000003
2025,11,mattcl,input-lanjian,rust,0.0008664778032000004,0.00016198411603039092,0.0008985428600000004,0.0008096382000000001,0.00020398370000000002,0.0,0.0015042763600000004
2025,11,whyando,input-lanjian,rust,0.0024040145400000008,0.00029729890538767736,0.0024856993600000004,0.001801680000000001,0.000639098,0.0015128633600000004,0.0032759043600000004
2025,11,lanjian,input-mattcl,rust,0.0010603503350000009,0.0001758049508967922,0.0010724883600000004,0.0008221396000000001,0.00032550109999999994,0.00046132436000000045,0.0017162243600000004
2025,11,mattcl,input-mattcl,rust,0.0008708592632000001,0.00017871395964641712,0.0009120078600000005,0.0007712246000000004,0.0002502373999999999,0.0,0.0014360693600000006
2025,11,whyando,input-mattcl,rust,0.0024188925250000007,0.00031879667238548473,0.0025039888600000004,0.0017548091,0.0006994049999999998,0.0014574493600000003,0.0037522763600000004
2025,11,lanjian,input-whyando,rust,0.0010284341550000004,0.00018485097167151297,0.0010605808600000005,0.0008816923000000004,0.00024950879999999996,0.00036791836000000036,0.0016452713600000005
2025,11,mattcl,input-whyando,rust,0.0008264875150000006,0.00017214368992920766,0.0008811703600000004,0.0007633836999999997,0.0002225821999999999,0.00007754536000000034,0.0013443473600000004
2025,11,whyando,input-whyando,rust,0.0024300258550000015,0.0003228691447278393,0.002481351360000001,0.0017753150000000004,0.0006861166000000002,0.0013829293600000005,0.0038560913600000006
