year,day,participant,input,language,mean,stddev,median,user,system,min,max
2025,11,lanjian,input-lanjian,rust,0.0010497135650000002,0.00020246889341974254,0.00106459362,0.0008343229999999999,0.0002984445,0.0005792396200000002,0.00179033762
2025,11,mattcl,input-lanjian,rust,0.0009434931800000003,0.0001846994258643472,0.0009633231200000001,0.0007643279999999996,0.0002588105,0.00043810462000000005,0.0015226166200000002
2025,11,lanjian,input-mattcl,rust,0.0010606730549999998,0.00021550145617175434,0.0010482521200000001,0.0008557969999999995,0.00030797250000000006,0.0004938796200000001,0.00204986362
2025,11,mattcl,input-mattcl,rust,0.0008563599999999999,0.0001482988335524616,0.0009130941200000001,0.0007272129999999994,0.00026858949999999997,0.0002476376200000001,0.00128254662
2025,11,lanjian,input-whyando,rust,0.0010895586100000008,0.00020374564804702072,0.0010887586200000001,0.0008207589999999998,0.00033513,0.00047119662,0.00176555062
2025,11,mattcl,input-whyando,rust,0.0009032035749999998,0.0001339900519521268,0.0009151681200000001,0.0007687769999999999,0.0002546885,0.0004871066200000001,0.0014342506200000003
