year,day,participant,input,language,mean,stddev,median,user,system,min,max
2025,11,mattcl,input-lanjian,rust,0.0011092703549999993,0.00020284528217162417,0.0011918852800000001,0.0008689522999999993,0.000329469,0.00047196727999999997,0.00137469928
2025,11,mattcl,input-mattcl,rust,0.001128772345,0.0002209953266745947,0.0012143477799999999,0.0008720323000000002,0.0003309599999999999,0.000042332279999999925,0.00144104228
