year,day,participant,input,language,mean,stddev,median,user,system,min,max
2025,11,lanjian,input-lanjian,rust,0.0010363141499999996,0.00019523719964896895,0.0010528618,0.0007640853999999996,0.00035891490000000014,0.00043915229999999994,0.0017458703000000002
2025,11,mattcl,input-lanjian,rust,0.0008839712949999998,0.00014271071605756626,0.0009068383,0.0007517436000000001,0.0002623889999999999,0.0004102483,0.0014201603000000003
2025,11,whyando,input-lanjian,rust,0.0009605514234999997,0.00016905966246888609,0.0009993568000000001,0.0008109201999999999,0.0002761544,0.0,0.0014789603000000002
2025,11,lanjian,input-mattcl,rust,0.0009934113249999996,0.00019999012866522202,0.0010169643,0.0008284489999999999,0.00030268980000000003,0.00008567029999999992,0.0017487053000000002
2025,11,mattcl,input-mattcl,rust,0.0008686182935000001,0.0001749210485223842,0.0009085817999999999,0.0007597687999999998,0.0002431005,0.0,0.0013480853000000003
2025,11,whyando,input-mattcl,rust,0.00087383614,0.00014720609491985096,0.0009250622999999999,0.0007642319999999997,0.0002533735999999999,0.0002668902999999999,0.0014221543000000002
2025,11,lanjian,input-whyando,rust,0.0010159756849999996,0.00014595263131242923,0.0010313218,0.0008649867999999991,0.00028345899999999996,0.0003485722999999999,0.0016422663
2025,11,mattcl,input-whyando,rust,0.0007153096814999992,0.00027810878966631904,0.0008428083,0.0006829807999999994,0.0001925843,0.0,0.0010395972999999998
2025,11,whyando,input-whyando,rust,0.0008128876595,0.00027721865868644277,0.0008953412999999999,0.0007451821999999998,0.0002058166,0.0,0.0014477313
