year,day,participant,input,language,mean,stddev,median,user,system,min,max
2025,11,lanjian,input-lanjian,rust,0.0010691715000000007,0.000196179381681855,0.0010904925200000005,0.0008485421999999996,0.00029867800000000003,0.0005701625200000006,0.0018151955200000004
2025,11,mattcl,input-lanjian,rust,0.000864250919800001,0.00020017017206708067,0.0009026110200000005,0.0007634933999999993,0.00024346149999999997,0.0,0.0014346425200000004
2025,11,lanjian,input-mattcl,rust,0.001010407045000001,0.00021329483498958788,0.0010557625200000003,0.0008851835999999997,0.00025529649999999997,0.00007405252000000043,0.0017009915200000003
2025,11,mattcl,input-mattcl,rust,0.0009072211550000007,0.00014950610231629616,0.0009554550200000005,0.0008297047999999998,0.000222035,0.0003595275200000005,0.0014296035200000003
2025,11,lanjian,input-whyando,rust,0.0010341205149999998,0.00015695038756732214,0.0010705655200000004,0.0008658186,0.00027880949999999993,0.0004466405200000005,0.0016069755200000006
2025,11,mattcl,input-whyando,rust,0.0009744340850000007,0.00018443436254271723,0.0009985210200000006,0.0008935959999999996,0.00018612949999999997,0.0001031365200000004,0.0016390055200000003
