year,day,participant,input,language,mean,stddev,median,user,system,min,max
2025,11,lanjian,input-lanjian,rust,0.0009936171050000003,0.000120790855613108,0.0010191744000000002,0.000753916,0.00032723559999999987,0.0005614274000000001,0.0016018364
2025,11,mattcl,input-lanjian,rust,0.0009165136750000004,0.00013920154648865631,0.0009317604,0.0007336020000000003,0.00027302299999999995,0.00043692440000000013,0.0016723684
2025,11,whyando,input-lanjian,rust,0.001012845495000001,0.00013589462543643334,0.0010529829000000001,0.0007184304999999997,0.0003753769999999999,0.00045210240000000015,0.0016091694
2025,11,lanjian,input-mattcl,rust,0.0010058428450000002,0.0001561912395856551,0.0010305609000000001,0.0007736710000000002,0.0003125884,0.00036796539999999997,0.0016494544000000002
2025,11,mattcl,input-mattcl,rust,0.0009328706450000001,0.00015685360675299148,0.0009415544000000001,0.0007503424999999997,0.00027198019999999986,0.0003281604,0.0014940634000000003
2025,11,whyando,input-mattcl,rust,0.0010209744799999998,0.0001666118668654051,0.0010691279,0.0008070059999999997,0.0002992696,0.00047366240000000005,0.0017104294000000002
2025,11,lanjian,input-whyando,rust,0.0010113715399999996,0.00013212538154678993,0.0010293889,0.0007994494999999998,0.00029540459999999997,0.0004311534,0.0016544044000000003
2025,11,mattcl,input-whyando,rust,0.0009174739999999996,0.00016152479615711636,0.0009414189,0.0007142864999999999,0.00026993519999999997,0.0003500714000000001,0.0018436494
2025,11,whyando,input-whyando,rust,0.0011330866400000006,0.00019906403826400253,0.0011645169,0.0007830760000000002,0.00037787039999999996,0.0004247414000000001,0.0018742964
