year,day,participant,input,language,mean,stddev,median,user,system,min,max
2025,11,lanjian,input-lanjian,rust,0.0010198218450000003,0.0001602417386465026,0.00102431646,0.0008560914,0.00028846149999999996,0.0005275259600000001,0.0017464789600000002
2025,11,mattcl,input-lanjian,rust,0.0011061603300000005,0.00021596029945949853,0.0011361664600000002,0.0008813913999999997,0.0003310289999999999,0.00039084996000000025,0.0019778929600000003
2025,11,lanjian,input-mattcl,rust,0.0010037383950000003,0.00015909836661797736,0.0010360179600000003,0.0008062327999999999,0.00032405050000000005,0.00001405396000000005,0.0016936999600000004
2025,11,mattcl,input-mattcl,rust,0.0010915466050000005,0.00018497523595215857,0.0011236219600000003,0.0008841328000000004,0.0003261149999999999,0.0005885099600000001,0.0017909019600000002
