year,day,participant,input,language,mean,stddev,median,user,system,min,max
2025,11,lanjian,input-lanjian,rust,0.0009951299300000002,0.0001804750225508938,0.0010204668400000002,0.0007772566000000002,0.00030210839999999996,0.00008310633999999994,0.0016554113399999998
2025,11,mattcl,input-lanjian,rust,0.0009106411600000001,0.00014610243446410912,0.00093444084,0.0007251006000000004,0.00026562449999999996,0.00036852133999999996,0.00140261734
2025,11,lanjian,input-mattcl,rust,0.0010340288700000006,0.00021106899135559543,0.00107249384,0.0007912864,0.0003123049,0.0001187023400000001,0.00171224734
2025,11,mattcl,input-mattcl,rust,0.0009004645833000002,0.0001897468157516839,0.0009376663400000001,0.0007301938000000002,0.00026804080000000004,0.0,0.0015481593399999998
