year,day,participant,input,language,mean,stddev,median,user,system,min,max
2025,11,lanjian,input-lanjian,rust,0.0011095008500000003,0.00020066312765598194,0.0011141544000000004,0.0008999368000000004,0.00029493509999999995,0.00021301040000000016,0.0018788824000000005
2025,11,mattcl,input-lanjian,rust,0.00093949375,0.00017265676277280142,0.0009744724000000001,0.0008021552000000004,0.00024335149999999992,0.00032490040000000006,0.0014465314000000004
2025,11,lanjian,input-mattcl,rust,0.0011067329399999997,0.0002045988996980842,0.0011122404000000002,0.0008827986000000004,0.0003166925000000001,0.0005047074000000002,0.0019951904
2025,11,mattcl,input-mattcl,rust,0.000925529955000001,0.00015204074376419242,0.0009522609000000002,0.0007789520000000005,0.000269627,0.0002800054000000002,0.0014435174000000004
2025,11,lanjian,input-whyando,rust,0.0010583027950000002,0.00015603175674249692,0.0010754869000000004,0.0008640320000000001,0.0003180867999999999,0.0005726844000000001,0.0017599294000000003
2025,11,mattcl,input-whyando,rust,0.000991883045,0.00017256330651950228,0.0009972504000000002,0.0008048018000000002,0.00025732079999999996,0.00035196140000000016,0.0015538334
