year,day,participant,input,language,mean,stddev,median,user,system,min,max
2025,11,lanjian,input-lanjian,rust,0.0009880765650000004,0.00015133093382626046,0.0009945407400000002,0.0008570771999999999,0.0002726543999999999,0.00025476874000000035,0.0015425527400000005
2025,11,mattcl,input-lanjian,rust,0.0008457166750000007,0.0001295955276502453,0.0008805177400000003,0.0007996343999999994,0.00022177799999999998,0.0003677007400000002,0.0015023667400000003
2025,11,whyando,input-lanjian,rust,0.0009926754499999997,0.0002018312711664106,0.0010462627400000004,0.0008688288000000003,0.0003016749999999999,0.0003995407400000002,0.0017156767400000003
2025,11,lanjian,input-mattcl,rust,0.0009803228900000004,0.0001598196012083923,0.0010017247400000004,0.0008740944000000004,0.0002650438,0.0003349197400000002,0.0016486317400000003
2025,11,mattcl,input-mattcl,rust,0.0008509125050000003,0.00014948560678704903,0.0008818152400000002,0.0007830516,0.0002433992000000001,0.00022625674000000028,0.0013914287400000002
2025,11,whyando,input-mattcl,rust,0.0009386335950000005,0.00013335941457099144,0.0009673402400000003,0.0008568861000000003,0.00025109399999999994,0.0004927047400000004,0.0015054837400000002
2025,11,lanjian,input-whyando,rust,0.0010304017800000002,0.0002008212276091115,0.0010419592400000004,0.000830776,0.00031204620000000003,0.00047820874000000023,0.0018493687400000002
2025,11,mattcl,input-whyando,rust,0.0009356207999999999,0.0001413707865787194,0.0009440362400000002,0.0008325149999999999,0.0002049722,0.00048574274000000024,0.0013351937400000002
2025,11,whyando,input-whyando,rust,0.0009973379399999995,0.00018558298502000306,0.0009991092400000003,0.0008542016000000005,0.00026402419999999987,0.0005328607400000003,0.0018001757400000003
