year,day,participant,input,language,mean,stddev,median,user,system,min,max
2024,11,kcen,input-kcen,nim,0.02049371379702128,0.0006571242105305909,0.020367007180000004,0.01317122496453901,0.007186896453900713,0.019489134180000003,0.022870824180000002
2024,11,mattcl,input-kcen,rust,0.0032167660299999997,0.0004393482687678579,0.0031652871800000003,0.0026443904000000014,0.000613126,0.0022380611800000005,0.005954548180000001
2024,11,mattcl-py,input-kcen,python,0.06931957813348838,0.0017439513526967033,0.06916744918,0.06264617581395347,0.006603367441860465,0.06737288918,0.07811518818
2024,11,kcen,input-mattcl,nim,0.020577956781626015,0.0005359476940811916,0.020525794180000004,0.01331344845528456,0.0071567772357723596,0.019648923180000003,0.023245285180000002
2024,11,mattcl,input-mattcl,rust,0.0032310418250000006,0.00040094825456689576,0.0032103061800000006,0.0024893349999999996,0.0007484039999999996,0.0024840821800000005,0.00608348918
2024,11,mattcl-py,input-mattcl,python,0.06945449087767441,0.0014417913404063014,0.06885836018000001,0.0637572223255814,0.0056304511627906974,0.06778703418000001,0.07397389618000001
