year,day,participant,input,language,mean,stddev,median,user,system,min,max
2024,11,kcen,input-kcen,nim,0.01996523107957447,0.0006038876003927839,0.019805929420000003,0.012923126241134751,0.006904010212765954,0.019001775420000002,0.022861876420000003
2024,11,mattcl,input-kcen,rust,0.003322853965,0.00043583826056517845,0.00330858642,0.0022657989999999998,0.0010507234000000003,0.00260234442,0.00607472142
2024,11,mattcl-py,input-kcen,python,0.06872806890837209,0.0008307769685549777,0.06858921142,0.06379919534883721,0.004852694418604652,0.06732789242,0.07050504642
2024,11,kcen,input-mattcl,nim,0.020296693303561653,0.0006854938551715887,0.020176522920000002,0.013250998630136984,0.0068943843835616485,0.01921145742,0.02380110242
2024,11,mattcl,input-mattcl,rust,0.0034837089550000017,0.0004725188491992799,0.0034705694200000002,0.002698361,0.0007717741000000001,0.00269161142,0.00711247142
2024,11,mattcl-py,input-mattcl,python,0.06956840255953488,0.0013470498088057642,0.06940012042,0.06406756744186046,0.005409165581395351,0.06774594542,0.07309100442
