year,day,participant,input,language,mean,stddev,median,user,system,min,max
2024,11,kcen,input-kcen,nim,0.02077077001323529,0.000739714364950097,0.0205460233,0.013195196176470591,0.007433244852941175,0.019638378300000002,0.023996820300000003
2024,11,mattcl,input-kcen,rust,0.00333880205,0.00047052039398124806,0.0033753768,0.002614485,0.0007431518000000002,0.0023666882999999997,0.0062798153
2024,11,mattcl-py,input-kcen,python,0.06900715569534885,0.0012716929557947385,0.0686229313,0.06316376372093026,0.005762354418604649,0.0672779423,0.0725354363
2024,11,kcen,input-mattcl,nim,0.020780577570072983,0.0007023791065181871,0.0206206183,0.013422004087591248,0.0072238054014598495,0.0199995443,0.0241208823
2024,11,mattcl,input-mattcl,rust,0.003402092360000001,0.0003815362844685506,0.0034181918,0.002589422400000001,0.0008660473000000001,0.0025782843,0.0049927553
2024,11,mattcl-py,input-mattcl,python,0.06918487090465116,0.001231873226827458,0.0689363383,0.06281855441860464,0.006301262325581394,0.0676461323,0.0746033893
