year,day,participant,input,language,mean,stddev,median,user,system,min,max
2024,11,kcen,input-kcen,nim,0.02056231358423357,0.00047554304305304625,0.02054588292,0.013409844817518246,0.007019160583941604,0.019521945920000002,0.02310237692
2024,11,lanjian,input-kcen,rust,0.01120487095,0.0004218327786492103,0.01113167042,0.006105609399999995,0.005051119999999999,0.010277626920000001,0.01257999492
2024,11,mattcl,input-kcen,rust,0.0035701041550000013,0.0004516762898391105,0.0035427234200000003,0.0026356645999999996,0.0009180299999999999,0.00275979792,0.0062141329200000005
2024,11,mattcl-py,input-kcen,python,0.06938485217581394,0.001354626384261763,0.06930428892,0.06419836883720928,0.005090511627906977,0.06740082592,0.07273943692
2024,11,kcen,input-lanjian,nim,0.01916910753842106,0.00046374572741631447,0.01907282642,0.011856473947368412,0.007177006578947373,0.01823667092,0.021518772920000002
2024,11,lanjian,input-lanjian,rust,0.010970896480000002,0.000461016326681181,0.01091926242,0.006369249800000004,0.004491269999999999,0.01002334092,0.013481692920000002
2024,11,mattcl,input-lanjian,rust,0.0034272478100000007,0.00041509062499591023,0.0034168329199999996,0.0026336747999999998,0.0007979050000000002,0.00254658992,0.00565966492
2024,11,mattcl-py,input-lanjian,python,0.06321138696166669,0.0010848131673577147,0.06323736092,0.057615332499999984,0.005504104166666667,0.06145101292,0.06594466092
2024,11,kcen,input-mattcl,nim,0.02070514390496242,0.0006718407212503321,0.02065420692,0.013817042556390973,0.0067591654135338375,0.019619919920000003,0.023717387920000003
2024,11,lanjian,input-mattcl,rust,0.011396706764999988,0.0005472345342111711,0.01130590142,0.006062659499999999,0.005265444999999999,0.01028623292,0.01407271992
2024,11,mattcl,input-mattcl,rust,0.003672208495000002,0.0004808886232179722,0.0036345654200000002,0.0027329697000000007,0.0009201650000000005,0.00270022692,0.0071604439200000005
2024,11,mattcl-py,input-mattcl,python,0.07011799523818182,0.0013077093752473818,0.07006075542,0.06322620181818182,0.0068182727272727275,0.06716538692,0.07431765192
