year,day,participant,input,language,mean,stddev,median,user,system,min,max
2024,11,kcen,input-kcen,nim,0.020629267667246376,0.0005808554201448431,0.020513390160000006,0.013197666376811593,0.007302496376811596,0.019655157660000002,0.024047841660000003
2024,11,lanjian,input-kcen,rust,0.01117263198142857,0.0005851212520766421,0.01101173616,0.0059178902040816364,0.005204017346938775,0.010317184660000001,0.014263914660000002
2024,11,mattcl,input-kcen,rust,0.003392074260000004,0.0004172273852728366,0.003435056160000001,0.0026352569999999985,0.0008297950000000004,0.002588796660000001,0.00650771366
2024,11,mattcl-py,input-kcen,python,0.06935028972976745,0.0013019619947661667,0.06916471766,0.06434715255813954,0.004951079069767442,0.06687226566,0.07262432466
2024,11,kcen,input-lanjian,nim,0.019408409560662258,0.0006477918623423192,0.019246242660000003,0.012098105430463583,0.0072076701986754955,0.018368618660000002,0.022391620660000004
2024,11,lanjian,input-lanjian,rust,0.010935152584999996,0.00032793988937295974,0.01095039116,0.005416935399999997,0.005440771999999998,0.010255359660000001,0.01241976266
2024,11,mattcl,input-lanjian,rust,0.0032699311500000005,0.0004103443901072395,0.0032428611600000008,0.0024864449999999986,0.0008328964999999998,0.0025197876600000007,0.006596599660000001
2024,11,mattcl-py,input-lanjian,python,0.06309959195787232,0.0012068735500450137,0.06292090866,0.05803838808510638,0.005001765957446808,0.06151875366000001,0.06724959266
2024,11,kcen,input-mattcl,nim,0.02084562325285716,0.0007282885630180859,0.02067948966,0.013450027142857153,0.007259038571428571,0.019762217660000005,0.023929510660000004
2024,11,lanjian,input-mattcl,rust,0.011202776250000004,0.0006409075801273812,0.011043736160000001,0.005569640400000001,0.005578120500000001,0.010314800660000002,0.01501248566
2024,11,mattcl,input-mattcl,rust,0.0034980900500000012,0.0004737252363768785,0.0034681131600000008,0.0027646103999999986,0.0007800274999999998,0.0026398526600000007,0.00648746566
2024,11,mattcl-py,input-mattcl,python,0.06951310410186046,0.0012124926598777973,0.06922543166,0.06286889674418604,0.0065466046511627905,0.06763099566,0.07226201666
