year,day,participant,input,language,mean,stddev,median,user,system,min,max
2024,11,kcen,input-kcen,nim,0.020825892917746485,0.0007237774325323879,0.02069435046,0.013576035492957751,0.007101499436619717,0.01954763396,0.02395821196
2024,11,mattcl,input-kcen,rust,0.0035097583100000018,0.0003950084209169139,0.0034942349599999998,0.002801399400000001,0.0007209311999999999,0.00253211396,0.00485547396
2024,11,mattcl-py,input-kcen,python,0.07010245838857142,0.001531045435012349,0.06981521346,0.0638693819047619,0.00616771238095238,0.06785289996,0.07386392396000001
2024,11,kcen,input-mattcl,nim,0.02106703205448819,0.0007004942888878305,0.020922667960000002,0.013788261732283466,0.00714313385826772,0.01975560196,0.02422176496
2024,11,mattcl,input-mattcl,rust,0.003637902220000001,0.00048674204812363433,0.00363024546,0.0027191701999999983,0.0009443472,0.00261356696,0.00640175896
2024,11,mattcl-py,input-mattcl,python,0.06972652312666668,0.002759597531946307,0.06901264546,0.06414926285714287,0.005517225714285714,0.06701172396,0.08462953196
