year,day,participant,input,language,mean,stddev,median,user,system,min,max
2024,11,kcen,input-kcen,nim,0.020693380575862074,0.000797366695202298,0.020496300500000002,0.013096502068965517,0.007468157655172414,0.0197042675,0.0244987175
2024,11,lanjian,input-kcen,rust,0.011230728730000007,0.000616411752292189,0.011115505500000001,0.005784587999999999,0.0054061228000000005,0.0102176385,0.014298723500000003
2024,11,mattcl,input-kcen,rust,0.0035722923850000005,0.0004239301465051895,0.0035288515,0.002608336600000001,0.0010096734,0.0027509125,0.0066019765000000005
2024,11,mattcl-py,input-kcen,python,0.06883991124418606,0.001047544644982235,0.06873345950000001,0.06307084465116279,0.0057038088372093005,0.0667847985,0.07141958050000001
2024,11,kcen,input-mattcl,nim,0.020854455579136694,0.0006666748254855615,0.0207291965,0.013437448633093534,0.0072808542446043175,0.019773376500000002,0.0240395475
2024,11,lanjian,input-mattcl,rust,0.011469632780000003,0.0005251015879071447,0.011369802,0.005739201600000001,0.005675462899999998,0.010452799500000002,0.014009451500000002
2024,11,mattcl,input-mattcl,rust,0.0036310137900000005,0.000494997855556439,0.0035903960000000005,0.002604941600000001,0.0010309536000000005,0.0026923935,0.0062839705000000004
2024,11,mattcl-py,input-mattcl,python,0.06931655107142858,0.0009914422062485217,0.06912051900000002,0.06319162095238097,0.006089922857142857,0.06762226750000001,0.07217501450000001
