year,day,participant,input,language,mean,stddev,median,user,system,min,max
2024,11,kcen,input-kcen,nim,0.02060343166142857,0.0006382390141880472,0.02049903134,0.013360892857142854,0.007113222857142858,0.01937933234,0.02328790234
2024,11,lanjian,input-kcen,rust,0.011128755005000001,0.0004642573914926186,0.01105266884,0.0048258630000000005,0.006249112200000003,0.01028298934,0.01376932934
2024,11,mattcl,input-kcen,rust,0.0034048999049999984,0.0003755480336276089,0.0034454513400000004,0.0026451080000000015,0.0008144302,0.0026583593400000003,0.00670784334
2024,11,mattcl-py,input-kcen,python,0.06968585151073173,0.0013506413676077171,0.06932364234,0.06285448292682928,0.006752349268292684,0.06786705834000001,0.07474644534000001
2024,11,kcen,input-lanjian,nim,0.019472851937315443,0.0007007730703860051,0.019274556340000002,0.01189597449664429,0.007446870067114094,0.01870577234,0.02271911834
2024,11,lanjian,input-lanjian,rust,0.010902901585000003,0.00042028389684680843,0.01090393634,0.0055242389999999985,0.005299128000000001,0.00992837634,0.01311301234
2024,11,mattcl,input-lanjian,rust,0.0032304866249999987,0.00041530409723060336,0.0032219428400000003,0.0023254080000000006,0.0009261217999999999,0.0020320183400000004,0.0061027413400000004
2024,11,mattcl-py,input-lanjian,python,0.06329212303565215,0.0012187025801269514,0.06303527684000002,0.0582978,0.00492408,0.06146746034,0.06681545134000001
2024,11,kcen,input-mattcl,nim,0.020719654030140845,0.0006854201200143078,0.020619983340000002,0.013164940845070416,0.007415264507042253,0.01945919134,0.02384523434
2024,11,lanjian,input-mattcl,rust,0.011204979024999999,0.000507147287277087,0.01109738284,0.006179577999999996,0.0049896408,0.01032709234,0.01448430734
2024,11,mattcl,input-mattcl,rust,0.0034897100250000012,0.00045013980768510094,0.0035043818400000005,0.002690641000000001,0.0008081050000000003,0.00261703134,0.005998806340000001
2024,11,mattcl-py,input-mattcl,python,0.07031219468883725,0.0011309922140341848,0.07031024934,0.06442028837209303,0.005783437209302324,0.06812143434000001,0.07242231934000001
