year,day,participant,input,language,mean,stddev,median,user,system,min,max
2024,11,kcen,input-kcen,nim,0.020663066292394366,0.0008063234639143035,0.020504628060000002,0.013500260845070418,0.007037480845070423,0.01963619906,0.023879890060000002
2024,11,lanjian,input-kcen,rust,0.01121944423,0.0005804557679276203,0.011088216060000001,0.0054759957000000015,0.005648742800000002,0.01036127006,0.014513992060000001
2024,11,mattcl,input-kcen,rust,0.0033640387100000013,0.0003147096616669085,0.0034140335600000003,0.0024466470999999997,0.0009593106000000001,0.00259190106,0.00452348606
2024,11,mattcl-py,input-kcen,python,0.06919840222666666,0.0013256031843126906,0.06895905506000001,0.06367731047619049,0.00543022,0.06717728006000001,0.07442367206
2024,11,kcen,input-lanjian,nim,0.01945413124791948,0.0005759694157204028,0.019344042060000004,0.01193907637583892,0.0073821135570469746,0.018147873060000003,0.022055204060000003
2024,11,lanjian,input-lanjian,rust,0.010943257065,0.00036772484503828006,0.010934668560000001,0.005238048800000001,0.005621671199999998,0.009947095060000001,0.01427600706
2024,11,mattcl,input-lanjian,rust,0.0031746265049999996,0.0005056792868752589,0.00315886156,0.0023007644999999983,0.0009008766000000001,0.00191249906,0.00625207006
2024,11,mattcl-py,input-lanjian,python,0.06298039478340427,0.0010720027344017845,0.06290502506000001,0.05673698170212764,0.0061823685106383,0.06081850006,0.06683465906000001
2024,11,kcen,input-mattcl,nim,0.020704304268955222,0.00048698957731955724,0.020622548560000002,0.013509717014925371,0.007042429253731344,0.019813900060000004,0.022467888060000003
2024,11,lanjian,input-mattcl,rust,0.011318240580000001,0.0005963353150475529,0.01117290456,0.005857122099999997,0.005389352799999997,0.010464164060000001,0.01434078806
2024,11,mattcl,input-mattcl,rust,0.0034629379549999994,0.0004336575644976278,0.0034714110600000004,0.0024545451999999995,0.0010484091999999998,0.00264758406,0.00639345406
2024,11,mattcl-py,input-mattcl,python,0.0693753716552381,0.0010685245394786917,0.06907061806,0.06400116761904762,0.005317695238095237,0.06758457206,0.07247174806000001
