year,day,participant,input,language,mean,stddev,median,user,system,min,max
2024,11,mattcl,input-mattcl,rust,0.0037245561399999994,0.00036922769069155876,0.0037162928000000002,0.0027248969999999983,0.0009949221999999997,0.0028333588,0.005522373800000001
2024,11,mattcl-py,input-mattcl,python,0.06974651044285715,0.001203880183321187,0.0695757128,0.06392049047619047,0.005703542857142856,0.0669657018,0.0719808008
