year,day,participant,input,language,mean,stddev,median,user,system,min,max
2024,11,kcen,input-kcen,nim,0.020586781724285724,0.0006719803983099165,0.02044667076,0.013045117142857138,0.00741484942857143,0.019617470260000002,0.023153103260000002
2024,11,lanjian,input-kcen,rust,0.011200092955000001,0.000575211169900187,0.01108526476,0.0058705918000000025,0.0052873522,0.01024384626,0.01440043126
2024,11,mattcl,input-kcen,rust,0.0033144069650000007,0.0003304359132071045,0.00340090626,0.0026167883999999976,0.0007250319999999999,0.00254339326,0.0045097602600000005
2024,11,mattcl-py,input-kcen,python,0.06993167963209301,0.0013422165561024343,0.06969185726,0.06413269488372095,0.005726878139534882,0.06742086826,0.07346846026000001
2024,11,kcen,input-lanjian,nim,0.019438621460000007,0.0005775149660787253,0.019310375260000002,0.011860180689655171,0.007444784827586207,0.01872637326,0.02165319826
2024,11,lanjian,input-lanjian,rust,0.010929772500000004,0.00036954471590137174,0.01096391826,0.005616944199999998,0.0052079552,0.00983465026,0.01269992026
2024,11,mattcl,input-lanjian,rust,0.0032586560699999993,0.0004135735982031098,0.0032327962600000003,0.0024774026000000003,0.0008101027999999998,0.00219132326,0.00544733326
2024,11,mattcl-py,input-lanjian,python,0.06356913886869568,0.00133150018889112,0.06301539776000001,0.05889092086956521,0.004638911304347827,0.06202003526000001,0.06859092726
2024,11,kcen,input-mattcl,nim,0.02074965294888889,0.0006312134431484845,0.020658827260000002,0.013188026666666661,0.007430312592592593,0.01995095426,0.02404544326
2024,11,lanjian,input-mattcl,rust,0.011257362285000001,0.0006641366109698343,0.011101801259999999,0.005281245399999999,0.005945016800000001,0.01034272126,0.01456292526
2024,11,mattcl,input-mattcl,rust,0.0034531201749999985,0.0003976116724543024,0.0034509047600000003,0.0026046334000000017,0.0008704402000000002,0.00269121926,0.006113991260000001
2024,11,mattcl-py,input-mattcl,python,0.06999410776000002,0.0012063497625459602,0.06965838326000001,0.0643497552380952,0.00559581142857143,0.06804325326,0.07355091526
