year,day,participant,input,language,mean,stddev,median,user,system,min,max
2024,11,kcen,input-kcen,nim,0.020762458113191492,0.0006721761427273936,0.020621593560000002,0.013810855177304964,0.0068073139007092205,0.01996066656,0.02363531256
2024,11,lanjian,input-kcen,rust,0.01124468844,0.0006809577763290252,0.01107967856,0.005854792900000001,0.005311872599999997,0.010267227560000002,0.014826769560000001
2024,11,mattcl,input-kcen,rust,0.0034113118399999977,0.00036021105729014223,0.00344198606,0.002644698100000001,0.0007841810999999998,0.00264480456,0.00489497456
2024,11,mattcl-py,input-kcen,python,0.06984142339720932,0.0009853592514058958,0.06970637256,0.06508061255813953,0.004731601860465117,0.06801446656,0.07238530556
2024,11,kcen,input-lanjian,nim,0.019452787669589036,0.0005761031446981806,0.01931924606,0.012257667671232885,0.007096549863013697,0.01862880456,0.02177604356
2024,11,lanjian,input-lanjian,rust,0.011048020610000002,0.0005920845102205962,0.010949995560000002,0.005887004999999997,0.0050406478,0.010105485560000002,0.01418433756
2024,11,mattcl,input-lanjian,rust,0.003289367560000001,0.0003771840742768183,0.00333167506,0.0024408943,0.0008915428,0.00248375256,0.0057405165600000006
2024,11,mattcl-py,input-lanjian,python,0.06375256419043479,0.0013340201515281917,0.06362720606,0.05698418434782607,0.006682600434782609,0.06181386356000001,0.06751136456
2024,11,kcen,input-mattcl,nim,0.02078846589823529,0.0005447863534048747,0.020713295059999998,0.01315554911764706,0.007496545588235294,0.01977933756,0.02362568456
2024,11,lanjian,input-mattcl,rust,0.01141508811,0.0006055707241071563,0.01128888406,0.0061774486,0.005158890900000001,0.01051357856,0.014958636559999999
2024,11,mattcl,input-mattcl,rust,0.003508528789999998,0.00039506082288293516,0.00353048656,0.0026027685999999994,0.0009399494000000002,0.00265583456,0.00527575756
2024,11,mattcl-py,input-mattcl,python,0.07035784830999998,0.0012287921884528543,0.07008863206,0.06481192999999999,0.0054510385,0.06844185556,0.07348023256
