year,day,participant,input,language,mean,stddev,median,user,system,min,max
2024,11,kcen,input-kcen,nim,0.020724312909315073,0.0007152413062361023,0.020588624059999998,0.013286130410958899,0.007305430273972605,0.01946774056,0.02412532956
2024,11,lanjian,input-kcen,rust,0.011259151649999998,0.000637908145233582,0.011092489060000002,0.006053071599999999,0.0051736149,0.01029168456,0.01481870856
2024,11,mattcl,input-kcen,rust,0.003436581959999999,0.0004625457628323937,0.0034457155599999997,0.0026806826000000004,0.0008274988,0.00250227456,0.006740507560000001
2024,11,mattcl-py,input-kcen,python,0.06926990839720934,0.0011920651848388384,0.06908022656,0.0636226818604651,0.005600677209302325,0.06688361456,0.07193168356
2024,11,kcen,input-lanjian,nim,0.019499065998356165,0.0006499767170379099,0.019348959059999997,0.012216383835616441,0.007171562191780823,0.01851615056,0.02258739056
2024,11,lanjian,input-lanjian,rust,0.011019993595,0.00047172207985502173,0.010947538060000001,0.00580802,0.005120990799999997,0.01022237456,0.01411226756
2024,11,mattcl,input-lanjian,rust,0.0032893967400000005,0.00040354849232017583,0.00335222606,0.0025715338000000003,0.0007799923000000001,0.00253392356,0.0064587095599999995
2024,11,mattcl-py,input-lanjian,python,0.06339536035999999,0.0012455487442658197,0.06300892156,0.05776432888888888,0.005611352444444445,0.061025820560000006,0.06806778156
2024,11,kcen,input-mattcl,nim,0.0209675448606993,0.0011591957036072016,0.02071695956,0.013615519720279717,0.007200855524475527,0.01989463956,0.02921982556
2024,11,lanjian,input-mattcl,rust,0.011297942629999997,0.0005378913915950463,0.01115781606,0.006152661599999998,0.005093111,0.010483523560000001,0.01491556056
2024,11,mattcl,input-mattcl,rust,0.003504501084999998,0.0003780995880073876,0.00351244056,0.0028018875999999996,0.0007558401,0.00264757656,0.00487180056
2024,11,mattcl-py,input-mattcl,python,0.07022271777428571,0.0011894689841654286,0.07034734906000001,0.0648969066666667,0.005299134285714284,0.06843028956,0.07252993456
