year,day,participant,input,language,mean,stddev,median,user,system,min,max
2024,11,kcen,input-kcen,nim,0.020803891268905115,0.0006316701774169846,0.02066448132,0.012923223357664236,0.007710181021897809,0.02002462432,0.023917305320000002
2024,11,lanjian,input-kcen,rust,0.011186807445000004,0.000528646720807385,0.011038234320000001,0.005850099,0.005288847,0.010357911320000001,0.014022957320000001
2024,11,mattcl,input-kcen,rust,0.003212717225,0.00047270538324594374,0.00329208932,0.002531863000000001,0.000740584,0.00216893432,0.00458071532
2024,11,mattcl-py,input-kcen,python,0.07002275786761905,0.0012134208516143723,0.06986792882000001,0.06358663333333332,0.006349780952380953,0.06796776532,0.07316568732
2024,11,kcen,input-lanjian,nim,0.019434925959455788,0.000561504243270137,0.01936011032,0.012188378231292511,0.007101948299319724,0.01829067032,0.02208894432
2024,11,lanjian,input-lanjian,rust,0.01097262637,0.0005424973000578973,0.010876977820000001,0.006375831999999998,0.004485073999999997,0.009888093320000001,0.013923311320000001
2024,11,mattcl,input-lanjian,rust,0.003336319994999999,0.00042007818908155613,0.00339848332,0.0025506299999999986,0.0007966640000000003,0.00255796132,0.00658000532
2024,11,mattcl-py,input-lanjian,python,0.06364560904340426,0.0011435464900472472,0.06330697632,0.05701069361702128,0.006574085106382979,0.062099837320000004,0.06704010032
2024,11,kcen,input-mattcl,nim,0.02080448069226277,0.0006435152678020568,0.02068280532,0.013297500729927011,0.007396308029197079,0.019709213320000002,0.02404535532
2024,11,lanjian,input-mattcl,rust,0.011343969329999991,0.0005779068567203384,0.011226305320000001,0.0057155140000000005,0.005544127000000002,0.010332193320000002,0.014367482320000001
2024,11,mattcl,input-mattcl,rust,0.00347355904,0.0003857093089636256,0.00349214332,0.0026604230000000007,0.000840302,0.00265532332,0.00554000932
2024,11,mattcl-py,input-mattcl,python,0.07004709736761908,0.001077090691624364,0.06995630931999999,0.06398918095238096,0.005987657142857141,0.06774309432,0.07212266632
