year,day,participant,input,language,mean,stddev,median,user,system,min,max
2024,11,kcen,input-kcen,nim,0.02096651645647058,0.000673591273054424,0.020854371780000002,0.013288328529411763,0.007545901764705883,0.01997864278,0.024646951780000002
2024,11,lanjian,input-kcen,rust,0.0113523406,0.0005959585478443288,0.01123393428,0.0059806029000000005,0.0053143731,0.01015540078,0.01497940278
2024,11,mattcl,input-kcen,rust,0.0034812375050000005,0.0004088867635920282,0.00345680928,0.0027522162000000005,0.0007661717000000003,0.0026658377800000002,0.00675224878
2024,11,mattcl-py,input-kcen,python,0.06948866828000001,0.001024074335413475,0.06938134828,0.0633331180952381,0.006082873333333334,0.06733459178000001,0.07185078678000001
2024,11,kcen,input-lanjian,nim,0.01963626346243243,0.0007035819434302704,0.01948298928,0.012033657027027023,0.007459803513513513,0.018513688780000002,0.022918305780000002
2024,11,lanjian,input-lanjian,rust,0.011032824305000001,0.0004751462205189752,0.010964384280000001,0.005125038100000002,0.005835933600000002,0.010194924780000001,0.014358719780000001
2024,11,mattcl,input-lanjian,rust,0.0033326749150000023,0.00037214920760999956,0.0033298412800000002,0.002523925,0.0008303740000000005,0.00252307078,0.0048879197800000005
2024,11,mattcl-py,input-lanjian,python,0.06360337427999997,0.0014536624294308334,0.06329116728,0.057842575652173926,0.005717494782608696,0.06099240778,0.06761809278000001
2024,11,kcen,input-mattcl,nim,0.02108380487558824,0.0006008823976373642,0.020984905780000004,0.013108504999999996,0.007815541911764708,0.02012274178,0.02368500078
2024,11,lanjian,input-mattcl,rust,0.011633203425000002,0.0006780875318106536,0.011513598280000002,0.0065610374000000015,0.004968362599999998,0.010379930780000001,0.01512023578
2024,11,mattcl,input-mattcl,rust,0.0033937292149999986,0.00042148590578849427,0.0035139112800000004,0.002509329800000001,0.0009817441000000001,0.00232509978,0.00551461178
2024,11,mattcl-py,input-mattcl,python,0.07027679205500001,0.001068228300902973,0.07002324628,0.06411583000000001,0.0061221424999999986,0.06820961078000001,0.07275696478000002
