year,day,participant,input,language,mean,stddev,median,user,system,min,max
2024,11,kcen,input-kcen,nim,0.02084665914428572,0.0005136526668845148,0.02075745268,0.013455130000000004,0.00722726257142857,0.01990630568,0.022877594680000002
2024,11,lanjian,input-kcen,rust,0.01137520934,0.0007043169054707792,0.011188995180000001,0.005927103600000003,0.005399888800000002,0.010390831680000002,0.014365178680000002
2024,11,mattcl,input-kcen,rust,0.0034374394450000017,0.00032758017691353575,0.0034494941800000006,0.0026577123999999984,0.0008276198,0.0026330166800000005,0.0047940696800000005
2024,11,mattcl-py,input-kcen,python,0.0701995030847619,0.0014320778568512299,0.06997627368,0.06368483238095236,0.006453924761904761,0.06757073668000001,0.07551104368
2024,11,kcen,input-lanjian,nim,0.01959772797931973,0.0007520690819192533,0.01946004168,0.012369621496598636,0.0071165752380952345,0.01825846368,0.02277107568
2024,11,lanjian,input-lanjian,rust,0.011044791155000004,0.0005547269094032303,0.010948109680000002,0.0064620855999999996,0.004524441399999998,0.009993527680000001,0.014186532680000002
2024,11,mattcl,input-lanjian,rust,0.0033577223250000022,0.00033297597433175254,0.0033986491800000007,0.0025799550000000014,0.0007986201999999996,0.0023674196800000003,0.004270881680000001
2024,11,mattcl-py,input-lanjian,python,0.06327498457130436,0.000835394097977933,0.06311603868000001,0.05730270608695651,0.005943199130434781,0.06173643268000001,0.06528434168
2024,11,kcen,input-mattcl,nim,0.020958849082877692,0.0006510140368751905,0.02089961468,0.01347619654676259,0.007340099280575538,0.020081713680000002,0.02374758368
2024,11,lanjian,input-mattcl,rust,0.011561246935000009,0.0005620977656987418,0.011476112180000001,0.005775333600000003,0.005696300400000001,0.010408995680000001,0.013758062680000002
2024,11,mattcl,input-mattcl,rust,0.003479072954999998,0.0004698684799212401,0.0035105936800000005,0.002663443600000001,0.0008700436000000001,0.0021299346800000003,0.00637712168
2024,11,mattcl-py,input-mattcl,python,0.07037085377523812,0.0014431752323087463,0.07005036468,0.06447757047619052,0.0058301380952380955,0.06785260868000001,0.07455010868
