year,day,participant,input,language,mean,stddev,median,user,system,min,max
2024,11,kcen,input-kcen,nim,0.020884482946569343,0.0006787133315941142,0.02080453964,0.013329361897810218,0.007410537810218974,0.01962109364,0.02474440764
2024,11,lanjian,input-kcen,rust,0.011336157055000008,0.0004552315602132103,0.011226807640000003,0.0060910531,0.0051924662,0.010564702640000001,0.014093831640000002
2024,11,mattcl,input-kcen,rust,0.0035665610050000006,0.00033012570686512407,0.00358657364,0.0027732715,0.0008204724,0.00264636364,0.00505462364
2024,11,mattcl-py,input-kcen,python,0.0699365938542857,0.0013314642077030534,0.07006173564,0.06449779238095239,0.0053724914285714276,0.06706328064,0.07377706264
2024,11,kcen,input-lanjian,nim,0.019690764075374147,0.0006504421262676777,0.01956158164,0.01278967333333333,0.006753466394557826,0.01888977364,0.023468979640000002
2024,11,lanjian,input-lanjian,rust,0.011075256200000001,0.0004339256603010646,0.01103736814,0.0054647266000000016,0.0055394796,0.010303503640000001,0.014051472640000002
2024,11,mattcl,input-lanjian,rust,0.003419005084999998,0.0003965584012853935,0.00343904364,0.0026305182999999998,0.0007923859999999997,0.0025579586400000004,0.00684892464
2024,11,mattcl-py,input-lanjian,python,0.06324145655304349,0.001043094606987918,0.06311899314,0.05699455739130432,0.006199518260869564,0.06158113364,0.06650461364
2024,11,kcen,input-mattcl,nim,0.021124739647299277,0.0007155432804645247,0.02101157664,0.013388471386861315,0.007590755036496349,0.02003944664,0.02483387564
2024,11,lanjian,input-mattcl,rust,0.011637886149999999,0.0006051052575639113,0.011496898640000003,0.0061249964,0.0054282084,0.01073111464,0.014010746640000002
2024,11,mattcl,input-mattcl,rust,0.0037155626399999996,0.0005080269548176519,0.00364778364,0.0026651830999999985,0.001044878,0.0030047346400000007,0.006960994640000001
2024,11,mattcl-py,input-mattcl,python,0.0703537785447619,0.001373649859945106,0.07023424864,0.06442350666666667,0.00587409238095238,0.06819084264,0.07326383264
