year,day,participant,input,language,mean,stddev,median,user,system,min,max
2024,11,kcen,input-kcen,nim,0.02015856846068964,0.0005651869927486225,0.020041710639999998,0.013368189655172407,0.006642945103448279,0.019235451639999998,0.02258488164
2024,11,lanjian,input-kcen,rust,0.011118400925000002,0.00045147775883471364,0.01104742764,0.004715446999999998,0.006329946200000004,0.01028243164,0.01429044364
2024,11,mattcl,input-kcen,rust,0.0034530016450000007,0.00037337182004238583,0.00345411764,0.002614323999999999,0.0008313509999999999,0.0026734756400000003,0.00484952964
2024,11,mattcl-py,input-kcen,python,0.06847113311619049,0.0010743341058677442,0.06829921364000001,0.06388529999999998,0.004536418095238096,0.06669124264000001,0.07070301264000001
2024,11,kcen,input-lanjian,nim,0.018856504925714286,0.000580425686259389,0.01877369264,0.012026144155844161,0.00667886805194805,0.01785154064,0.021989687639999998
2024,11,lanjian,input-lanjian,rust,0.010851633525000006,0.0005703014380728508,0.01079859214,0.005717202000000004,0.0050404607999999995,0.009701543640000001,0.01410965664
2024,11,mattcl,input-lanjian,rust,0.0033382375900000007,0.0003580517334072791,0.0033221501400000006,0.0027049235000000016,0.0006597047999999999,0.00261092964,0.00478228364
2024,11,mattcl-py,input-lanjian,python,0.06292773085276597,0.0010116135931345564,0.06267454264000001,0.057188470212765935,0.005647977872340426,0.06122851664000001,0.06553959764
2024,11,kcen,input-mattcl,nim,0.02025694804,0.0006266497556146237,0.02020868314,0.013620642857142855,0.006518120571428573,0.01902461564,0.02334199864
2024,11,lanjian,input-mattcl,rust,0.011275567564999995,0.0006077526231712845,0.01114033214,0.005647682499999997,0.005552600999999999,0.01033445864,0.014357068640000002
2024,11,mattcl,input-mattcl,rust,0.003471267135,0.000444769366876665,0.00348977914,0.002688667,0.0007893115999999999,0.0027269266400000002,0.0060985076400000005
2024,11,mattcl-py,input-mattcl,python,0.06879153489581397,0.001320197039659503,0.06847774764,0.06276541627906976,0.005915781395348836,0.06675979164000001,0.07447960364
