year,day,participant,input,language,mean,stddev,median,user,system,min,max
2024,11,kcen,input-kcen,nim,0.020557530013333335,0.0006097203702236841,0.02049021918,0.013106947222222224,0.0073156423611111104,0.01964939568,0.023810565680000003
2024,11,mattcl,input-kcen,rust,0.0033590198399999992,0.0004073830447038329,0.003365468180000001,0.0026421540000000016,0.0007638049999999999,0.0026236896800000005,0.006609692680000001
2024,11,mattcl-py,input-kcen,python,0.06890421721488374,0.001282687579312826,0.06868763568000001,0.06309299534883718,0.005738523255813955,0.06668465668000001,0.07279742068
2024,11,kcen,input-mattcl,nim,0.02072301335605635,0.00057199149760688,0.02060031068,0.013201888732394366,0.007367031690140843,0.019917637680000003,0.023285443680000004
2024,11,mattcl,input-mattcl,rust,0.0033713896750000028,0.00032513365493503147,0.0034145301800000004,0.0026966909999999998,0.0007354050000000001,0.0026388386800000004,0.004811255680000001
2024,11,mattcl-py,input-mattcl,python,0.0690676780288372,0.0011927177834249146,0.06889005568,0.06380578604651162,0.005203162790697674,0.06688159568,0.07201093968000001
