year,day,participant,input,language,mean,stddev,median,user,system,min,max
2024,11,kcen,input-kcen,nim,0.020273198792340432,0.0005495035719378622,0.02020556292,0.012741619148936172,0.007419569787234041,0.019268207920000002,0.02250476892
2024,11,mattcl,input-kcen,rust,0.003459800104999999,0.00035708582920224657,0.0034679299199999996,0.002588942499999999,0.0008896130999999996,0.0026384809199999997,0.004744245919999999
2024,11,mattcl-py,input-kcen,python,0.06888346446761907,0.0009756362211547068,0.06872382492000001,0.06347775238095237,0.005340858095238096,0.06743468092,0.07113263692
2024,11,kcen,input-mattcl,nim,0.020426652434084494,0.000621234877202043,0.02028930542,0.01287892676056338,0.007437628732394364,0.01923877192,0.022981201920000003
2024,11,mattcl,input-mattcl,rust,0.003545372830000004,0.00043790452997816625,0.00354175292,0.0027340820000000005,0.0007929902000000001,0.00268990792,0.006040252919999999
2024,11,mattcl-py,input-mattcl,python,0.06911723429209306,0.0010494949533512148,0.06901953792,0.06249067209302324,0.0065703320930232565,0.06719264692,0.07154412692
