year,day,participant,input,language,mean,stddev,median,user,system,min,max
2024,11,kcen,input-kcen,nim,0.020602125500000006,0.0004990965892125001,0.0205075809,0.013177682857142856,0.00728921342857143,0.0198674319,0.0231773899
2024,11,lanjian,input-kcen,rust,0.011371644739999996,0.0005769254535086272,0.011236161900000001,0.005829912399999998,0.005450533599999997,0.010455319900000001,0.013991419900000001
2024,11,mattcl,input-kcen,rust,0.0034958097399999995,0.0004599645645422561,0.0034770399000000002,0.0026403206000000018,0.0008591438,0.0026272539,0.0066791699
2024,11,mattcl-py,input-kcen,python,0.06938770159047619,0.0010043387299009958,0.06930662040000002,0.062451011428571436,0.006846788571428573,0.06779934390000002,0.07168025890000002
2024,11,kcen,input-lanjian,nim,0.01964840994137931,0.0007372617677542041,0.0194699179,0.01207199172413793,0.007462209931034482,0.0184966759,0.0233268599
2024,11,lanjian,input-lanjian,rust,0.01103057612,0.0004679566178562807,0.010965144900000001,0.005874267800000002,0.005091214799999998,0.010149316900000002,0.014453354900000001
2024,11,mattcl,input-lanjian,rust,0.0032439648849999993,0.0004625755642266165,0.0032149039,0.0025592184,0.0007272490000000002,0.0020083749,0.006516976900000001
2024,11,mattcl-py,input-lanjian,python,0.06287119185652175,0.0012132550708105316,0.06260224290000002,0.05684583130434781,0.005947833913043478,0.061058252900000005,0.0661501879
2024,11,kcen,input-mattcl,nim,0.021104255407246374,0.0008725280554076381,0.0208593189,0.01309615739130434,0.007856551014492752,0.0199594649,0.0244640489
2024,11,lanjian,input-mattcl,rust,0.011536363160000005,0.000562386913876863,0.0114407254,0.005879313999999999,0.005563652000000002,0.010591464900000002,0.014132534900000002
2024,11,mattcl,input-mattcl,rust,0.003527047419999998,0.0003910921142989253,0.0035275799,0.0027681340000000015,0.000794611,0.0026258319000000002,0.005882938900000001
2024,11,mattcl-py,input-mattcl,python,0.07003849282857144,0.0014409591220300051,0.06995245590000002,0.06367717809523808,0.006291522857142856,0.06742044590000001,0.0742696879
