year,day,participant,input,language,mean,stddev,median,user,system,min,max
2024,11,kcen,input-kcen,nim,0.0206478739296454,0.00047301842099503204,0.02062916088,0.013251351347517728,0.007245021276595743,0.01946268388,0.02305525788
2024,11,mattcl,input-kcen,rust,0.0035317950000000016,0.0003851051384231261,0.00352652888,0.0027705803,0.0007727075,0.00268838888,0.00627636188
2024,11,mattcl-py,input-kcen,python,0.0695541956895238,0.0012749962762031936,0.06912672288,0.06323429714285715,0.006248440476190478,0.06762011388,0.07210378788
2024,11,kcen,input-mattcl,nim,0.020800958939701485,0.0006558747904755524,0.020691256380000002,0.013365477313432834,0.0072998097014925325,0.01968999088,0.02376694988
2024,11,mattcl,input-mattcl,rust,0.0036060386250000042,0.000309617000082944,0.00364733588,0.0028359450000000007,0.0008134925000000001,0.00262109288,0.00482428088
2024,11,mattcl-py,input-mattcl,python,0.06985326439162791,0.0015868492839657437,0.06941677988,0.0634282423255814,0.006361511627906975,0.06731168488,0.07325833888000001
