year,day,participant,input,language,mean,stddev,median,user,system,min,max
2024,11,kcen,input-kcen,nim,0.020869883294202897,0.0007662000617089204,0.0206863422,0.01355840927536232,0.007158149565217388,0.0197623827,0.0236608317
2024,11,mattcl,input-kcen,rust,0.0034848914600000007,0.0004293122766705991,0.0034543192,0.002533325999999999,0.0009546589000000001,0.0026221557000000004,0.006097803700000001
2024,11,mattcl-py,input-kcen,python,0.06934466624761906,0.0012741250338038712,0.0690465782,0.06356410285714285,0.005720872380952381,0.0670570927,0.0743389877
2024,11,kcen,input-mattcl,nim,0.02107566256923076,0.0008416491781510188,0.0208409012,0.01404452923076923,0.006874615076923078,0.0196404847,0.0247342627
2024,11,mattcl,input-mattcl,rust,0.0035530268599999987,0.00038777198244662717,0.0035294902000000006,0.0027314601999999994,0.0008280320999999998,0.0026846427000000003,0.0051471347
2024,11,mattcl-py,input-mattcl,python,0.06989181779523806,0.0009553635486320227,0.06983927670000001,0.06341491238095238,0.00638672761904762,0.0679331937,0.0725633437
