year,day,participant,input,language,mean,stddev,median,user,system,min,max
2024,11,kcen,input-kcen,nim,0.020763160242517478,0.0004941362712233245,0.020735966760000002,0.013496750909090902,0.007128194965034962,0.01991864776,0.022989054760000002
2024,11,lanjian,input-kcen,rust,0.011275850824999994,0.0005532639656949959,0.01114976976,0.005911451799999996,0.005293616599999998,0.01029159876,0.01443910176
2024,11,mattcl,input-kcen,rust,0.00346391514,0.00046305817470105524,0.00347483526,0.0026045283999999998,0.0008685229999999996,0.0026504677599999997,0.00669574876
2024,11,mattcl-py,input-kcen,python,0.06950436299255815,0.0016972451642870013,0.06925256576000001,0.0637342646511628,0.005710775813953488,0.06667661376,0.07310498476
2024,11,kcen,input-lanjian,nim,0.019597938719183677,0.0005358083773522469,0.01956969476,0.011840279047619046,0.0076080661224489764,0.01846752176,0.02251689176
2024,11,lanjian,input-lanjian,rust,0.011005314835000002,0.0003689742078835128,0.010971897259999999,0.004724215099999999,0.006202872000000001,0.01021705976,0.01355186076
2024,11,mattcl,input-lanjian,rust,0.003350808899999998,0.0004207932786621439,0.00334210176,0.0023496151999999994,0.0010478434,0.0025427257599999996,0.00624589676
2024,11,mattcl-py,input-lanjian,python,0.06374165893391305,0.001675548830474617,0.06311804875999999,0.05759592086956521,0.006084764347826088,0.061151633760000004,0.06980369776
2024,11,kcen,input-mattcl,nim,0.020986554539527556,0.0006725314355697367,0.02090472376,0.013140817480314966,0.007687521574803149,0.01996538576,0.024518336760000002
2024,11,lanjian,input-mattcl,rust,0.01147520197,0.000596781261233682,0.01136662676,0.006214183500000003,0.005191606400000001,0.01039016376,0.01448507776
2024,11,mattcl,input-mattcl,rust,0.0035156090950000003,0.0004223173562339999,0.0034992657600000005,0.002655370099999999,0.0008834353999999998,0.0026560677600000002,0.006014382760000001
2024,11,mattcl-py,input-mattcl,python,0.06963806927162791,0.0016205688262225402,0.06941805676,0.06332379953488373,0.006253002790697675,0.06728937276000001,0.07397387476
