year,day,participant,input,language,mean,stddev,median,user,system,min,max
2024,11,kcen,input-kcen,nim,0.020597349370071943,0.000568372799615389,0.020503873960000002,0.013272354388489204,0.007208424316546762,0.01935644496,0.02315903596
2024,11,mattcl,input-kcen,rust,0.0033818326850000007,0.0005552752803110202,0.00339009096,0.0026696333,0.0007502855999999999,0.00248011696,0.006893399959999999
2024,11,mattcl-py,input-kcen,python,0.06948303317428571,0.0014454054919395814,0.06902968745999999,0.06343922095238093,0.005992138571428571,0.06724736596,0.07271907096
2024,11,kcen,input-mattcl,nim,0.020833562058591545,0.0006198792676439492,0.02070445396,0.013438283661971823,0.007268504225352109,0.01970653096,0.02306763396
2024,11,mattcl,input-mattcl,rust,0.0034609807099999996,0.0003556747360895052,0.0034631519600000003,0.0027278798999999993,0.000794999,0.00283049296,0.00485831896
2024,11,mattcl-py,input-mattcl,python,0.06953901950761905,0.0009990022058931974,0.06949774896,0.06393250666666668,0.0055254261904761895,0.06759111996,0.07288419996
