year,day,participant,input,language,mean,stddev,median,user,system,min,max
2024,11,kcen,input-kcen,nim,0.020775443794452567,0.00043513298125703317,0.02071004232,0.013196702481751824,0.007433283211678836,0.02002050332,0.02245330232
2024,11,lanjian,input-kcen,rust,0.011351356255,0.0005827461329711548,0.01122646532,0.006158106599999999,0.005118987000000002,0.01026275832,0.014214317320000001
2024,11,mattcl,input-kcen,rust,0.0036379392450000005,0.00043050516071424435,0.00361057532,0.002730967200000001,0.0009137268,0.00282037332,0.005972035320000001
2024,11,mattcl-py,input-kcen,python,0.06924221490139536,0.001120805469572987,0.06922680932,0.06206500837209302,0.007059306976744184,0.06700423332000001,0.07145187932000001
2024,11,kcen,input-lanjian,nim,0.019693499032328754,0.0007381205086692866,0.01956135582,0.011961341917808217,0.00754246301369863,0.018497896320000002,0.02316524332
2024,11,lanjian,input-lanjian,rust,0.01105847601,0.00023334807188221982,0.011042395820000002,0.0043125198,0.006665439799999998,0.01031194132,0.012840448320000001
2024,11,mattcl,input-lanjian,rust,0.0034657818250000004,0.0003561480323958806,0.00348150882,0.002734382,0.0007787168000000003,0.00294888332,0.005838526320000001
2024,11,mattcl-py,input-lanjian,python,0.06357576111999998,0.001194894788219403,0.06322077132000001,0.056868542222222235,0.0065945964444444425,0.06199985032000001,0.06733151932
2024,11,kcen,input-mattcl,nim,0.02118532332,0.0006660123899610027,0.02109536432,0.013549850578512388,0.007449935537190084,0.02012377732,0.02412599132
2024,11,lanjian,input-mattcl,rust,0.011600004112746112,0.0005942563719216987,0.011490295320000002,0.006067846010362695,0.005408632746113989,0.010490155320000001,0.01522510732
2024,11,mattcl,input-mattcl,rust,0.0036452491749999994,0.0004316935067173976,0.00365767932,0.0025464643999999997,0.0010981021999999997,0.00276781532,0.007322742320000001
2024,11,mattcl-py,input-mattcl,python,0.07000680812487804,0.0012389264491464616,0.06981806132,0.06455432487804878,0.005393537560975608,0.06794503932000001,0.07334215032000001
