year,day,participant,input,language,mean,stddev,median,user,system,min,max
2024,11,kcen,input-kcen,nim,0.02328762419255813,0.004642222910388179,0.021393525960000003,0.014875039069767435,0.008199705736434113,0.020315077960000004,0.03665205896
2024,11,mattcl,input-kcen,rust,0.0039049501749999983,0.0004545983310919614,0.00389222346,0.002963191200000001,0.0008599310999999997,0.00307934196,0.007672031960000001
2024,11,mattcl-py,input-kcen,python,0.0699421032855814,0.0012704833275206486,0.06977549496,0.0637882018604651,0.006038934883720932,0.06797891096,0.07430688096
2024,11,kcen,input-mattcl,nim,0.021506761112173922,0.0007169831297465052,0.021352950460000002,0.013735187536231886,0.007591936956521741,0.02030145196,0.024439549960000004
2024,11,mattcl,input-mattcl,rust,0.0039615208049999994,0.0004817934115127315,0.0039006094599999997,0.002862481199999999,0.0009685597000000002,0.00308861896,0.00758930696
2024,11,mattcl-py,input-mattcl,python,0.07113375121581397,0.002763663701459361,0.07039907396,0.0655538530232558,0.005455518604651163,0.06803525696,0.08568490696
