year,day,participant,input,language,mean,stddev,median,user,system,min,max
2024,11,kcen,input-kcen,nim,0.020610123214492744,0.0007296396338276691,0.0204479137,0.012954873333333323,0.007520046956521737,0.0193497702,0.0237142312
2024,11,mattcl,input-kcen,rust,0.003369448745000003,0.00037779430136855,0.0034267832000000006,0.0026203450000000014,0.0007632593999999998,0.0025611802000000006,0.004758119200000001
2024,11,mattcl-py,input-kcen,python,0.06857036601395347,0.0010329039815491158,0.0683242302,0.06154863302325582,0.006956706046511626,0.0666068512,0.0705768932
2024,11,kcen,input-mattcl,nim,0.020711651067647052,0.0006097293614094919,0.0205741402,0.013013216470588231,0.007569282941176468,0.019776750200000002,0.0240911072
2024,11,mattcl,input-mattcl,rust,0.0033377925249999992,0.0003402182089922715,0.0034024327000000006,0.0025972695999999986,0.0007851280000000001,0.0024618142000000006,0.004708446200000001
2024,11,mattcl-py,input-mattcl,python,0.0696246008904762,0.0016707986398080165,0.06949791420000001,0.06308834952380954,0.006466066666666666,0.0670131622,0.07685470920000001
