year,day,participant,input,language,mean,stddev,median,user,system,min,max
2024,11,kcen,input-kcen,nim,0.020616682399160844,0.0005626594463882558,0.020510591560000003,0.013167907832167825,0.007321761958041957,0.01977323156,0.02360777056
2024,11,lanjian,input-kcen,rust,0.011258144999999997,0.0005256704128514592,0.011149465560000002,0.006219396499999998,0.004970507999999999,0.010395163560000002,0.014005312560000002
2024,11,mattcl,input-kcen,rust,0.003443330525,0.0004864525057394656,0.003442491060000001,0.0026497304000000018,0.0008717509,0.0024548065600000007,0.006975891560000001
2024,11,mattcl-py,input-kcen,python,0.07007883314536584,0.0011781029846034258,0.07008601655999999,0.06473805707317072,0.00526871024390244,0.06755405755999999,0.07271561156
2024,11,kcen,input-lanjian,nim,0.019495514844722218,0.0007067581377766213,0.019323539060000002,0.012115121944444442,0.007282318055555558,0.018338163560000002,0.02191829756
2024,11,lanjian,input-lanjian,rust,0.010961623074999993,0.000432992468808006,0.010931157560000002,0.005604107599999998,0.005282801100000001,0.010052922560000002,0.014598583560000001
2024,11,mattcl,input-lanjian,rust,0.0033019515049999997,0.00033716832725532326,0.0033603420600000003,0.002665455000000001,0.0006832024999999999,0.0026998555600000005,0.004785209560000001
2024,11,mattcl-py,input-lanjian,python,0.06382599784888889,0.001042789129604408,0.06369424156,0.05837480666666665,0.005387360444444443,0.060966523560000006,0.06644637356
2024,11,kcen,input-mattcl,nim,0.02089898917194031,0.0007396781291024865,0.02071077106,0.013870344477611945,0.006897179701492538,0.019918152560000003,0.02399370156
2024,11,lanjian,input-mattcl,rust,0.011370584200000007,0.0006724288729237596,0.01122781706,0.005662587799999997,0.005617000099999998,0.010348766560000002,0.01512872556
2024,11,mattcl,input-mattcl,rust,0.003545882705000003,0.0004343568932041182,0.003512758060000001,0.0027820601999999995,0.0008053983000000002,0.0026614935600000004,0.005990667560000001
2024,11,mattcl-py,input-mattcl,python,0.07044923896476192,0.001378138647385069,0.07058471656,0.06457233523809525,0.00582637,0.06749504756,0.07301344856
