year,day,participant,input,language,mean,stddev,median,user,system,min,max
2024,11,kcen,input-kcen,nim,0.020597143851063825,0.0005166227689674814,0.020537089,0.013244170638297876,0.007234292482269501,0.019546746000000004,0.022937042
2024,11,lanjian,input-kcen,rust,0.011161380305000001,0.0005784963533587562,0.0110588595,0.0057944085,0.005324943599999997,0.010278935,0.014436538
2024,11,mattcl,input-kcen,rust,0.0034123354750000006,0.0004449884970805871,0.00338607,0.0026249184999999984,0.0008428921999999999,0.002623212,0.006586372000000001
2024,11,mattcl-py,input-kcen,python,0.06899738038095238,0.0018465895859354402,0.068570515,0.06305425523809524,0.005859167619047619,0.06624974,0.07559613800000001
2024,11,kcen,input-lanjian,nim,0.019450967823129262,0.0006780015189466631,0.019317075000000003,0.01199060557823129,0.00732330693877551,0.017917085000000003,0.022119372
2024,11,lanjian,input-lanjian,rust,0.010946688199999992,0.00046279642823086496,0.010921929,0.005673028400000001,0.005197992599999996,0.0099933,0.01438941
2024,11,mattcl,input-lanjian,rust,0.003233418675,0.0003561949229081842,0.0032129215000000003,0.0023446866999999993,0.0009024385999999996,0.0024718390000000004,0.004739595
2024,11,mattcl-py,input-lanjian,python,0.06313540578723405,0.0011555226100890255,0.062980009,0.057436617446808516,0.005665546382978722,0.060986977000000005,0.065959667
2024,11,kcen,input-mattcl,nim,0.020799447524475528,0.0006667161009462178,0.020656653000000004,0.013282687972027968,0.00738525202797203,0.019944550000000002,0.024075123000000004
2024,11,lanjian,input-mattcl,rust,0.011341559024999998,0.0005991160259029491,0.0111712455,0.006213302000000001,0.005059973200000001,0.010423536,0.014753222000000002
2024,11,mattcl,input-mattcl,rust,0.0034255646100000026,0.0003652923137502114,0.0034627440000000002,0.002802811699999999,0.0006591867999999999,0.0028555470000000004,0.005669294
2024,11,mattcl-py,input-mattcl,python,0.06935468714285717,0.0013391394092266446,0.06943500350000001,0.06264570761904763,0.0066253257142857135,0.066964067,0.07419239000000001
