year,day,participant,input,language,mean,stddev,median,user,system,min,max
2024,11,kcen,input-kcen,nim,0.020752726240863304,0.0006923945926933894,0.020653890320000003,0.013201635395683456,0.007383981007194248,0.019333017320000003,0.02350621332
2024,11,mattcl,input-kcen,rust,0.003479537459999999,0.00033719285522225266,0.0034694043199999997,0.0026917105999999993,0.0007989188,0.0026251973199999997,0.00486103532
2024,11,mattcl-py,input-kcen,python,0.06964225946285715,0.0013490516386656653,0.06960565132,0.06340045142857142,0.006163451428571428,0.06707069932000001,0.07230188632000001
2024,11,kcen,input-mattcl,nim,0.021056868667826086,0.0008135296575098519,0.020876808820000002,0.013499111884057965,0.007387543768115944,0.01987550332,0.02460923832
2024,11,mattcl,input-mattcl,rust,0.003269861280000002,0.0005082987315603469,0.0033202448199999993,0.0026839474,0.0006675999999999997,0.0021946423199999997,0.0061484863199999995
2024,11,mattcl-py,input-mattcl,python,0.06963964132000003,0.0013534670712604835,0.06931604432,0.06387190325581395,0.005707802790697673,0.06713927732000001,0.07231290632000001
