year,day,participant,input,language,mean,stddev,median,user,system,min,max
2024,11,mattcl,input-mattcl,rust,0.0036794656249999995,0.00045795609080049416,0.00370334548,0.0028991735000000007,0.0008072487999999998,0.0027266524800000002,0.00731036148
