year,day,participant,input,language,mean,stddev,median,user,system,min,max
2024,11,kcen,input-kcen,nim,0.020743490830629378,0.000563588085745575,0.02063181746,0.01336027202797203,0.007243967132867134,0.01979744546,0.02372665246
2024,11,lanjian,input-kcen,rust,0.011308967475000004,0.0006625852550673975,0.011143962960000002,0.006357264999999993,0.004877229599999997,0.010261530460000001,0.014964135460000002
2024,11,mattcl,input-kcen,rust,0.003485448045,0.0004694430578446393,0.00349158946,0.0025647814999999992,0.0009750085999999999,0.00253114646,0.00677095546
2024,11,mattcl-py,input-kcen,python,0.06968113783209304,0.0013666695924889813,0.06955342546,0.06448130000000002,0.00514777069767442,0.06727329746,0.07391552346
2024,11,kcen,input-lanjian,nim,0.01946893637333333,0.0005358446707741773,0.01935974596,0.01177507333333333,0.007550496133333331,0.01873395346,0.02258297046
2024,11,lanjian,input-lanjian,rust,0.011035722320000007,0.00043490078424516057,0.01095685746,0.004545159999999999,0.0064184926,0.010396022460000001,0.014453780460000001
2024,11,mattcl,input-lanjian,rust,0.003294831695,0.0004666927422326739,0.0033275174600000002,0.0025017034999999994,0.0008361188999999998,0.0024397754600000003,0.006935463460000001
2024,11,mattcl-py,input-lanjian,python,0.06406668467739132,0.0015839185099366245,0.06418949296,0.05826297391304346,0.005746830434782608,0.06136687846,0.06846847446
2024,11,kcen,input-mattcl,nim,0.020741807865594403,0.0004429059878765047,0.02065708546,0.013591020279720274,0.00701704811188811,0.01965179246,0.02252863946
2024,11,lanjian,input-mattcl,rust,0.011472401390000006,0.0006001097628290585,0.01139201796,0.006106313999999997,0.005259633300000002,0.01043434346,0.014760413460000002
2024,11,mattcl,input-mattcl,rust,0.0035624068099999995,0.00044642916447892866,0.00355547446,0.0027475340000000003,0.0008502462,0.0027252904600000003,0.007210437460000002
2024,11,mattcl-py,input-mattcl,python,0.06970479729720933,0.0015143407214184145,0.06925160146,0.06367050930232558,0.005958721860465115,0.06749066446,0.07326110946
