year,day,participant,input,language,mean,stddev,median,user,system,min,max
2024,11,kcen,input-kcen,nim,0.020289216554482774,0.0006381658144210579,0.02018659892,0.013443426206896552,0.00672072275862069,0.01902577792,0.02317403892
2024,11,lanjian,input-kcen,rust,0.011162128275000006,0.0005513002509571771,0.01103037292,0.0065193016,0.004594010000000002,0.01034672992,0.01434019092
2024,11,mattcl,input-kcen,rust,0.0035219569149999978,0.0005043451001552487,0.00349904242,0.002720911599999999,0.0008153389999999997,0.00260805992,0.007148294919999999
2024,11,mattcl-py,input-kcen,python,0.06875918746761903,0.0010019923132261555,0.06855507492000001,0.06225012571428571,0.006409000000000001,0.06725051392,0.07203893292
2024,11,kcen,input-lanjian,nim,0.018840940295,0.0005470635040082282,0.01876030592,0.011888881666666668,0.006817551388888888,0.017793832920000002,0.022345708920000002
2024,11,lanjian,input-lanjian,rust,0.010876944330000004,0.00050040548169049,0.01082022992,0.006023717200000004,0.004793432999999997,0.00977901792,0.01404262392
2024,11,mattcl,input-lanjian,rust,0.003320996579999999,0.00035516413994542037,0.0033695454200000003,0.002548690800000001,0.0007934350000000002,0.00254698592,0.00482344592
2024,11,mattcl-py,input-lanjian,python,0.06305056909021277,0.0012962669237639986,0.06284171592000001,0.05776088255319148,0.005219536170212765,0.06031625092000001,0.06646561592000001
2024,11,kcen,input-mattcl,nim,0.02044879279050361,0.0007491653122882712,0.02027242092,0.013474487482014385,0.006845864748201438,0.01948369492,0.023808185920000002
2024,11,lanjian,input-mattcl,rust,0.01130537866,0.0007119026564530414,0.01111823792,0.005604921399999997,0.0056354019999999986,0.01032758292,0.014334860920000001
2024,11,mattcl,input-mattcl,rust,0.0035618809749999973,0.000373322525077638,0.00360367792,0.0027664123999999995,0.0008041760000000002,0.0027507379200000003,0.00488174392
2024,11,mattcl-py,input-mattcl,python,0.06948086182697673,0.0011588972196044784,0.06938787392000001,0.06350681674418604,0.005925665116279069,0.06696995892,0.07275824892
