year,day,participant,input,language,mean,stddev,median,user,system,min,max
2024,11,kcen,input-kcen,nim,0.020902006178129495,0.0007184117668880711,0.02078607884,0.013438169064748203,0.007308142733812952,0.01983295484,0.02397041084
2024,11,lanjian,input-kcen,rust,0.011462210194999998,0.000563861073299569,0.01135523184,0.006570535,0.004796617199999999,0.010386574840000001,0.014283047840000002
2024,11,mattcl,input-kcen,rust,0.003582003070000002,0.00039690190158040047,0.00356560634,0.0026629774999999967,0.0009154851000000004,0.00269352384,0.005839051840000001
2024,11,mattcl-py,input-kcen,python,0.06987464051441859,0.0013252415734160776,0.06946147184,0.06397403488372093,0.005802830697674418,0.06786699684,0.07346921284
2024,11,kcen,input-lanjian,nim,0.019699782098741254,0.0006672591830024587,0.01958187484,0.012510856643356646,0.007058213986013987,0.01882875584,0.02269144684
2024,11,lanjian,input-lanjian,rust,0.011088845025000002,0.00038017549690048193,0.011045728340000002,0.0057300024999999985,0.0052879336,0.010410649840000001,0.013971935840000001
2024,11,mattcl,input-lanjian,rust,0.003446328350000001,0.0004458169188650896,0.00348626284,0.0026593574999999995,0.0007773372,0.00263393184,0.006603431840000001
2024,11,mattcl-py,input-lanjian,python,0.06434897328680851,0.0014336714482123193,0.06432728084,0.05779279787234042,0.006453391914893617,0.061883206839999996,0.06819357784
2024,11,kcen,input-mattcl,nim,0.021052109995555544,0.0006833920257839584,0.02090440184,0.014242003703703706,0.006652506074074072,0.01984459784,0.02339615584
2024,11,lanjian,input-mattcl,rust,0.011595793610000002,0.0005238821900148552,0.011495469840000001,0.0060115500000000035,0.005479021000000005,0.010466985840000002,0.014112648840000002
2024,11,mattcl,input-mattcl,rust,0.0037530459049999977,0.0005357666664319636,0.00372807534,0.002840379999999999,0.0008753472000000001,0.00267151284,0.007201260840000001
2024,11,mattcl-py,input-mattcl,python,0.07101107479238097,0.002092408502944825,0.07085450434000001,0.0648089761904762,0.006087354761904761,0.06791443584000001,0.08182332084
