year,day,participant,input,language,mean,stddev,median,user,system,min,max
2024,11,kcen,input-kcen,nim,0.02081199026857141,0.0006136283831434833,0.02072657954,0.013090357142857143,0.007569231428571431,0.01988523404,0.023959222040000002
2024,11,lanjian,input-kcen,rust,0.01128871478,0.0005265991753910322,0.011199482540000001,0.005709089000000001,0.005493767999999998,0.010431714040000001,0.013824117040000002
2024,11,mattcl,input-kcen,rust,0.0034720071500000003,0.00045975333878678457,0.00347971354,0.002710555500000002,0.000774999,0.00240955504,0.006967409040000001
2024,11,mattcl-py,input-kcen,python,0.06936358258761906,0.0011074111737494493,0.06917794954,0.06338713809523809,0.005912661904761904,0.06722241404000001,0.07163120904
2024,11,kcen,input-lanjian,nim,0.01961142857424657,0.0007646365071528335,0.019448957540000002,0.01210573561643836,0.007391308219178081,0.018478511040000003,0.022399993040000003
2024,11,lanjian,input-lanjian,rust,0.010975621795000012,0.00045200585530138745,0.010914980040000001,0.005973800499999998,0.004916483999999999,0.009895631040000002,0.014086928040000002
2024,11,mattcl,input-lanjian,rust,0.0033553000800000004,0.000436662169563736,0.00335674754,0.0025433715,0.0008428679999999997,0.0025550270400000004,0.00613806504
2024,11,mattcl-py,input-lanjian,python,0.06372490959555555,0.0011991285192330036,0.06335784804000001,0.057951322222222226,0.0057206,0.06114635804,0.06651196304000001
2024,11,kcen,input-mattcl,nim,0.02115028581272728,0.0006872182689466679,0.02103057904,0.0131854606060606,0.007810342424242425,0.01990722604,0.023847964040000003
2024,11,lanjian,input-mattcl,rust,0.011573802035000004,0.0006310931271503173,0.011439461040000001,0.006345477500000001,0.005157034999999999,0.010589540040000001,0.015119862040000001
2024,11,mattcl,input-mattcl,rust,0.003568175900000003,0.000492957508688143,0.00354304254,0.0028311670000000008,0.000785463,0.00255334404,0.00663384404
2024,11,mattcl-py,input-mattcl,python,0.06985240465904763,0.0010373375138164422,0.06962484654000001,0.06290539999999999,0.006852433333333331,0.06754830404,0.07375361304000001
