year,day,participant,input,language,mean,stddev,median,user,system,min,max
2024,11,kcen,input-kcen,nim,0.020725504700281693,0.0005766182437269709,0.020645918319999998,0.013145981126760567,0.007426210140845075,0.019795826319999998,0.02393460532
2024,11,lanjian,input-kcen,rust,0.011215085074999999,0.0005539743418219569,0.01109629182,0.006352645399999999,0.004769924999999998,0.01028048932,0.01463847932
2024,11,mattcl,input-kcen,rust,0.0034829688749999995,0.00042768574896405155,0.00348200032,0.002528670800000001,0.0009617009999999995,0.00264827832,0.00566923532
2024,11,mattcl-py,input-kcen,python,0.06925489972476188,0.0013699108723701724,0.06922996232,0.0634075076190476,0.005771202857142858,0.06664311332,0.07252364432000001
2024,11,kcen,input-lanjian,nim,0.019556256864827575,0.000765497884694579,0.019368285319999998,0.011948546206896553,0.007476849931034484,0.01842399832,0.02288560232
2024,11,lanjian,input-lanjian,rust,0.010970756264999998,0.0003626408595575313,0.010947618820000001,0.006239555000000001,0.004580920400000003,0.010266673320000001,0.013773580320000001
2024,11,mattcl,input-lanjian,rust,0.003305189989999999,0.00042149826594999827,0.00332061832,0.002380665199999997,0.0009498945999999998,0.0023820703199999996,0.00548655432
2024,11,mattcl-py,input-lanjian,python,0.06276923300085109,0.0010714860917395588,0.06266138932000001,0.056852619574468084,0.005837663829787235,0.060585200320000004,0.06615587132
2024,11,kcen,input-mattcl,nim,0.020801165805507244,0.0005932033811012296,0.02072053782,0.013346786086956513,0.007321795652173914,0.01994437432,0.02353842432
2024,11,lanjian,input-mattcl,rust,0.011326789775000004,0.0004654803591787996,0.01122402632,0.006002681399999999,0.0052743166000000005,0.01025402932,0.013024297320000001
2024,11,mattcl,input-mattcl,rust,0.003561665244999998,0.0003492284889384607,0.00356183932,0.0027335453999999993,0.0008414234000000004,0.0027263153199999996,0.00526950732
2024,11,mattcl-py,input-mattcl,python,0.06989999424857145,0.0013215709366451876,0.06972856582,0.06354465047619048,0.00627559904761905,0.06720124832,0.07403374232000001
