year,day,participant,input,language,mean,stddev,median,user,system,min,max
2024,11,kcen,input-kcen,nim,0.02080449738085107,0.0007592134972140324,0.0206228627,0.01319790964539008,0.007488392907801417,0.019318828700000002,0.024296762700000002
2024,11,lanjian,input-kcen,rust,0.011257927624999999,0.0005714134671953846,0.0111233982,0.005516772100000003,0.005663225399999997,0.0103120747,0.0142159937
2024,11,mattcl,input-kcen,rust,0.003467269345000002,0.0004215324589029925,0.0034617707000000005,0.0027152327999999987,0.0007706500000000001,0.0025746347,0.005321167700000001
2024,11,mattcl-py,input-kcen,python,0.06925085253333335,0.001227600872846527,0.0690452542,0.0642818123809524,0.004895153333333334,0.06701861370000001,0.0727388457
2024,11,kcen,input-lanjian,nim,0.019600157132432433,0.000667771867810903,0.0194838602,0.011935981621621619,0.007515354864864866,0.018691995700000002,0.022893012700000003
2024,11,lanjian,input-lanjian,rust,0.011105660850000006,0.0006592591558568702,0.0109552237,0.005816440000000001,0.0051800364,0.0099377027,0.0147747507
2024,11,mattcl,input-lanjian,rust,0.0033281176400000003,0.0004174039460651279,0.0033606217000000005,0.0025349713999999997,0.0008024314000000001,0.0025015177000000006,0.006214000700000001
2024,11,mattcl-py,input-lanjian,python,0.06346866140212767,0.0010867575242747888,0.0631560807,0.05724209404255318,0.006138668085106384,0.061599395700000004,0.06641849870000001
2024,11,kcen,input-mattcl,nim,0.020957233374074076,0.0006849388123534006,0.020846310700000002,0.01336387481481482,0.007474941629629631,0.019798757700000003,0.023742412700000003
2024,11,lanjian,input-mattcl,rust,0.01138052177499999,0.00044060325458125866,0.0112980447,0.006412667099999996,0.004891584199999997,0.0104448327,0.013675282700000001
2024,11,mattcl,input-mattcl,rust,0.0034882477099999988,0.0003392997663960914,0.0035048967,0.0026850720999999993,0.0008326116,0.0026940387,0.0046370667
2024,11,mattcl-py,input-mattcl,python,0.07003008543170734,0.0010676622376100274,0.06974602170000001,0.06461044536585366,0.005372389268292684,0.0674593797,0.07347918070000001
