year,day,participant,input,language,mean,stddev,median,user,system,min,max
2024,11,kcen,input-kcen,nim,0.02098904370714286,0.0009498140280450177,0.0207476745,0.013834784285714287,0.007010331999999999,0.019909950500000002,0.027595084500000002
2024,11,lanjian,input-kcen,rust,0.011516040409999992,0.000638287116379008,0.011339898000000001,0.005928729500000004,0.005485943000000002,0.0104261665,0.0142870875
2024,11,mattcl,input-kcen,rust,0.0036139204849999994,0.0004181680804378909,0.0035990240000000006,0.0026515239999999984,0.0010072934,0.0024722975,0.0058489135000000005
2024,11,mattcl-py,input-kcen,python,0.06994942254651164,0.0010791958065872798,0.0700210315,0.06429170837209301,0.00563062046511628,0.0680155555,0.0721843635
2024,11,kcen,input-lanjian,nim,0.019689852687500006,0.0006076973201286576,0.019629905500000003,0.012347470000000006,0.007205898333333334,0.0183915465,0.022919026500000002
2024,11,lanjian,input-lanjian,rust,0.011083669349999997,0.0005682941983176186,0.01097258,0.0050570417,0.005973602599999999,0.0099725965,0.0140402865
2024,11,mattcl,input-lanjian,rust,0.0034338247450000003,0.0004188580229620454,0.003450356,0.0027662145000000014,0.0007114304000000002,0.0025372305000000003,0.0063215585
2024,11,mattcl-py,input-lanjian,python,0.06408023032608695,0.0011112941888642232,0.06386183449999999,0.05840643739130434,0.005605595652173912,0.0621898325,0.0665731835
2024,11,kcen,input-mattcl,nim,0.02119962803284671,0.0007987136220504455,0.0210392455,0.013697511970802915,0.007393471240875913,0.0196369685,0.0241138545
2024,11,lanjian,input-mattcl,rust,0.011557499735,0.0006259115322647924,0.011473934500000001,0.0060532422999999965,0.005434535000000001,0.010441645500000001,0.0152931925
2024,11,mattcl,input-mattcl,rust,0.003671949,0.000492638392950554,0.003636554,0.0029271028000000003,0.0007597754000000001,0.0027562905,0.0072806945000000005
2024,11,mattcl-py,input-mattcl,python,0.07049847162195122,0.0013216789697498249,0.0701743485,0.06423968341463415,0.00622630731707317,0.0683786245,0.0745948085
