year,day,participant,input,language,mean,stddev,median,user,system,min,max
2024,11,kcen,input-kcen,nim,0.0206405953235461,0.0005673282113235517,0.02058005882,0.013538686666666666,0.006961443262411352,0.019675185820000003,0.023656287820000003
2024,11,lanjian,input-kcen,rust,0.011257422914999999,0.0005147763514814651,0.01109814882,0.0060991645999999965,0.005095706,0.01044723982,0.014553627820000001
2024,11,mattcl,input-kcen,rust,0.003484594620000001,0.00046838731206404703,0.0034886043200000006,0.0025670795999999992,0.0009521419999999996,0.0025557078200000006,0.00723971682
2024,11,mattcl-py,input-kcen,python,0.06948814248666667,0.0011705478279115187,0.06943450932,0.06358290095238095,0.0058381833333333326,0.06688274681999999,0.07263000582
2024,11,kcen,input-lanjian,nim,0.01956243459419354,0.0007243641868583745,0.019373079820000003,0.01233249096774193,0.0070951638709677405,0.018409636820000002,0.02243878782
2024,11,lanjian,input-lanjian,rust,0.011008376335000004,0.00047986203681134586,0.010958151320000001,0.0061085098,0.004809824499999998,0.01008380082,0.01427398382
2024,11,mattcl,input-lanjian,rust,0.0033478780249999985,0.000345828396793608,0.003364797320000001,0.0025405748999999993,0.0008159495,0.0024684548200000008,0.00469692582
2024,11,mattcl-py,input-lanjian,python,0.06351615086444441,0.0012301311489665513,0.06316122982,0.05727535333333333,0.006140111111111112,0.060965620820000004,0.06634267682
2024,11,kcen,input-mattcl,nim,0.020868833004397142,0.000611545727436441,0.020738756820000002,0.01285085687943261,0.007869630496453901,0.019961711820000002,0.023724945820000003
2024,11,lanjian,input-mattcl,rust,0.01136894363500001,0.0005496370946152437,0.011254993320000002,0.0055958692999999995,0.005664146000000001,0.01041714382,0.014230172820000001
2024,11,mattcl,input-mattcl,rust,0.003571741675,0.0003381694777883453,0.0035921583200000007,0.0026495043,0.0009464219999999998,0.0026760228200000007,0.004953185820000001
2024,11,mattcl-py,input-mattcl,python,0.07014242696285715,0.0014026323973033727,0.06986824982,0.06523311523809525,0.00481872619047619,0.06759245482,0.07528825182
