year,day,participant,input,language,mean,stddev,median,user,system,min,max
2024,11,mattcl,input-mattcl,rust,0.003322415125,0.0003478299867196993,0.0033760859800000004,0.002568129999999998,0.0007941587999999998,0.00259305148,0.0047970964800000005
2024,11,mattcl-py,input-mattcl,python,0.06888221136095239,0.0012963451088780185,0.06841436998,0.06459448476190474,0.00424557,0.06709875748000001,0.07276346248000001
