year,day,participant,input,language,mean,stddev,median,user,system,min,max
2024,11,kcen,input-kcen,nim,0.020716193045248233,0.0004628202835478553,0.020683476180000004,0.013371219290780141,0.007198584397163122,0.019429428180000003,0.022879820180000003
2024,11,lanjian,input-kcen,rust,0.011398622654999998,0.0005503624585068898,0.01124513218,0.006187061399999998,0.0051236469999999985,0.01032397218,0.01446582018
2024,11,mattcl,input-kcen,rust,0.0035653260300000005,0.00043606373567206774,0.00358317618,0.0026468037999999995,0.0009050220000000002,0.00267614718,0.00706847518
2024,11,mattcl-py,input-kcen,python,0.06974421094190475,0.0012819601900784748,0.06951974168,0.06342581047619049,0.006237861904761903,0.06758883518,0.07309267418
2024,11,kcen,input-lanjian,nim,0.019665625450270275,0.0007112144330114347,0.019510194180000003,0.01243975513513513,0.007080095945945944,0.018428503180000003,0.022804660180000002
2024,11,lanjian,input-lanjian,rust,0.011086556134999995,0.0005864181272876125,0.01098302668,0.0057075799999999986,0.005294875999999997,0.01019059218,0.014592878180000001
2024,11,mattcl,input-lanjian,rust,0.0034020079799999977,0.0003244400306256951,0.00342557618,0.0025209388000000006,0.0008957130000000003,0.00254383918,0.00454935618
2024,11,mattcl-py,input-lanjian,python,0.06362488128869563,0.001350982949826898,0.06345644018,0.05701925043478261,0.006508973913043479,0.061449726180000004,0.06804770518
2024,11,kcen,input-mattcl,nim,0.021148219122857147,0.0007029838644885652,0.021068793180000003,0.013345269999999996,0.007647377142857139,0.019907263180000002,0.024624689180000003
2024,11,lanjian,input-mattcl,rust,0.011554699439999998,0.0005424270532070251,0.01147848018,0.0063546164000000014,0.005112287,0.01045495718,0.013768624180000001
2024,11,mattcl,input-mattcl,rust,0.003697107679999998,0.00039568486559597976,0.0036812896800000002,0.002754213200000002,0.0009550399999999993,0.00277769718,0.00654109718
2024,11,mattcl-py,input-mattcl,python,0.06969672439428572,0.0011679221461670672,0.06968104918000001,0.06325033428571426,0.006356861904761906,0.06737765018,0.07220894918
