year,day,participant,input,language,mean,stddev,median,user,system,min,max
2024,11,kcen,input-kcen,nim,0.02046748836190477,0.0006045452437367875,0.0204138736,0.013698120816326527,0.006623310204081632,0.0191578866,0.0232885806
2024,11,lanjian,input-kcen,rust,0.011391066155000004,0.0006298260515312257,0.011250901600000002,0.005984782199999999,0.005310045999999998,0.0104119656,0.014849918600000001
2024,11,mattcl,input-kcen,rust,0.0035821409499999985,0.000467038265798691,0.0035583361000000005,0.0027439837999999987,0.0008371045999999999,0.0026072576,0.006236797600000001
2024,11,mattcl-py,input-kcen,python,0.0699583301952381,0.0014826510974283748,0.0696086031,0.06407836571428568,0.005781262857142857,0.06755853560000001,0.07366904960000001
2024,11,kcen,input-lanjian,nim,0.019369081330769238,0.0007153544624516674,0.0192393211,0.012808342820512826,0.006454101666666666,0.0181313736,0.0222458056
2024,11,lanjian,input-lanjian,rust,0.011005780924999996,0.0003306776657154584,0.0109647231,0.006018374199999998,0.0049206617000000005,0.0103939116,0.0134363146
2024,11,mattcl,input-lanjian,rust,0.003391065460000001,0.00035174737958930147,0.0034200596000000002,0.0027252188000000004,0.0006930555000000001,0.0025996936000000003,0.0045798146
2024,11,mattcl-py,input-lanjian,python,0.06333760168695654,0.0012961684435762687,0.0631570926,0.05802584086956521,0.005225730434782609,0.061244467600000005,0.06706652960000001
2024,11,kcen,input-mattcl,nim,0.020679885401418435,0.0006064704936198371,0.020568676600000002,0.013311668652482268,0.007226155319148936,0.0196817756,0.022979148600000002
2024,11,lanjian,input-mattcl,rust,0.01155419202,0.0005656564357880904,0.011484121100000001,0.005931876,0.005533751800000003,0.0104230676,0.0151216916
2024,11,mattcl,input-mattcl,rust,0.00361848507,0.0003163940770987742,0.0036356616000000003,0.0026178117999999997,0.0010339581000000004,0.0027061646000000007,0.004887846600000001
2024,11,mattcl-py,input-mattcl,python,0.07005060374634148,0.0013081442575505861,0.06969524560000001,0.06484315317073171,0.0051383843902439025,0.06730897960000001,0.07314714060000001
