year,day,participant,input,language,mean,stddev,median,user,system,min,max
2024,11,kcen,input-kcen,nim,0.020724854118571428,0.0005840048531613199,0.020629654440000002,0.013004647142857142,0.007586203571428573,0.019814218440000003,0.023598453440000004
2024,11,lanjian,input-kcen,rust,0.011257128555000011,0.00040981161790520573,0.01115238594,0.005625566800000005,0.005566805000000001,0.010347424440000001,0.013790129440000002
2024,11,mattcl,input-kcen,rust,0.0034352308050000025,0.00042324377255100615,0.0034330539400000007,0.002756662800000002,0.0006831725,0.0025073754400000005,0.0061589624400000004
2024,11,mattcl-py,input-kcen,python,0.0694664189748837,0.0013445942523176238,0.06926402244,0.06404095162790698,0.005337081395348837,0.06645543444,0.07343899944
2024,11,kcen,input-lanjian,nim,0.019514963576054426,0.0005352526540029107,0.019496073440000004,0.011911827755102038,0.007466200680272114,0.018255820440000004,0.022148479440000004
2024,11,lanjian,input-lanjian,rust,0.011011677150000008,0.00038779069065898784,0.01098601494,0.004662796799999997,0.006293,0.010389173440000002,0.014353464440000002
2024,11,mattcl,input-lanjian,rust,0.003380302070000001,0.0004359909701886304,0.003371748940000001,0.002597607799999999,0.000800095,0.0025352474400000004,0.006676721440000002
2024,11,mattcl-py,input-lanjian,python,0.06337370269531915,0.0012281954542263521,0.06324245744,0.056374674042553204,0.006919446808510639,0.061356326440000004,0.06607807744
2024,11,kcen,input-mattcl,nim,0.021051352889275367,0.0006036150135431781,0.020922262940000005,0.013553497971014492,0.007341242753623187,0.020073633440000002,0.023398208440000002
2024,11,lanjian,input-mattcl,rust,0.011579910549999996,0.0007502405659860196,0.01140488894,0.005685284600000002,0.0058204825000000016,0.010404531440000002,0.015155575440000001
2024,11,mattcl,input-mattcl,rust,0.0034708319250000026,0.0003333731448426389,0.0034795359400000008,0.0026718233999999995,0.0008299949999999999,0.0026759514400000006,0.004790500440000001
2024,11,mattcl-py,input-mattcl,python,0.06994919164930231,0.001425668019253841,0.06957484344,0.0638346260465116,0.006057860465116279,0.06772828743999999,0.07434887144
