year,day,participant,input,language,mean,stddev,median,user,system,min,max
2024,11,mattcl,input-mattcl,rust,0.0034466408400000005,0.00038967698349382136,0.0034626528600000006,0.0027668153000000007,0.0007261779999999996,0.00258658186,0.00585234086
2024,11,mattcl-py,input-mattcl,python,0.06978924083619048,0.0010247134751273804,0.06970898236,0.06414174190476189,0.0055407,0.06764808086,0.07191918486
