year,day,participant,input,language,mean,stddev,median,user,system,min,max
2024,11,kcen,input-kcen,nim,0.020743215688888875,0.0005595526963546847,0.020705172600000002,0.013334772592592596,0.007279184592592593,0.019538188600000003,0.0235158866
2024,11,mattcl,input-kcen,rust,0.003412234565,0.0003899897486531362,0.0033865711000000006,0.0026464333000000002,0.0008413626999999998,0.0026348186000000008,0.0060812506
2024,11,mattcl-py,input-kcen,python,0.06972970338571431,0.0011911048833350521,0.0695776646,0.06315182761904763,0.006507840476190476,0.06735080560000001,0.0726889206
2024,11,kcen,input-mattcl,nim,0.02096540808529412,0.0007004229462838385,0.0208580901,0.01358184617647059,0.007215343235294119,0.019771004600000003,0.0237662546
2024,11,mattcl,input-mattcl,rust,0.0035604308700000003,0.0004512201974105694,0.0035300086000000005,0.0027317566000000003,0.0008834827,0.0028122906000000005,0.0064727346
2024,11,mattcl-py,input-mattcl,python,0.06985026750243901,0.0012846963437101759,0.0697195296,0.06369541414634144,0.0060790990243902426,0.0676719756,0.07375326360000001
