year,day,participant,input,language,mean,stddev,median,user,system,min,max
2024,11,kcen,input-kcen,nim,0.020397693231428572,0.0005894132286711704,0.020317939460000004,0.01325442,0.0069974282857142855,0.019180204960000002,0.02310761696
2024,11,lanjian,input-kcen,rust,0.011260685596363644,0.0005453273435447035,0.01114838596,0.005909007272727273,0.005281111229946526,0.010323500959999999,0.01500985596
2024,11,mattcl,input-kcen,rust,0.0034684867800000006,0.00039174989847973413,0.00349971046,0.0026823351999999984,0.0008368971999999998,0.00262236296,0.00632833196
2024,11,mattcl-py,input-kcen,python,0.0695668874478049,0.0014861259547321035,0.06946017396,0.06428362000000003,0.005205119512195122,0.06706903596,0.07263711196
2024,11,kcen,input-lanjian,nim,0.018954433919459467,0.00046598408185061593,0.018912512460000003,0.012298579459459466,0.0065338204054054055,0.018000584960000003,0.02115489196
2024,11,lanjian,input-lanjian,rust,0.011014019144999998,0.0004934958251776602,0.010981162959999999,0.005677685000000005,0.0051954483,0.009898355959999999,0.013697217959999999
2024,11,mattcl,input-lanjian,rust,0.00329393224,0.00040955085220587006,0.00333189146,0.0023243326000000008,0.0009904167999999999,0.0025310509599999996,0.00560286296
2024,11,mattcl-py,input-lanjian,python,0.06319028761217392,0.0011350585102296363,0.06311312495999999,0.058285641739130443,0.004844041304347827,0.06106725896,0.06623526596
2024,11,kcen,input-mattcl,nim,0.020436345107887326,0.000699796044186016,0.020302806460000003,0.013400725633802823,0.006897921830985918,0.019361213960000002,0.02315522596
2024,11,lanjian,input-mattcl,rust,0.01123167910999999,0.0005776877086886716,0.01107638146,0.006259366399999998,0.0048999934,0.01014471696,0.01451768396
2024,11,mattcl,input-mattcl,rust,0.003563325435000001,0.00045629401547504555,0.00351655746,0.0026915688000000004,0.0008583138999999997,0.0026752819599999995,0.00594588496
2024,11,mattcl-py,input-mattcl,python,0.06985036960285715,0.0014421493800389307,0.06981353946,0.06255088190476192,0.007215944285714286,0.06725198996000001,0.07408526296
