year,day,participant,input,language,mean,stddev,median,user,system,min,max
2024,11,kcen,input-kcen,nim,0.020631678502857142,0.000655513331913731,0.020515076860000002,0.013284571428571425,0.007207221714285716,0.01965976536,0.02383633436
2024,11,lanjian,input-kcen,rust,0.011154722880000007,0.0005130191035732442,0.01104500236,0.0060676249999999975,0.005018000600000001,0.01037878036,0.013915632360000001
2024,11,mattcl,input-kcen,rust,0.0034855018149999996,0.0004948299597266452,0.0034577883600000006,0.002831608999999999,0.0007238158,0.0025895273599999998,0.00711191436
2024,11,mattcl-py,input-kcen,python,0.06988589277860467,0.0014168591741610713,0.06978355636000001,0.06339346976744188,0.0064254874418604654,0.06685293936,0.07349700736
2024,11,kcen,input-lanjian,nim,0.019526999326666673,0.0006571130958868336,0.019372146360000002,0.012105953333333332,0.007296456266666665,0.018595812360000002,0.02246309736
2024,11,lanjian,input-lanjian,rust,0.010980553394999992,0.00038700562293340684,0.01098890336,0.005193420000000001,0.005702538799999999,0.00993049036,0.01429936436
2024,11,mattcl,input-lanjian,rust,0.0033513948400000016,0.0004561820663520055,0.0033650438600000003,0.0026058239999999988,0.0008024634,0.00249967236,0.00652854936
2024,11,mattcl-py,input-lanjian,python,0.06317036738173913,0.0010864708252116006,0.06294450986,0.05710913913043478,0.005991157391304347,0.061883222360000004,0.06747272236
2024,11,kcen,input-mattcl,nim,0.020763949073235297,0.0005282028056566756,0.02069153186,0.013544598529411759,0.007054545588235296,0.01980837336,0.02302655136
2024,11,lanjian,input-mattcl,rust,0.011288704560000005,0.0005225156954978268,0.011129671859999999,0.006459286999999995,0.004763975800000001,0.01036818036,0.01386628336
2024,11,mattcl,input-mattcl,rust,0.0034729786399999994,0.0003146984822069665,0.0035262903600000004,0.0026287950000000006,0.0008892169999999997,0.00265282936,0.00460644836
2024,11,mattcl-py,input-mattcl,python,0.06972085859809524,0.001306906409324238,0.06956305586,0.06378075714285714,0.005872563809523808,0.06756946236000001,0.07246623436
