year,day,participant,input,language,mean,stddev,median,user,system,min,max
2024,11,kcen,input-kcen,nim,0.020199705304161087,0.0007989439131059833,0.020013445680000002,0.013205499865771814,0.006848088859060403,0.019053083680000003,0.023796281680000003
2024,11,mattcl,input-kcen,rust,0.0033491656349999978,0.0003295190169193432,0.00340826718,0.0026285274000000004,0.0007372440999999998,0.0024203036800000003,0.00455562968
2024,11,mattcl-py,input-kcen,python,0.06886113044744187,0.0008857630674662553,0.06866707868000001,0.06287089209302325,0.005901011162790697,0.06749371768,0.07091506368
2024,11,kcen,input-mattcl,nim,0.020383687433521126,0.0007685836940482039,0.020295313180000003,0.01310040028169014,0.007152697323943663,0.01912883468,0.023754441680000002
2024,11,mattcl,input-mattcl,rust,0.003412385380000001,0.00032655321762362354,0.0034497501800000007,0.0025487968,0.0009052894000000001,0.0026910616800000006,0.00485963968
2024,11,mattcl-py,input-mattcl,python,0.06922925007534882,0.001131137006494437,0.06902901468,0.06228798511627907,0.006841288372093023,0.06748242368,0.07260118468
