year,day,participant,input,language,mean,stddev,median,user,system,min,max
2024,11,kcen,input-kcen,nim,0.020626469562898556,0.0006020535500986087,0.02051115886,0.012692700579710144,0.007791536231884056,0.01949506736,0.02411959236
2024,11,lanjian,input-kcen,rust,0.011222915789999992,0.0005486559974283023,0.011085827360000002,0.0058455824,0.005308174999999998,0.010220597360000002,0.014227417360000001
2024,11,mattcl,input-kcen,rust,0.0033588865200000003,0.00030190502273541055,0.00337668336,0.0026387514000000014,0.0007806149999999993,0.00264657236,0.00497114336
2024,11,mattcl-py,input-kcen,python,0.06988582662190478,0.0014766125740649728,0.06983367586,0.06414262190476192,0.005700523809523809,0.06639062036,0.07352647836000001
2024,11,kcen,input-lanjian,nim,0.019482232455890407,0.0006635708301021317,0.01934619836,0.011849325753424659,0.007532000000000001,0.01834356136,0.022554444360000002
2024,11,lanjian,input-lanjian,rust,0.011001272765000004,0.0003996966840705285,0.010963003360000001,0.004904790000000003,0.006012139999999998,0.010128606360000002,0.013717181360000002
2024,11,mattcl,input-lanjian,rust,0.0031471501,0.00039816113508459315,0.00314649286,0.0023265259999999998,0.0008920900000000005,0.00191541336,0.00449533236
2024,11,mattcl-py,input-lanjian,python,0.06347519582511629,0.0014987428181765156,0.06299144036,0.058348150697674406,0.005060069767441861,0.061198133360000004,0.06791754036
2024,11,kcen,input-mattcl,nim,0.02087256301248226,0.0007674654063214836,0.02075476436,0.013668657872340421,0.007079028368794327,0.01985168336,0.02398099336
2024,11,lanjian,input-mattcl,rust,0.011367008305000011,0.0006933432082180747,0.01120159436,0.005846919200000003,0.0054436849999999985,0.010273427360000002,0.014802854360000001
2024,11,mattcl,input-mattcl,rust,0.0035383716450000002,0.00045796440558383203,0.00352233586,0.0027242664,0.0008074400000000001,0.00265867436,0.00693532936
2024,11,mattcl-py,input-mattcl,python,0.06937415707428572,0.0012870249097808116,0.06933952586,0.06287743142857141,0.006397166666666668,0.06683939136,0.07266198036
