year,day,participant,input,language,mean,stddev,median,user,system,min,max
2024,11,kcen,input-kcen,nim,0.02080009518172661,0.0006304192243886841,0.02068937834,0.013434341007194244,0.007240078848920863,0.01969787234,0.024491176340000004
2024,11,lanjian,input-kcen,rust,0.011195628785000002,0.00038631293707549656,0.01110859434,0.00664196,0.004486389700000001,0.010218453340000001,0.01274042434
2024,11,mattcl,input-kcen,rust,0.0035034216849999995,0.0004027421986828865,0.00348286584,0.0027488309999999993,0.0007827563999999996,0.00268672034,0.00541824434
2024,11,mattcl-py,input-kcen,python,0.06937501207809524,0.0011132427670589313,0.06943908184000001,0.06284829047619048,0.006422144761904762,0.06726523634,0.07182368134000001
2024,11,kcen,input-lanjian,nim,0.01950473722965518,0.0006038124136268568,0.01942623334,0.01263476551724138,0.006742332413793102,0.01843490734,0.023012558340000003
2024,11,lanjian,input-lanjian,rust,0.011013911934999992,0.00040896334280139,0.01097120684,0.005096862000000002,0.005839836,0.010114407340000001,0.01419545034
2024,11,mattcl,input-lanjian,rust,0.003224136965000001,0.00040362136874612684,0.00320476534,0.002462021000000001,0.0007865182999999999,0.00210224534,0.00466240934
2024,11,mattcl-py,input-lanjian,python,0.06345417321234044,0.0010651551400731067,0.06318186134,0.057431344680851065,0.005978205106382978,0.06175388734,0.06598889734
2024,11,kcen,input-mattcl,nim,0.021011327291048956,0.000829905709554781,0.02085291534,0.01374280979020979,0.007128532027972023,0.019903977340000004,0.024572109340000002
2024,11,lanjian,input-mattcl,rust,0.011422634864999996,0.000633561356017825,0.01133619584,0.006043782000000002,0.005288599199999998,0.01036667934,0.014696899340000001
2024,11,mattcl,input-mattcl,rust,0.0035263617450000014,0.0003873022245454709,0.00353745434,0.002785442999999999,0.0007942747,0.00268239234,0.00534977634
2024,11,mattcl-py,input-mattcl,python,0.06999573091142856,0.0011821747742659864,0.06982587084000001,0.06365586190476193,0.006282422380952381,0.06795976734,0.07281803334
