year,day,participant,input,language,mean,stddev,median,user,system,min,max
2024,11,kcen,input-kcen,nim,0.020897930018571414,0.0005200950389421501,0.020911401640000004,0.013201308571428566,0.007529191714285715,0.020033638640000004,0.02421753064
2024,11,lanjian,input-kcen,rust,0.011628921369999998,0.0005801836340596229,0.01156078814,0.005926107599999996,0.0056580901,0.01049897064,0.01422323164
2024,11,mattcl,input-kcen,rust,0.0033945736400000015,0.0005206896108204405,0.00344333214,0.0026406541999999993,0.0008209941999999999,0.00254434964,0.00635390164
2024,11,mattcl-py,input-kcen,python,0.07082296599714287,0.0012189201848518264,0.07077192864000001,0.06464374666666665,0.006126091428571426,0.06841992564,0.07326942464000001
2024,11,kcen,input-lanjian,nim,0.019802550395244766,0.000681225271224591,0.019630324640000002,0.012565593986013986,0.007100290489510487,0.01859408464,0.02283060564
2024,11,lanjian,input-lanjian,rust,0.01106591605,0.0004004492511633132,0.01098282614,0.0056912142,0.005282167399999998,0.01026325864,0.01339130464
2024,11,mattcl,input-lanjian,rust,0.0034631945900000017,0.000416956905084935,0.0034730781400000004,0.0025455255000000005,0.0009524579999999997,0.0026436056400000003,0.00682468264
2024,11,mattcl-py,input-lanjian,python,0.0644807053573913,0.0012548543181635716,0.06418476964,0.05848323217391305,0.0059176869565217395,0.06262292564000001,0.06868810864000001
2024,11,kcen,input-mattcl,nim,0.02120991274791367,0.000772609543682053,0.021104974640000003,0.01381190374100719,0.0072786053237410085,0.020085526640000004,0.024814769640000005
2024,11,lanjian,input-mattcl,rust,0.011611174974999998,0.0005318993235218936,0.011558318140000001,0.006122152099999999,0.005368061600000001,0.01054010764,0.01398514564
2024,11,mattcl,input-mattcl,rust,0.0036726744649999963,0.0004122967305452419,0.00365750364,0.002763818400000001,0.0009521247999999998,0.00278908764,0.00653445964
2024,11,mattcl-py,input-mattcl,python,0.07091109754697676,0.0016888592403276643,0.07069975564000001,0.06528976604651164,0.005528877209302326,0.06846192764,0.07778551164000001
