year,day,participant,input,language,mean,stddev,median,user,system,min,max
2024,11,kcen,input-kcen,nim,0.020931854827536216,0.0007219233785567359,0.0207511864,0.013002888115942027,0.007803053768115945,0.0199523804,0.0239482034
2024,11,mattcl,input-kcen,rust,0.0034176209050000004,0.00032962604838839834,0.0034404054,0.0025774082999999986,0.0008769157999999999,0.0025522224,0.0048636614
2024,11,mattcl-py,input-kcen,python,0.0696108535904762,0.001445336348369239,0.0693900639,0.0628802152380952,0.006602596666666664,0.06716364840000001,0.0724292304
2024,11,kcen,input-mattcl,nim,0.021018147966176477,0.0006279219168112792,0.0209756414,0.013347105294117641,0.00750710382352941,0.0198799944,0.0244651014
2024,11,mattcl,input-mattcl,rust,0.0035216161399999994,0.00040200468690091665,0.0035244788999999996,0.0026316282999999997,0.0009236072999999998,0.0027317984,0.0062791224
2024,11,mattcl-py,input-mattcl,python,0.07026456392380953,0.001976019158582783,0.06988696890000001,0.06414016761904763,0.006069955238095239,0.0675756104,0.08003485340000001
