year,day,participant,input,language,mean,stddev,median,user,system,min,max
2024,11,kcen,input-kcen,nim,0.02072659766285714,0.0006192661325477429,0.02060307012,0.013267691428571428,0.007337347714285712,0.01973329012,0.023828405120000003
2024,11,lanjian,input-kcen,rust,0.011179965420000009,0.0004419853190292944,0.011075860120000001,0.005308052800000003,0.005814385999999998,0.010312425120000001,0.013560111120000001
2024,11,mattcl,input-kcen,rust,0.0034576295599999985,0.0003482349202605631,0.0034653526200000002,0.0026492414000000007,0.0008570519999999996,0.0027771031200000003,0.00479382312
2024,11,mattcl-py,input-kcen,python,0.06999009860837209,0.0014120434338411386,0.07009812711999999,0.06341660837209302,0.00650207627906977,0.06764391812,0.07396286912
2024,11,kcen,input-lanjian,nim,0.01943271539027028,0.0004911863199882921,0.019409517620000004,0.012060099729729733,0.0072394281081081075,0.01842850412,0.021455276120000002
2024,11,lanjian,input-lanjian,rust,0.010982598694999995,0.0005522512077803987,0.010887096620000002,0.006095293800000002,0.004801840200000003,0.00998322712,0.01360160812
2024,11,mattcl,input-lanjian,rust,0.0033103224500000005,0.00038987001195907073,0.0033186931200000006,0.0023683426,0.0009679513999999999,0.0024886831200000006,0.004830621120000001
2024,11,mattcl-py,input-lanjian,python,0.06374040027555557,0.001160831087599036,0.06370116712,0.05774425333333332,0.005969460444444443,0.06190158412,0.06745723612
2024,11,kcen,input-mattcl,nim,0.020942645564444445,0.0006904978807279035,0.020775612120000002,0.013486527407407408,0.007336660148148149,0.01997598412,0.023914806120000003
2024,11,lanjian,input-mattcl,rust,0.011408217694999995,0.0006521997886217119,0.011250757620000001,0.006345392,0.0049958852,0.010480328120000002,0.01457657512
2024,11,mattcl,input-mattcl,rust,0.003570757025,0.0005099010386812197,0.0035641631200000004,0.0026991588,0.0008781058000000002,0.0026582301200000005,0.006575120120000001
2024,11,mattcl-py,input-mattcl,python,0.07062101145333334,0.0012020929716268485,0.07038779062,0.06414397714285715,0.006378613333333331,0.06827253211999999,0.07373108112
