year,day,participant,input,language,mean,stddev,median,user,system,min,max
2024,11,kcen,input-kcen,nim,0.020933144163188405,0.0007428173579511168,0.020771150040000005,0.013517979130434784,0.007275678550724637,0.019420335540000003,0.023907689540000002
2024,11,lanjian,input-kcen,rust,0.011356887415000001,0.0005538607392688948,0.01123328154,0.006301539099999998,0.00499875,0.010404870540000001,0.01469613654
2024,11,mattcl,input-kcen,rust,0.003540250769999999,0.0003288932137118455,0.00356144804,0.0026343978000000013,0.0009443603999999996,0.00273158854,0.004756271540000001
2024,11,mattcl-py,input-kcen,python,0.06955665520666666,0.0011936681295591142,0.06943105554000001,0.06393804952380952,0.005577435238095238,0.06750835953999999,0.07198788854
2024,11,kcen,input-lanjian,nim,0.019601546016821205,0.0007620160279794627,0.019385159540000002,0.01249502476821192,0.006979086887417218,0.018769195540000002,0.023117469540000005
2024,11,lanjian,input-lanjian,rust,0.011040017114999998,0.00045172438669488355,0.010987371039999999,0.005250396300000002,0.0057423614000000015,0.01000503154,0.013906488540000001
2024,11,mattcl,input-lanjian,rust,0.003457995945,0.0005171947117928831,0.00343633854,0.0027190649999999992,0.0007764533999999998,0.0026733895400000004,0.00655537154
2024,11,mattcl-py,input-lanjian,python,0.06376775373999999,0.0013735983313921324,0.06370088854,0.058754117777777774,0.004969984,0.061238866540000006,0.06656890954
2024,11,kcen,input-mattcl,nim,0.02098152215029412,0.0006366618583036947,0.020883840540000004,0.013674828235294118,0.007182964705882353,0.019889232540000003,0.023874897540000002
2024,11,lanjian,input-mattcl,rust,0.011459392150000003,0.0006395826848822158,0.01134524104,0.005839353,0.0055533610000000014,0.01039249754,0.015208076540000002
2024,11,mattcl,input-mattcl,rust,0.0035948793999999993,0.0004703038949605304,0.0035858785400000003,0.0026411352000000003,0.0009567824000000002,0.00265730854,0.006245208540000001
2024,11,mattcl-py,input-mattcl,python,0.07043780942095237,0.0012417824944256973,0.07019556754,0.06430862095238096,0.006000969523809523,0.06826694054,0.07327235454
