year,day,participant,input,language,mean,stddev,median,user,system,min,max
2024,11,kcen,input-kcen,nim,0.02079946847857144,0.0006994234987399663,0.020631269700000003,0.013510487142857132,0.007121023142857144,0.0198043112,0.024097470200000002
2024,11,lanjian,input-kcen,rust,0.011237236560000004,0.0005703946454285561,0.0111228157,0.006371233299999994,0.0047813976000000025,0.0102303642,0.0146814592
2024,11,mattcl,input-kcen,rust,0.0034452465599999994,0.00032597221010413044,0.0034779817000000005,0.0026236066,0.0008471592999999996,0.0025751212,0.0046613262
2024,11,mattcl-py,input-kcen,python,0.06945751624761905,0.0012111594292841862,0.0694987417,0.06439816095238095,0.005012790952380951,0.0671248762,0.0719608822
2024,11,kcen,input-lanjian,nim,0.019562834842384115,0.0005345149713987731,0.0194544362,0.01168083960264901,0.007724796953642387,0.0187074372,0.021918871200000002
2024,11,lanjian,input-lanjian,rust,0.011003658979999999,0.0004712724222453897,0.0109572507,0.0062165250000000005,0.004696645900000002,0.0099666212,0.0144843702
2024,11,mattcl,input-lanjian,rust,0.003352294540000001,0.00040042372757244236,0.0033850422,0.0024550011000000014,0.000906323,0.0025580182,0.0054914512000000006
2024,11,mattcl-py,input-lanjian,python,0.06301392205416669,0.0012478512837849134,0.06288022870000001,0.056990571666666656,0.005947964166666667,0.061180377200000004,0.06631804520000001
2024,11,kcen,input-mattcl,nim,0.020986579200000004,0.0007572709531090421,0.020837636200000002,0.013323400437956209,0.007505145255474454,0.0195904912,0.0239910812
2024,11,lanjian,input-mattcl,rust,0.011535943665000006,0.0006554373854148512,0.0113612222,0.006087260499999996,0.005336160900000001,0.0105083352,0.014573196200000001
2024,11,mattcl,input-mattcl,rust,0.0035269098300000005,0.0003927432923119034,0.0034968662,0.0026761461,0.0008408961,0.0026546992,0.0055154262
2024,11,mattcl-py,input-mattcl,python,0.07006921222380953,0.00192100970499361,0.06943983719999999,0.06402447047619049,0.005960386190476189,0.0676015492,0.0762760722
