year,day,participant,input,language,mean,stddev,median,user,system,min,max
2024,11,kcen,input-kcen,nim,0.020889066204347828,0.0007255323180501398,0.0207694344,0.013906302898550717,0.006811843188405796,0.019909089400000003,0.0239471394
2024,11,lanjian,input-kcen,rust,0.011364580400000006,0.0006324704110678392,0.011238686900000001,0.005834822999999996,0.005457167799999996,0.0103627674,0.0149936274
2024,11,mattcl,input-kcen,rust,0.0035484037550000003,0.00030427565449139994,0.0035971904,0.0026067929999999987,0.0009999502000000002,0.0024974404,0.0045086174
2024,11,mattcl-py,input-kcen,python,0.06981163094761904,0.0012711297811485044,0.0696090094,0.06429883809523809,0.005477829523809523,0.06775016440000001,0.0724095174
2024,11,kcen,input-lanjian,nim,0.019711352310344828,0.0007992049353865336,0.019532634400000002,0.012794282758620682,0.006804697655172414,0.018366019400000003,0.0227698944
2024,11,lanjian,input-lanjian,rust,0.011068448015000001,0.0005924188575025614,0.0109513639,0.005200819000000002,0.005812531599999999,0.0100042254,0.0142220524
2024,11,mattcl,input-lanjian,rust,0.0034044600400000014,0.00038654956175682354,0.0034252338999999996,0.0025053569999999976,0.0009380518000000003,0.0026368933999999997,0.0058830704
2024,11,mattcl-py,input-lanjian,python,0.06342270746382979,0.001342215671528034,0.0632002264,0.05667398297872341,0.006678690212765958,0.0607145424,0.0663341544
2024,11,kcen,input-mattcl,nim,0.021046248678688526,0.0007613275961429249,0.0208250339,0.013899542622950819,0.007013925901639347,0.0200024034,0.024131434400000002
2024,11,lanjian,input-mattcl,rust,0.011509442889999997,0.0004975795555166639,0.0114448329,0.005997873999999994,0.0054190463999999995,0.0104279794,0.014964842400000001
2024,11,mattcl,input-mattcl,rust,0.003551019975,0.00031597170079715616,0.0035779694,0.002751802999999999,0.0008364218000000006,0.0026828093999999997,0.0050229194
2024,11,mattcl-py,input-mattcl,python,0.07052624801904764,0.0014777265125428146,0.07016603290000001,0.06459576666666667,0.00585431238095238,0.0682822904,0.07435729340000001
