year,day,participant,input,language,mean,stddev,median,user,system,min,max
2024,11,kcen,input-kcen,nim,0.020806548639117656,0.0007042837379821884,0.02065623072,0.01331782970588235,0.007318795294117646,0.019904191720000002,0.02371789572
2024,11,lanjian,input-kcen,rust,0.011288291320000008,0.00045547938382686055,0.01119989622,0.006632550900000002,0.004574536399999998,0.01046670272,0.01383071472
2024,11,mattcl,input-kcen,rust,0.0034627775500000006,0.0003435076982633899,0.00347933872,0.0027365558999999993,0.0007781478000000001,0.0022342607200000002,0.004476271720000001
2024,11,mattcl-py,input-kcen,python,0.069449644672381,0.0011736443635926843,0.06921243972000002,0.06371853523809523,0.005687837142857142,0.06800328372,0.07363607672000001
2024,11,kcen,input-lanjian,nim,0.019568727903098607,0.0005379545810002135,0.019487586720000002,0.012006855492957748,0.007398163380281688,0.018804500720000002,0.02282485272
2024,11,lanjian,input-lanjian,rust,0.011048524770000002,0.0004781321280592635,0.011009599719999999,0.005320590899999994,0.005627183800000001,0.00985900472,0.01449034972
2024,11,mattcl,input-lanjian,rust,0.0034225237800000006,0.0005238735500246539,0.0033753932200000004,0.0024479212,0.0009968942,0.00284689872,0.00672459272
2024,11,mattcl-py,input-lanjian,python,0.0631560389075,0.0016290882776494322,0.06262712172000001,0.05703221083333334,0.006032351666666667,0.060348403720000006,0.06683213872
2024,11,kcen,input-mattcl,nim,0.021024376092093015,0.0006883232850232543,0.02092442172,0.013536420620155039,0.007342372093023255,0.01956716972,0.02402934772
2024,11,lanjian,input-mattcl,rust,0.011420529895,0.0005259228806224212,0.01129659172,0.006010352400000002,0.005333365999999999,0.01049548572,0.015138924720000002
2024,11,mattcl,input-mattcl,rust,0.0036017157799999983,0.00035521231494985736,0.00360734272,0.002742041200000002,0.0008796076,0.00276593772,0.005831990720000001
2024,11,mattcl-py,input-mattcl,python,0.06963588745809524,0.0011278767778656448,0.06950189322,0.06361227333333333,0.005944280000000001,0.06731936072000001,0.07269176372000001
