year,day,participant,input,language,mean,stddev,median,user,system,min,max
2024,11,kcen,input-kcen,nim,0.021153392235277776,0.000796342158135912,0.020971889020000002,0.013689184166666667,0.00730606138888889,0.019878426020000003,0.024536073020000004
2024,11,mattcl,input-kcen,rust,0.0034108974849999998,0.0004175144635089841,0.0033931855200000005,0.002640596300000001,0.0007948073999999999,0.0026292040200000004,0.00603685002
2024,11,mattcl-py,input-kcen,python,0.06909029299619049,0.0011883894866168208,0.06899725152,0.06298974666666664,0.006043264761904762,0.06712250902,0.07181251602000001
2024,11,kcen,input-mattcl,nim,0.021254223998260866,0.0006044890959553463,0.021124835520000003,0.013250246666666672,0.007890808985507243,0.02041412902,0.024292066020000003
2024,11,mattcl,input-mattcl,rust,0.003524894100000001,0.0003621649866120163,0.00354318702,0.0028148421,0.0007354088000000001,0.0028402290200000005,0.00561939702
2024,11,mattcl-py,input-mattcl,python,0.0697606438572093,0.0011770087519907433,0.06983241502,0.06354095209302325,0.006151101395348835,0.06741594702,0.07286781302
