year,day,participant,input,language,mean,stddev,median,user,system,min,max
2024,11,kcen,input-kcen,nim,0.021012739477142866,0.0007795288275937599,0.02082508842,0.01367539714285714,0.007214287428571428,0.02015527392,0.023951754920000002
2024,11,lanjian,input-kcen,rust,0.011208583560000002,0.00045308669353579174,0.01114013992,0.006073360400000001,0.005051570399999998,0.01029391592,0.014004193920000001
2024,11,mattcl,input-kcen,rust,0.0034575885800000004,0.0003308920674665013,0.0034785409200000002,0.0026232965999999996,0.0009058025999999999,0.0025605719200000004,0.00451549392
2024,11,mattcl-py,input-kcen,python,0.06935027968190474,0.0011589356539555631,0.06932303692,0.06247628761904759,0.0067748990476190485,0.06721413792,0.07157521592
2024,11,kcen,input-lanjian,nim,0.019584918409795912,0.0006858854219492682,0.01947925792,0.012213308027210882,0.007238546666666668,0.01815045992,0.02277844692
2024,11,lanjian,input-lanjian,rust,0.011054400839999994,0.0004866821848461136,0.010997046920000001,0.005306950000000001,0.005665396399999997,0.009990536920000001,0.014069455920000001
2024,11,mattcl,input-lanjian,rust,0.0033492921799999974,0.0004458842810952428,0.0033753029200000004,0.0027230938,0.0006631479999999999,0.00257206292,0.00575325092
2024,11,mattcl-py,input-lanjian,python,0.06323734087652175,0.0021395496805432564,0.06293340942,0.0563579139130435,0.006798552173913043,0.060896804920000006,0.07502475492
2024,11,kcen,input-mattcl,nim,0.021053896668148154,0.0008105334181821962,0.02086571392,0.01305028444444444,0.007865808888888888,0.01976228792,0.02394336792
2024,11,lanjian,input-mattcl,rust,0.011452930605000002,0.000567077861251259,0.01137913792,0.005926152800000001,0.005449750599999998,0.01047727892,0.014677154920000001
2024,11,mattcl,input-mattcl,rust,0.0035351636350000005,0.00039460707534349853,0.0035224284200000002,0.0026755375999999993,0.0008820165999999996,0.00268323192,0.00677968292
2024,11,mattcl-py,input-mattcl,python,0.07019197896651164,0.0012935806629190347,0.06994892792,0.06410014697674421,0.0059959116279069795,0.06802430292,0.07399517592
