year,day,participant,input,language,mean,stddev,median,user,system,min,max
2024,11,kcen,input-kcen,nim,0.021104466180869558,0.0008129073446793394,0.02089910692,0.012889757971014496,0.008077393623188404,0.019837874420000002,0.024308535420000003
2024,11,mattcl,input-kcen,rust,0.0035281346850000016,0.0004810157307974113,0.0035233649200000004,0.0025031759999999993,0.0010508687999999998,0.0026551544200000003,0.006603756420000001
2024,11,mattcl-py,input-kcen,python,0.07013851793219514,0.0011857108206942814,0.07005376142,0.0643253463414634,0.0056826731707317075,0.06784992642,0.07263155742
2024,11,kcen,input-mattcl,nim,0.021258895973719,0.0008093241368973454,0.021107090420000002,0.013329100826446278,0.007769803305785121,0.02006507042,0.02445315642
2024,11,mattcl,input-mattcl,rust,0.0036163227500000017,0.00044573750284014916,0.0036043664200000004,0.002704365,0.0009002168,0.0026800314200000007,0.006291272420000001
2024,11,mattcl-py,input-mattcl,python,0.07033432380095238,0.0013699432707893323,0.06993773991999999,0.06516872380952381,0.005124019047619048,0.06808500542,0.07344998042
