year,day,participant,input,language,mean,stddev,median,user,system,min,max
2024,11,kcen,input-kcen,nim,0.020873417140145983,0.0007552246876334711,0.0206837816,0.013309647883211683,0.007411983795620438,0.0197901196,0.0236766836
2024,11,lanjian,input-kcen,rust,0.011348419830000001,0.0005624066241632121,0.011219526600000002,0.005861617800000001,0.005391523799999999,0.0103971076,0.014288610600000001
2024,11,mattcl,input-kcen,rust,0.003606877120000002,0.0004953523426859329,0.0035794111000000003,0.0027505378000000002,0.0008898973999999999,0.0025855856000000003,0.007013995600000001
2024,11,mattcl-py,input-kcen,python,0.06937851536744186,0.001351528512308509,0.06912598260000001,0.06494392186046512,0.004378739534883722,0.0671375626,0.0723665596
2024,11,kcen,input-lanjian,nim,0.019583365227586212,0.0006145720773412061,0.0194777436,0.01202160413793104,0.007391241655172411,0.0184990516,0.0221743506
2024,11,lanjian,input-lanjian,rust,0.011031612085000008,0.0004355373064494545,0.0109824826,0.0049119853999999965,0.006045865399999998,0.0102941746,0.0138504916
2024,11,mattcl,input-lanjian,rust,0.003384779890000001,0.00043270203945773155,0.0034443026000000004,0.0025393606,0.0008882987999999999,0.0024899366000000005,0.006724473600000001
2024,11,mattcl-py,input-lanjian,python,0.06330579028085107,0.0011596258869404183,0.06310050660000001,0.057475692765957466,0.00569345489361702,0.061262305600000004,0.06593546160000001
2024,11,kcen,input-mattcl,nim,0.020810712415602832,0.0006377531316111456,0.0206936796,0.013161777872340415,0.007484860992907799,0.0200073756,0.0240441906
2024,11,lanjian,input-mattcl,rust,0.011571269985000006,0.000620738132791764,0.011442258600000001,0.005954130799999998,0.005533338999999999,0.010795001600000001,0.014836046600000001
2024,11,mattcl,input-mattcl,rust,0.00363331061,0.00037892607871373374,0.0036250366000000005,0.0025567313999999997,0.0011244104999999995,0.0025877696000000004,0.0047931476
2024,11,mattcl-py,input-mattcl,python,0.06995856362380955,0.001676973539883847,0.0696923831,0.06382788476190478,0.006045224761904762,0.06736601960000001,0.0751780006
