year,day,participant,input,language,mean,stddev,median,user,system,min,max
2024,11,kcen,input-kcen,nim,0.02070321917366907,0.0006531690862110812,0.02057250926,0.013459694100719424,0.00711384402877698,0.01955987526,0.023711392260000002
2024,11,lanjian,input-kcen,rust,0.011206761059999997,0.0005705944394525244,0.01107053626,0.0054010353999999995,0.005752869399999998,0.010382346260000001,0.01399105326
2024,11,mattcl,input-kcen,rust,0.0034307403500000006,0.0004471742528231266,0.00344417526,0.0027971567999999975,0.0006724934000000001,0.00262490026,0.00702174826
2024,11,mattcl-py,input-kcen,python,0.0696325994795122,0.0014330485214558437,0.06927743026,0.06225239317073171,0.00730327512195122,0.06760141926,0.07366175426
2024,11,kcen,input-lanjian,nim,0.019547276749795922,0.0006574762855043681,0.01944080826,0.011856347210884355,0.007567830748299319,0.01873454126,0.02298610526
2024,11,lanjian,input-lanjian,rust,0.010961827589999999,0.0005378196440451907,0.010876124260000002,0.005743435600000001,0.005170242400000002,0.01002512426,0.014349014260000001
2024,11,mattcl,input-lanjian,rust,0.0033170119499999983,0.00039183991892315204,0.00328705976,0.0024035604,0.0009444664,0.00261282626,0.005012529260000001
2024,11,mattcl-py,input-lanjian,python,0.0639125216295652,0.0015217449293603033,0.06366329675999999,0.057792950434782615,0.006066558260869566,0.06172395826,0.06922643526
2024,11,kcen,input-mattcl,nim,0.020776451238260867,0.0006005856581902631,0.020643537760000004,0.013059175072463763,0.0075926037681159405,0.01989648326,0.023150682260000003
2024,11,lanjian,input-mattcl,rust,0.011345496459999998,0.0005692747114717341,0.011198248260000002,0.006083223800000001,0.005184884799999999,0.01041070826,0.013883367260000001
2024,11,mattcl,input-mattcl,rust,0.003486066755000001,0.00040396806134834187,0.0034842292600000004,0.0027377654000000006,0.0008022604000000003,0.00264288326,0.00710015326
2024,11,mattcl-py,input-mattcl,python,0.07053515302190475,0.0013098894932430842,0.07044279426,0.06428415333333334,0.006179041904761905,0.06842644326,0.07484119226
