year,day,participant,input,language,mean,stddev,median,user,system,min,max
2024,11,kcen,input-kcen,nim,0.019809518451351357,0.0006784037297677647,0.019641818100000003,0.012918107837837839,0.0067661295945945915,0.018601590100000003,0.022819647100000003
2024,11,mattcl,input-kcen,rust,0.003361386690000001,0.0003563888391170631,0.003394697100000001,0.0026224597999999987,0.0007566582000000001,0.0025298231000000005,0.005639785100000001
2024,11,mattcl-py,input-kcen,python,0.06851821087272726,0.0010958034173196565,0.0683565606,0.06316917909090908,0.005298921818181818,0.06652977610000001,0.0709939131
2024,11,kcen,input-mattcl,nim,0.02033594146551724,0.0006552135193546516,0.020315940100000002,0.01318652344827586,0.007008028827586209,0.0191167151,0.0229449211
2024,11,mattcl,input-mattcl,rust,0.0033731197000000015,0.00031434136410328115,0.003428745600000001,0.0025964048,0.0007952936999999998,0.002604763100000001,0.004585852100000001
2024,11,mattcl-py,input-mattcl,python,0.06921402061162793,0.000980160317027887,0.0691316971,0.06314627581395349,0.006005324186046512,0.0675997391,0.07184055710000001
