year,day,participant,input,language,mean,stddev,median,user,system,min,max
2025,4,kcen,input-lanjian,nim,0.0025975454699999983,0.00025361600693193237,0.00261334342,0.002104464999999999,0.000503257,0.0017940239199999999,0.00495412292
2025,4,lanjian,input-lanjian,rust,0.002247158319999999,0.0003180172788091487,0.0023166629199999995,0.0016262750000000002,0.0006433378000000002,0.0014504299199999998,0.00313022592
2025,4,mattcl,input-lanjian,rust,0.001428218495,0.00010481260209648245,0.0014228594199999997,0.0011548384,0.00034157280000000006,0.0009111399199999997,0.0019256999199999997
2025,4,kcen,input-mattcl,nim,0.0025836490449999993,0.00025196439015444003,0.0025907964199999994,0.002003264999999999,0.0005944015999999999,0.0017655909199999998,0.00406094992
2025,4,lanjian,input-mattcl,rust,0.00220638862,0.0003364371384851416,0.0022940004199999997,0.001631964999999999,0.000610198,0.0012804019199999998,0.0031412279199999997
2025,4,mattcl,input-mattcl,rust,0.0014374898199999988,0.00017950671796961005,0.0014282939199999998,0.001121229999999999,0.00038906819999999997,0.0007733229199999998,0.00258506592
