year,day,participant,input,language,mean,stddev,median,user,system,min,max
2025,4,kcen,input-lanjian,nim,0.0026045918200000013,0.00023158496145633735,0.0026016778000000004,0.002055964999999999,0.0005906539999999999,0.0019773533,0.004450265300000001
2025,4,lanjian,input-lanjian,rust,0.0022525154949999994,0.0003253187361155612,0.0023236873,0.0017087349999999999,0.0005744210000000001,0.0012660313,0.0031234103
2025,4,mattcl,input-lanjian,rust,0.0014209723350000003,0.00017484927529635945,0.0014206158000000001,0.0011472650000000004,0.00034888460000000003,0.0007842483000000002,0.0021840003000000003
2025,4,mattcl-py,input-lanjian,python,0.03754213195000001,0.0009340449338810407,0.037401192800000004,0.03316564500000001,0.0042868445,0.0361005213,0.0407972093
2025,4,kcen,input-mattcl,nim,0.0025944725849999985,0.00029832841426658967,0.0025946048,0.0019583078999999993,0.0006531766,0.0016850763000000003,0.004680978300000001
2025,4,lanjian,input-mattcl,rust,0.002222979055,0.00032211961591163663,0.0023042558,0.001590535000000001,0.0006617236,0.0013683733,0.0033684593
2025,4,mattcl,input-mattcl,rust,0.0014282244850000012,0.00012460706738400107,0.0014154063,0.0011094278999999997,0.0004034405999999998,0.0010006442999999999,0.0023441803
2025,4,mattcl-py,input-mattcl,python,0.03736783636756757,0.0008866074433556562,0.0372440783,0.032569284864864864,0.004745734054054053,0.0358257463,0.0421468273
