year,day,participant,input,language,mean,stddev,median,user,system,min,max
2025,4,kcen,input-lanjian,nim,0.0025808752499999997,0.0002203540441574646,0.00260552102,0.002032655,0.0005518772,0.0017690255199999997,0.00319937352
2025,4,lanjian,input-lanjian,rust,0.002250296454999999,0.0003470253917757408,0.00233252602,0.001675655,0.0005975254,0.00142880752,0.00406472352
2025,4,mattcl,input-lanjian,rust,0.001442359095000001,0.0001333558071418212,0.00144238302,0.0010974683000000002,0.00039922000000000015,0.00081003952,0.00225836152
2025,4,mattcl-py,input-lanjian,python,0.037548479169350654,0.0011603863347387092,0.03730813352,0.03317823610389609,0.004299160519480523,0.03567440452,0.04103874852
2025,4,kcen,input-mattcl,nim,0.002607107655,0.0002474100497308382,0.00262340452,0.0019283716000000005,0.0006933832000000005,0.0017365245199999998,0.0037369295199999996
2025,4,lanjian,input-mattcl,rust,0.0022481318049999994,0.00036648687008572354,0.00234170752,0.0017089749999999986,0.0005611699999999998,0.00146545652,0.0036575915199999996
2025,4,mattcl,input-mattcl,rust,0.0014615271599999985,0.0001465213940749224,0.0014481540199999998,0.0011941432999999992,0.000326901,0.00082500752,0.0023771235199999997
2025,4,mattcl-py,input-mattcl,python,0.037648389857499985,0.0009371947616100482,0.03749564952000001,0.03239545249999999,0.005196903999999999,0.03625405952,0.04069246052
2025,4,kcen,input-whyando,nim,0.002570566599999999,0.0002555112914564488,0.0026021045199999997,0.0019710983,0.0006105149999999997,0.00167259452,0.00387546952
2025,4,lanjian,input-whyando,rust,0.00228404353,0.00033984598256932855,0.00233491952,0.0017101416,0.0005920525999999999,0.0012990055199999999,0.0035833225200000004
2025,4,mattcl,input-whyando,rust,0.0014523491500000004,0.0001473850307059849,0.0014483040199999998,0.0011861082999999996,0.00034022379999999996,0.0008185245199999999,0.00230670152
2025,4,mattcl-py,input-whyando,python,0.037604254026493505,0.0007188257246886215,0.03758036252,0.03222249584415585,0.005292533506493506,0.03611506852,0.04055291952
