year,day,participant,input,language,mean,stddev,median,user,system,min,max
2023,3,mattcl,input-mattcl,rust,0.0016579841099999997,0.00017635609668030375,0.0016733322799999998,0.0013630699999999992,0.00030998160000000007,0.00086202878,0.0023257687799999997
2023,3,mattcl,input-pting,rust,0.0016695608049999986,0.00017251051650866045,0.00165760728,0.0012836149999999992,0.0003477106,0.0008842997799999999,0.00224354478
