year,day,participant,input,language,mean,stddev,median,user,system,min,max
2023,3,mattcl,input-mattcl,rust,0.00139157827,0.00024817625323909627,0.0014483769999999998,0.0011512142000000003,0.0002827745999999999,0.0004909954999999998,0.0020610334999999996
2023,3,pting,input-mattcl,python,0.024424533063025205,0.0007564214873665732,0.0242270195,0.020927500168067218,0.003392423865546218,0.0233100435,0.027354701500000002
2023,3,mattcl,input-pting,rust,0.0014079694000000002,0.00021531776669016933,0.0014512824999999999,0.0011946295999999996,0.0002702588,0.0007494294999999999,0.0018663394999999996
2023,3,pting,input-pting,python,0.02463795883613445,0.0007092233302620585,0.0244446965,0.021635903529411762,0.002923566386554623,0.0235788355,0.0280512345
