year,day,participant,input,language,mean,stddev,median,user,system,min,max
2023,3,mattcl,input-mattcl,rust,0.0013512201050000013,0.00023128663117728278,0.0014231581200000003,0.0011119795999999993,0.00028291150000000006,0.0005235046200000001,0.0020839036200000004
2023,3,pting,input-mattcl,python,0.024387168796470605,0.0007721577079497956,0.02420225062,0.0214407774789916,0.0028461537815126043,0.02341531762,0.02719143262
2023,3,mattcl,input-pting,rust,0.0013793718599999993,0.00023771971467815984,0.0014387071200000002,0.0011418499999999996,0.000278846,0.00066665162,0.00190972862
2023,3,pting,input-pting,python,0.024552837903333333,0.0005760199079894617,0.024445611620000002,0.02179109666666668,0.002661763333333333,0.02371474762,0.02746740962
