year,day,participant,input,language,mean,stddev,median,user,system,min,max
2023,3,chancalan,input-mattcl,python,0.025826067038761065,0.0007165014364561381,0.02561673226,0.021884685486725678,0.0038368704424778773,0.02502636826,0.028444313260000003
2023,3,mattcl,input-mattcl,rust,0.0013702308049999999,0.00021557953015746313,0.00143132326,0.0011487657999999996,0.0002640683999999999,0.0005421942599999999,0.0019199322600000003
2023,3,pting,input-mattcl,python,0.02443022266833332,0.0009493008693103942,0.024174799260000004,0.021345969999999995,0.002978642666666665,0.02313840526,0.02931721726
2023,3,chancalan,input-pting,python,0.025907511321946904,0.0007290136221981269,0.025791460260000003,0.02216880053097344,0.0036489125663716807,0.024823769260000003,0.02871392726
2023,3,mattcl,input-pting,rust,0.0014672209050000007,0.0002373227533218429,0.0015382982600000003,0.0011558966000000009,0.0003174107999999999,0.0006790002600000001,0.00221063626
2023,3,pting,input-pting,python,0.024577472635000003,0.0006800522121370325,0.02441304026,0.02251076999999999,0.001985304,0.02359013026,0.02720250026
