year,day,participant,input,language,mean,stddev,median,user,system,min,max
2023,3,mattcl,input-mattcl,rust,0.001714838095000001,0.00019140160598483407,0.00173222378,0.0012697649999999997,0.0003812078,0.00098238078,0.0021327327800000004
2023,3,pting,input-mattcl,python,0.02480104478840337,0.0008919706239579821,0.024568064780000003,0.02182664436974789,0.002870543529411765,0.02387145078,0.02817717778
2023,3,mattcl,input-pting,rust,0.001732874775,0.00017430917489056664,0.00175839228,0.0013725813999999994,0.0003180882,0.00092072478,0.00208367078
2023,3,pting,input-pting,python,0.02514354868517241,0.0008781155532590472,0.02490270528,0.0217100475862069,0.003308741034482758,0.02342995478,0.02758935778
