year,day,participant,input,language,mean,stddev,median,user,system,min,max
2023,3,mattcl,input-mattcl,rust,0.0016610175450000003,0.0001852514350447045,0.00169137018,0.0013342749999999998,0.0002990065999999999,0.0007210001799999999,0.00196081918
