year,day,participant,input,language,mean,stddev,median,user,system,min,max
2023,3,chancalan,input-chancalan,python,0.026492159145714282,0.0008084855253665209,0.02631077536,0.022555693928571426,0.003807587500000001,0.02543740936,0.02925156436
2023,3,mattcl,input-chancalan,rust,0.001692661774999999,0.00021475730343386158,0.0017088908599999996,0.001290510000000001,0.00033149759999999987,0.0009294563599999998,0.0022695163599999995
2023,3,pting,input-chancalan,python,0.024943791493333322,0.0008075872164599803,0.02472006586,0.022133393333333324,0.002698606833333334,0.02366626236,0.02832208336
2023,3,chancalan,input-lanjian,python,0.026355902855049487,0.0008885452612287416,0.02616712536,0.022636678811881188,0.003600794059405941,0.02487133836,0.02920162936
2023,3,mattcl,input-lanjian,rust,0.0017086260749999992,0.00018969663338536745,0.0017208528599999997,0.0013029500000000002,0.0003668517999999999,0.0007738143599999997,0.0022245413599999994
2023,3,pting,input-lanjian,python,0.024787772402016812,0.0007051849211683122,0.02466182536,0.021602081008403363,0.003078186554621849,0.02369941336,0.02753071936
2023,3,chancalan,input-mattcl,python,0.026176774081739133,0.0007502598312052396,0.02603113136,0.022675438260869565,0.0033785026086956514,0.02516743236,0.02940251436
2023,3,mattcl,input-mattcl,rust,0.0016314770400000006,0.00025130606725621755,0.0016699023599999997,0.0012675799999999993,0.0003183284,0.0007357033599999997,0.0022699163599999997
2023,3,pting,input-mattcl,python,0.02491145269035714,0.000851445916090334,0.02467576236,0.021361024285714274,0.0034133142857142853,0.02373185336,0.02797695536
2023,3,chancalan,input-pting,python,0.026713296426037723,0.001075458466952072,0.02633576586,0.022615248679245283,0.003949433584905661,0.02526955336,0.02941329536
2023,3,mattcl,input-pting,rust,0.001564094889999999,0.0002261090744281461,0.0016649638599999998,0.0012785499999999992,0.0003145906999999999,0.0007100753599999998,0.00207340836
2023,3,pting,input-pting,python,0.025178086052307685,0.0024677567599961188,0.02480764836,0.022091611282051286,0.0027901391452991456,0.02380373936,0.05015585436
