year,day,participant,input,language,mean,stddev,median,user,system,min,max
2023,3,mattcl,input-mattcl,rust,0.0017033470750000008,0.00015654632875592318,0.0017333462400000005,0.0014830099999999997,0.0002445519,0.0007701437400000002,0.0021957907400000005
2023,3,pting,input-mattcl,python,0.024577645973333326,0.0008892188399462512,0.024339177740000002,0.021598950000000002,0.002865677166666666,0.023418299740000002,0.027567462740000003
2023,3,mattcl,input-pting,rust,0.0017307597350000017,0.00011100430802285617,0.0017372432400000004,0.0013749399999999998,0.0003252881,0.0014833477400000004,0.0020596657400000005
2023,3,pting,input-pting,python,0.024773764319831918,0.000708131317470005,0.024536782740000002,0.021954315966386553,0.0027224559663865558,0.02386654774,0.027528078740000003
