year,day,participant,input,language,mean,stddev,median,user,system,min,max
2023,4,lanjian,input-lanjian,rust,0.0011962105300000001,0.00015424924589016147,0.0012176174600000002,0.0010230199999999993,0.0001904984,0.00055598796,0.0014196049600000004
2023,4,mattcl,input-lanjian,rust,0.000922836605,0.00014749903698613818,0.0009600849600000001,0.000749016,0.00018006380000000003,0.00022270496000000007,0.00132326496
2023,4,mattcl-py,input-lanjian,python,0.017460517520975605,0.0004260824215925963,0.017380858960000002,0.014245675853658532,0.0030875829268292685,0.016634019960000003,0.019710630960000003
2023,4,pting,input-lanjian,python,0.01830625210285714,0.0006525603051496862,0.01813082346,0.015288475584415578,0.0029194901298701297,0.017179040960000003,0.021102276960000003
2023,4,lanjian,input-mattcl,rust,0.0011706188949999997,0.00017598800148348615,0.00116077546,0.0009661800000000001,0.00021898760000000004,0.0006469979600000001,0.0014323489600000002
2023,4,mattcl,input-mattcl,rust,0.0008877499050000006,0.00015578194354025067,0.0009464744600000001,0.0007452810000000001,0.0001582148,0.00030125096000000004,0.00108516996
2023,4,mattcl-py,input-mattcl,python,0.01755599047851853,0.0007243546145430029,0.01735068796,0.014426171111111113,0.0030103920987654327,0.016828184960000003,0.020644810960000003
2023,4,pting,input-mattcl,python,0.018445430481739133,0.0007599484161989146,0.01824365396,0.015394864347826085,0.0029148213664596276,0.017222161960000003,0.021226939960000003
2023,4,lanjian,input-pting,rust,0.0013104359250000002,0.00021911527404114116,0.0013643814600000001,0.0010753672,0.00018945679999999998,0.00030919596000000013,0.00196476596
2023,4,mattcl,input-pting,rust,0.0009058153850000005,0.0001402771917157693,0.0009551609600000001,0.0007642954,0.00016191100000000004,0.00010068596000000006,0.0010987949600000002
2023,4,mattcl-py,input-pting,python,0.01763486830117647,0.0007958482941137269,0.017398912460000002,0.014897707058823541,0.0026122797647058827,0.016752012960000003,0.020914794960000004
2023,4,pting,input-pting,python,0.01845705181517241,0.0005887469284755453,0.01834197896,0.015559566896551717,0.0027933928275862053,0.017521241960000003,0.021657836960000003
