year,day,participant,input,language,mean,stddev,median,user,system,min,max
2023,4,mattcl,input-mattcl,rust,0.001311691395,0.0001848649508638821,0.0013333158,0.0011815500000000002,0.00018174760000000002,0.0005087332999999999,0.0017509573000000001
