year,day,participant,input,language,mean,stddev,median,user,system,min,max
2023,4,lanjian,input-lanjian,rust,0.00127158674,0.00018257405442866792,0.0012900372200000002,0.0010477230999999998,0.000263002,0.0006886977200000001,0.00202393472
2023,4,mattcl,input-lanjian,rust,0.0009609580450000001,0.00018484482363885607,0.0010245052200000002,0.0008532874000000005,0.0001420744,0.00013592272000000007,0.00140954672
2023,4,mattcl-py,input-lanjian,python,0.017850987287073166,0.0007140711734395865,0.017714096720000003,0.015113014146341464,0.002633946341463415,0.01693116672,0.02062034772
2023,4,pting,input-lanjian,python,0.019147816384335662,0.0008721748205935755,0.01887131572,0.016709366013986024,0.002341397482517482,0.01766843672,0.02205630572
2023,4,lanjian,input-mattcl,rust,0.00123330861,0.0001862261084339415,0.00125289822,0.0010741950000000002,0.0002007322,0.0003864117200000002,0.00149996572
2023,4,mattcl,input-mattcl,rust,0.0009924742750000003,0.00016740415575927124,0.0010370097200000001,0.0008360662000000004,0.00018295460000000005,0.00045336672000000024,0.00147231372
2023,4,mattcl-py,input-mattcl,python,0.017988918592727273,0.0008817096158393438,0.01772760672,0.015069634545454545,0.002805094303030303,0.01687313772,0.02143902072
2023,4,pting,input-mattcl,python,0.018961104771282045,0.0005336926843066609,0.018910419220000002,0.015969726153846155,0.0028634299999999997,0.01807092872,0.02173828072
