year,day,participant,input,language,mean,stddev,median,user,system,min,max
2023,4,lanjian,input-lanjian,rust,0.00120824831,0.00016328058685196077,0.00121566554,0.0010529772000000001,0.00021762399999999998,0.00072480854,0.0018962185400000003
2023,4,mattcl,input-lanjian,rust,0.0009415860250000007,0.00014041706850739634,0.0009795965400000001,0.0008387921999999997,0.0001571655,0.00048982754,0.0015490965400000003
2023,4,mattcl-py,input-lanjian,python,0.017513296101403505,0.0005494676663081123,0.017413625539999998,0.01442367181286549,0.002988294736842106,0.01654989454,0.02043229454
2023,4,lanjian,input-mattcl,rust,0.001223012445000001,0.00018435021010234804,0.0012637150400000002,0.0010930421999999999,0.0001842955,0.00036629554,0.00168575254
2023,4,mattcl,input-mattcl,rust,0.0009100449100000001,0.00014152134239750933,0.0009656155400000001,0.0008543893999999996,0.00012221499999999995,0.00037143454000000003,0.00108596654
2023,4,mattcl-py,input-mattcl,python,0.01765258042271605,0.0007459646664030201,0.017440681040000003,0.014786156543209883,0.0027823216049382713,0.01668330354,0.020706397540000004
