year,day,participant,input,language,mean,stddev,median,user,system,min,max
2023,4,lanjian,input-lanjian,rust,0.0012509104650000006,0.0002173654189229851,0.0013274451600000002,0.0011273008000000002,0.00017574599999999998,0.0003301336600000001,0.00199536066
2023,4,mattcl,input-lanjian,rust,0.0009371114099999998,0.00016439623440373606,0.0009748196600000002,0.0008014748000000005,0.00018940699999999994,0.0003911776600000001,0.0016546226600000003
2023,4,mattcl-py,input-lanjian,python,0.01776047849734941,0.000704308851145096,0.017592475660000002,0.014911972530120485,0.002752195903614457,0.016857975660000003,0.021035213660000003
2023,4,pting,input-lanjian,python,0.01890077298167833,0.0007021886481178789,0.01873038066,0.0159343434965035,0.002877358881118882,0.01778550266,0.022021980660000003
2023,4,lanjian,input-mattcl,rust,0.0012198739400000006,0.00020640642915572112,0.00124231616,0.0010800407999999996,0.00019354359999999995,0.0005644626600000001,0.0019414296600000003
2023,4,mattcl,input-mattcl,rust,0.0009107857850000004,0.0001653990647663015,0.0009759676600000002,0.0008070105999999993,0.00016220999999999998,0.00025441166000000014,0.00135014266
2023,4,mattcl-py,input-mattcl,python,0.0176462458286747,0.0006929852392736335,0.01751588716,0.01465665927710843,0.0029091279518072286,0.01659204866,0.02103863966
2023,4,pting,input-mattcl,python,0.018953486870191088,0.0007565528633248817,0.018763341660000002,0.01665557248407644,0.0021975819108280255,0.017802734660000003,0.022005078660000003
2023,4,lanjian,input-pting,rust,0.0012292729999999997,0.00020655359463285354,0.00124387416,0.0011019924000000001,0.0001901801999999999,0.0003666426600000001,0.00181566466
2023,4,mattcl,input-pting,rust,0.0009264708950000004,0.00017342621567330475,0.0009786231600000003,0.0008086680000000001,0.0001739228,0.00014952566000000014,0.0016974236600000002
2023,4,mattcl-py,input-pting,python,0.017946392861219514,0.0007750326094988623,0.017745923160000003,0.01480174853658536,0.003043510243902439,0.016946091660000002,0.021520502660000003
2023,4,pting,input-pting,python,0.019181086515172408,0.0006018432973336304,0.019096003660000003,0.015998384827586205,0.003090179586206897,0.018180110660000002,0.02142784966
