year,day,participant,input,language,mean,stddev,median,user,system,min,max
2024,17,mattcl,input-mattcl,rust,0.001316630600000001,0.00023659265957669845,0.0013343629200000002,0.0010328294,0.0003673873999999999,0.00039574841999999997,0.00263109842
2024,17,mattcl-py,input-mattcl,python,0.016744658352203397,0.0005925158667365871,0.016646708420000003,0.011814401581920903,0.004853566779661016,0.015702728420000003,0.01971109142
