year,day,participant,input,language,mean,stddev,median,user,system,min,max
2024,17,mattcl,input-mattcl,rust,0.0012813691850000006,0.00023940221635101175,0.0013110040200000003,0.0009151125,0.00041569729999999986,0.0005914030200000004,0.0020779940200000005
2024,17,mattcl-py,input-mattcl,python,0.016487740458596484,0.0006662287489328365,0.016324562020000002,0.010994555555555554,0.005419217309941519,0.015722315020000002,0.019270684020000005
