year,day,participant,input,language,mean,stddev,median,user,system,min,max
2024,17,lanjian,input-lanjian,rust,0.0013943891950000003,0.00013435252045266704,0.00139955342,0.0008952702000000003,0.0005800073999999998,0.00058492842,0.0020937124200000002
2024,17,mattcl,input-lanjian,rust,0.0012732776149999995,0.00021440847781316344,0.00131409342,0.0009464219999999998,0.0004271969999999999,0.00046594542,0.00199982642
2024,17,mattcl-py,input-lanjian,python,0.01642450064674419,0.0007337401614429116,0.016231353920000004,0.011965174651162794,0.0044190158139534854,0.01563617942,0.01999599242
2024,17,lanjian,input-mattcl,rust,0.0013897916399999994,0.00014811391610507603,0.00139196892,0.0011001000000000003,0.00034682540000000007,0.00075656942,0.00169598842
2024,17,mattcl,input-mattcl,rust,0.0012737739649999994,0.00023570876359617644,0.00131625742,0.0009502951999999998,0.0004162563999999999,0.00048570242,0.0021856244200000002
2024,17,mattcl-py,input-mattcl,python,0.016373298675681824,0.0005687007609901185,0.01627572642,0.011582977272727269,0.0047529984090909074,0.01543343942,0.01929122242
