year,day,participant,input,language,mean,stddev,median,user,system,min,max
2024,17,mattcl,input-mattcl,rust,0.0011600143900000002,0.00021255318176925764,0.00119924408,0.0008793759999999996,0.0003801404,0.00046533908000000006,0.0019184310800000003
2024,17,mattcl-py,input-mattcl,python,0.01661354386285714,0.0006177913674912335,0.016504767080000003,0.011927035428571424,0.004612498514285716,0.015269603080000001,0.019900298080000003
