year,day,participant,input,language,mean,stddev,median,user,system,min,max
2024,17,lanjian,input-lanjian,rust,0.0014049473150000006,0.00014537596663904097,0.0013924163400000002,0.0008875285999999997,0.0005578321999999999,0.0006874363400000002,0.0019267873400000005
2024,17,mattcl,input-lanjian,rust,0.0013179642000000014,0.00023800044857717192,0.0013608023400000003,0.0009465662000000002,0.00041007899999999993,0.00022687534000000024,0.0020991693400000005
2024,17,mattcl-py,input-lanjian,python,0.01683193641142858,0.0005305682458434503,0.01676368934,0.011772893333333338,0.00499072095238095,0.01583507034,0.01956094534
2024,17,lanjian,input-mattcl,rust,0.0014109070600000007,0.00021130393867790437,0.0013890398400000004,0.0009567024,0.00047972840000000004,0.0007873143400000003,0.00260717034
2024,17,mattcl,input-mattcl,rust,0.0013637885450000003,0.00022629358592826776,0.0013721383400000003,0.0009277579999999993,0.0004644555999999997,0.0005329673400000002,0.0025502033400000004
2024,17,mattcl-py,input-mattcl,python,0.01675465603318182,0.0005047323317109062,0.01668391984,0.01195582954545455,0.004699039090909092,0.015450481339999999,0.01934042334
