year,day,participant,input,language,mean,stddev,median,user,system,min,max
2024,17,mattcl,input-mattcl,rust,0.0013617189399999993,0.00019101881777484775,0.00137862264,0.0009812914,0.000433675,0.0006735271399999998,0.00209761314
2024,17,mattcl-py,input-mattcl,python,0.01668613036471911,0.0006109753910651976,0.01658754364,0.01174711325842697,0.004870150561797754,0.015746934140000002,0.02016946314
