year,day,participant,input,language,mean,stddev,median,user,system,min,max
2024,17,mattcl,input-mattcl,rust,0.0009253552000000003,0.00039153178959506937,0.0008961239000000001,0.0007547691999999999,0.0002596325,0.0002768644000000002,0.0016034784
2024,17,mattcl-py,input-mattcl,python,0.017281868945454557,0.0006687333271857839,0.017187705900000003,0.011751301818181811,0.005394944805194808,0.0160174894,0.020555039400000003
