year,day,participant,input,language,mean,stddev,median,user,system,min,max
2024,17,lanjian,input-mattcl,rust,0.001430583784999999,0.0001621894201784261,0.00142414578,0.0009306853999999998,0.0005027017999999999,0.00076038378,0.0021957287800000004
2024,17,mattcl,input-mattcl,rust,0.0013768650900000006,0.00026651270832796226,0.0013808097800000001,0.0009862385999999993,0.00041548879999999994,0.0005966767799999999,0.00242613078
2024,17,mattcl-py,input-mattcl,python,0.016753671099767435,0.0006551743657429486,0.01660801778,0.012019570232558136,0.004653374651162788,0.015584993779999999,0.019761759780000002
