year,day,participant,input,language,mean,stddev,median,user,system,min,max
2024,17,mattcl,input-mattcl,rust,0.001264770615,0.00026153842445509153,0.00130223204,0.0009456965,0.0003858876,0.0006543045399999998,0.00246290954
2024,17,mattcl-py,input-mattcl,python,0.016796897982424248,0.0006532798275869266,0.01666049754,0.011914661212121208,0.004822796606060605,0.01547107054,0.020553334540000003
