year,day,participant,input,language,mean,stddev,median,user,system,min,max
2024,17,lanjian,input-lanjian,rust,0.0013963515,0.0001385096652139801,0.0014045878600000001,0.0009615398999999998,0.00048185479999999993,0.0006985943600000002,0.0017401863600000002
2024,17,mattcl,input-lanjian,rust,0.0013098620050000002,0.00024281461378667236,0.0013384538600000001,0.0009673748999999997,0.0003821993999999998,0.0005345873600000001,0.00209575236
2024,17,mattcl-py,input-lanjian,python,0.016583043371494258,0.000539025259730193,0.01652256886,0.011469311264367819,0.005029045287356322,0.01538389636,0.01876266736
2024,17,lanjian,input-mattcl,rust,0.0013961184450000006,0.0001569092206050435,0.0014061658600000003,0.0009730649000000005,0.00047136139999999987,0.0003037943600000001,0.0016746833600000005
2024,17,mattcl,input-mattcl,rust,0.0013342372800000002,0.00022785262483179195,0.0013436778600000002,0.0009292749000000002,0.0004161937999999999,0.0005751333600000001,0.0020653553600000004
2024,17,mattcl-py,input-mattcl,python,0.016669491019090904,0.0005429007725465521,0.01660222286,0.011248389204545456,0.005320692045454546,0.01580478436,0.01905170836
