year,day,participant,input,language,mean,stddev,median,user,system,min,max
2024,17,mattcl,input-mattcl,rust,0.0013424528100000007,0.00021424199089393767,0.0013454300799999998,0.0009950068000000008,0.00040846100000000005,0.0007368200799999999,0.00215143908
2024,17,mattcl-py,input-mattcl,python,0.016575466585494497,0.0006190825001181319,0.016436034080000002,0.011752491648351649,0.004743211868131868,0.015489442079999999,0.02006087408
