year,day,participant,input,language,mean,stddev,median,user,system,min,max
2024,17,mattcl,input-mattcl,rust,0.0012928977950000008,0.0002521910686248892,0.00129347588,0.0009168838999999998,0.0004212098000000001,0.0005211243800000001,0.00245109738
2024,17,mattcl-py,input-mattcl,python,0.01684231745344633,0.0007154497643249572,0.01672381338,0.012058129830508472,0.004698513446327683,0.015245445380000002,0.02014847538
