year,day,participant,input,language,mean,stddev,median,user,system,min,max
2024,17,mattcl,input-mattcl,rust,0.0013778464799999994,0.00020637724030349487,0.00136818348,0.0010035095,0.0004012273999999999,0.00044711248,0.00259410548
2024,17,mattcl-py,input-mattcl,python,0.017027474659640725,0.0007903920063982841,0.01683177248,0.011926274850299401,0.00502499520958084,0.01588672248,0.02028465948
