year,day,participant,input,language,mean,stddev,median,user,system,min,max
2024,17,lanjian,input-mattcl,rust,0.00143472783,0.00018642849875873886,0.0014330658400000002,0.0010185200000000004,0.0004704938,0.0006084428399999998,0.00261166284
2024,17,mattcl,input-mattcl,rust,0.0013733516299999997,0.00021125927906987066,0.00138392384,0.0010025485,0.0004096333999999998,0.00060825184,0.0022131358400000003
2024,17,mattcl-py,input-mattcl,python,0.01689675912070175,0.0006572240748823285,0.01678420984,0.011964294152046778,0.004829102923976607,0.015957782840000004,0.020219979840000003
