year,day,participant,input,language,mean,stddev,median,user,system,min,max
2024,17,mattcl,input-mattcl,rust,0.001289303055000001,0.00022101478378273577,0.0013331164200000003,0.0009606685000000002,0.00040738579999999996,0.0005978439200000003,0.0020207589200000003
2024,17,mattcl-py,input-mattcl,python,0.01664849107294117,0.0006032581372776046,0.01653623892,0.011881111176470577,0.004696496470588234,0.01555244192,0.02045966892
