year,day,participant,input,language,mean,stddev,median,user,system,min,max
2024,17,mattcl,input-mattcl,rust,0.0012637643650000002,0.00023531895642968189,0.0012959115800000001,0.0009908849999999997,0.0003729371999999998,0.0005811755800000001,0.00241667858
2024,17,mattcl-py,input-mattcl,python,0.016577445642857142,0.0005937625331975425,0.01648443158,0.011590042857142857,0.004907738742857144,0.01544900658,0.019416547580000002
