year,day,participant,input,language,mean,stddev,median,user,system,min,max
2024,17,mattcl,input-mattcl,rust,0.001109455035,0.00034807349305936207,0.00113711658,0.0008551189999999999,0.00036570650000000005,0.00012800707999999976,0.00378892108
2024,17,mattcl-py,input-mattcl,python,0.01671820909704545,0.000569021458327183,0.01664406358,0.01173436590909091,0.0049161639772727275,0.015829474080000003,0.019836225080000002
