year,day,participant,input,language,mean,stddev,median,user,system,min,max
2024,17,mattcl,input-mattcl,rust,0.00121372447,0.0002327703058097353,0.00123986828,0.0009783617999999997,0.00031594899999999994,0.0005591677800000001,0.0025160117800000006
