year,day,participant,input,language,mean,stddev,median,user,system,min,max
2024,17,mattcl,input-mattcl,rust,0.0012795561849999995,0.00023134899381314938,0.0012988072,0.0009967065999999998,0.0003580354,0.0005336752,0.0025455102
2024,17,mattcl-py,input-mattcl,python,0.016664474796491226,0.0005672125148222,0.0165901782,0.01190431228070175,0.00468340140350877,0.0157092492,0.0194567632
