year,day,participant,input,language,mean,stddev,median,user,system,min,max
2024,17,mattcl,input-mattcl,rust,0.0012885682400000007,0.00025574194006778114,0.0013082083999999999,0.0009303080000000002,0.0003853217000000001,0.0005723344,0.0025400014
2024,17,mattcl-py,input-mattcl,python,0.016712182991715976,0.0005415628059262998,0.0166790264,0.011073673372781066,0.0055431675739644965,0.0157680804,0.0200693574
