year,day,participant,input,language,mean,stddev,median,user,system,min,max
2024,17,lanjian,input-lanjian,rust,0.0012357351950000003,0.0003451178715248563,0.0013794772399999997,0.0009513424999999995,0.0004104343999999999,0.0001823357399999998,0.0018198517399999996
2024,17,mattcl,input-lanjian,rust,0.0013314090999999994,0.00020259365784725352,0.0013496422399999998,0.0009756799999999992,0.0004319842000000001,0.0005156897399999999,0.0020755807399999997
2024,17,mattcl-py,input-lanjian,python,0.01672918942965519,0.0006831886106076389,0.01662547224,0.012096787356321845,0.004580980919540229,0.015562826740000002,0.02012675274
2024,17,lanjian,input-mattcl,rust,0.0014187366850000006,0.0001366580418391414,0.0014036177399999997,0.0010209300000000002,0.00045745179999999983,0.0008220537399999999,0.0018409217399999998
2024,17,mattcl,input-mattcl,rust,0.0013354149049999995,0.0002064905785377192,0.0013536447399999998,0.0009841224999999996,0.0004107794000000001,0.0005449847399999998,0.0020872527399999996
2024,17,mattcl-py,input-mattcl,python,0.016698736876094678,0.0006238045715392642,0.01665265774,0.011697062130177512,0.0049295013017751485,0.015450817740000003,0.01983926474
