year,day,participant,input,language,mean,stddev,median,user,system,min,max
2024,17,mattcl,input-mattcl,rust,0.0012384558400000006,0.00022529329881155937,0.0012648396600000002,0.0008911850999999996,0.0004106022,0.0004462636600000002,0.0023717946600000004
2024,17,mattcl-py,input-mattcl,python,0.016550659414189952,0.0005326282924811213,0.01647399066,0.011658896201117323,0.004804350167597761,0.01563324866,0.01935369566
