year,day,participant,input,language,mean,stddev,median,user,system,min,max
2024,17,mattcl,input-mattcl,rust,0.0013222323950000004,0.00025005143700756153,0.00133749368,0.0009882574,0.00039989799999999993,0.0004674551799999998,0.00208921118
2024,17,mattcl-py,input-mattcl,python,0.01680656048994152,0.0006657707766821258,0.016695579180000003,0.012342999532163739,0.00437137590643275,0.015828766180000002,0.019670628180000004
