year,day,participant,input,language,mean,stddev,median,user,system,min,max
2024,17,mattcl,input-mattcl,rust,0.0013065548100000002,0.00022914640859205787,0.00135885388,0.0009260798000000001,0.0004481171999999999,0.00020535537999999995,0.00204288538
2024,17,mattcl-py,input-mattcl,python,0.016661911759310352,0.0007088802136249084,0.01653703688,0.01169106988505747,0.004907556781609195,0.01563117138,0.01972767738
