year,day,participant,input,language,mean,stddev,median,user,system,min,max
2024,17,mattcl,input-mattcl,rust,0.0012918524399999998,0.00022266829942173733,0.00131545366,0.0008976910999999994,0.000433883,0.0005182756599999999,0.0020144976599999996
2024,17,mattcl-py,input-mattcl,python,0.017041845375909085,0.0008068072226214204,0.016874614660000002,0.01248736227272727,0.004455300909090908,0.01603455266,0.02033579466
