year,day,participant,input,language,mean,stddev,median,user,system,min,max
2024,17,mattcl,input-mattcl,rust,0.00130453118,0.00018487524250371777,0.0013492028400000002,0.0009418530000000003,0.00042253099999999997,0.0006492143400000001,0.0017809763400000002
2024,17,mattcl-py,input-mattcl,python,0.016729142450465126,0.0005781492954244861,0.016633341840000003,0.011889838139534883,0.00475073906976744,0.015930397340000003,0.020033898340000002
