year,day,participant,input,language,mean,stddev,median,user,system,min,max
2024,17,mattcl,input-mattcl,rust,0.0012401475199999995,0.00017936587025450622,0.0012916121400000002,0.0009853220999999997,0.00036090650000000004,0.0006885991400000001,0.0019847541400000003
2024,17,mattcl-py,input-mattcl,python,0.016623942699322027,0.0006017465662114308,0.01653644814,0.011597997175141244,0.0049572915254237305,0.015301044140000001,0.01985511714
