year,day,participant,input,language,mean,stddev,median,user,system,min,max
2024,17,mattcl,input-mattcl,rust,0.001418440165,0.0003458183862666531,0.0014902917999999998,0.0010164546000000006,0.00037817759999999993,0.0002890487999999998,0.0024365287999999997
2024,17,mattcl-py,input-mattcl,python,0.01701619890465116,0.0006491416619702678,0.0168804013,0.011993284186046511,0.004889864999999999,0.0159016378,0.020241252799999998
