year,day,participant,input,language,mean,stddev,median,user,system,min,max
2024,17,lanjian,input-lanjian,rust,0.0013688022150000006,0.00015075988672050557,0.0013711804800000005,0.0009303383999999998,0.0004817975000000001,0.0006838199800000004,0.0017454959800000005
2024,17,mattcl,input-lanjian,rust,0.0013298873799999999,0.00025579688324262913,0.0013393714800000003,0.0009892283999999995,0.0004062699999999998,0.0005100339800000004,0.0030184489800000004
2024,17,mattcl-py,input-lanjian,python,0.01690972764470588,0.0005562206943142118,0.01683249748,0.011849937647058823,0.00499550294117647,0.01553979798,0.019678624980000003
2024,17,lanjian,input-mattcl,rust,0.0013742239250000004,0.00016750979033918997,0.0013586024800000005,0.001015215,0.0004184474999999999,0.0007338629800000005,0.0019412729800000004
2024,17,mattcl,input-mattcl,rust,0.0013139363050000009,0.0002010201818976148,0.0013324284800000003,0.0009638217999999997,0.0004137900000000002,0.0006553459800000003,0.0020491949800000003
2024,17,mattcl-py,input-mattcl,python,0.016897991734385963,0.0007312542378685836,0.01674459298,0.011725606549707605,0.005069807017543859,0.01591561198,0.020082139980000004
