year,day,participant,input,language,mean,stddev,median,user,system,min,max
2024,17,mattcl,input-mattcl,rust,0.001234539675,0.00020739703595657973,0.0012725271199999998,0.0010057715999999993,0.00034538040000000014,0.0005685941199999997,0.00207393212
2024,17,mattcl-py,input-mattcl,python,0.01662412535563217,0.0006673817220787123,0.01651217712,0.012087500919540225,0.0044866335632183915,0.01567445912,0.01995471212
