year,day,participant,input,language,mean,stddev,median,user,system,min,max
2024,17,mattcl,input-mattcl,rust,0.0012721943600000004,0.0002140813797955146,0.00128856748,0.0009225700000000005,0.00038082429999999987,0.0008064134799999998,0.0025143514799999996
2024,17,mattcl-py,input-mattcl,python,0.016642986686896552,0.0007265833890634734,0.016467534980000004,0.011661848390804598,0.004886426436781609,0.01546985648,0.01987678748
