year,day,participant,input,language,mean,stddev,median,user,system,min,max
2024,17,mattcl,input-mattcl,rust,0.0013551393799999991,0.0002443607255773642,0.0013706281200000002,0.0008891603999999997,0.0004834477999999999,0.0005165551200000001,0.0024675951200000003
2024,17,mattcl-py,input-mattcl,python,0.016714907546900592,0.0006211311515299272,0.01658753712,0.011471290058479534,0.005155585964912283,0.015512976120000002,0.01952200812
