year,day,participant,input,language,mean,stddev,median,user,system,min,max
2024,17,mattcl,input-mattcl,rust,0.0012970043199999998,0.00022013191078592797,0.00132253006,0.0009460993000000005,0.0004042710000000002,0.0006444855599999999,0.0019737635600000003
2024,17,mattcl-py,input-mattcl,python,0.016965818594482766,0.000515160489209741,0.01691213106,0.011871329655172414,0.00502590091954023,0.01553002956,0.02000679856
