year,day,participant,input,language,mean,stddev,median,user,system,min,max
2024,17,mattcl,input-mattcl,rust,0.0013826096050000003,0.0001996821437201065,0.0014198905,0.0009017836,0.0004872568000000002,0.0005882125,0.0020223185
2024,17,mattcl-py,input-mattcl,python,0.01711976823214287,0.0006868174569802433,0.016992575,0.012205974761904761,0.004812262619047618,0.0158947925,0.0202224085
