year,day,participant,input,language,mean,stddev,median,user,system,min,max
2024,17,mattcl,input-mattcl,rust,0.0012102663349999997,0.00024045209477507775,0.0012566881600000002,0.0008484165000000002,0.0004319272,0.00025874915999999986,0.0019510571600000002
2024,17,mattcl-py,input-mattcl,python,0.016620971497142856,0.0006969506340839651,0.016530816160000003,0.011481008571428572,0.005062211885714288,0.015200165160000001,0.02030388216
