year,day,participant,input,language,mean,stddev,median,user,system,min,max
2024,17,mattcl,input-mattcl,rust,0.0012493326550000003,0.00023885250414064593,0.0012943500600000005,0.0009365315000000002,0.0003772979999999999,0.0005616725600000004,0.0020380675600000005
2024,17,mattcl-py,input-mattcl,python,0.016690370935757582,0.0006288615995535629,0.016610275560000002,0.011863352484848483,0.004754631515151515,0.015246471560000002,0.019652641560000003
