year,day,participant,input,language,mean,stddev,median,user,system,min,max
2024,17,mattcl,input-mattcl,rust,0.001331449865,0.00024594029105696634,0.00135263504,0.0009905744,0.000382703,0.00048382754000000005,0.00256999554
2024,17,mattcl-py,input-mattcl,python,0.016897189326982247,0.0006439084876738641,0.01677782854,0.01199707147928994,0.004836661538461539,0.01579221054,0.019803845540000004
