year,day,participant,input,language,mean,stddev,median,user,system,min,max
2024,17,lanjian,input-mattcl,rust,0.0013811672500000007,0.00019732383810240674,0.0013643328000000003,0.0009722439999999996,0.0004782304000000001,0.0007503783000000002,0.0027106793000000002
2024,17,mattcl,input-mattcl,rust,0.00128664862,0.00018646089334846904,0.0013199143000000003,0.0010018369999999998,0.00038977139999999994,0.0004947993000000001,0.0020321583000000006
2024,17,mattcl-py,input-mattcl,python,0.01674929261395349,0.0006187267352823572,0.016653250799999998,0.011978823255813951,0.004724407674418607,0.0158907413,0.0198466903
