year,day,participant,input,language,mean,stddev,median,user,system,min,max
2024,17,mattcl,input-mattcl,rust,0.001328969064999999,0.0002130785336619633,0.0013416478000000001,0.0008066820000000002,0.000527123,0.0006963298000000001,0.0020911718
2024,17,mattcl-py,input-mattcl,python,0.01697965044670659,0.000695681157651912,0.0168672338,0.011975802634730534,0.0049245473053892205,0.015548915800000002,0.0200923608
