year,day,participant,input,language,mean,stddev,median,user,system,min,max
2024,17,mattcl,input-mattcl,rust,0.00125943419,0.00022394154635014903,0.0012803905400000002,0.0009296353999999996,0.0004033952999999999,0.00045001054000000016,0.00210914754
2024,17,mattcl-py,input-mattcl,python,0.016615964664999996,0.0006522565532668316,0.01646392704,0.011674860681818184,0.004867767840909093,0.01558114354,0.020008813540000003
