year,day,participant,input,language,mean,stddev,median,user,system,min,max
2024,17,mattcl,input-mattcl,rust,0.0012548634250000002,0.00022716075607987022,0.0012772448000000001,0.0009238622000000001,0.0003924366000000001,0.0005455798000000001,0.0025754208
2024,17,mattcl-py,input-mattcl,python,0.016708671840462427,0.0006587134784331355,0.0165881548,0.012451502543352602,0.004183422196531793,0.0158980418,0.0202226298
