year,day,participant,input,language,mean,stddev,median,user,system,min,max
2024,17,mattcl,input-mattcl,rust,0.0013255201200000003,0.00024998320616963584,0.0013395945600000003,0.000980125,0.00041116730000000004,0.0004874775600000002,0.0024927635600000006
2024,17,mattcl-py,input-mattcl,python,0.016950279448888904,0.0007718642542925265,0.01681599056,0.012254383040935677,0.004605917660818712,0.01569066156,0.02046944356
