year,day,participant,input,language,mean,stddev,median,user,system,min,max
2024,17,mattcl,input-mattcl,rust,0.0012086212699999996,0.0002471715341347172,0.0012480985000000002,0.0008921424,0.00039641499999999995,0.000125674,0.0020200670000000004
2024,17,mattcl-py,input-mattcl,python,0.01662378992941177,0.0005260372003499887,0.016508495,0.011582101176470593,0.004959458823529412,0.015614458,0.018629366
