year,day,participant,input,language,mean,stddev,median,user,system,min,max
2024,17,mattcl,input-mattcl,rust,0.0012082395250000008,0.00022927761281048514,0.0012622565,0.0008895138000000004,0.0004059002000000001,0.0004233115000000003,0.0021834965000000002
2024,17,mattcl-py,input-mattcl,python,0.0166783371,0.0007411889205389238,0.0165115745,0.011983505714285714,0.004612335428571425,0.015254780500000002,0.020030693500000002
