year,day,participant,input,language,mean,stddev,median,user,system,min,max
2024,17,mattcl,input-mattcl,rust,0.0013053620750000004,0.00022780613873409804,0.0013131238000000003,0.0010042984000000002,0.00037407970000000006,0.0006289833,0.0025949933000000004
2024,17,mattcl-py,input-mattcl,python,0.016706988722857148,0.0006330799892989803,0.016576473300000002,0.0117377696,0.004894327885714285,0.015511931300000002,0.020177153300000004
