year,day,participant,input,language,mean,stddev,median,user,system,min,max
2024,17,mattcl,input-mattcl,rust,0.0013336650300000003,0.00022917732204220403,0.00131700872,0.0009230093000000001,0.0004441486000000001,0.0005474832199999999,0.0020095602199999996
2024,17,mattcl-py,input-mattcl,python,0.01686916842689656,0.0005338631300486849,0.016811266720000002,0.011976121954022985,0.00479155448275862,0.015773033220000003,0.019474571220000004
