year,day,participant,input,language,mean,stddev,median,user,system,min,max
2024,17,mattcl,input-mattcl,rust,0.0013358276750000003,0.00020526629199440767,0.0013217007600000005,0.0010142761999999998,0.000384145,0.0004913127600000005,0.002104660760000001
2024,17,mattcl-py,input-mattcl,python,0.01690546608,0.00047118137120485064,0.016846781760000002,0.011909045714285716,0.004897846857142858,0.015838675760000004,0.019954345760000002
