year,day,participant,input,language,mean,stddev,median,user,system,min,max
2023,9,lanjian,input-lanjian,rust,0.001447937340000001,0.00024286629743034595,0.00152761802,0.0012018729000000002,0.0002706281,0.00080716552,0.00226258852
2023,9,mattcl,input-lanjian,rust,0.000945756065,0.0001543637503319048,0.00100548152,0.0008352424,0.00014810610000000004,0.00023409351999999998,0.00128361652
2023,9,lanjian,input-mattcl,rust,0.0013979956549999997,0.00019299983077683314,0.00150689402,0.0010934779,0.0003404266,0.0009661325200000001,0.0016542795200000001
2023,9,mattcl,input-mattcl,rust,0.0009415575350000002,0.00014714661756902466,0.0009957885200000001,0.0008365853000000003,0.00015060380000000005,0.00019890752,0.00113527952
