year,day,participant,input,language,mean,stddev,median,user,system,min,max
2023,9,lanjian,input-lanjian,rust,0.0010278702850000001,0.00024277057769801625,0.0009575362600000002,0.0024778585999999997,0.0008659496999999999,0.0007072327600000002,0.0016960537600000003
2023,9,mattcl,input-lanjian,rust,0.0009496858049999998,0.00017747745487890697,0.0010239002600000002,0.0007883242000000003,0.00017930259999999996,0.00022511076000000015,0.00113760876
2023,9,lanjian,input-mattcl,rust,0.001011547805,0.0002292846922527761,0.0009488247600000001,0.0025349599999999993,0.0008076155999999998,0.0006995787600000001,0.0016085497600000003
2023,9,mattcl,input-mattcl,rust,0.0009388540299999999,0.00019476865824123902,0.0009781652600000003,0.0007915847999999999,0.00016223629999999992,0.00020259876000000012,0.0017116517600000002
