year,day,participant,input,language,mean,stddev,median,user,system,min,max
2023,9,lanjian,input-lanjian,rust,0.000954992625,0.00022372293284727134,0.0008959229400000002,0.002563031400000001,0.0007083606000000001,0.0006250609400000003,0.0015383899400000004
2023,9,mattcl,input-lanjian,rust,0.0009102826799999997,0.0001589115509812257,0.0009699469400000003,0.0008238706000000001,0.0001275944,0.00020329294000000025,0.0011118519400000002
2023,9,mattcl-py,input-lanjian,python,0.017397767886428567,0.0005247358761965868,0.01728591344,0.013856047380952384,0.0034107849999999995,0.01615483294,0.02014304394
2023,9,mattcl-ts,input-lanjian,typescript (bun),0.011916640569999993,0.00039153572281062357,0.011932013940000001,0.0097197528,0.008086418000000001,0.010875446940000002,0.013709438940000002
2023,9,lanjian,input-mattcl,rust,0.0009257663800000001,0.00022889917439246961,0.0008665384400000002,0.002559602199999999,0.0006605789999999999,0.0006507599400000003,0.0016072989400000002
2023,9,mattcl,input-mattcl,rust,0.0009483201450000005,0.0001251738982939073,0.0009974934400000003,0.0008234942000000003,0.0001623748,0.00041434694000000026,0.0011377999400000002
2023,9,mattcl-py,input-mattcl,python,0.017551902579534887,0.0006944755979648283,0.01738867144,0.01474383046511628,0.0026905409302325585,0.016376457940000002,0.020537130940000002
2023,9,mattcl-ts,input-mattcl,typescript (bun),0.011927033510000011,0.00038064138182655527,0.01192989394,0.009310786400000002,0.008545162800000004,0.01084001994,0.013114924940000001
