year,day,participant,input,language,mean,stddev,median,user,system,min,max
2023,9,lanjian,input-lanjian,rust,0.00155682098,0.00025615289656636374,0.0015971437599999999,0.0012893700000000006,0.0002214857,0.0006602157600000001,0.00231008276
2023,9,mattcl,input-lanjian,rust,0.000991501340000001,0.00014063232227087805,0.0010449957600000002,0.0008300354999999996,0.0001816627,0.00045324876000000006,0.00167165876
2023,9,lanjian,input-mattcl,rust,0.0014731591299999998,0.00022407105333881243,0.00152502326,0.0012288649999999998,0.00022522569999999998,0.0008701487600000002,0.00214427276
2023,9,mattcl,input-mattcl,rust,0.0009889163350000002,0.00015690069633537965,0.0010426062600000002,0.0008344884999999996,0.00016561189999999995,0.0002812067600000001,0.0013815157600000003
