year,day,participant,input,language,mean,stddev,median,user,system,min,max
2023,9,lanjian,input-lanjian,rust,0.0011089868099999998,0.00023466484742294937,0.00105244552,0.0027666878000000006,0.0006246124,0.00081798202,0.0017389750200000002
2023,9,mattcl,input-lanjian,rust,0.001037005745,0.00019461188946765364,0.00107639052,0.0009223199999999997,0.0001305184,0.00034141102000000004,0.00131422002
2023,9,mattcl-py,input-lanjian,python,0.017535862948994077,0.00038283571883958735,0.01748505002,0.014123196686390537,0.0032837853254437865,0.01673045902,0.020203556020000003
2023,9,lanjian,input-mattcl,rust,0.0010881718799999997,0.0002132715117178394,0.00103974152,0.002709603200000001,0.0006542647999999999,0.0008013000199999999,0.00173259302
2023,9,mattcl,input-mattcl,rust,0.0010827801349999999,0.00018202492010297453,0.00113951852,0.0009525203999999998,0.0001444646,0.00034263302,0.00163090202
2023,9,mattcl-py,input-mattcl,python,0.01762419760181818,0.000732029608787304,0.01745296002,0.014222638787878788,0.003276658666666666,0.016424607020000002,0.020931958020000002
