year,day,participant,input,language,mean,stddev,median,user,system,min,max
2023,9,kcen,input-lanjian,python,0.01811132224142857,0.004915616839299012,0.01744967042,0.014175253095238103,0.0033133885714285694,0.01645715592,0.06998217392
2023,9,lanjian,input-lanjian,rust,0.0013033500199999995,0.0033002965927423295,0.00100511792,0.002703218799999999,0.0006350435999999999,0.00076690192,0.04762933292
2023,9,mattcl,input-lanjian,rust,0.0009357665700000002,0.00027908728799776465,0.0010129929200000001,0.0007941340000000004,0.0001565976,0.00024030591999999997,0.0013183149200000001
2023,9,mattcl-py,input-lanjian,python,0.017772296932195127,0.0026170001233180905,0.017453607920000003,0.014262127804878046,0.0032088804878048784,0.01655771492,0.05028189392
2023,9,mattcl-ts,input-lanjian,typescript (bun),0.011763614415000002,0.0008971259342879014,0.011641230420000002,0.0088908236,0.008817225199999995,0.010633100920000001,0.01937675692
2023,9,kcen,input-mattcl,python,0.017607623251325293,0.0005729608305070478,0.017470625420000004,0.014380917108433729,0.0030942407228915663,0.01669010292,0.020851860920000003
2023,9,lanjian,input-mattcl,rust,0.0010807758449999998,0.00023289011172904095,0.00102820642,0.0025507796000000006,0.0007931117999999999,0.0007388599200000001,0.0017924139200000003
2023,9,mattcl,input-mattcl,rust,0.001002976285,0.00018404688582440097,0.00108539842,0.0008540067999999997,0.0001661052,0.00022438591999999997,0.00120016392
2023,9,mattcl-py,input-mattcl,python,0.017711700713939398,0.0008781449295396525,0.01748521192,0.01456663393939394,0.0030498089696969696,0.016507069920000002,0.02423298792
2023,9,mattcl-ts,input-mattcl,typescript (bun),0.011677151009999998,0.0003488822712018291,0.01166878242,0.009254930400000002,0.008372460400000002,0.010697451920000002,0.013058415920000002
