year,day,participant,input,language,mean,stddev,median,user,system,min,max
2023,15,kcen,input-kcen,python,0.0193611940972549,0.0006794658721276575,0.01918722696,0.016767467843137242,0.002486181699346406,0.018397898960000002,0.022423096960000003
2023,15,lanjian,input-kcen,rust,0.0012874002399999999,0.00014055070084321596,0.0012799124600000001,0.0010822606999999992,0.00022982800000000004,0.00064740896,0.0014915589599999999
2023,15,mattcl,input-kcen,rust,0.001247389385,0.00016563002882553668,0.00130058646,0.0010639663999999992,0.00020865700000000003,0.0006026049599999999,0.0017847179600000002
2023,15,kcen,input-lanjian,python,0.019395311158675505,0.000633776018354971,0.01928462896,0.016378131523178817,0.0029065615894039725,0.01812940596,0.02210460996
2023,15,lanjian,input-lanjian,rust,0.0012796307650000003,0.00021003103307221975,0.0012814504599999998,0.0010997506999999996,0.00019219399999999997,0.00037269395999999996,0.0019514699600000002
2023,15,mattcl,input-lanjian,rust,0.0008480544600000004,0.00033314545387400167,0.00077920496,0.0007557512999999998,0.00012341200000000002,0.0003212869599999999,0.00166012496
2023,15,kcen,input-mattcl,python,0.0198193850625641,0.0030593003000682134,0.019431573960000004,0.01625182794871794,0.003234697435897435,0.01818583096,0.056709742960000004
2023,15,lanjian,input-mattcl,rust,0.0012292995650000004,0.0002280592375042151,0.00127534896,0.0010742407000000002,0.00017404999999999998,0.00046581795999999995,0.0017190949599999999
2023,15,mattcl,input-mattcl,rust,0.0012664382250000001,0.0001499386101113231,0.00130847596,0.0010673306999999992,0.00020738699999999996,0.00070474596,0.0017329709600000002
2023,15,kcen,input-pting,python,0.01983152954974358,0.004013890275572118,0.01919661896,0.01611748179487179,0.0031923423076923078,0.01823421096,0.05457378196
2023,15,lanjian,input-pting,rust,0.0012835871750000003,0.00016291374485509906,0.00127717746,0.0011211456999999992,0.00018710899999999995,0.00051971896,0.0017504529599999998
2023,15,mattcl,input-pting,rust,0.0012048028799999996,0.0002079668669937343,0.00128650996,0.0010474471000000004,0.000178278,0.00032517395999999996,0.0017032449599999999
