year,day,participant,input,language,mean,stddev,median,user,system,min,max
2023,15,kcen,input-kcen,python,0.019269592870649364,0.0008605593864763674,0.01903738302,0.015915988831168824,0.0032374875324675313,0.01804777552,0.023114735520000002
2023,15,mattcl,input-kcen,rust,0.00108543821,0.00020525300606335622,0.00117963202,0.0009960617999999995,0.0001386928,0.00024099151999999995,0.00172483752
2023,15,kcen,input-mattcl,python,0.01916575564499999,0.0005399832530456162,0.019044205520000003,0.016384444999999997,0.0026881068421052623,0.01821667252,0.021298067520000002
2023,15,mattcl,input-mattcl,rust,0.0011291232650000001,0.00016405308173369246,0.00118911952,0.0009858649999999996,0.00018876999999999992,0.0005103455199999999,0.00162184452
