year,day,participant,input,language,mean,stddev,median,user,system,min,max
2023,15,kcen,input-kcen,python,0.019622543693333334,0.0007661638321906634,0.01946676206,0.016235026666666673,0.0032885296,0.01843042756,0.02309716056
2023,15,mattcl,input-kcen,rust,0.0012871799899999998,0.0001885246866598806,0.0013377825600000002,0.0011004867999999995,0.0001921614,0.00058049456,0.00189244056
2023,15,kcen,input-mattcl,python,0.019620456560000017,0.0007493181510245533,0.01944398356,0.01678074457516341,0.0027396373856209146,0.01848161256,0.02316933456
2023,15,mattcl,input-mattcl,rust,0.001315959095,0.00015574727196674817,0.0013698170600000001,0.0011127653999999996,0.00021064859999999995,0.00046025956,0.00178986856
