year,day,participant,input,language,mean,stddev,median,user,system,min,max
2023,10,mattcl,input-mattcl,rust,0.0018300432050000002,0.00017491933019261926,0.00179714228,0.0013724768000000006,0.00046273300000000006,0.00119258128,0.00272782228
