year,day,participant,input,language,mean,stddev,median,user,system,min,max
2023,10,lanjian,input-lanjian,rust,0.003132689944999999,0.00038571137680708505,0.0030569167,0.0026566700000000003,0.0004155552,0.0024192127,0.0056862247
2023,10,mattcl,input-lanjian,rust,0.0018191467200000006,0.00015942148345894562,0.0018428357,0.0013362478999999997,0.0004504193999999999,0.0010232817,0.0022425937
2023,10,mattcl-py,input-lanjian,python,0.03958329498947369,0.0009094050308116668,0.039386980200000005,0.03565863052631581,0.0038212568421052613,0.038328088700000006,0.0422980967
2023,10,mattcl-ts,input-lanjian,typescript (bun),0.017699266600621117,0.00042406790369547845,0.017680082700000002,0.019674231055900618,0.011660348322981365,0.0166621687,0.0187706527
2023,10,lanjian,input-mattcl,rust,0.003061831620000001,0.00013379167869093464,0.0030475592,0.0025240699999999994,0.0004738924,0.0023071437,0.0036982066999999997
2023,10,mattcl,input-mattcl,rust,0.0017741584899999994,0.00025346843693717125,0.0018124632,0.00135594,0.00035035160000000014,0.0006691587,0.0023543417
2023,10,mattcl-py,input-mattcl,python,0.03919110823246751,0.0010006934565957722,0.0389617347,0.03550577064935065,0.003575298181818182,0.0376320267,0.042153344700000005
2023,10,mattcl-ts,input-mattcl,typescript (bun),0.017546365444047612,0.0004154696825898147,0.017527641700000002,0.019860045,0.01120975404761905,0.016413964700000002,0.0190158817
