year,day,participant,input,language,mean,stddev,median,user,system,min,max
2023,10,lanjian,input-kcen,rust,0.0030580411850000006,0.00030914351499658076,0.0030257040400000004,0.002580879999999999,0.0004204882,0.0022774935400000002,0.005773175540000001
2023,10,mattcl,input-kcen,rust,0.0017880050800000008,0.00019157168020850034,0.0018385070400000003,0.0014158950000000001,0.00035470259999999997,0.0009436875400000001,0.0021310495400000003
2023,10,mattcl-py,input-kcen,python,0.03902416873736845,0.0010378459559660285,0.03889520304,0.03500576578947368,0.003893953157894736,0.03725690754000001,0.04209127454
2023,10,mattcl-ts,input-kcen,typescript (bun),0.017556051326127167,0.00045403000955542754,0.01754356454,0.020177656647398828,0.010855285664739884,0.01664432054,0.01976370954
2023,10,lanjian,input-lanjian,rust,0.0030625052199999996,0.00018590558267255378,0.00303954004,0.0024805149999999995,0.0005312718000000001,0.0023496185400000004,0.0037650085400000007
2023,10,mattcl,input-lanjian,rust,0.0018183523399999994,0.0001471730032104732,0.0018385420400000001,0.0013859000000000002,0.00040735850000000003,0.0010837595400000001,0.0021381235400000005
2023,10,mattcl-py,input-lanjian,python,0.039744028882465754,0.0010015626184247078,0.039539218540000004,0.03624699452054794,0.0034006800000000005,0.03818776954,0.04288178454000001
2023,10,mattcl-ts,input-lanjian,typescript (bun),0.01768715204,0.0004271534453701923,0.01765469704,0.01991332073170731,0.011300453292682923,0.016801034540000002,0.018900383540000003
2023,10,lanjian,input-mattcl,rust,0.003044132125000001,0.00012495935480748247,0.0030250725400000006,0.0025239799999999977,0.0004669240999999999,0.0024316525400000003,0.00336791354
2023,10,mattcl,input-mattcl,rust,0.0018109810550000008,0.00018728380741848887,0.0018457505400000002,0.0014825649999999995,0.00029744950000000004,0.0009403315400000002,0.0021313895400000005
2023,10,mattcl-py,input-mattcl,python,0.039025529864675335,0.0011045865476114313,0.03883529154,0.0351808883116883,0.003736985714285713,0.03743538154000001,0.04178124454
2023,10,mattcl-ts,input-mattcl,typescript (bun),0.01750891190969698,0.000400835688814437,0.01746772154,0.01954471515151515,0.011395912242424236,0.01661790054,0.01886825254
