year,day,participant,input,language,mean,stddev,median,user,system,min,max
2023,10,lanjian,input-lanjian,rust,0.00305537568,0.00024174437776649575,0.0030146469600000002,0.0025841335999999986,0.00039696619999999986,0.00252999546,0.005808779460000001
2023,10,mattcl,input-lanjian,rust,0.0018073988749999997,0.00015320908396793662,0.00181861996,0.0014109599999999995,0.00034539419999999997,0.00114048546,0.00221372346
2023,10,lanjian,input-mattcl,rust,0.003044068125,0.00022379560513140887,0.0030172529600000003,0.0023561150000000006,0.0006177803,0.00235949646,0.00559245546
2023,10,mattcl,input-mattcl,rust,0.0017838781949999997,0.0001857643497814189,0.00181909046,0.0014071285999999999,0.00034632539999999995,0.0008351344600000001,0.00217006146
