year,day,participant,input,language,mean,stddev,median,user,system,min,max
2023,10,lanjian,input-lanjian,rust,0.002966476259999999,0.00011532758205930023,0.0029571508199999997,0.002504464999999999,0.0004360866,0.00217187182,0.0032315148199999998
2023,10,mattcl,input-lanjian,rust,0.0016893921849999995,0.00020271306666085198,0.00175230682,0.0014483049999999991,0.0002656157999999999,0.00097843882,0.00209289382
2023,10,mattcl-py,input-lanjian,python,0.039569569254210527,0.001079938285983594,0.03924030582,0.036129094736842095,0.0033688836842105255,0.03802060482,0.04336331182
2023,10,mattcl-ts,input-lanjian,typescript (bun),0.016824314328571417,0.00045577885695328405,0.01681725682,0.019374917142857138,0.010913334171428573,0.015748758820000004,0.018450903820000003
2023,10,lanjian,input-mattcl,rust,0.002951688109999999,0.00025010808060927617,0.00294295032,0.0026439050000000006,0.00030120439999999993,0.00216804482,0.004859931820000001
2023,10,mattcl,input-mattcl,rust,0.0017233670849999996,0.000178045362255263,0.00175726582,0.0014307450000000008,0.0002918876,0.00090784682,0.00212657782
2023,10,mattcl-py,input-mattcl,python,0.03885352051333333,0.0009800539761692106,0.03845877382,0.035533060000000005,0.003224255466666666,0.03740114382,0.04167897882
2023,10,mattcl-ts,input-mattcl,typescript (bun),0.01659777489142858,0.00043711050681975424,0.01652578682,0.019400398214285724,0.010383927380952377,0.015661184820000004,0.018142286820000002
