year,day,participant,input,language,mean,stddev,median,user,system,min,max
2023,10,lanjian,input-lanjian,rust,0.00306255054,0.00021485671126333128,0.00303060544,0.0025733718,0.00043030599999999993,0.00249516294,0.00484053294
2023,10,mattcl,input-lanjian,rust,0.0017994784100000007,0.00017764577444190577,0.0018235324400000003,0.0014061399999999995,0.0003446014999999999,0.0008600339400000002,0.0022147999400000005
2023,10,mattcl-py,input-lanjian,python,0.039436141034594585,0.0009161107113635586,0.03927453344000001,0.035371455135135135,0.0039021081081081076,0.03800275394000001,0.042086134940000006
2023,10,mattcl-ts,input-lanjian,typescript (bun),0.017514590483859664,0.00041770555110071914,0.01748609394,0.01951501883040935,0.011434115204678368,0.01653320094,0.01898321494
2023,10,lanjian,input-mattcl,rust,0.0030692667850000005,0.0002909004475022615,0.0030252804400000004,0.002569819999999999,0.0004510505000000001,0.0027436579400000006,0.00577072294
2023,10,mattcl,input-mattcl,rust,0.0017403249599999998,0.00024628889416764455,0.0018208814400000003,0.0013481067999999996,0.0003803870000000001,0.00068640894,0.0021163549400000006
2023,10,mattcl-py,input-mattcl,python,0.03870055748430379,0.00101438224020665,0.038562400940000005,0.035571541518987344,0.0030195177215189876,0.037286703940000006,0.04195934694
2023,10,mattcl-ts,input-mattcl,typescript (bun),0.017362724828235292,0.00036675419912073477,0.017358860939999998,0.020154738705882348,0.010487457058823528,0.01635498794,0.01818007294
