year,day,participant,input,language,mean,stddev,median,user,system,min,max
2023,10,mattcl,input-mattcl,rust,0.001881332945,0.00009062541477086286,0.0018769278000000003,0.001578275,0.00029639599999999993,0.0014485463000000003,0.0026086243000000005
