year,day,participant,input,language,mean,stddev,median,user,system,min,max
2023,10,lanjian,input-kcen,rust,0.0031272901650000007,0.00015684630332548597,0.00311137432,0.0024417249999999983,0.0005758825999999998,0.00243541882,0.0037966478200000004
2023,10,mattcl,input-kcen,rust,0.0018653368599999987,0.0001819711840405343,0.00189008382,0.0014613849999999993,0.0003314696,0.00122368182,0.0024524818200000005
2023,10,mattcl-py,input-kcen,python,0.03922546303428571,0.002154067723129595,0.03888182532000001,0.035214165000000006,0.003886862142857143,0.037057529820000004,0.05290533582
2023,10,mattcl-ts,input-kcen,typescript (bun),0.01818429858397517,0.004822523588412213,0.017578697820000003,0.019968086583850936,0.011125988819875775,0.01636507582,0.06609184082
2023,10,lanjian,input-lanjian,rust,0.003117995939999999,0.0001509584800608332,0.00311128482,0.0025320250000000007,0.0005102733999999999,0.00246047682,0.003595991820000001
2023,10,mattcl,input-lanjian,rust,0.0018804071450000018,0.00017021053809515612,0.0019045003200000002,0.0014802900000000009,0.00036045880000000024,0.0009159148200000001,0.00233113382
2023,10,mattcl-py,input-lanjian,python,0.04013746233999999,0.0011391347112425076,0.03984488882,0.03589389999999999,0.004121528533333333,0.03853086782,0.04347911082000001
2023,10,mattcl-ts,input-lanjian,typescript (bun),0.017783289458036807,0.0004082762975717386,0.01772963882,0.020381303558282212,0.010992740368098155,0.01643030682,0.018875683820000003
2023,10,lanjian,input-mattcl,rust,0.0031390143700000006,0.0002759437812680876,0.0031063708200000004,0.002562007299999998,0.000460945,0.00236380482,0.00581871282
2023,10,mattcl,input-mattcl,rust,0.0018765731100000007,0.00021235857986274658,0.0018972318200000003,0.0013723000000000008,0.00041717220000000006,0.00089864282,0.0023238908200000005
2023,10,mattcl-py,input-mattcl,python,0.0393056563264935,0.0011537628397773614,0.039040812820000007,0.03586339714285715,0.003325694025974026,0.03745170682000001,0.04221068582
2023,10,mattcl-ts,input-mattcl,typescript (bun),0.017574192465962743,0.00043869417059972456,0.017512952820000004,0.020431776024844712,0.010450746086956526,0.016379601820000003,0.01937100182
