year,day,participant,input,language,mean,stddev,median,user,system,min,max
2023,10,mattcl,input-lanjian,rust,0.0017879356700000004,0.00017760933834292203,0.0018146674200000001,0.0014607143999999994,0.0002921122999999999,0.00111066542,0.0021402414200000002
2023,10,mattcl,input-mattcl,rust,0.0017912387449999995,0.00017175531026790848,0.00181978242,0.0014003349999999995,0.0003526174000000001,0.00093564742,0.0021525254200000002
