year,day,participant,input,language,mean,stddev,median,user,system,min,max
2023,10,lanjian,input-lanjian,rust,0.003025063925,0.00023705724523784242,0.00301517374,0.0025602250000000006,0.00041634619999999996,0.00225732224,0.00465910524
2023,10,mattcl,input-lanjian,rust,0.0017554788549999998,0.00019870563574013507,0.00178709624,0.0013651200000000005,0.000369307,0.00072906724,0.00225725324
2023,10,mattcl-py,input-lanjian,python,0.043689067650958924,0.008868740451732545,0.040271506240000005,0.039236290136986325,0.0043357824657534235,0.03912759224,0.07040208224000001
2023,10,mattcl-ts,input-lanjian,typescript (bun),0.018005570621818172,0.00046524334538364085,0.01793269824,0.019512126666666667,0.0124073073939394,0.01708400724,0.01971331624
2023,10,lanjian,input-mattcl,rust,0.0030425198049999986,0.00019026389883235924,0.0030009817400000003,0.002447114999999999,0.0005072466,0.00245305924,0.00410181024
2023,10,mattcl,input-mattcl,rust,0.0017682033100000002,0.00015134550692540443,0.0017890442400000002,0.0014466517,0.0003059718000000001,0.00098983624,0.00226213224
2023,10,mattcl-py,input-mattcl,python,0.03973000794666668,0.0009605685830446462,0.03948938824,0.03576504666666666,0.003868333333333333,0.03865079524,0.04402862724
2023,10,mattcl-ts,input-mattcl,typescript (bun),0.020389585353772444,0.010071179922868148,0.01782658824,0.020613168982035922,0.012106516646706584,0.01692412724,0.07236685924000001
