year,day,participant,input,language,mean,stddev,median,user,system,min,max
2023,10,lanjian,input-lanjian,rust,0.0030178268850000016,0.0001960129004086082,0.00300398994,0.0024309349999999995,0.0005371709999999998,0.00221923294,0.00472528994
2023,10,mattcl,input-lanjian,rust,0.0017800149799999992,0.0001723822275538594,0.0017936609399999998,0.0015164853000000002,0.000195783,0.00104999494,0.0022017799399999998
2023,10,mattcl-py,input-lanjian,python,0.04052307160666667,0.0010871629625243682,0.040120147440000004,0.03594002333333332,0.004456136111111109,0.03913810494,0.04412519194
2023,10,lanjian,input-mattcl,rust,0.0030376641400000006,0.0003072818177207019,0.00299649044,0.0023198253,0.0006503700000000003,0.0023314709399999997,0.0058337929400000006
2023,10,mattcl,input-mattcl,rust,0.0017573813599999996,0.00021230541250753256,0.0017852004399999998,0.0014440599999999992,0.000248996,0.0009052739399999999,0.00214787894
2023,10,mattcl-py,input-mattcl,python,0.03943820869,0.0008661534464347392,0.03911553794,0.03560562421052632,0.0037262499999999995,0.03838686894,0.04227437094
