year,day,participant,input,language,mean,stddev,median,user,system,min,max
2023,10,mattcl,input-mattcl,rust,0.0018850157600000012,0.00012170906655990763,0.0018801817800000002,0.0014801700000000007,0.0003672995,0.0011029532800000002,0.0024601212800000006
