year,day,participant,input,language,mean,stddev,median,user,system,min,max
2023,10,lanjian,input-lanjian,rust,0.0031732871,0.0003283927384970295,0.00311912696,0.0026237983999999994,0.0004846937,0.00275304796,0.006182130960000001
2023,10,mattcl,input-lanjian,rust,0.0018730485850000007,0.0002027488003627073,0.00190624346,0.001504004999999999,0.0003128646000000001,0.0009331319600000001,0.00224360396
2023,10,mattcl-py,input-lanjian,python,0.03960649153333332,0.0010117787965583348,0.03943554396000001,0.03624854666666666,0.0032541007999999983,0.03802741996,0.042426969960000005
2023,10,mattcl-ts,input-lanjian,typescript (bun),0.018008700019880246,0.004337292563612487,0.017532336960000002,0.02103747568862275,0.009961138562874255,0.01661030096,0.06518191896
2023,10,lanjian,input-mattcl,rust,0.00313700653,0.0002927906208797866,0.00311173796,0.0025349584000000005,0.0005363656999999998,0.00235099496,0.00581586696
2023,10,mattcl,input-mattcl,rust,0.0019120568600000012,0.00016085283884898912,0.0019126604600000002,0.0016173100000000016,0.00022854650000000008,0.00131364396,0.00237400796
2023,10,mattcl-py,input-mattcl,python,0.03938760341454545,0.0011730831401059255,0.03894053696,0.03570073558441558,0.0035438436363636355,0.03748347096,0.042277829960000006
2023,10,mattcl-ts,input-mattcl,typescript (bun),0.017467060315421695,0.0004335910346513037,0.01744096446,0.019207006746987953,0.011523999277108439,0.01630921796,0.019017653960000002
