year,day,participant,input,language,mean,stddev,median,user,system,min,max
2023,10,lanjian,input-lanjian,rust,0.003012593190000002,0.00023609768771505556,0.00299265338,0.0023949482999999993,0.0005713744000000001,0.00229381138,0.00558513638
2023,10,mattcl,input-lanjian,rust,0.0017192680400000006,0.0002045761338549037,0.00177857788,0.0012995611,0.0003927946,0.00088086838,0.00209675238
2023,10,mattcl-py,input-lanjian,python,0.0404435869745946,0.0008910677660623617,0.040277076380000006,0.03667599621621622,0.003661997297297296,0.039077407380000005,0.043379222380000006
2023,10,mattcl-ts,input-lanjian,typescript (bun),0.01722056940923977,0.00038393129171082965,0.01717548438,0.019443921637426902,0.011113286081871352,0.016123617380000003,0.018418258380000004
2023,10,lanjian,input-mattcl,rust,0.0029963547349999993,0.00025468143569946103,0.0029886903800000002,0.0021950150000000002,0.0007385508,0.00216706438,0.005605916380000001
2023,10,mattcl,input-mattcl,rust,0.0017500127549999994,0.00021709338013871967,0.00177057738,0.0013965821999999994,0.0002931937999999999,0.0008623543800000002,0.00221205838
2023,10,mattcl-py,input-mattcl,python,0.03984832675142858,0.001042030968512559,0.03953464738,0.03627138000000001,0.0034530457142857135,0.03823217738,0.04327192238
2023,10,mattcl-ts,input-mattcl,typescript (bun),0.017340292315672523,0.002189636831106397,0.01716976338,0.018714753333333327,0.011587828538011703,0.016131732380000003,0.04517644438000001
