year,day,participant,input,language,mean,stddev,median,user,system,min,max
2023,10,lanjian,input-kcen,rust,0.003078840784999999,0.00022599634353487815,0.00305173718,0.002675350000000003,0.0003612086,0.00229470018,0.00500466118
2023,10,mattcl,input-kcen,rust,0.0018259722150000004,0.00017201990403466175,0.00185993168,0.001396430000000001,0.000400591,0.00099803418,0.00221828718
2023,10,mattcl-py,input-kcen,python,0.038736238028101264,0.0008616065202910512,0.038507176180000005,0.034307860759493665,0.004301509873417721,0.03727060218,0.04182555518
2023,10,mattcl-ts,input-kcen,typescript (bun),0.01681791717441341,0.0004198089422606497,0.016796918180000002,0.019590122905027926,0.010578869720670394,0.015885944180000004,0.01841061818
2023,10,lanjian,input-lanjian,rust,0.003101973774999999,0.00028967063086136137,0.0030625771800000005,0.0026144499999999986,0.0004460976000000001,0.00237166418,0.005687539179999999
2023,10,mattcl,input-lanjian,rust,0.0018449259399999998,0.0001594861208388161,0.0018575021800000002,0.0015132049999999997,0.00028754,0.00098578118,0.00228018218
2023,10,mattcl-py,input-lanjian,python,0.03957578784233766,0.0016313715287157166,0.039278879180000004,0.035492246753246755,0.0039989470129870135,0.03828079218,0.052301759180000004
2023,10,mattcl-ts,input-lanjian,typescript (bun),0.016960774225714285,0.00046462560680820685,0.01696732818,0.020001382857142862,0.01040808205714285,0.015647277180000002,0.018542455180000004
2023,10,lanjian,input-mattcl,rust,0.0030606682250000007,0.00012442568646632432,0.00304202918,0.0025301299999999976,0.00048777079999999984,0.00242405218,0.00340235318
2023,10,mattcl,input-mattcl,rust,0.0018209289600000008,0.0001857398076111276,0.00185376518,0.0014694900000000012,0.00031945140000000003,0.00100128018,0.0022862641800000002
2023,10,mattcl-py,input-mattcl,python,0.03890414453526316,0.0007517357834626153,0.038745917680000005,0.03588876315789474,0.002935346842105263,0.03769114918,0.041064421180000005
2023,10,mattcl-ts,input-mattcl,typescript (bun),0.016769099420223473,0.0004749973547340693,0.01675882718,0.01782842458100558,0.01209678860335195,0.015649331180000003,0.01784519018
