year,day,participant,input,language,mean,stddev,median,user,system,min,max
2023,10,lanjian,input-lanjian,rust,0.0031124083799999995,0.00032478534246376347,0.0030531732000000002,0.00238515,0.0006354309999999999,0.0024254177000000003,0.005819047700000001
2023,10,mattcl,input-lanjian,rust,0.0018386336099999994,0.000127248166318533,0.0018422727000000003,0.001420834299999999,0.000355642,0.0012061677000000004,0.0022626337000000002
2023,10,mattcl-py,input-lanjian,python,0.03957603419333334,0.0009269972670852212,0.0393977147,0.03607779333333332,0.0033824186666666666,0.0381858377,0.0425054187
2023,10,mattcl-ts,input-lanjian,typescript (bun),0.01769714195454545,0.0003832732054623359,0.0176681837,0.019874194545454544,0.011476366060606065,0.0165305257,0.0186699477
2023,10,lanjian,input-mattcl,rust,0.0029873603850000007,0.0016564229244921025,0.0030078382000000006,0.002477239300000001,0.00031999499999999995,0.0021579687000000004,0.0257259277
2023,10,mattcl,input-mattcl,rust,0.0018210612850000007,0.0001458731026171326,0.0018371587000000002,0.001373719999999999,0.0004009039999999998,0.0010055217000000003,0.0020275747
2023,10,mattcl-py,input-mattcl,python,0.03914728222,0.000942721755323589,0.038931301700000004,0.03486816666666666,0.004155903999999998,0.0374114787,0.0421556637
2023,10,mattcl-ts,input-mattcl,typescript (bun),0.01752352590588235,0.0003872049647829211,0.0174954312,0.019151687058823523,0.01176614352941176,0.0163818177,0.0194023087
