year,day,participant,input,language,mean,stddev,median,user,system,min,max
2023,10,lanjian,input-lanjian,rust,0.0030610869250000017,0.0001448812707416953,0.0030468709400000003,0.0025470455999999993,0.0004469772999999999,0.00238812844,0.00415142744
2023,10,mattcl,input-lanjian,rust,0.0018176056599999999,0.00016975391346580611,0.00184897944,0.0014090606,0.0003671434,0.00103917544,0.0022770904400000003
2023,10,mattcl-py,input-lanjian,python,0.04046091468324324,0.000808190884809778,0.040254943939999996,0.036281109729729734,0.004061091351351351,0.03889898244,0.04275848144
2023,10,lanjian,input-mattcl,rust,0.0030645120850000002,0.00029888277314089374,0.00303355094,0.0026022250000000014,0.0004041662,0.00233984744,0.00569276944
2023,10,mattcl,input-mattcl,rust,0.001825047875,0.00017127612391774642,0.00184867444,0.001443035,0.00032342609999999996,0.00099916044,0.00221034644
2023,10,mattcl-py,input-mattcl,python,0.03972389334789474,0.0011467782870210636,0.03947892144,0.03589057736842105,0.0036879655263157896,0.03785163344,0.04355181644
