year,day,participant,input,language,mean,stddev,median,user,system,min,max
2023,10,lanjian,input-kcen,rust,0.0030220611300000016,0.00017754622437194648,0.0030125741400000004,0.0024020970999999998,0.000583063,0.00227531714,0.00476570114
2023,10,mattcl,input-kcen,rust,0.001796055545000001,0.0001716456020374978,0.0018117551400000003,0.0014154770999999999,0.00033499599999999995,0.0008234291400000001,0.0022292521400000005
2023,10,mattcl-py,input-kcen,python,0.039029806386753234,0.0010620595047181253,0.038747206140000004,0.03552781376623376,0.003361712987012988,0.03720425714,0.04264247114
2023,10,mattcl-ts,input-kcen,typescript (bun),0.01750716335019109,0.0003583005009834269,0.01748613214,0.01887389210191083,0.012065812101910827,0.01652685614,0.01855054514
2023,10,lanjian,input-lanjian,rust,0.0030651338100000014,0.00033071659862907556,0.0030175226400000004,0.0025180049999999985,0.00047620549999999995,0.0023102231400000004,0.00580471714
2023,10,mattcl,input-lanjian,rust,0.0017682566550000002,0.0002145341195118703,0.0018075371400000002,0.0013437042000000005,0.0004016455000000001,0.00080101714,0.0022423561400000003
2023,10,mattcl-py,input-lanjian,python,0.039867838126301375,0.0011106718222322252,0.03963899614,0.03478982657534247,0.004961558904109588,0.038175054140000005,0.04387365614
2023,10,mattcl-ts,input-lanjian,typescript (bun),0.017684404772530127,0.00043793802579987793,0.01764071614,0.020391190963855436,0.011016462048192774,0.01640375514,0.01891765214
2023,10,lanjian,input-mattcl,rust,0.0030212304950000004,0.00014742924576911199,0.0030134606400000004,0.0022289521000000002,0.0007217534999999998,0.0022759701400000003,0.0033504921400000004
2023,10,mattcl,input-mattcl,rust,0.0017850591549999997,0.0001661731528884531,0.00181616814,0.0012986020999999999,0.00047185449999999975,0.0008608491400000001,0.0022655801400000004
2023,10,mattcl-py,input-mattcl,python,0.03926305281105262,0.0011109059975573255,0.038879007640000005,0.0358391852631579,0.0033059763157894735,0.037828133140000005,0.04308384514
2023,10,mattcl-ts,input-mattcl,typescript (bun),0.017487087356867465,0.00043955167129903046,0.01747249164,0.01953180445783133,0.011208644578313253,0.01635628614,0.01880840814
