year,day,participant,input,language,mean,stddev,median,user,system,min,max
2023,7,mattcl,input-mattcl,rust,0.0013324440150000007,0.00021088749673324177,0.00134766992,0.0011716169999999996,0.00019268939999999996,0.00042053542000000004,0.0016305084199999998
