year,day,participant,input,language,mean,stddev,median,user,system,min,max
2023,7,kcen,input-mattcl,python,0.030845714781212112,0.0008984122709374836,0.030650294660000004,0.02683694383838384,0.003913423434343436,0.029561977660000002,0.033768843660000006
2023,7,mattcl,input-mattcl,rust,0.001235811145,0.00015691444763482582,0.0012382801600000003,0.0011475949999999997,0.00015335339999999995,0.0007036236600000002,0.0016601346600000001
2023,7,mattcl-py,input-mattcl,python,0.01772203296357143,0.002828351843198783,0.01742424116,0.014763494523809524,0.0026641445238095238,0.016623552660000002,0.053447098660000004
2023,7,pting,input-mattcl,python,0.01808265386000001,0.0007539504170346863,0.01782882316,0.014424116250000008,0.003580538,0.017163722660000002,0.020871905660000002
2023,7,kcen,input-pting,python,0.030863447598144342,0.000831345867973994,0.03064289066,0.027043529072164948,0.003733709690721649,0.029980350660000002,0.03375467766
2023,7,mattcl,input-pting,rust,0.0012405615699999993,0.0001928850690974434,0.00124272816,0.0011381999999999996,0.000148392,0.0005444356600000002,0.0018257346600000003
2023,7,mattcl-py,input-pting,python,0.017403815419036146,0.0004840738795442242,0.017303068660000004,0.013900475662650603,0.0033952626506024105,0.016672131660000002,0.01998434366
2023,7,pting,input-pting,python,0.017945215350909094,0.0006477992058592769,0.017788312660000003,0.015111541818181813,0.0027645607272727274,0.016896583660000002,0.02120629166
