year,day,participant,input,language,mean,stddev,median,user,system,min,max
2023,7,mattcl,input-mattcl,rust,0.001337587484999999,0.00016783607534942498,0.00133378326,0.0011684502999999998,0.0002044748,0.0004961462599999999,0.0018670602599999999
2023,7,mattcl-py,input-mattcl,python,0.01769361291060241,0.0006524627802126702,0.017556485260000004,0.014418403855421693,0.0031813648192771083,0.016633439260000004,0.020838494260000003
2023,7,pting,input-mattcl,python,0.018206557400243913,0.0005923773548369678,0.01809929626,0.014764116829268292,0.003326485121951218,0.01722433526,0.021238943260000004
2023,7,mattcl,input-pting,rust,0.0013395410650000007,0.00015450028403804364,0.00134509926,0.0012329399999999996,0.00014577699999999998,0.00082363926,0.0015715072599999998
2023,7,mattcl-py,input-pting,python,0.017765614946747,0.0007146106740732609,0.01758292576,0.014062072530120475,0.0035626371084337342,0.016731383260000003,0.020853333260000002
2023,7,pting,input-pting,python,0.018281009667185637,0.0006967874218632229,0.018159273260000004,0.01506603580838323,0.00309757604790419,0.017302361260000003,0.021703543260000003
