year,day,participant,input,language,mean,stddev,median,user,system,min,max
2023,7,kcen,input-kcen,python,0.020837645686530615,0.0007358082308544764,0.02068848836,0.01742726761904762,0.003315806802721088,0.019656285360000005,0.024677939360000005
2023,7,mattcl,input-kcen,rust,0.0013057118200000002,0.00019367022059294764,0.00132807736,0.0011137216999999998,0.0002071850000000001,0.00050675436,0.0020407273600000003
2023,7,mattcl-py,input-kcen,python,0.01748850124622754,0.000663025204911379,0.01736042636,0.013912555329341313,0.003455693173652696,0.016524109360000004,0.02063321436
2023,7,pting,input-kcen,python,0.01800722725221557,0.0007352160558680565,0.017842258360000002,0.014948202035928148,0.0029377805988023958,0.017051677360000003,0.021347783360000004
2023,7,kcen,input-mattcl,python,0.02112676288142856,0.0027853405987942796,0.020788705860000003,0.017824012857142857,0.0029835579999999986,0.019781630360000003,0.05296485136
2023,7,mattcl,input-mattcl,rust,0.00128256165,0.00015887729703469646,0.00127587936,0.001106215,0.00019975040000000009,0.00051214536,0.00174912136
2023,7,mattcl-py,input-mattcl,python,0.017482134620355028,0.0005217842665006284,0.01739340736,0.013935054319526623,0.003410591952662725,0.01653059136,0.020717563360000003
2023,7,pting,input-mattcl,python,0.018118147863105595,0.0008031585456317929,0.017924742360000002,0.014725133043478262,0.0032810081987577643,0.01715149436,0.021447971359999998
2023,7,kcen,input-pting,python,0.020740321359999998,0.0006654202645745424,0.02060977136,0.01727216366197182,0.003358430422535211,0.01964645636,0.024090869360000003
2023,7,mattcl,input-pting,rust,0.00125683973,0.00018354099028072515,0.0012662423600000002,0.0011014488999999993,0.00017876520000000004,0.0004924383600000001,0.00176955836
2023,7,mattcl-py,input-pting,python,0.017588813068333337,0.000845266015869556,0.01736969336,0.01456158309523809,0.0029194609523809536,0.016394427359999998,0.021204805360000002
2023,7,pting,input-pting,python,0.017972683162395208,0.0007053368160215551,0.017768049360000003,0.015125537365269452,0.0027545097005988017,0.01693986736,0.02116909836
