year,day,participant,input,language,mean,stddev,median,user,system,min,max
2023,7,mattcl,input-mattcl,rust,0.0012764059949999997,0.00016523891818009587,0.0012559388599999999,0.00111119,0.00019029949999999996,0.00042971135999999996,0.00179317436
2023,7,pting,input-mattcl,python,0.017983765141818188,0.0007748121579495354,0.01774901836,0.014648461212121213,0.0032260206060606062,0.01726864936,0.02149986136
