year,day,participant,input,language,mean,stddev,median,user,system,min,max
2023,7,mattcl,input-mattcl,rust,0.00126721403,0.00016452163960988084,0.0012512038400000003,0.0010906930000000004,0.00021760819999999995,0.0007233303400000003,0.0016879853400000003
