year,day,participant,input,language,mean,stddev,median,user,system,min,max
2023,7,kcen,input-kcen,python,0.031026158130000005,0.0008791216889810562,0.030799187380000002,0.027494050416666662,0.003415961458333334,0.02979729288,0.03437033988
2023,7,mattcl,input-kcen,rust,0.0012996248700000005,0.00019817345200824513,0.00132529038,0.0011358223000000002,0.0001735733,0.00053207088,0.0018136988800000003
2023,7,mattcl-py,input-kcen,python,0.017534631141904754,0.0005060975316224044,0.01745529388,0.014479420952380957,0.0029584067857142855,0.01634420888,0.02090189788
2023,7,pting,input-kcen,python,0.018177797262165594,0.0007808274486164605,0.01800752088,0.014828546369426753,0.0032179709554140128,0.01716545688,0.02170320688
2023,7,kcen,input-mattcl,python,0.030930538603404265,0.0007584458814022322,0.03089090938,0.027427146382978718,0.0033753172340425523,0.02960135688,0.03397248488
2023,7,mattcl,input-mattcl,rust,0.0012516010399999996,0.00018940664583964712,0.0012524393800000002,0.0011026995999999995,0.00018652449999999999,0.0004839308800000001,0.00152007988
2023,7,mattcl-py,input-mattcl,python,0.01762452432117647,0.0006514487531173709,0.01749553388,0.014670192941176479,0.0028504912941176475,0.01638792088,0.02098367088
2023,7,pting,input-mattcl,python,0.018187417690126582,0.0007517542530598469,0.018005722879999998,0.015151169493670886,0.0029171108860759497,0.01724951188,0.02120732988
2023,7,kcen,input-pting,python,0.031005634161249993,0.0009620182711512263,0.030805028380000002,0.026988414999999988,0.003885569166666668,0.02928610688,0.03407762188
2023,7,mattcl,input-pting,rust,0.001332287125000001,0.00017033570750432802,0.00138072938,0.0011647095999999999,0.00017415210000000004,0.00069316288,0.00183084188
2023,7,mattcl-py,input-pting,python,0.01757864510155688,0.0005584968942474553,0.01750690388,0.014148905269461082,0.003297304311377245,0.01690722188,0.02093023088
2023,7,pting,input-pting,python,0.018154775567500007,0.0006115818427168053,0.01804440588,0.01507945875,0.002977395249999999,0.01677886288,0.02092446988
