year,day,participant,input,language,mean,stddev,median,user,system,min,max
2023,23,mattcl,input-mattcl,rust,0.22685882588769227,0.00471329471572582,0.22600595058,0.22822675538461532,0.00439020923076923,0.22019369558000002,0.23570050958000002
