year,day,participant,input,language,mean,stddev,median,user,system,min,max
2023,23,mattcl,input-mattcl,rust,0.07050431420325584,0.0018954544414142302,0.07024868118000001,0.07284203860465115,0.0032516860465116285,0.06794845918,0.07520917418
