year,day,participant,input,language,mean,stddev,median,user,system,min,max
2023,23,mattcl,input-mattcl,rust,0.02671387199681818,0.005500245769678874,0.023306849940000002,0.08710388318181816,0.003002889545454546,0.020348219940000002,0.03515934794
