year,day,participant,input,language,mean,stddev,median,user,system,min,max
2023,23,mattcl,input-mattcl,rust,0.011279124839999998,0.00025032757345679974,0.011275572460000001,0.14725371000000004,0.0035324233999999986,0.010699964460000001,0.012539726460000001
2023,23,mattcl-py,input-mattcl,python,1.0754933821266668,0.027348955130207867,1.06329371646,12.205031079999998,0.055711906666666665,1.05636740546,1.10681902446
