year,day,participant,input,language,mean,stddev,median,user,system,min,max
2023,23,mattcl,input-mattcl,rust,0.011978098,0.0002522258906604429,0.011952687060000002,0.15943592500000006,0.0031442236000000013,0.01136119906,0.012649261060000002
2023,23,mattcl-py,input-mattcl,python,1.1486166023933333,0.030513146762024053,1.13376847706,12.937882339999996,0.05554354,1.1283693440600002,1.18371198606
