year,day,participant,input,language,mean,stddev,median,user,system,min,max
2023,23,mattcl,input-mattcl,rust,0.16216991069000003,0.035897768838651374,0.15189913154,0.16159593999999997,0.003907590000000001,0.14133489904000002,0.26561085004
