year,day,participant,input,language,mean,stddev,median,user,system,min,max
2023,23,mattcl,input-mattcl,rust,0.005823782955,0.00021073084519888298,0.00582677518,0.06825459999999997,0.002486211,0.005271008180000001,0.006619778180000001
2023,23,mattcl-py,input-mattcl,python,0.3811041020371429,0.009563309721106212,0.38240394518000004,3.7825513342857144,0.03588640285714285,0.37088962318,0.39444200218000003
