year,day,participant,input,language,mean,stddev,median,user,system,min,max
2023,23,mattcl,input-mattcl,rust,0.08596790327882355,0.0016599534693533548,0.08576218922,0.08796046117647059,0.003836960588235294,0.08271107422000001,0.09023140722
