year,day,participant,input,language,mean,stddev,median,user,system,min,max
2023,23,mattcl,input-mattcl,rust,0.0058323526600000015,0.00021383877253489312,0.005842385740000001,0.068737075,0.0019918946000000003,0.00525715174,0.00670864774
2023,23,mattcl-py,input-mattcl,python,0.3777533590257143,0.006593833388143132,0.37667083574000004,3.7770707714285714,0.05696808,0.36912306374000003,0.38653477974
