year,day,participant,input,language,mean,stddev,median,user,system,min,max
2023,23,mattcl,input-mattcl,rust,0.22783719910769232,0.0034306461655446772,0.22651535180000001,0.22820467538461536,0.005361492307692307,0.2226892808,0.23378898580000002
