year,day,participant,input,language,mean,stddev,median,user,system,min,max
2023,23,mattcl,input-lanjian,rust,0.005827620710000004,0.00020535572233464018,0.005825843400000001,0.06883107000000001,0.0017438318000000002,0.005193761400000001,0.006444330400000001
2023,23,mattcl-py,input-lanjian,python,0.37370487965000004,0.011759199507973246,0.37529008240000006,3.74330741,0.038597395,0.3575458094,0.38624196940000005
2023,23,mattcl,input-mattcl,rust,0.005795207625000001,0.0002444658256123461,0.005796323900000001,0.06769277999999995,0.0026965231000000006,0.0051207344,0.007251420400000001
2023,23,mattcl-py,input-mattcl,python,0.38660078554285715,0.011920309580725819,0.3791568444,3.8345738028571423,0.04398916285714286,0.37648002740000003,0.40621276740000006
