year,day,participant,input,language,mean,stddev,median,user,system,min,max
2023,23,lanjian,input-lanjian,rust,0.8840733096933334,0.0036474203079212247,0.88361091536,0.8839493266666666,0.0,0.8806791353600001,0.88792987836
2023,23,mattcl,input-lanjian,rust,0.007534846365000002,0.00022604362915399883,0.007533740860000001,0.09397104999999996,0.0031461659999999997,0.006658480360000001,0.008150208360000001
2023,23,mattcl-py,input-lanjian,python,0.45782808952666665,0.012590039754229107,0.46261649386000003,4.621678326666666,0.0423237,0.43299826636,0.46704252836
2023,23,lanjian,input-mattcl,rust,0.88995228936,0.0048402708580859224,0.8878856633600001,0.8898433266666667,0.0,0.88648837936,0.89548282536
2023,23,mattcl,input-mattcl,rust,0.007617966154999997,0.0003195163660116953,0.007589405360000001,0.09630583999999993,0.0025628389999999995,0.006729201360000001,0.009519258360000001
2023,23,mattcl-py,input-mattcl,python,0.4590063208600001,0.01142809725392347,0.45551221236000006,4.677902826666666,0.0591497,0.44934157236,0.47534269736
