year,day,participant,input,language,mean,stddev,median,user,system,min,max
2023,23,mattcl,input-mattcl,rust,0.011934857214999999,0.0003077053992560489,0.011921811300000001,0.15793213,0.0032285921000000006,0.011233622300000001,0.0132052043
