year,day,participant,input,language,mean,stddev,median,user,system,min,max
2023,23,mattcl,input-mattcl,rust,0.00594671143,0.0002177598695113983,0.0059530595600000005,0.06921892500000003,0.0024951675000000006,0.00542097006,0.00675557506
2023,23,mattcl-py,input-mattcl,python,0.38035154556,0.013089383931065401,0.38385003606,3.74057983,0.055853450000000006,0.36472879606,0.39559478006000004
