year,day,participant,input,language,mean,stddev,median,user,system,min,max
2023,23,lanjian,input-lanjian,rust,0.8781772267533334,0.004248979689691403,0.87962714042,0.8781155066666666,0.0,0.8733930654200001,0.88151147442
2023,23,mattcl,input-lanjian,rust,0.0075685183099999985,0.0002099638758728886,0.0075578059200000006,0.09475839499999995,0.0022347901,0.0069648394200000005,0.008234268420000001
2023,23,mattcl-py,input-lanjian,python,0.4573106440866667,0.011630791147870322,0.46174257342,4.663502006666666,0.03941319333333333,0.43807799342000003,0.46753510042
2023,23,lanjian,input-mattcl,rust,0.8824212020866667,0.003643144307906197,0.88176553942,0.8810021733333332,0.001320953333333333,0.87915041142,0.88634765542
2023,23,mattcl,input-mattcl,rust,0.007614442365000001,0.00022287083558050787,0.00761977242,0.09554120499999996,0.0025538330999999997,0.0069875124200000005,0.00829563242
2023,23,mattcl-py,input-mattcl,python,0.46277873242000006,0.013065793541499542,0.4617613904200001,4.708579506666667,0.050092693333333334,0.44954879942000003,0.47770792442000004
