year,day,participant,input,language,mean,stddev,median,user,system,min,max
2023,23,lanjian,input-lanjian,rust,0.028175833631923077,0.000620432225760348,0.02813621618,0.3520086234615384,0.0023316276923076914,0.02691959418,0.03047817418
2023,23,mattcl,input-lanjian,rust,0.007649645914999996,0.00019809030394717482,0.0076612901800000004,0.09525876500000001,0.0020630827999999993,0.00701187018,0.00815529018
2023,23,mattcl-py,input-lanjian,python,0.45694275534666673,0.009305987515422342,0.45970388718000005,4.63494896,0.02902437333333333,0.44088395418000004,0.46659097318000003
2023,23,lanjian,input-mattcl,rust,0.029738749073203882,0.0009752473244278931,0.02962748218,0.34967423669902903,0.004049516893203883,0.027478180180000002,0.03454949518000001
2023,23,mattcl,input-mattcl,rust,0.007750818255000003,0.00021700884759160027,0.00774197668,0.09350355499999997,0.003750016599999999,0.00728801718,0.00851161818
2023,23,mattcl-py,input-mattcl,python,0.46924681417999997,0.012265932751717418,0.47073342668000007,4.717830126666666,0.06824103999999999,0.44982723418000004,0.48651309418000005
