year,day,participant,input,language,mean,stddev,median,user,system,min,max
2023,23,lanjian,input-lanjian,rust,0.028872971616116506,0.0009332246771809554,0.02865797082,0.3573365763106798,0.0031085077669902915,0.02790813782,0.03350766082000001
2023,23,mattcl,input-lanjian,rust,0.007695754115000001,0.00022599604709630175,0.00768834882,0.09596559999999998,0.0022157008,0.00715543582,0.008653801820000001
2023,23,mattcl-py,input-lanjian,python,0.46202304348666673,0.013049365351290898,0.45942890682000004,4.699369953333332,0.03848751333333333,0.44390103282000004,0.47938554182000004
2023,23,lanjian,input-mattcl,rust,0.03044848198831682,0.0007622279321075835,0.03030482382,0.3606558031683168,0.0040339081188118815,0.02915152482,0.03399536282000001
2023,23,mattcl,input-mattcl,rust,0.007805756875000005,0.00022314836624760903,0.00778894732,0.09484825500000003,0.0035454025,0.00723169882,0.008717219820000002
2023,23,mattcl-py,input-mattcl,python,0.47884793382,0.008267393733447303,0.48051174332,4.774958786666666,0.03542234666666666,0.46744323382,0.48702811782000005
