year,day,participant,input,language,mean,stddev,median,user,system,min,max
2023,23,lanjian,input-lanjian,rust,0.8991840566066666,0.028292288613881927,0.8946996379400001,0.89779674,0.0013202200000000002,0.87340179294,0.9294507389400001
2023,23,mattcl,input-lanjian,rust,0.009658214390000001,0.0032687863937855815,0.00940830844,0.12125603499999997,0.002483446,0.00866837894,0.055393714940000005
2023,23,mattcl-py,input-lanjian,python,0.67773461094,0.013555623863453794,0.67705089694,7.33482599,0.03982516,0.66403282294,0.69280382694
2023,23,lanjian,input-mattcl,rust,0.88961799394,0.016202642160280105,0.88847579694,0.8879284066666666,0.0016164400000000002,0.8740166729400001,0.90636151194
2023,23,mattcl,input-mattcl,rust,0.009512916905000005,0.00022931121642862052,0.00948691444,0.12320252500000006,0.0029451425999999985,0.008769407940000001,0.01030389794
2023,23,mattcl-py,input-mattcl,python,0.68690537894,0.01465535432770992,0.6857330714400001,7.38693549,0.056320909999999995,0.67049925694,0.70565611594
