year,day,participant,input,language,mean,stddev,median,user,system,min,max
2023,23,mattcl,input-mattcl,rust,0.005639070395000002,0.00022133849534379012,0.00564960848,0.06680332499999998,0.0022766860000000004,0.0049604094800000005,0.0063621714800000005
2023,23,mattcl-py,input-mattcl,python,0.38058568473,0.007738390125528761,0.37950122748000004,3.7797025149999994,0.034826090000000004,0.37250436748000004,0.39289617648
