year,day,participant,input,language,mean,stddev,median,user,system,min,max
2023,23,mattcl,input-mattcl,rust,0.011212103769999999,0.00024590145131426095,0.011201928920000001,0.14849663999999996,0.0028924457000000002,0.01063356592,0.011764530920000002
2023,23,mattcl-py,input-mattcl,python,1.0866635909199998,0.02765736084080104,1.0806122219199998,12.223519920000001,0.06451158,1.06253296292,1.1168455879199999
