year,day,participant,input,language,mean,stddev,median,user,system,min,max
2023,23,lanjian,input-lanjian,rust,0.8850828150466667,0.016570334269247682,0.89202891738,0.8846580666666665,0.0003825266666666667,0.8661698893800001,0.8970496383800001
2023,23,mattcl,input-lanjian,rust,0.007931905574999999,0.004731779285185273,0.007576678880000001,0.09450261500000004,0.0031851496,0.007084012380000001,0.07441332838
2023,23,mattcl-py,input-lanjian,python,0.4541329478800001,0.013996686007704906,0.4507852478800001,4.647820733333333,0.03926908,0.44123697838000003,0.47771131138000006
2023,23,lanjian,input-mattcl,rust,0.8867329017133333,0.010511849538976806,0.89136165938,0.8864493999999999,0.00026786,0.87470101638,0.89413602938
2023,23,mattcl,input-mattcl,rust,0.007643969625000002,0.00025947632203885014,0.007619925380000001,0.09654375999999999,0.0026632516999999995,0.0069211383800000005,0.008705274380000001
2023,23,mattcl-py,input-mattcl,python,0.46205806021333334,0.012846116047061871,0.46130412838,4.742841733333333,0.025935913333333335,0.44745082238000006,0.47983463338000004
