year,day,participant,input,language,mean,stddev,median,user,system,min,max
2023,23,mattcl,input-mattcl,rust,0.005771687774999998,0.00021448091245972816,0.005795019540000001,0.06722659,0.0022519875,0.005186028540000001,0.0065988255400000004
2023,23,mattcl-py,input-mattcl,python,0.3827024723971429,0.008338704378348133,0.3826233995400001,3.8150893114285713,0.035804214285714286,0.37007235554000006,0.39515289054
