year,day,participant,input,language,mean,stddev,median,user,system,min,max
2023,23,mattcl,input-mattcl,rust,0.005830057589999996,0.00017570980785196585,0.005831028480000001,0.07005990999999996,0.0021414586000000004,0.005309566480000001,0.006299299480000001
2023,23,mattcl-py,input-mattcl,python,0.38351698848,0.009408123068877141,0.38233922598000003,3.81445955,0.036796819999999994,0.37268853348000003,0.39938086948000007
