year,day,participant,input,language,mean,stddev,median,user,system,min,max
2023,23,lanjian,input-lanjian,rust,0.8768019527666667,0.008485526485197056,0.8813442731000001,0.8764307266666665,0.00029084666666666663,0.8670121721,0.8820494131000001
2023,23,mattcl,input-lanjian,rust,0.007650484885000003,0.00021829531652652526,0.0076613186000000005,0.09460822499999999,0.0031318986000000004,0.0069661541,0.0082548141
2023,23,mattcl-py,input-lanjian,python,0.46318827876666674,0.018719087662179737,0.4648541816,4.6678433933333325,0.05113754,0.44166866810000005,0.48806628510000005
2023,23,lanjian,input-mattcl,rust,0.8885264561000001,0.005344230629180641,0.8890052281,0.8885003933333332,0.0,0.8829589481,0.8936151921000001
2023,23,mattcl,input-mattcl,rust,0.007750017909999998,0.000271518501965912,0.0077142786,0.09747974000000001,0.0018842816,0.0071646451,0.0088966361
2023,23,mattcl-py,input-mattcl,python,0.46699205976666675,0.009749037783130254,0.46579630110000003,4.730782393333333,0.04580420666666666,0.45292867410000004,0.48290515210000007
