year,day,participant,input,language,mean,stddev,median,user,system,min,max
2023,23,mattcl,input-mattcl,rust,0.005795838254999996,0.00021148248851007043,0.005801403500000001,0.06883677499999996,0.0017061887,0.005244896000000001,0.006587748000000001
2023,23,mattcl-py,input-mattcl,python,0.38485968857142866,0.002217049078558543,0.38459866000000004,3.76304538,0.06823260285714286,0.38157164000000005,0.38817270400000004
