year,day,participant,input,language,mean,stddev,median,user,system,min,max
2023,23,lanjian,input-lanjian,rust,0.028766103952621375,0.0005702694437032806,0.02870853904,0.35845553922330087,0.004204165048543688,0.02786976004,0.03067587104
2023,23,mattcl,input-lanjian,rust,0.007619799945000006,0.00020631809631608533,0.00762252754,0.096334595,0.0025744,0.00704407504,0.00802866704
2023,23,mattcl-py,input-lanjian,python,0.4626792362066667,0.012549574415530278,0.45845829604000005,4.760008513333332,0.03282583333333333,0.44808878304000005,0.48276854504000005
2023,23,lanjian,input-mattcl,rust,0.030397297505346532,0.0008063747506756722,0.030253320040000004,0.3604461799999999,0.003009554455445544,0.028852137040000003,0.033161122040000005
2023,23,mattcl,input-mattcl,rust,0.00776815881,0.00023045983724205677,0.00776345054,0.09596161999999996,0.0028589,0.00720333304,0.00864795604
2023,23,mattcl-py,input-mattcl,python,0.4752799153733334,0.0133775082333812,0.47738652404000004,4.831117513333332,0.033645166666666664,0.45168286204,0.48954566004000005
