year,day,participant,input,language,mean,stddev,median,user,system,min,max
2023,23,mattcl,input-mattcl,rust,0.029266791598740155,0.0047708578320052744,0.03003928552,0.09046001165354331,0.003504671811023621,0.020477793520000002,0.037376916520000004
