year,day,participant,input,language,mean,stddev,median,user,system,min,max
2023,23,mattcl,input-mattcl,rust,0.012053223980000001,0.00040691185731357135,0.011971553440000001,0.15919956000000002,0.0025746675999999994,0.01134583194,0.01404536894
2023,23,mattcl-py,input-mattcl,python,1.1572720292733336,0.007889357617567948,1.1576207279400001,13.085918826666665,0.04823764,1.1492141039400001,1.1649812559400001
