year,day,participant,input,language,mean,stddev,median,user,system,min,max
2023,23,mattcl,input-mattcl,rust,0.0058881734649999995,0.00039365676977287607,0.00583919146,0.06935838,0.0024177210000000003,0.00524833546,0.00866554146
2023,23,mattcl-py,input-mattcl,python,0.37428132995999996,0.00730741178875867,0.37139771645999997,3.7595270299999997,0.05215699,0.36608220046,0.38519410246
