year,day,participant,input,language,mean,stddev,median,user,system,min,max
2023,23,mattcl,input-mattcl,rust,0.005877508929999996,0.0002229565603834009,0.00587362116,0.06860654000000001,0.0019525618,0.00530219166,0.00678262266
2023,23,mattcl-py,input-mattcl,python,0.38237860666,0.006836890413927889,0.38277269266,3.8426980714285714,0.03196456857142856,0.37214977466,0.39112790166
