year,day,participant,input,language,mean,stddev,median,user,system,min,max
2023,23,lanjian,input-lanjian,rust,0.9125263055066667,0.0356493831340621,0.8924493478400001,0.9111225266666665,0.001320673333333333,0.89144300184,0.9536865668400001
2023,23,mattcl,input-lanjian,rust,0.007773688295,0.00018579104472557127,0.00776492234,0.09597230499999998,0.0023236671999999994,0.00729875884,0.008363131840000001
2023,23,mattcl-py,input-lanjian,python,0.4571484648400001,0.014814138309852332,0.45721177534,4.666966026666667,0.053516853333333336,0.44135126884000003,0.48026497384000005
2023,23,lanjian,input-mattcl,rust,0.8907468191733333,0.005711699128873538,0.8924931968400001,0.8891561933333332,0.001490013333333333,0.88436580584,0.8953814548400001
2023,23,mattcl,input-mattcl,rust,0.007822015185000001,0.0002358507509373346,0.007800198340000001,0.09563832999999995,0.0036924586000000002,0.0071094958400000005,0.008727282840000001
2023,23,mattcl-py,input-mattcl,python,0.46825565300666666,0.0075572825487192265,0.46891310084000004,4.76076886,0.041746686666666664,0.45450381984000005,0.47600605584000005
