year,day,participant,input,language,mean,stddev,median,user,system,min,max
2023,23,lanjian,input-lanjian,rust,0.1662091031775,0.005543700377923785,0.16459559174000002,0.1652727925,0.0008928375,0.16223307574,0.18467201474000003
2023,23,mattcl,input-lanjian,rust,0.007670364904999996,0.0005819589387055967,0.00760266324,0.09528625499999999,0.0023636924999999994,0.00715263174,0.01425807074
2023,23,mattcl-py,input-lanjian,python,0.46880519340666665,0.009347440394434749,0.47208508274000005,4.715289646666666,0.0363349,0.45156603674,0.47775921274000005
2023,23,lanjian,input-mattcl,rust,0.16382263296222224,0.001478073113763981,0.16404889224000002,0.16313803555555553,0.0006391888888888889,0.16125808874000003,0.16599406374000003
2023,23,mattcl,input-mattcl,rust,0.007626702574999998,0.0002638073617785534,0.00761148924,0.09583215500000002,0.0025679544999999996,0.00682797274,0.00853673174
2023,23,mattcl-py,input-mattcl,python,0.47209629340666676,0.01400177472826989,0.47395393224000004,4.732705646666666,0.041589233333333336,0.45212683374,0.48872485274000005
