year,day,participant,input,language,mean,stddev,median,user,system,min,max
2023,23,mattcl,input-mattcl,rust,0.005760881899999999,0.00019137286334930818,0.00577662926,0.06864709499999996,0.002043407699999999,0.00517543376,0.00656279076
2023,23,mattcl-py,input-mattcl,python,0.37553613976000005,0.006925133150669038,0.37369849476000006,3.82452978,0.03645076285714286,0.36881139576000005,0.38565151876000003
