year,day,participant,input,language,mean,stddev,median,user,system,min,max
2023,23,mattcl,input-mattcl,rust,0.0718326606707317,0.0017636760378706882,0.0714261255,0.07361475756097562,0.004071792682926828,0.06881925850000001,0.07716761750000001
