year,day,participant,input,language,mean,stddev,median,user,system,min,max
2023,23,lanjian,input-lanjian,rust,0.8880264985866667,0.002212921203573288,0.8877071579200001,0.8879873066666667,0.0,0.8859905969200002,0.8903817409200001
2023,23,mattcl,input-lanjian,rust,0.009282565330000006,0.0002613792658110077,0.009269641419999999,0.12059030000000007,0.002887091,0.00864710692,0.01021779492
2023,23,mattcl-py,input-lanjian,python,0.6671061611700001,0.012167954947777284,0.6690632994200001,7.25829589,0.06805080999999999,0.6509435579200001,0.6793544879200001
2023,23,lanjian,input-mattcl,rust,0.8940544469200001,0.011667243344649704,0.8885929759200001,0.8936733066666666,0.0003385199999999999,0.8861196389200001,0.9074507259200001
2023,23,mattcl,input-mattcl,rust,0.009455867545,0.0002510681685514178,0.009437369919999999,0.12356572499999997,0.0022697454000000002,0.00883926692,0.01049753792
2023,23,mattcl-py,input-mattcl,python,0.6734422529200002,0.016387801961649552,0.6718274454200002,7.29550939,0.04481755999999999,0.6566693079200001,0.69344481292
