year,day,participant,input,language,mean,stddev,median,user,system,min,max
2023,23,lanjian,input-lanjian,rust,0.028287124022857137,0.0005807598983659391,0.028228734680000003,0.354725399047619,0.002437187428571428,0.02696120268,0.03072255168
2023,23,mattcl,input-lanjian,rust,0.007537859554999997,0.00018160395688005215,0.007529676680000001,0.09586377500000001,0.0021916203999999993,0.00702522268,0.00798913568
2023,23,mattcl-py,input-lanjian,python,0.4555845815133333,0.016356132351080986,0.45102512118000004,4.645918413333334,0.06532370666666666,0.44056094768000004,0.4774901716800001
2023,23,lanjian,input-mattcl,rust,0.029894580103076926,0.0006591343233367504,0.02984158268,0.3549592338461541,0.0035510925000000002,0.028070007680000002,0.03276459168
2023,23,mattcl,input-mattcl,rust,0.007717299735,0.00027416454650758634,0.00768608468,0.09491041000000001,0.003472616800000001,0.00711993968,0.00887966268
2023,23,mattcl-py,input-mattcl,python,0.47133137568,0.011894998135736946,0.4716880411800001,4.824100246666666,0.04644853999999999,0.45871389168000004,0.48365881468000005
