year,day,participant,input,language,mean,stddev,median,user,system,min,max
2023,23,lanjian,input-lanjian,rust,0.8847975850666668,0.006118646891115821,0.8862223704000001,0.8832645199999999,0.0013065466666666668,0.8780922524000001,0.8900781324000001
2023,23,mattcl,input-lanjian,rust,0.009282865209999998,0.0002795633341280432,0.0092673349,0.121469115,0.0024733054000000004,0.0085812124,0.0108030484
2023,23,mattcl-py,input-lanjian,python,0.4469494442333333,0.007379685756163032,0.4459656624,4.651022186666666,0.05511347333333333,0.4397451914,0.4551977864
2023,23,lanjian,input-mattcl,rust,0.8833222514000001,0.008425323027247501,0.8872173604000001,0.8833408533333332,0.0,0.8736541294000001,0.8890952644000001
2023,23,mattcl,input-mattcl,rust,0.011111362085000005,0.007688819532290722,0.0095500399,0.12116974499999995,0.0032109842,0.0086742554,0.07198487540000001
2023,23,mattcl-py,input-mattcl,python,0.4753716065666667,0.008143064527651532,0.47607531040000006,4.736084186666667,0.04550914,0.4643289224,0.48435317140000006
