year,day,participant,input,language,mean,stddev,median,user,system,min,max
2023,23,mattcl,input-mattcl,rust,0.01184033028,0.0002606404443747735,0.011808288279999999,0.158714755,0.002653557500000002,0.01135495028,0.01280819828
2023,23,mattcl-py,input-mattcl,python,1.1425738326133332,0.021395857938305275,1.13611033228,12.832175400000002,0.0401295,1.12515491428,1.1664562512799999
