year,day,participant,input,language,mean,stddev,median,user,system,min,max
2023,23,mattcl,input-mattcl,rust,0.027632148764411762,0.005768150751338661,0.02368784736,0.08768968588235294,0.0045658626470588244,0.02101462386,0.03725599586
