year,day,participant,input,language,mean,stddev,median,user,system,min,max
2023,23,mattcl,input-mattcl,rust,0.14449919784,0.004461393653404793,0.14444418964,0.14636401,0.004233654,0.13412440214,0.15118569114
