year,day,participant,input,language,mean,stddev,median,user,system,min,max
2023,23,lanjian,input-lanjian,rust,0.8850829650733334,0.0029838385493042804,0.88614590774,0.8823544666666665,0.002653906666666667,0.88171320074,0.88738978674
2023,23,mattcl,input-lanjian,rust,0.007788768049999998,0.0029732631826209876,0.007571359740000001,0.093638885,0.003164168600000001,0.006977131740000001,0.04951308874
2023,23,mattcl-py,input-lanjian,python,0.4606127105733333,0.011363634898185036,0.45870181874000004,4.623161466666667,0.03582852666666666,0.44747276174000006,0.47961319874
2023,23,lanjian,input-mattcl,rust,0.9161380357400001,0.0448091845203284,0.8921310907400001,0.9158404666666665,0.00016878666666666665,0.8884475167400001,0.96783549974
2023,23,mattcl,input-mattcl,rust,0.007650848695000002,0.00025715281903166564,0.007628086240000001,0.09463153000000002,0.0037560096000000005,0.00696823574,0.00869994674
2023,23,mattcl-py,input-mattcl,python,0.4712026290733333,0.005062585435246329,0.46834149774,4.6929978,0.03943285999999999,0.46695129974000005,0.47777064074000003
