year,day,participant,input,language,mean,stddev,median,user,system,min,max
2023,23,mattcl,input-mattcl,rust,0.011897366075000002,0.00027310374821265055,0.011855594560000002,0.158170335,0.003241572400000001,0.01136707456,0.012734634560000001
2023,23,mattcl-py,input-mattcl,python,1.16249668556,0.004288964869664149,1.16033373456,12.85336264,0.053921319999999995,1.15971986456,1.16743645756
