year,day,participant,input,language,mean,stddev,median,user,system,min,max
2023,23,lanjian,input-lanjian,rust,0.028319470758076934,0.0008039765411886574,0.028202956960000004,0.35004894230769207,0.003011873461538461,0.02700374796,0.03250514196
2023,23,mattcl,input-lanjian,rust,0.007620745945000003,0.00020344840188806784,0.007636395460000001,0.09573404500000005,0.0022111988000000004,0.007035645960000001,0.00821917996
2023,23,mattcl-py,input-lanjian,python,0.4563993884600001,0.015639705482265814,0.45354974296000006,4.6105855,0.02627357333333333,0.43437101296,0.47628327496000006
2023,23,lanjian,input-mattcl,rust,0.029389255998461542,0.0008031547014380097,0.029371488460000005,0.35076651923076907,0.005318398846153847,0.027384239960000004,0.03172139596
2023,23,mattcl,input-mattcl,rust,0.007720744595,0.00034115094944298606,0.0076861874600000005,0.09422285999999998,0.0031336612000000003,0.0071795159600000005,0.01100703596
2023,23,mattcl-py,input-mattcl,python,0.46698944162666667,0.014163003258621923,0.46143856396000005,4.697320666666665,0.05992690666666667,0.45151012196000007,0.48662251996000006
