year,day,participant,input,language,mean,stddev,median,user,system,min,max
2023,23,mattcl,input-mattcl,rust,0.011137169780000003,0.00026264212775018814,0.01110778592,0.14830747499999997,0.0025001075,0.010624156420000001,0.01192383742
2023,23,mattcl-py,input-mattcl,python,1.1373811624199999,0.02150533867534257,1.14590905042,12.739635233333333,0.060001726666666665,1.11291979442,1.15331464242
