year,day,participant,input,language,mean,stddev,median,user,system,min,max
2023,23,mattcl,input-mattcl,rust,0.011318719805000006,0.0010056392342437258,0.01122925246,0.1469216849999999,0.0039538236,0.010621931460000001,0.024982623460000002
2023,23,mattcl-py,input-mattcl,python,0.6853454642100001,0.012985608729671088,0.68759785496,7.26911323,0.04940140999999999,0.66778653146,0.69839961546
