year,day,participant,input,language,mean,stddev,median,user,system,min,max
2023,23,mattcl,input-mattcl,rust,0.14479591341,0.005718602570068744,0.14399831355999998,0.14780429999999997,0.0029282799999999997,0.13559647856,0.15733260256
