year,day,participant,input,language,mean,stddev,median,user,system,min,max
2023,23,mattcl,input-mattcl,rust,0.01109674556999999,0.00028063150161039026,0.011071081980000001,0.14656332499999997,0.0031250050000000006,0.01031114948,0.01201324348
2023,23,mattcl-py,input-mattcl,python,1.071230911146667,0.009569900367189887,1.0702161224800002,11.955995193333331,0.06918579999999999,1.06220884348,1.0812677674800002
