year,day,participant,input,language,mean,stddev,median,user,system,min,max
2023,23,mattcl,input-mattcl,rust,0.011797792754999998,0.00028875517378330634,0.011747081380000001,0.15732460499999992,0.003130882,0.011138308380000001,0.012819721380000001
2023,23,mattcl-py,input-mattcl,python,1.1231443127133336,0.020347422698870007,1.1138742993800002,12.646307413333332,0.04103403333333333,1.1090825883800002,1.14647605038
