year,day,participant,input,language,mean,stddev,median,user,system,min,max
2023,23,mattcl,input-mattcl,rust,0.14642063961263158,0.006771722874839932,0.14415818456,0.1486308347368421,0.0036118042105263157,0.13749811456,0.15893160456
