year,day,participant,input,language,mean,stddev,median,user,system,min,max
2023,23,mattcl,input-mattcl,rust,0.011897251755000003,0.0002916478734530502,0.011850524800000001,0.1577063250000001,0.0034355793000000008,0.011223502300000002,0.012909375300000001
2023,23,mattcl-py,input-mattcl,python,1.1430779959666666,0.035848725001121136,1.1426392723,12.949597740000002,0.04134658,1.1074506463,1.1791440693000002
