year,day,participant,input,language,mean,stddev,median,user,system,min,max
2023,5,lanjian,input-lanjian,rust,0.0007888998900000003,0.00018297045160615386,0.0008618009600000001,0.0007191334999999999,0.00011305859999999999,0.0001310454600000001,0.0015202904600000004
2023,5,mattcl,input-lanjian,rust,0.0007490484100000004,0.0001808665821410757,0.0008239754600000001,0.0006867937999999998,0.00010964860000000002,0.00007227546000000012,0.0009248444600000002
2023,5,mattcl-py,input-lanjian,python,0.016852933660000007,0.0005614094774659045,0.01672140546,0.01400796857142857,0.002757621942857143,0.01586481846,0.02020818246
2023,5,pting,input-lanjian,python,0.01699367291348838,0.0005949587191205741,0.01688143946,0.0138590076744186,0.003023723023255813,0.01608458046,0.01986199346
2023,5,lanjian,input-mattcl,rust,0.0007829220800000006,0.00014181546710605346,0.0008230779600000001,0.0007230597000000002,0.00010131520000000002,0.00009903646000000005,0.0013642374600000002
2023,5,mattcl,input-mattcl,rust,0.0007750649500000002,0.00011473192562757305,0.0008034509600000001,0.0007087947,0.000111854,0.00011462546000000004,0.00118785746
2023,5,mattcl-py,input-mattcl,python,0.015042320288125001,0.00046417318326997387,0.015005306460000001,0.011629440208333336,0.0032951385416666655,0.013990533460000001,0.01804085746
2023,5,pting,input-mattcl,python,0.01510483899048781,0.000633542122402828,0.01500513546,0.012015035609756102,0.00299551731707317,0.01395146046,0.01827123046
2023,5,lanjian,input-pting,rust,0.0007380498550000003,0.00018814013902741558,0.0008179944600000002,0.0006774178999999998,0.00009981480000000005,0.00012012546000000012,0.0011950414600000003
2023,5,mattcl,input-pting,rust,0.0006759428250000002,0.0002113947609054043,0.0007638174600000001,0.0006233170000000002,0.00010192360000000001,0.00005702746000000008,0.0009267074600000001
2023,5,mattcl-py,input-pting,python,0.015450142902105262,0.0006011567664624349,0.015275552960000001,0.012525538947368423,0.0028205919999999985,0.014765987460000001,0.01827145946
2023,5,pting,input-pting,python,0.015739180354736836,0.0008678546086156042,0.015476934460000001,0.012528012631578949,0.0031145585263157903,0.01460904246,0.01922511846
