year,day,participant,input,language,mean,stddev,median,user,system,min,max
2023,5,lanjian,input-lanjian,rust,0.0008843748550000002,0.0001812090453287406,0.0009357546400000002,0.0007891998000000001,0.00015857229999999994,0.00012942964000000007,0.00150668064
2023,5,mattcl,input-lanjian,rust,0.000810924455,0.00018098785431739015,0.0008774111400000001,0.0007252048,0.00015638770000000004,0.00008715964000000011,0.0010180746400000002
2023,5,mattcl-py,input-lanjian,python,0.02139240732345324,0.0007198752413825368,0.02111630464,0.018253081438848916,0.0030268759712230213,0.02030284064,0.02443691764
2023,5,pting,input-lanjian,python,0.021071453534366198,0.0006079878914573563,0.02094629614,0.018283598309859147,0.00270362338028169,0.020195238639999998,0.02377207164
2023,5,lanjian,input-mattcl,rust,0.0008388325200000004,0.0001726623900145986,0.0008859921400000003,0.0007727374,0.0001242407,0.00009494464000000017,0.0013571996400000002
2023,5,mattcl,input-mattcl,rust,0.0007989599849999998,0.00015738349011433451,0.0008535961400000002,0.0007190767999999996,0.00014583499999999998,0.0000935626400000001,0.0012133406400000003
2023,5,mattcl-py,input-mattcl,python,0.01804075140397515,0.0008142974617679765,0.01783850364,0.014936761987577638,0.0030200822360248445,0.01695693064,0.02144616264
2023,5,pting,input-mattcl,python,0.01790933160385543,0.0013594251195396998,0.017641838639999997,0.015023060722891562,0.002713169638554216,0.01690412164,0.03254466964
