year,day,participant,input,language,mean,stddev,median,user,system,min,max
2023,5,mattcl,input-lanjian,rust,0.0008209440950000004,0.0002054743943202788,0.0008971022400000001,0.0007243626999999997,0.00015302599999999998,0.00012505274000000003,0.00128291974
2023,5,mattcl,input-mattcl,rust,0.0008362208550000005,0.00017140392463034566,0.0009013452400000001,0.0007374145000000003,0.000147102,0.00022078174000000005,0.0012870777400000003
