year,day,participant,input,language,mean,stddev,median,user,system,min,max
2023,5,lanjian,input-lanjian,rust,0.0008907443200000002,0.00012838830995355946,0.0009322656400000001,0.0007455293000000002,0.00018433139999999998,0.00024130313999999999,0.00130606514
2023,5,mattcl,input-lanjian,rust,0.0009423020850000005,0.0035672641604104034,0.00077364314,0.0006261547999999999,0.0001241442,0.00003079813999999994,0.05099321014000001
2023,5,mattcl-py,input-lanjian,python,0.021410414125294115,0.0006733338037478885,0.02119462314,0.0185027844117647,0.0028037429411764707,0.02060964914,0.02427563114
2023,5,lanjian,input-mattcl,rust,0.0008123090649999996,0.00015422519918768717,0.00086640714,0.0007098129000000004,0.0001490462,0.00010259213999999997,0.00100684514
2023,5,mattcl,input-mattcl,rust,0.0008428465200000003,0.00014577501308969974,0.00086799064,0.0007002286000000001,0.00017050319999999998,0.00020257914000000002,0.00127195114
2023,5,mattcl-py,input-mattcl,python,0.01782848323146342,0.0005770912390336421,0.017693764639999998,0.014854684878048776,0.0028863095121951223,0.016839460139999998,0.02091667214
