year,day,participant,input,language,mean,stddev,median,user,system,min,max
2025,3,kcen,input-lanjian,nim,0.0010044981650000001,0.00019326276391942566,0.0010046663,0.0008174744,0.00027961699999999996,0.00036136230000000005,0.0016661442999999997
2025,3,lanjian,input-lanjian,rust,0.004063281209999999,0.00029490068083503436,0.0040471608000000004,0.0005750210000000001,0.007382483400000004,0.0033119443000000004,0.0049398723
2025,3,mattcl,input-lanjian,rust,0.0005645430125000003,0.0001985514219827738,0.0006082293,0.0005525614000000002,0.0001779283,0.0,0.0012646732999999997
2025,3,mattcl-py,input-lanjian,python,0.021185338570676684,0.0006791264121320831,0.021103446300000002,0.016198303157894733,0.004898246466165411,0.0199692333,0.0247348223
2025,3,whyando,input-lanjian,rust,0.0005728139319999999,0.00016930727864660186,0.0006002643,0.0005678776,0.00016988939999999997,0.0,0.0011041923
2025,3,kcen,input-mattcl,nim,0.0010012311250000004,0.00020050440208795324,0.0010195687999999998,0.000789743,0.0002876353,0.0004239792999999999,0.0016016833000000001
2025,3,lanjian,input-mattcl,rust,0.0040589506,0.0002997224998039078,0.0040272183,0.0005312095999999999,0.007436766700000003,0.0033481323,0.0049501313000000005
2025,3,mattcl,input-mattcl,rust,0.0006123517335000002,0.00015633228538687057,0.0006252257999999999,0.0005553968,0.000196936,0.0,0.0012179263
2025,3,mattcl-py,input-mattcl,python,0.021190454430434786,0.0006756884926941315,0.0211093278,0.016390612463768117,0.004706829275362318,0.0199063153,0.0242568493
2025,3,whyando,input-mattcl,rust,0.000584947075,0.00014735716777877924,0.0006108888,0.0005560164000000002,0.00019531159999999992,0.00006188129999999995,0.0010794862999999998
2025,3,kcen,input-whyando,nim,0.0009735154449999998,0.000164472430763732,0.0009923083,0.0008291586000000001,0.0002695809,0.0003290923,0.0015411403
2025,3,lanjian,input-whyando,rust,0.004111495150000002,0.00032371323106797763,0.0040984228,0.0006404424,0.007325838400000002,0.0032060963,0.0051271733
2025,3,mattcl,input-whyando,rust,0.0005910624405,0.00016662145033715468,0.0006221208,0.0005750268000000003,0.0001800866,0.0,0.0011475742999999998
2025,3,mattcl-py,input-whyando,python,0.02128488305362319,0.0006793501081696274,0.021190769800000002,0.016394358840579718,0.004788682608695651,0.0201217393,0.0246589713
2025,3,whyando,input-whyando,rust,0.0005810757249999999,0.00014389211365751958,0.0006059253,0.0005383012000000001,0.0002025432,0.00009583529999999984,0.0010878423
