year,day,participant,input,language,mean,stddev,median,user,system,min,max
2025,3,mattcl,input-mattcl,rust,0.0014389656800000005,0.00011698820802540473,0.00143406004,0.0011127699999999997,0.0003916494000000002,0.00087864004,0.0022270860400000004
