year,day,participant,input,language,mean,stddev,median,user,system,min,max
2025,3,mattcl,input-mattcl,rust,0.0014501752000000004,0.00021403654469727778,0.0015004233000000002,0.0011729415999999998,0.00032386740000000006,0.0005080693000000001,0.0019740053
