year,day,participant,input,language,mean,stddev,median,user,system,min,max
2025,3,kcen,input-lanjian,nim,0.0009378663949999996,0.00014161257916169,0.0009654972800000001,0.0008396869999999998,0.00023555849999999995,0.0003663512800000001,0.0014475752800000002
2025,3,lanjian,input-lanjian,rust,0.008622558395000002,0.00007686977510056755,0.00861586228,0.017826230000000002,0.082767395,0.00842091728,0.00885524128
2025,3,mattcl,input-lanjian,rust,0.0005982367236,0.0001690983185739055,0.00061392878,0.0005823710000000003,0.000177875,0.0,0.0012309192799999998
2025,3,mattcl-py,input-lanjian,python,0.021104610046917303,0.0006142530533615468,0.02104532228,0.01585276240601503,0.005149000751879698,0.02007956328,0.02439212128
2025,3,whyando,input-lanjian,rust,0.0005507403872,0.00016321421127528805,0.00058078228,0.000575246,0.00014610149999999997,0.0,0.00106704328
2025,3,kcen,input-mattcl,nim,0.0009333452950000003,0.0001547748529657113,0.0009673712800000001,0.0007739270000000005,0.0002802154999999999,0.0003403112800000001,0.00148897328
2025,3,lanjian,input-mattcl,rust,0.008621275429999997,0.00007291464715512434,0.008622855280000001,0.017410524000000007,0.08245506999999998,0.00838103228,0.00881421228
2025,3,mattcl,input-mattcl,rust,0.0005937547830000004,0.0001736287605635921,0.00060397028,0.0005624720000000001,0.000188206,0.0,0.0012223332800000001
2025,3,mattcl-py,input-mattcl,python,0.021147350155,0.0005985996301126232,0.02103645578,0.01663593235294119,0.004433133823529411,0.02023767028,0.02376434528
2025,3,whyando,input-mattcl,rust,0.0005572873622000003,0.00015434692638907656,0.0005888222800000001,0.0005462329999999998,0.00018361100000000006,0.0,0.00102061528
2025,3,kcen,input-whyando,nim,0.0009440570500000002,0.00014142860849140876,0.0009783112800000001,0.0008228710000000003,0.00025850600000000004,0.00035848528000000004,0.00146194328
2025,3,lanjian,input-whyando,rust,0.008673731594999998,0.00030190247960595965,0.00861975428,0.016861743000000002,0.083072435,0.00838718328,0.01158343028
2025,3,mattcl,input-whyando,rust,0.0005638864879999998,0.00016237057273981942,0.00060082978,0.000573547,0.00016232650000000003,0.0,0.0008016252800000001
2025,3,mattcl-py,input-whyando,python,0.021329305939420284,0.0007375612597903186,0.02113226578,0.016213640579710146,0.005020719565217392,0.02040483328,0.02483467128
2025,3,whyando,input-whyando,rust,0.0005704784722000002,0.00015185671187541795,0.00058822028,0.0005666499999999998,0.00017915199999999997,0.0,0.0010587372799999999
