year,day,participant,input,language,mean,stddev,median,user,system,min,max
2025,3,mattcl,input-mattcl,rust,0.0014291807999999996,0.00011324034065307166,0.0014206679799999996,0.0012434017999999997,0.0003008104,0.0005454694799999997,0.0021243354799999996
