year,day,participant,input,language,mean,stddev,median,user,system,min,max
2025,3,kcen,input-lanjian,nim,0.0010236236000000004,0.00017629692455353602,0.0010352640000000001,0.0007788030000000005,0.0003306926999999999,0.0004857990000000001,0.001985007
2025,3,lanjian,input-lanjian,rust,0.004137920629999999,0.0003239485833506881,0.004107946500000001,0.0005521636000000003,0.007394782399999998,0.003286614,0.005187774
2025,3,mattcl,input-lanjian,rust,0.0005843791449999999,0.00016621031390677568,0.0006136545,0.0005792484000000002,0.00019151209999999994,0.0,0.001212682
2025,3,mattcl-py,input-lanjian,python,0.021221202014492752,0.0008097602731758122,0.021049564,0.016193895942028986,0.004947572753623191,0.020207297,0.025048372
2025,3,whyando,input-lanjian,rust,0.0005740802399999998,0.0001643450288842263,0.0006102880000000001,0.0006000867999999998,0.0001707719,0.0,0.0011891370000000003
2025,3,kcen,input-mattcl,nim,0.0009622830700000005,0.00016095118200635036,0.0009840675,0.0008073194000000001,0.0002986231999999999,0.00022500100000000006,0.0015160490000000002
2025,3,lanjian,input-mattcl,rust,0.004077739634999997,0.00030944324434809564,0.004059817,0.0008050833999999999,0.007152877399999996,0.003332631,0.0052998540000000005
2025,3,mattcl,input-mattcl,rust,0.0005802301,0.0001556087712710386,0.0006032495000000001,0.0005891018000000002,0.0001777695,0.0,0.001023697
2025,3,mattcl-py,input-mattcl,python,0.021152242308823524,0.0006133643604480494,0.0210428165,0.016475162352941178,0.004605463529411764,0.020206085000000002,0.023978378
2025,3,whyando,input-mattcl,rust,0.00054979442,0.00016798181442935573,0.0005927200000000001,0.0005451877999999997,0.0002057609,0.0,0.00101432
2025,3,kcen,input-whyando,nim,0.0009648025400000003,0.0001412094772373891,0.000984899,0.0009032836000000005,0.00021079209999999994,0.0004363470000000001,0.001483097
2025,3,lanjian,input-whyando,rust,0.004092794229999999,0.00031326880323389217,0.0041110775,0.0007321103999999999,0.007270398599999994,0.0032023470000000004,0.005399461
2025,3,mattcl,input-whyando,rust,0.00057766133,0.0001631079321571579,0.0006122415000000002,0.0005845526000000001,0.00018011639999999991,0.0,0.001037011
2025,3,mattcl-py,input-whyando,python,0.021428662525925932,0.0007341416248155518,0.021220866,0.016640554074074082,0.004713177037037037,0.020321611,0.024541443
2025,3,whyando,input-whyando,rust,0.0005685881499999999,0.00014960949233740078,0.000604923,0.000576334,0.00017917899999999993,0.0,0.0010111540000000002
