year,day,participant,input,language,mean,stddev,median,user,system,min,max
2025,3,kcen,input-mattcl,nim,0.0013667482200000005,0.00019945059093330015,0.00139977406,0.0011669152,0.0002681516000000001,0.00069016506,0.0020124520600000003
2025,3,lanjian,input-mattcl,rust,0.0013941522150000003,0.00037158009727619946,0.00131850656,0.0029640347999999998,0.0015108052000000003,0.00082708106,0.00291306906
2025,3,mattcl,input-mattcl,rust,0.0009486550949999999,0.00019694716451392272,0.0009417460599999999,0.0008071127999999993,0.0002760825999999999,0.00041860505999999993,0.00167492006
2025,3,mattcl-py,input-mattcl,python,0.021104043164477615,0.0007095764908542144,0.02101174456,0.016783584477611944,0.004287537910447762,0.01985543306,0.02438397806
