year,day,participant,input,language,mean,stddev,median,user,system,min,max
2025,3,mattcl,input-mattcl,rust,0.001447296945,0.00016290485644005075,0.00145094996,0.0012150355,0.0003641185999999999,0.0005020879600000001,0.00215351096
