year,day,participant,input,language,mean,stddev,median,user,system,min,max
2025,3,kcen,input-mattcl,nim,0.0012302030949999999,0.00045747646028433247,0.0014581320000000002,0.0010806236000000006,0.000245715,0.00020421250000000012,0.0022051725
2025,3,mattcl,input-mattcl,rust,0.0011291324550000003,0.0004134384356285441,0.0013074700000000002,0.0009410797999999992,0.000302055,0.00030830850000000004,0.0016997145
