year,day,participant,input,language,mean,stddev,median,user,system,min,max
2025,3,kcen,input-mattcl,nim,0.0014201464800000002,0.00012919708461282196,0.0014424911200000003,0.0011524265000000002,0.000348615,0.0006020521200000001,0.0017118711200000002
2025,3,mattcl,input-mattcl,rust,0.0010513113600000006,0.0001578355939598725,0.0010885876200000001,0.0008880079999999996,0.00028994,0.0003890131200000002,0.0017174721200000002
