year,day,participant,input,language,mean,stddev,median,user,system,min,max
2025,3,kcen,input-lanjian,nim,0.0014268535699999995,0.00016736020231048634,0.00146098408,0.0011603112000000003,0.0003216414000000001,0.0006438795799999999,0.00182175458
2025,3,lanjian,input-lanjian,rust,0.0013891568249999988,0.00029904343294128957,0.00134026308,0.0030092750000000022,0.0013632754999999997,0.00088627258,0.00246326658
2025,3,mattcl,input-lanjian,rust,0.00110631139,0.00019268325910115573,0.00112787558,0.0008741866000000002,0.0003037388,0.00062146658,0.00247855458
2025,3,mattcl-py,input-lanjian,python,0.02078642374901409,0.0005211647561647419,0.020711452580000005,0.015528110140845075,0.0051584133802816895,0.019751339580000003,0.02341057058
2025,3,kcen,input-mattcl,nim,0.0014020358649999998,0.00020214291440437187,0.00145017408,0.0011353004,0.00031019850000000004,0.00025074257999999994,0.00177281358
2025,3,lanjian,input-mattcl,rust,0.0014128587850000007,0.0002844572260479552,0.00137468758,0.0029373425999999997,0.0014148046999999993,0.00090689258,0.00241417458
2025,3,mattcl,input-mattcl,rust,0.00107933458,0.00018192500480032416,0.0011193345799999999,0.0008511870000000001,0.00032842040000000003,0.00044281258000000007,0.0017765895800000001
2025,3,mattcl-py,input-mattcl,python,0.020923877087352948,0.0005881582649330215,0.020823758080000004,0.01603664058823529,0.004800064264705881,0.019512912580000003,0.023373241580000002
2025,3,kcen,input-whyando,nim,0.0014204863599999997,0.00018095556146370534,0.00145443208,0.0010918570000000001,0.00036315750000000003,0.0004311505800000001,0.0018531935799999998
2025,3,lanjian,input-whyando,rust,0.0013942401700000008,0.00028850900236993373,0.00136742908,0.0029081033999999993,0.0014876178999999998,0.0009023335800000001,0.00262323558
2025,3,mattcl,input-whyando,rust,0.0010653228150000005,0.00016522259339917016,0.00112249058,0.0008846061999999997,0.0002805921999999999,0.00041203558,0.00167169458
2025,3,mattcl-py,input-whyando,python,0.02128428985205883,0.0009093952722901852,0.021101707580000004,0.016640795000000014,0.0045582983823529415,0.019673183580000003,0.027055626580000002
