year,day,participant,input,language,mean,stddev,median,user,system,min,max
2025,3,kcen,input-lanjian,nim,0.0009492333850000004,0.000156668045394179,0.00100436976,0.0008945740000000002,0.00021918329999999993,0.00025570276,0.00115722176
2025,3,lanjian,input-lanjian,rust,0.004058939279999999,0.00029658378705243045,0.004023686760000001,0.0007175444,0.007172505200000002,0.00340700576,0.005020407760000001
2025,3,mattcl,input-lanjian,rust,0.0006074654948000002,0.0001861464137489498,0.00066792976,0.0006106148,0.00017298609999999995,0.0,0.00086081576
2025,3,mattcl-py,input-lanjian,python,0.022969247857744363,0.003578847196514588,0.02151744476,0.017412530225563917,0.005466634285714285,0.02028757076,0.033149554760000005
2025,3,whyando,input-lanjian,rust,0.0005923645211999999,0.00015655380497695055,0.00064280776,0.000616952,0.0001675348,0.0,0.00082624076
2025,3,kcen,input-mattcl,nim,0.000960802505,0.00015049142262844634,0.0010129012600000001,0.0008332927999999997,0.0002658063999999999,0.00034769475999999995,0.0011533537600000002
2025,3,lanjian,input-mattcl,rust,0.004061372069999999,0.00030978834697094224,0.00402415726,0.0008322541999999999,0.007110341499999998,0.00335212376,0.0049498167600000005
2025,3,mattcl,input-mattcl,rust,0.0005465522447999999,0.0002061880484093128,0.0006242227600000001,0.0005727538,0.00017167480000000003,0.0,0.00082269376
2025,3,mattcl-py,input-mattcl,python,0.021468105619259253,0.0007140291166464102,0.02136973676,0.016690106666666666,0.0046939237037037064,0.020310342760000002,0.027976143760000002
2025,3,whyando,input-mattcl,rust,0.0004997893020000003,0.00023635032085009503,0.0005978332600000001,0.0005350331999999999,0.0001549398,0.0,0.0008186767600000002
2025,3,kcen,input-whyando,nim,0.0009677727462000003,0.00015425533488167334,0.00101987376,0.0008278139999999997,0.00028125009999999996,0.0,0.0011546967600000002
2025,3,lanjian,input-whyando,rust,0.004054420495,0.00029463550616268833,0.00405190426,0.0005655923999999999,0.007342550199999996,0.00321216076,0.004867772760000001
2025,3,mattcl,input-whyando,rust,0.0005424126896000003,0.00021255382752714653,0.0006338457600000001,0.0005777019999999998,0.00015704480000000004,0.0,0.00079796876
2025,3,mattcl-py,input-whyando,python,0.023035937282727275,0.003611444454921104,0.02165826276,0.017656727878787873,0.005303569242424242,0.02056149376,0.03363023676
2025,3,whyando,input-whyando,rust,0.0005611833009999999,0.0001861700263590258,0.00063045926,0.0005836948000000003,0.0001643422,0.0,0.0008371517600000002
