year,day,participant,input,language,mean,stddev,median,user,system,min,max
2025,3,kcen,input-lanjian,nim,0.0009378203900000001,0.0001495173550284872,0.00098952956,0.0007863738000000002,0.0002581335,0.00038413506000000005,0.0014884640599999999
2025,3,lanjian,input-lanjian,rust,0.008676924145000004,0.0003406882649725519,0.00862315306,0.017232462799999994,0.08284615,0.00842281306,0.01200178706
2025,3,mattcl,input-lanjian,rust,0.0005907205997,0.000163840844770148,0.00061505306,0.0005301264,0.0002093415,0.0,0.0010439510600000002
2025,3,mattcl-py,input-lanjian,python,0.02114808090210526,0.0005712050259444588,0.021090179060000002,0.016522438496240615,0.00452062932330827,0.02022157206,0.023917375060000003
2025,3,whyando,input-lanjian,rust,0.0005597878778999998,0.00018516834477062222,0.00060320106,0.0005340114,0.00018238900000000006,0.0,0.0010744890599999998
2025,3,kcen,input-mattcl,nim,0.00094701809,0.000135068152681091,0.0009865740600000002,0.0007638391999999995,0.00028421549999999994,0.00043689405999999993,0.0013916630600000002
2025,3,lanjian,input-mattcl,rust,0.008628122359999997,0.00007727007541313613,0.00862594806,0.0166126466,0.08411131,0.00842046806,0.00885142606
2025,3,mattcl,input-mattcl,rust,0.0006037668838,0.00020924996149179195,0.00063776556,0.0005390418000000001,0.0001931685,0.0,0.00118087806
2025,3,mattcl-py,input-mattcl,python,0.021234738632463772,0.0006573300543766657,0.021104330560000002,0.016162735652173917,0.00495019855072464,0.02031344406,0.02429853806
2025,3,whyando,input-mattcl,rust,0.0006017470250000001,0.00015942980709889772,0.00062412006,0.0005596674,0.00018184500000000003,9.634059999999987e-6,0.0015663800600000002
2025,3,kcen,input-whyando,nim,0.0009529309099999992,0.00015951043563576354,0.00099192906,0.0008055435999999999,0.00025171399999999994,0.0002122740599999999,0.00148241306
2025,3,lanjian,input-whyando,rust,0.008635121230000006,0.00007429514518710476,0.00863306156,0.01867408819999999,0.08173980500000003,0.00845395106,0.00891608606
2025,3,mattcl,input-whyando,rust,0.0006043487597000001,0.00015291236924158425,0.00063183406,0.0005594475999999998,0.00018186899999999998,0.0,0.0010239040600000002
2025,3,mattcl-py,input-whyando,python,0.021342853963703702,0.0006105003172921284,0.02125814406,0.016469906666666662,0.004773015555555557,0.02003418106,0.02443922206
2025,3,whyando,input-whyando,rust,0.0005757435441000002,0.00014492901074004662,0.0006098430600000001,0.0005252463999999999,0.00020506099999999995,0.0,0.00104098606
