year,day,participant,input,language,mean,stddev,median,user,system,min,max
2025,3,kcen,input-lanjian,nim,0.0014244573150000001,0.0002633144539159941,0.0014259384800000001,0.00108467,0.0003607747,0.0006159159800000003,0.00230666398
2025,3,lanjian,input-lanjian,rust,0.0013439033400000002,0.0003058996032901904,0.00131385348,0.0028204998000000005,0.0015625048999999996,0.0008471889800000002,0.0026368119800000006
2025,3,mattcl,input-lanjian,rust,0.0010813733,0.00020607139896863916,0.0011176109800000002,0.000852192,0.0003382214,0.00013133798000000024,0.0017897849800000002
2025,3,mattcl-py,input-lanjian,python,0.020931102756978417,0.0005753653748672501,0.020890010980000002,0.01595914589928057,0.004880689208633092,0.019898682980000002,0.023447732980000004
2025,3,kcen,input-mattcl,nim,0.0014114427200000008,0.00016753069613383644,0.0014510754800000003,0.0011025571999999995,0.00037521310000000003,0.0006584559800000003,0.0021242119800000004
2025,3,lanjian,input-mattcl,rust,0.001397423815000001,0.00029291207303025626,0.0013702639800000002,0.0029443451999999998,0.0014391226999999997,0.0008772259800000001,0.00250354198
2025,3,mattcl,input-mattcl,rust,0.001067237690000001,0.00018074477238375723,0.0011002834800000003,0.0008457924,0.0003219864,0.00047807798000000013,0.00174552198
2025,3,mattcl-py,input-mattcl,python,0.020819143929275367,0.0005440735429974523,0.020730526480000004,0.016047744637681154,0.0046671634782608695,0.01978662298,0.022875319980000003
