year,day,participant,input,language,mean,stddev,median,user,system,min,max
2025,5,kcen,input-lanjian,nim,0.0013651073100000004,0.0001783682607188939,0.0013832780000000002,0.0010952066000000005,0.0003447627999999998,0.0005336615,0.0020439805
2025,5,lanjian,input-lanjian,rust,0.001292745909999999,0.00018399898266649033,0.0013334595,0.0010279831999999995,0.0003718569999999999,0.0005854685000000001,0.0020273595
2025,5,mattcl,input-lanjian,rust,0.0010037693800000003,0.00016419548778590678,0.001041538,0.0008622539999999999,0.00029469139999999995,0.00037705850000000006,0.0017121985
2025,5,mattcl-py,input-lanjian,python,0.017968035644654094,0.0005151323407893469,0.0179135035,0.013376229937106913,0.004499623396226417,0.017067027499999998,0.0210402495
2025,5,whyando,input-lanjian,rust,0.0006337582225000001,0.00012594052188869646,0.000652008,0.0006185403999999998,0.00018978959999999998,0.0,0.0011561375
2025,5,kcen,input-mattcl,nim,0.0013021451399999997,0.00023272125319241394,0.0013587875,0.0010470806000000001,0.00034877279999999985,0.0005374285,0.0019845085
2025,5,lanjian,input-mattcl,rust,0.0012871446400000005,0.00024582660722770804,0.001326832,0.0009910039999999995,0.00038147619999999986,0.0005354754999999999,0.0024395215000000002
2025,5,mattcl,input-mattcl,rust,0.00099543791,0.00019699541721514925,0.001035747,0.0008239173999999995,0.00029416279999999994,0.00010936750000000003,0.0017214664999999998
2025,5,mattcl-py,input-mattcl,python,0.01802896034337349,0.0006480208583415044,0.017936436,0.013416032771084335,0.004525424096385539,0.0169385365,0.0213256925
2025,5,whyando,input-mattcl,rust,0.0005473346499999996,0.00018744831483791173,0.000582248,0.0005710611999999998,0.000160844,0.0,0.0009727635
