year,day,participant,input,language,mean,stddev,median,user,system,min,max
2025,5,kcen,input-lanjian,nim,0.001378539405,0.00019832144568628795,0.0014122269399999999,0.0010075165,0.00040727009999999987,0.00060221044,0.00206038044
2025,5,lanjian,input-lanjian,rust,0.0007298493501999997,0.0003302653585776643,0.00083684544,0.0006234412000000001,0.0002252415,0.0,0.0015125954399999998
2025,5,mattcl,input-lanjian,rust,0.0006557018949999996,0.0001554494653477537,0.00069236944,0.0005775136000000001,0.00020854889999999998,0.000023757439999999878,0.00111707544
2025,5,mattcl-py,input-lanjian,python,0.018303233497692313,0.0006909705408710389,0.01818420594,0.013861634871794874,0.004322102435897435,0.01733275244,0.02170345444
2025,5,whyando,input-lanjian,rust,0.0007052723950000003,0.0001222687343699736,0.00072936344,0.0006004436999999997,0.00023345859999999996,0.0002858084399999999,0.00104053144
2025,5,kcen,input-mattcl,nim,0.0013833709699999995,0.00021564614279993879,0.00141071944,0.0010845382000000002,0.0003212228,0.00028185143999999993,0.00203850944
2025,5,lanjian,input-mattcl,rust,0.0009568508699999999,0.00014032480693312638,0.00098319894,0.0007837231999999999,0.0002687399,0.00038181844,0.00155691744
2025,5,mattcl,input-mattcl,rust,0.0006971933477999997,0.0001559524267456939,0.0007115454399999999,0.0006203772000000001,0.00019852680000000009,0.0,0.00142650344
2025,5,mattcl-py,input-mattcl,python,0.018304859202500003,0.0007457139138539506,0.01816865144,0.013388521250000004,0.004806840250000003,0.01719785944,0.02155046844
2025,5,whyando,input-mattcl,rust,0.0006958790249999994,0.0001417019642838173,0.00071266744,0.0006229537999999999,0.0002050418,0.00023507243999999988,0.00118523244
2025,5,kcen,input-whyando,nim,0.0014115549950000008,0.00015343508521613758,0.00143964844,0.0010888199,0.00036977249999999994,0.00070293844,0.00211632544
2025,5,lanjian,input-whyando,rust,0.0010007934100000001,0.00019589180834232774,0.00101164244,0.0007721048000000001,0.000291077,0.00042275544,0.0019034264400000001
2025,5,mattcl,input-whyando,rust,0.0006652567155999999,0.00016137472569477572,0.0007091859399999999,0.0006014270000000005,0.00018505340000000002,0.0,0.00101069444
2025,5,mattcl-py,input-whyando,python,0.01828013376258064,0.0006754426420293654,0.01822004344,0.013139036774193553,0.005027072129032257,0.01721552244,0.021519039440000002
2025,5,whyando,input-whyando,rust,0.0006944832527999998,0.00013517100985935602,0.00072156394,0.000609027,0.0002144443999999999,0.0,0.0011382744399999999
