year,day,participant,input,language,mean,stddev,median,user,system,min,max
2025,5,kcen,input-lanjian,nim,0.001343697865,0.0001865289274437791,0.00137177236,0.0012024585000000004,0.0002438789999999999,0.00067851836,0.00210084336
2025,5,lanjian,input-lanjian,rust,0.00102335038,0.0001954686818575684,0.00100372336,0.0008293280000000002,0.00027546449999999996,0.00057113836,0.00212636036
2025,5,mattcl,input-lanjian,rust,0.0006212626077999998,0.00017282827675775236,0.00066221836,0.0006032900000000001,0.000197239,0.0,0.00109826536
2025,5,mattcl-py,input-lanjian,python,0.018158413859999997,0.0004987283293952457,0.018137628359999998,0.013496536708860758,0.004576558227848099,0.01696394436,0.02109525336
2025,5,whyando,input-lanjian,rust,0.000663850215,0.00015419066432263416,0.00070465286,0.0006521425,0.00019238999999999988,0.00001491635999999988,0.0012352713599999999
2025,5,kcen,input-mattcl,nim,0.0013610192949999997,0.00014586110902199527,0.00137871486,0.001072364500000001,0.0003671299999999998,0.00060724536,0.00169137636
2025,5,lanjian,input-mattcl,rust,0.0009330961150000009,0.00014927437464886276,0.00094723186,0.0007981635000000002,0.000286902,0.0003435313600000001,0.0015568443600000002
2025,5,mattcl,input-mattcl,rust,0.0006517500582,0.00013442377095629373,0.00066557386,0.0006567754999999999,0.00017799399999999992,0.0,0.0012664293600000002
2025,5,mattcl-py,input-mattcl,python,0.0182107178156962,0.0006644586375354162,0.01814002286,0.013576030379746836,0.004542882278481011,0.017305253359999998,0.02155059636
2025,5,whyando,input-mattcl,rust,0.0005991743895999999,0.0001993145831027484,0.0006649833599999999,0.0005887019999999999,0.00018526299999999996,0.0,0.0012005173600000002
2025,5,kcen,input-whyando,nim,0.0013498155899999992,0.00015393520161629818,0.00138039336,0.0011321934999999996,0.0003279115000000001,0.00049380336,0.0017509673600000003
2025,5,lanjian,input-whyando,rust,0.0009081544531999998,0.0001656289996618536,0.00094696186,0.0008088074999999994,0.0002593965,0.0,0.00149376536
2025,5,mattcl,input-whyando,rust,0.0006092973832,0.00016027158757597973,0.00065508536,0.0005943275,0.00018750399999999996,0.0,0.00104747936
2025,5,mattcl-py,input-whyando,python,0.018151467353710694,0.0005139016908346775,0.01810669536,0.013554408176100636,0.004505608176100628,0.01704039736,0.02166056236
2025,5,whyando,input-whyando,rust,0.0006758297050000005,0.0001448651397627059,0.00071030286,0.0006500060000000001,0.00020377149999999992,0.00007015936000000006,0.0012279483599999998
