year,day,participant,input,language,mean,stddev,median,user,system,min,max
2025,5,kcen,input-lanjian,nim,0.001294625500000001,0.00023263012716821856,0.0013682750000000002,0.0010039424000000006,0.0003933705000000002,0.0006256545000000002,0.0020480185
2025,5,mattcl,input-lanjian,rust,0.001025788745,0.00018833203345856533,0.0010674725000000003,0.0008159484000000003,0.0002999509999999999,0.0003536055000000003,0.0017366855000000004
2025,5,kcen,input-mattcl,nim,0.0013292875250000002,0.00019930452658056182,0.0013948400000000003,0.0010196956,0.00036012699999999985,0.0006071995000000003,0.0021823915000000003
2025,5,mattcl,input-mattcl,rust,0.0010628518099999999,0.00021391099043167742,0.0010948530000000002,0.0008201189999999993,0.00029351500000000005,0.00041279550000000026,0.0018043515000000004
