year,day,participant,input,language,mean,stddev,median,user,system,min,max
2025,5,kcen,input-lanjian,nim,0.0013568536050000003,0.00018200355891623336,0.001407228,0.0010738059999999996,0.00036099869999999993,0.0007161085000000001,0.0020820565
2025,5,lanjian,input-lanjian,rust,0.0013072037750000004,0.00018978553796618677,0.0013417755,0.0009604364999999998,0.000423594,0.0006560854999999999,0.0020387365
2025,5,mattcl,input-lanjian,rust,0.0010314929349999997,0.0001764831135051684,0.001060178,0.0008109834999999999,0.00033365040000000003,0.0005640135,0.0020647855
2025,5,kcen,input-mattcl,nim,0.0013391516400000003,0.0002362852334698679,0.0013689865,0.0010810319999999996,0.0003099027000000001,0.0005426424999999999,0.0021266905
2025,5,lanjian,input-mattcl,rust,0.00131946322,0.00021962526331181827,0.0013510179999999998,0.0009674264999999995,0.0003956523000000001,0.0006111315000000001,0.0020737515
2025,5,mattcl,input-mattcl,rust,0.001063182015,0.0002199614697190272,0.0010844124999999998,0.0008123234999999996,0.00032309610000000007,0.0004017194999999999,0.0017928755
