year,day,participant,input,language,mean,stddev,median,user,system,min,max
2025,5,kcen,input-lanjian,nim,0.0013711829899999994,0.00021202413982444396,0.0014059851800000002,0.0010247884,0.0003821488000000002,0.0006659446800000001,0.0024322826800000003
2025,5,lanjian,input-lanjian,rust,0.0013584907299999999,0.00022834301179875007,0.00138734618,0.0009681610000000006,0.0003978263999999999,0.0005408296800000003,0.0021208096800000003
2025,5,mattcl,input-lanjian,rust,0.0010531346350000008,0.0001889554532980946,0.0010718246800000002,0.0008347891999999996,0.0002952623999999999,0.00016144868000000023,0.0017196376800000003
2025,5,mattcl-py,input-lanjian,python,0.018153683908395054,0.0006636216984916633,0.018081973180000002,0.013239758765432093,0.00479958765432099,0.01716086168,0.02107065568
2025,5,kcen,input-mattcl,nim,0.0014230660550000004,0.00014936121368777704,0.00143371268,0.0011514949999999991,0.00030638719999999994,0.0006559156800000002,0.00208791768
2025,5,lanjian,input-mattcl,rust,0.0013603562299999994,0.0001740763866494885,0.00136753868,0.0010073241999999992,0.0004082308,0.0007211676800000002,0.00206965368
2025,5,mattcl,input-mattcl,rust,0.0010298755349999998,0.00011455088596080782,0.0010736126800000001,0.0008183233999999998,0.0003103494,0.0005312916800000001,0.00158327268
2025,5,mattcl-py,input-mattcl,python,0.018122074994814805,0.0006853050324749529,0.018000029180000002,0.01313370320987655,0.0048843481481481476,0.01672266168,0.02140909968
