year,day,participant,input,language,mean,stddev,median,user,system,min,max
2024,8,kcen,input-kcen,nim,0.0014003504700000001,0.00018483615247770474,0.0013928387200000004,0.0009811955000000002,0.00047247219999999995,0.0008059147200000005,0.0025348997200000003
2024,8,lanjian,input-kcen,rust,0.0013126168100000008,0.0002402578061149267,0.0013763477200000004,0.0009620189999999999,0.00045366829999999995,0.0003243837200000004,0.0021509817200000003
2024,8,mattcl,input-kcen,rust,0.0012899244299999996,0.0002146578065273461,0.0013426997200000003,0.0010066585,0.00040087550000000014,0.00048807072000000044,0.0020996067200000005
2024,8,mattcl-py,input-kcen,python,0.016226682103720927,0.0006340606382382549,0.01608721972,0.01134106860465116,0.004816149186046509,0.015012818720000001,0.01910036772
2024,8,kcen,input-lanjian,nim,0.0014108351950000003,0.0001488919821397272,0.0013882857200000003,0.0009615909999999996,0.0004958022,0.0007977097200000004,0.0021386187200000003
2024,8,lanjian,input-lanjian,rust,0.0013692643800000005,0.00017708062358718,0.0013921117200000003,0.0009882310000000007,0.00044018940000000025,0.0007007387200000005,0.0018257037200000003
2024,8,mattcl,input-lanjian,rust,0.0013408418900000005,0.0002142379046371057,0.0013639147200000003,0.0009732114999999997,0.00043723329999999986,0.0005962227200000005,0.0025613597200000006
2024,8,mattcl-py,input-lanjian,python,0.016546445632790705,0.0006598318484608051,0.016440008720000003,0.011757877325581397,0.004710655813953486,0.015500790720000001,0.019781642720000003
2024,8,kcen,input-mattcl,nim,0.0014442577900000005,0.00019564783364159265,0.0014112327200000005,0.0010889199999999995,0.0004286005,0.0008345387200000004,0.0023996067200000005
2024,8,lanjian,input-mattcl,rust,0.0013942967850000005,0.00013435211208234023,0.0014097057200000002,0.000977975,0.0004758148000000002,0.0007197537200000005,0.0017399737200000003
2024,8,mattcl,input-mattcl,rust,0.0013375893800000008,0.0001827752444421532,0.0013670652200000004,0.0009982364999999995,0.0003966003,0.0006898577200000004,0.0020994347200000004
2024,8,mattcl-py,input-mattcl,python,0.016523482435909082,0.0005497938204966234,0.016436081720000002,0.012195809090909095,0.004280570227272725,0.01542281472,0.01915039072
