year,day,participant,input,language,mean,stddev,median,user,system,min,max
2024,8,kcen,input-kcen,nim,0.0014117763200000005,0.00014419709363507998,0.0013983632200000005,0.0009970758,0.0004772939,0.0008476917200000004,0.0021113977200000003
2024,8,lanjian,input-kcen,rust,0.0014041829200000006,0.000165870803323084,0.0014222027200000004,0.0011211899999999991,0.0003613850999999999,0.0007262547200000003,0.0018403407200000004
2024,8,mattcl,input-kcen,rust,0.0012820301999999998,0.00024835448444736243,0.0013195752200000006,0.0010197203999999995,0.00037500709999999994,0.0005108717200000004,0.0025187007200000006
2024,8,mattcl-py,input-kcen,python,0.016404589765454555,0.0007182667649135447,0.01622227322,0.011054323863636356,0.005297496249999999,0.015123155720000002,0.01962568472
2024,8,kcen,input-lanjian,nim,0.001423338725,0.0001628782451419698,0.0014127252200000005,0.00099952,0.0005112212999999997,0.0007897637200000003,0.0023356677200000006
2024,8,lanjian,input-lanjian,rust,0.001404720475,0.00010147064050318005,0.0014168377200000006,0.0009994107999999995,0.0005172924000000001,0.0006936737200000003,0.0016748107200000003
2024,8,mattcl,input-lanjian,rust,0.0013379510700000006,0.0001655188078375607,0.0013581077200000005,0.0010575753999999995,0.0003624659999999999,0.0006878637200000003,0.0018374847200000005
2024,8,mattcl-py,input-lanjian,python,0.016552899800745348,0.0005733313402512871,0.01650638572,0.011471795776397514,0.005023091428571429,0.015280018720000002,0.01980411772
2024,8,kcen,input-mattcl,nim,0.001458063075000001,0.00020236372674372024,0.0014247877200000004,0.0010570111999999993,0.0004858775999999998,0.0006205377200000004,0.0024329097200000006
2024,8,lanjian,input-mattcl,rust,0.0014049144599999998,0.0001440847925257846,0.0014093187200000005,0.0010420099999999995,0.00043940670000000006,0.0007200437200000004,0.0018928787200000003
2024,8,mattcl,input-mattcl,rust,0.0013197113050000004,0.00023477457491691874,0.0013472822200000004,0.0010060657999999994,0.0004042092999999999,0.0005697227200000003,0.0023479207200000005
2024,8,mattcl-py,input-mattcl,python,0.016556843025084752,0.0005473889685505841,0.01646675172,0.011635196836158181,0.0048847493785310735,0.01571382172,0.01996192272
