year,day,participant,input,language,mean,stddev,median,user,system,min,max
2024,8,kcen,input-kcen,nim,0.0014123379699999999,0.00010996998612990803,0.0014137985400000002,0.0009960599999999994,0.00050526,0.0007830540400000001,0.0017833650400000001
2024,8,lanjian,input-kcen,rust,0.0014096024100000001,0.00017970477848573233,0.00140123504,0.0010590975999999997,0.00040250499999999994,0.00077221304,0.00279462604
2024,8,mattcl,input-kcen,rust,0.0013105120699999997,0.0002241500215014368,0.00135496804,0.0009850226,0.00043440999999999993,0.0005285680399999999,0.0021269770400000002
2024,8,mattcl-py,input-kcen,python,0.016617635861428576,0.0006592047379259467,0.016491223540000002,0.011218254047619048,0.00532782738095238,0.015439863040000001,0.019346889040000002
2024,8,kcen,input-lanjian,nim,0.0014494933350000009,0.00017191714633671876,0.0014234720400000001,0.0009996649999999994,0.0005247450000000001,0.0007503930400000001,0.00226900304
2024,8,lanjian,input-lanjian,rust,0.00140046278,0.00017262936168791295,0.00141295754,0.0010258300000000001,0.0004557800000000002,0.00069243504,0.00235368104
2024,8,mattcl,input-lanjian,rust,0.001273364,0.0002485831820054167,0.00133832254,0.0010343953999999995,0.0003657599999999999,0.00022479003999999994,0.0020878740400000003
2024,8,mattcl-py,input-lanjian,python,0.01682267320091955,0.0006568617576774924,0.01672805704,0.012284974252873561,0.004476844827586206,0.01570706204,0.01953958004
2024,8,kcen,input-mattcl,nim,0.0014654487350000004,0.000204558902859537,0.00141937404,0.0010267451999999995,0.0005142149999999997,0.00080593604,0.0024633360400000003
2024,8,lanjian,input-mattcl,rust,0.0013873052550000004,0.00019588239315022695,0.00139965154,0.0009482226,0.0005142500000000001,0.00021122504000000005,0.0024718530400000003
2024,8,mattcl,input-mattcl,rust,0.00135798276,0.00021706253308947102,0.00138669254,0.0010244128000000004,0.00039288500000000004,0.0006414490399999999,0.00258816004
2024,8,mattcl-py,input-mattcl,python,0.016906868757514126,0.0005989921218492581,0.016797302040000003,0.011914039322033897,0.004917367231638416,0.015754431040000003,0.01948371604
