year,day,participant,input,language,mean,stddev,median,user,system,min,max
2024,8,lanjian,input-mattcl,rust,0.0014045638350000003,0.0001314018601030139,0.00141201676,0.0010400300000000004,0.00042181639999999985,0.0006613667600000004,0.0019017687600000003
2024,8,mattcl,input-mattcl,rust,0.0012115340749999997,0.0002501481806192106,0.0012318797600000002,0.0008827784000000004,0.00036816799999999966,0.0005216347600000003,0.00246993276
2024,8,mattcl-py,input-mattcl,python,0.01642611680597701,0.0006504607768045577,0.01624875476,0.01135804413793104,0.004998181609195404,0.015535875760000002,0.01937092476
