year,day,participant,input,language,mean,stddev,median,user,system,min,max
2024,8,kcen,input-kcen,nim,0.0014431828350000007,0.00020639737416911164,0.0014113176,0.0010156600000000003,0.0004631069999999999,0.0007272871000000001,0.0023045901
2024,8,lanjian,input-kcen,rust,0.0013896275900000007,0.0001959674175768989,0.0013867621000000002,0.0009842582,0.0004219628000000001,0.0007703471,0.0024836060999999998
2024,8,mattcl,input-kcen,rust,0.0012831842699999995,0.000234904872534358,0.0013100781000000001,0.00089716,0.00041936180000000004,0.0006153781,0.0019100111000000003
2024,8,mattcl-py,input-kcen,python,0.016517578713095234,0.00047429204848051536,0.016486091100000003,0.011248961666666663,0.005177652142857143,0.0155163761,0.019338462100000002
2024,8,kcen,input-lanjian,nim,0.0014451609450000006,0.00020933403533801052,0.0014220176,0.0010656215999999997,0.0004313386,0.0007740941000000002,0.0027268011000000005
2024,8,lanjian,input-lanjian,rust,0.0013687028699999998,0.00019577151738727898,0.0013955431000000002,0.0009588631999999999,0.00043845179999999986,0.0006696481000000002,0.0018167461
2024,8,mattcl,input-lanjian,rust,0.0012574360549999996,0.00019612906401558937,0.0013075031,0.0009252082000000001,0.00040504740000000004,0.00043340610000000015,0.0019828371
2024,8,mattcl-py,input-lanjian,python,0.016681961026966285,0.0005761422546775268,0.016600250100000002,0.011520713707865162,0.005076935056179775,0.0153806111,0.0197813301
2024,8,kcen,input-mattcl,nim,0.0015346626299999999,0.0003013265278749366,0.0014317361000000001,0.0010904499999999995,0.0004794016000000004,0.0008026781000000001,0.0027467171000000005
2024,8,lanjian,input-mattcl,rust,0.0013891017650000006,0.00017348967915903904,0.0013788416000000002,0.0009983797999999998,0.0004284378000000001,0.0007678921000000001,0.0018984591000000002
2024,8,mattcl,input-mattcl,rust,0.0013176516900000003,0.0002108904237360239,0.0013299451000000002,0.0009501564,0.00043118659999999995,0.0005366601,0.0020229221000000004
2024,8,mattcl-py,input-mattcl,python,0.016856935842690067,0.0006568805488866684,0.0167813441,0.011903060116959059,0.004855799532163742,0.015760783100000002,0.0201106671
