year,day,participant,input,language,mean,stddev,median,user,system,min,max
2024,8,kcen,input-kcen,nim,0.0014618643549999999,0.0002659169235131962,0.00141760698,0.0009924,0.0005022944,0.0007128674800000001,0.00234390148
2024,8,lanjian,input-kcen,rust,0.001391589145,0.00019587313159275454,0.0013769454800000001,0.00094723,0.00048379499999999997,0.0006400904800000001,0.00212917848
2024,8,mattcl,input-kcen,rust,0.0013413080199999997,0.00025616876049531676,0.00132339048,0.0009857124,0.00038257700000000005,0.00067122948,0.00260250548
2024,8,mattcl-py,input-kcen,python,0.01659230938285714,0.000506891161166974,0.01653821848,0.01196705428571429,0.004562004342857146,0.01565864148,0.01938555048
2024,8,kcen,input-lanjian,nim,0.0014432430200000002,0.000209900845074821,0.00140904548,0.0010394500000000001,0.00046510520000000007,0.0007913044800000001,0.0023039864800000003
2024,8,lanjian,input-lanjian,rust,0.0013790332949999997,0.00021574992370921816,0.0013966924800000002,0.0009794873999999997,0.00047392899999999983,0.00020766148000000008,0.00276424848
2024,8,mattcl,input-lanjian,rust,0.0013267776400000004,0.00018913590874529605,0.00133436148,0.0010202474,0.0003842641999999999,0.0006311944800000001,0.00196452148
2024,8,mattcl-py,input-lanjian,python,0.016746179785882356,0.0006204889891856677,0.01663062198,0.011683340823529412,0.005000578352941174,0.01579590948,0.01989051548
2024,8,kcen,input-mattcl,nim,0.00146501065,0.00026519947489687647,0.0014227569800000003,0.0010625260999999999,0.00048099679999999976,0.00043887348000000003,0.00255564748
2024,8,lanjian,input-mattcl,rust,0.0013673096000000001,0.00019823262479899494,0.00138665898,0.0010935600000000001,0.0003551200000000002,0.0006421044800000001,0.00211970148
2024,8,mattcl,input-mattcl,rust,0.0012350507450000004,0.000208744614063254,0.00130290748,0.0009990735000000002,0.00036233039999999993,0.0005111694800000002,0.00198399748
2024,8,mattcl-py,input-mattcl,python,0.01683647152191617,0.0006813138588214927,0.016714988479999998,0.011739468023952095,0.005013377245508983,0.01537437848,0.02023715448
