year,day,participant,input,language,mean,stddev,median,user,system,min,max
2024,8,kcen,input-kcen,nim,0.001407748965,0.00014773400524628212,0.0014044672599999996,0.0009867769,0.00048133929999999973,0.00033552525999999965,0.0021253272599999996
2024,8,lanjian,input-kcen,rust,0.0013789447500000013,0.00015989728880888522,0.0013945887599999998,0.0009352338,0.0005033958000000002,0.0006731782599999997,0.0018239732599999998
2024,8,mattcl,input-kcen,rust,0.0013287588299999995,0.00022113483899065345,0.0013274332599999997,0.0009951119000000002,0.0003923163000000001,0.0005872772599999997,0.0020480532599999996
2024,8,mattcl-py,input-kcen,python,0.016543738366508874,0.0005621162902318033,0.01645213326,0.011220858934911251,0.005253618224852071,0.01539772826,0.02014233526
2024,8,kcen,input-lanjian,nim,0.0014790360850000003,0.00021841375899159512,0.0014264837599999997,0.0009822099999999999,0.0005273923,0.0008002862599999998,0.00234802526
2024,8,lanjian,input-lanjian,rust,0.0014006158700000002,0.0001763630400395384,0.0014016022599999997,0.0010255725999999995,0.00042494320000000007,0.0007799082599999997,0.0020451972599999997
2024,8,mattcl,input-lanjian,rust,0.0012897194049999994,0.00023975178453440377,0.0012952477599999996,0.0009094456999999997,0.0004352966000000001,0.0006238252599999997,0.0025259082599999997
2024,8,mattcl-py,input-lanjian,python,0.016693335007126442,0.0006438394444169228,0.01655407976,0.01145590379310345,0.005144609310344828,0.01533724526,0.020017611260000002
2024,8,kcen,input-mattcl,nim,0.0014913520349999995,0.0002508514779453998,0.0014240897599999997,0.0010864699999999995,0.0004567578000000001,0.0008767092599999998,0.00243434626
2024,8,lanjian,input-mattcl,rust,0.0014005571549999994,0.00019848881793828245,0.0013944087599999998,0.0009408057,0.00048324809999999996,0.0006782072599999998,0.0021880042599999997
2024,8,mattcl,input-mattcl,rust,0.00126182762,0.00024090095844612525,0.0012943462599999999,0.0010043495,0.0003527047999999999,0.0005553472599999998,0.00203981826
2024,8,mattcl-py,input-mattcl,python,0.016710118242954538,0.0006544210200098181,0.01658565776,0.011994960909090906,0.004640834545454545,0.01586385126,0.01953973626
