year,day,participant,input,language,mean,stddev,median,user,system,min,max
2024,8,kcen,input-kcen,nim,0.0013840139100000006,0.00013374666141855858,0.0013841824600000004,0.0010517,0.00039288999999999996,0.0007052074600000003,0.0018064664600000004
2024,8,lanjian,input-kcen,rust,0.0013474469850000002,0.00019326311166196643,0.0013838364600000004,0.0009182145000000004,0.00048076,0.0004872784600000002,0.0020755004600000004
2024,8,mattcl,input-kcen,rust,0.0012725929900000003,0.00022839497578085814,0.0013180734600000002,0.0009721995,0.00035243499999999996,0.0005403684600000004,0.0020805694600000003
2024,8,mattcl-py,input-kcen,python,0.016233571379540235,0.0006464855430293183,0.01607840346,0.011288240229885057,0.00485864655172414,0.01542859746,0.01988029546
2024,8,kcen,input-lanjian,nim,0.0013899749600000005,0.00017504554002746697,0.0013893519600000003,0.0009211665000000002,0.0005119974999999998,0.0007522444600000003,0.0022245884600000003
2024,8,lanjian,input-lanjian,rust,0.001343959275000001,0.0002137510101451479,0.0013928634600000004,0.0010228280000000004,0.000379875,0.00017805046000000024,0.0016233644600000003
2024,8,mattcl,input-lanjian,rust,0.0012948453200000004,0.00022856342586192373,0.0013304314600000003,0.0009357279999999994,0.0004024299999999998,0.0004968874600000002,0.0026549544600000005
2024,8,mattcl-py,input-lanjian,python,0.016427417804632773,0.0006292212852453563,0.01627135446,0.011369498305084743,0.004955799435028245,0.015279719460000002,0.01972351146
2024,8,kcen,input-mattcl,nim,0.0014196084399999993,0.00017625849902875318,0.0014050864600000004,0.0010058500000000004,0.00046038999999999976,0.0008927774600000003,0.0022376244600000005
2024,8,lanjian,input-mattcl,rust,0.0013828118450000008,0.00016129808999992804,0.0013947469600000004,0.0010432965000000002,0.00037604249999999983,0.0005390354600000003,0.0017088534600000005
2024,8,mattcl,input-mattcl,rust,0.0013101667799999992,0.00020639979095833847,0.0013299754600000003,0.000966443,0.00040091749999999994,0.0006700914600000004,0.0024557014600000006
2024,8,mattcl-py,input-mattcl,python,0.01651087346564973,0.0005811763478981221,0.01637475746,0.011600592655367227,0.0048229124293785305,0.01570528546,0.01929127346
