year,day,participant,input,language,mean,stddev,median,user,system,min,max
2024,8,kcen,input-kcen,nim,0.0013824329900000004,0.00019889713094016777,0.0013829480199999999,0.0009530777000000004,0.0004940801999999999,0.0004014610199999998,0.00221889202
2024,8,lanjian,input-kcen,rust,0.001366030045,0.00013789235450462262,0.0013662120199999998,0.0009455504000000001,0.0004804902,0.0007648610199999998,0.0018520860199999999
2024,8,mattcl,input-kcen,rust,0.0013133357149999996,0.00021999503757763692,0.0013344425199999998,0.0010504631000000002,0.00036800750000000006,0.0006439550199999998,0.0025430190199999996
2024,8,mattcl-py,input-kcen,python,0.016331877765664755,0.0005275502110641509,0.01625680402,0.011488223005780344,0.004767444161849712,0.015524664020000002,0.019433017020000002
2024,8,kcen,input-lanjian,nim,0.0014584453849999992,0.00023887153566887334,0.0013952415199999996,0.001043399999999999,0.00044705589999999995,0.0007877340199999997,0.0026658390199999996
2024,8,lanjian,input-lanjian,rust,0.0013657054199999986,0.00013260456274617977,0.0013800980199999999,0.0010663953999999998,0.0003745693999999998,0.0006671190199999998,0.0018393020199999998
2024,8,mattcl,input-lanjian,rust,0.0013502596599999999,0.00015603304148005957,0.0013649750199999997,0.0009778753999999995,0.00045951590000000006,0.0006216730199999998,0.0024489230199999995
2024,8,mattcl-py,input-lanjian,python,0.0164927178245977,0.0006136095777331053,0.01641666302,0.011949827816091954,0.004475939655172412,0.01537080502,0.01950428102
2024,8,kcen,input-mattcl,nim,0.0014731566449999991,0.00035472478004177114,0.0014092275199999997,0.0010143708,0.0005029152000000001,0.0003524890199999998,0.0026796350199999996
2024,8,lanjian,input-mattcl,rust,0.0013166178149999993,0.00026079764840018847,0.0013706010199999999,0.0009645243000000005,0.0004374089999999999,0.00037169601999999984,0.0023450990199999997
2024,8,mattcl,input-mattcl,rust,0.0013088244549999994,0.00024678030008742994,0.0013448470199999996,0.0010082107999999997,0.0003524643999999999,0.00015157301999999982,0.0018066210199999997
2024,8,mattcl-py,input-mattcl,python,0.016654976767126437,0.0006351950216882369,0.01657570602,0.011621345057471253,0.004926327241379312,0.015561433020000001,0.019948072020000002
