year,day,participant,input,language,mean,stddev,median,user,system,min,max
2024,8,kcen,input-kcen,nim,0.001433784290000001,0.00015617631474274923,0.0014286181600000007,0.0008648549999999998,0.0005591060000000001,0.0007189946600000004,0.0019742336600000005
2024,8,lanjian,input-kcen,rust,0.0014108450100000008,0.00015540224599496275,0.0014223756600000004,0.0008893349999999999,0.0005343209999999999,0.0007177216600000004,0.0017760326600000007
2024,8,mattcl,input-kcen,rust,0.0013360311400000002,0.00017645265085657156,0.0013640266600000008,0.0009284700000000004,0.000447114,0.0006325026600000004,0.0020378326600000007
2024,8,mattcl-py,input-kcen,python,0.016429093898372108,0.0007315376030605898,0.01628251266,0.01141442441860465,0.004927263953488371,0.01509204966,0.019981869660000002
2024,8,kcen,input-lanjian,nim,0.0014472409400000008,0.00015786422834393078,0.0014367026600000006,0.00097689,0.00048066500000000013,0.0006850116600000004,0.0022340996600000006
2024,8,lanjian,input-lanjian,rust,0.0014236677650000017,0.00014252777753155491,0.0014384861600000008,0.0009186200000000006,0.0005291170000000002,0.0008362446600000004,0.0026092616600000007
2024,8,mattcl,input-lanjian,rust,0.0013368033400000011,0.0001866945544802809,0.0013881121600000008,0.0008839249999999994,0.0004906220000000001,0.0006518296600000005,0.0019411616600000007
2024,8,mattcl-py,input-lanjian,python,0.016718943534285716,0.0007124143193180402,0.01657609666,0.01150036571428571,0.005118858285714285,0.01544079266,0.021605868660000003
2024,8,kcen,input-mattcl,nim,0.0014388905350000002,0.00013003699941591565,0.0014528776600000006,0.001025979999999999,0.0004793120000000001,0.0008595776600000005,0.0018469656600000007
2024,8,lanjian,input-mattcl,rust,0.0014172972900000013,0.00020127195060585704,0.0014503976600000006,0.0009571750000000002,0.00044455099999999995,0.0006993176600000004,0.0018658206600000006
2024,8,mattcl,input-mattcl,rust,0.0013733351100000003,0.00019670335634205293,0.0014091461600000005,0.0009107550000000003,0.000469872,0.0006678086600000005,0.0021034546600000007
2024,8,mattcl-py,input-mattcl,python,0.016545843142142865,0.0005523823699540669,0.01643674616,0.011214017857142853,0.005236580952380953,0.015260945660000002,0.019013036660000003
