year,day,participant,input,language,mean,stddev,median,user,system,min,max
2024,8,kcen,input-kcen,nim,0.0013737575049999997,0.00012010683058073978,0.0013562632400000003,0.000852895,0.0005576710000000003,0.0008409727400000002,0.0017488027400000003
2024,8,lanjian,input-kcen,rust,0.0013532043349999997,0.00013307078246089469,0.0013624242400000002,0.0008952331999999994,0.0005303831999999999,0.0006581897400000001,0.00169068474
2024,8,mattcl,input-kcen,rust,0.001307770725000001,0.00019737691857946412,0.0013161572400000002,0.0010150632999999997,0.0003940438000000001,0.00047549774000000015,0.0020469717400000004
2024,8,mattcl-py,input-kcen,python,0.016370921414285707,0.0007039318844208262,0.016205779740000002,0.01121504857142857,0.005109482285714284,0.01559916374,0.019676390740000004
2024,8,kcen,input-lanjian,nim,0.0013737975749999994,0.00014358367792311012,0.0013768112400000003,0.0011368549999999998,0.00035209720000000007,0.0007471967400000002,0.00205008674
2024,8,lanjian,input-lanjian,rust,0.001354552440000001,0.00015686819693881286,0.0013683307400000001,0.0010419416000000004,0.00038005319999999995,0.0006821847400000003,0.0018997957400000002
2024,8,mattcl,input-lanjian,rust,0.0012720410200000004,0.0002219946371638493,0.0013285262400000004,0.0009320231999999998,0.0004291511999999999,0.00010250974000000006,0.00196021874
2024,8,mattcl-py,input-lanjian,python,0.016477143081040462,0.0006750173371148919,0.016384885740000004,0.011499759999999998,0.00492147676300578,0.015366487740000002,0.02001036574
2024,8,kcen,input-mattcl,nim,0.0014053766949999992,0.00019324496887835653,0.0013901817400000002,0.0010797883,0.0004195723999999997,0.0007650107400000001,0.0025890657400000003
2024,8,lanjian,input-mattcl,rust,0.001342590270000001,0.00019392874138762943,0.0013606157400000002,0.0009999931999999999,0.00040817199999999983,0.0005280567400000001,0.00221005774
2024,8,mattcl,input-mattcl,rust,0.0012955867700000013,0.0002223462041534696,0.0013337157400000002,0.0009571766,0.0004044388000000001,0.00040384374000000016,0.0020256717400000002
2024,8,mattcl-py,input-mattcl,python,0.016490553363595492,0.0006443970272599113,0.016383703240000002,0.011962272584269662,0.0045022238202247185,0.01530791874,0.02018649474
