year,day,participant,input,language,mean,stddev,median,user,system,min,max
2024,8,kcen,input-kcen,nim,0.0013825981800000004,0.00013042111432073919,0.0013801282800000002,0.0009528799999999996,0.0004948471000000001,0.0006418762800000002,0.0022862542800000003
2024,8,lanjian,input-kcen,rust,0.0013409800650000003,0.00019400469544226758,0.0013679157800000003,0.0010448614000000004,0.0003765070000000001,0.0004352992800000003,0.0016606242800000003
2024,8,mattcl,input-kcen,rust,0.0012083649449999997,0.000262297186051807,0.0012280532800000004,0.0009137864000000001,0.0003848881,0.00030728928000000027,0.0025891722800000004
2024,8,mattcl-py,input-kcen,python,0.016374806308901726,0.0007440844213765016,0.016193781280000003,0.011539787745664741,0.004774605895953759,0.01534940028,0.019836391280000004
2024,8,kcen,input-lanjian,nim,0.001398804325,0.0001303370879887606,0.0013793062800000002,0.0009982887999999996,0.00046336969999999985,0.0009548922800000003,0.0021468332800000005
2024,8,lanjian,input-lanjian,rust,0.001332778515,0.00018237978903362488,0.0013807947800000002,0.0010298625999999996,0.0003995557000000002,0.0005107202800000003,0.0016647412800000004
2024,8,mattcl,input-lanjian,rust,0.0012034702799999994,0.0002218491174800192,0.0012259742800000003,0.0009625702,0.00035391200000000006,0.0004473222800000002,0.0019355382800000005
2024,8,mattcl-py,input-lanjian,python,0.01648232791313609,0.0006971105979292706,0.01633506628,0.011496433846153844,0.004941666982248521,0.015578088280000001,0.019663968280000003
2024,8,kcen,input-mattcl,nim,0.0014060412400000001,0.00016056884654525223,0.0013893602800000003,0.001013745,0.0004729812999999998,0.0004139492800000002,0.0024190522800000003
2024,8,lanjian,input-mattcl,rust,0.0013512003700000006,0.00014934538741411213,0.0013809347800000002,0.0009183263999999996,0.0005206366,0.0006432982800000002,0.0017360252800000004
2024,8,mattcl,input-mattcl,rust,0.001210983340000001,0.00023805911043567213,0.0012429212800000003,0.0009370239999999995,0.00037121859999999986,0.0004779792800000003,0.0019774562800000004
2024,8,mattcl-py,input-mattcl,python,0.016563193905000002,0.0007079473359838214,0.01645544628,0.011682870681818181,0.004817211363636365,0.01555560628,0.02124271428
