year,day,participant,input,language,mean,stddev,median,user,system,min,max
2024,8,kcen,input-kcen,nim,0.0013961814349999998,0.0001781393445455224,0.00138977852,0.0009862132000000002,0.00042245630000000014,0.0006332960200000001,0.00224772102
2024,8,lanjian,input-kcen,rust,0.0013764599400000002,0.00017290010750912487,0.00136525252,0.0008395443999999995,0.0005129512000000002,0.0007043790200000001,0.0018655860200000002
2024,8,mattcl,input-kcen,rust,0.00132386032,0.0001977727192615314,0.0013364485200000002,0.0009131942000000002,0.00040999630000000003,0.0005123190200000001,0.00200683002
2024,8,mattcl-py,input-kcen,python,0.016515027457869817,0.0006477918426926695,0.01639865902,0.011533838579881661,0.004881948284023672,0.01500600002,0.019998925020000002
2024,8,kcen,input-lanjian,nim,0.0014485401000000001,0.00024001154368256556,0.00139687702,0.0008269833999999994,0.0006090629000000003,0.00067450302,0.0024241920200000003
2024,8,lanjian,input-lanjian,rust,0.0013829849350000015,0.00011879879142147783,0.0013799805200000001,0.0009560196000000001,0.0004581341999999999,0.0007417700200000002,0.00207323402
2024,8,mattcl,input-lanjian,rust,0.0012857181849999998,0.00022605820909121045,0.00131847952,0.0008367093999999999,0.00044051329999999985,0.0004920820200000002,0.00201849202
2024,8,mattcl-py,input-lanjian,python,0.016712314560229886,0.0007833861084986179,0.01656320252,0.011413315862068969,0.0051740849425287345,0.015200904020000003,0.02018590702
2024,8,kcen,input-mattcl,nim,0.0014913649650000007,0.0002490563220481518,0.0014086590200000002,0.0009396196000000004,0.0005509261999999999,0.0009148940200000002,0.00235222702
2024,8,lanjian,input-mattcl,rust,0.0013515716950000009,0.0001706700463511006,0.00137377852,0.0008577692000000002,0.0005104067999999999,0.0003686900200000002,0.00198332602
2024,8,mattcl,input-mattcl,rust,0.0012384391499999999,0.00022930835145245439,0.0013002260200000002,0.0009070838000000003,0.0003998207,0.0004860400200000002,0.00197514002
2024,8,mattcl-py,input-mattcl,python,0.01665330756545454,0.0006325724287727411,0.016558849020000002,0.011673294545454549,0.004875360969696969,0.01520471202,0.020147153020000003
