year,day,participant,input,language,mean,stddev,median,user,system,min,max
2024,8,kcen,input-kcen,nim,0.0013911510750000023,0.0001640102241260323,0.0013912635200000005,0.0009292783999999997,0.00048118660000000013,0.0006649740200000003,0.0018308660200000004
2024,8,lanjian,input-kcen,rust,0.0013833031500000003,0.00016234690059241326,0.0014016280200000004,0.0009314466999999994,0.0004920808,0.0005360430200000002,0.0020380950200000005
2024,8,mattcl,input-kcen,rust,0.001177149445,0.00015691589693632394,0.0012125190200000004,0.0009650483999999995,0.0003285157999999998,0.0005963660200000003,0.0020016560200000004
2024,8,mattcl-py,input-kcen,python,0.016440083778620693,0.000638224038351429,0.016312395020000002,0.011522573793103452,0.004839191954022989,0.015045537020000003,0.019450365020000002
2024,8,kcen,input-lanjian,nim,0.0013919770550000002,0.00017362303139077027,0.0014111105200000004,0.0010843517,0.00033865519999999984,0.00032780302000000024,0.0017041290200000003
2024,8,lanjian,input-lanjian,rust,0.0013942135450000007,0.00016860991134186911,0.0014031410200000005,0.0010810501,0.00034768939999999996,0.0006616580200000003,0.0017761950200000003
2024,8,mattcl,input-lanjian,rust,0.001239572470000001,0.00020995722549461,0.0012627430200000003,0.0008985850999999998,0.0003843904,0.0006519490200000002,0.0019730130200000004
2024,8,mattcl-py,input-lanjian,python,0.01661951540068182,0.0006763541592261155,0.016479748020000004,0.011751165681818181,0.004773738181818182,0.01546542302,0.01928458502
2024,8,kcen,input-mattcl,nim,0.0014123651600000007,0.0001840209515742758,0.0014025500200000004,0.0009086049999999999,0.0005193793999999999,0.0007085460200000002,0.0022836650200000006
2024,8,lanjian,input-mattcl,rust,0.0013426125150000012,0.00020006034378958274,0.0013772275200000005,0.0009248933999999996,0.00045986160000000004,0.0005087820200000002,0.0017859020200000006
2024,8,mattcl,input-mattcl,rust,0.0012747648850000004,0.00021523221047280977,0.0012722355200000003,0.0009591300999999995,0.0003698377999999999,0.0006348970200000002,0.0025060420200000003
2024,8,mattcl-py,input-mattcl,python,0.01666503567714286,0.0006691942059330409,0.01657890902,0.011738762857142855,0.004842918628571428,0.01539231702,0.01948035102
