year,day,participant,input,language,mean,stddev,median,user,system,min,max
2024,8,kcen,input-kcen,nim,0.0012897918149999995,0.00024430000683763005,0.0013252761800000002,0.0008746450000000002,0.00044956780000000016,0.0005922281800000001,0.0019561221800000004
2024,8,lanjian,input-kcen,rust,0.0013705885100000006,0.00016672363995058698,0.0013767576800000003,0.0009904609999999993,0.0004245557999999999,0.0008091641800000002,0.00205340518
2024,8,mattcl,input-kcen,rust,0.0011441498500000002,0.00022970728701759993,0.00117964368,0.0008442979999999994,0.0003907244,0.0005427751800000003,0.0023226891800000003
2024,8,mattcl-py,input-kcen,python,0.016334852415294126,0.00047252320468770085,0.016303806180000005,0.01166881764705882,0.0046158672941176504,0.015506930180000001,0.019139182180000002
2024,8,kcen,input-lanjian,nim,0.0013227535950000005,0.0002067980181898245,0.0013621156800000002,0.0010049539999999995,0.000392396,0.00041891318000000007,0.0021521001800000003
2024,8,lanjian,input-lanjian,rust,0.0013455783449999995,0.00017917957638558129,0.0013742281800000003,0.0009430519999999995,0.00045726039999999983,0.0005829601800000001,0.0017268531800000001
2024,8,mattcl,input-lanjian,rust,0.001221236125,0.00020694719789252962,0.0012307041800000004,0.000896341999999999,0.0003971469999999998,0.0005243811800000001,0.0019689261800000003
2024,8,mattcl-py,input-lanjian,python,0.016473299889302337,0.0006238437303249237,0.016345295180000004,0.011388160465116277,0.00502409395348837,0.015320951180000002,0.019223610180000003
2024,8,kcen,input-mattcl,nim,0.0013839974700000004,0.00011069913651189103,0.0013955731800000001,0.0010875009999999987,0.0003880247999999999,0.0006900521800000002,0.0017184571800000002
2024,8,lanjian,input-mattcl,rust,0.0013709442099999994,0.00019275927593825494,0.0013784261800000002,0.0009600829999999998,0.0004555691999999999,0.0004620841800000001,0.0018607541800000002
2024,8,mattcl,input-mattcl,rust,0.0011868095200000003,0.0002231676586122793,0.00121600618,0.0009184529999999997,0.0003620635999999999,0.0002469821800000001,0.0021034691800000003
2024,8,mattcl-py,input-mattcl,python,0.01655044492853801,0.0005832333384544363,0.016443715180000002,0.012067221052631581,0.004423525847953217,0.015259948180000002,0.019870341180000004
