year,day,participant,input,language,mean,stddev,median,user,system,min,max
2024,8,kcen,input-kcen,nim,0.0014251917649999995,0.00013001560801628007,0.0014121384799999999,0.0010118150000000008,0.00046433719999999996,0.00097734548,0.00227338048
2024,8,lanjian,input-kcen,rust,0.0014023378700000002,0.0002043495826154127,0.0013991244799999999,0.0009284261999999997,0.0005112507999999998,0.0006492504799999998,0.00277881748
2024,8,mattcl,input-kcen,rust,0.00132203824,0.00024648662203940075,0.00135517698,0.0010321606000000007,0.0003621201999999999,0.0004857044799999997,0.00257852148
2024,8,mattcl-py,input-kcen,python,0.0165609331917647,0.0006789554125473413,0.01645106698,0.011550363529411757,0.004944306823529412,0.015446210480000002,0.019512622480000002
2024,8,kcen,input-lanjian,nim,0.0014456020250000002,0.00019941723267520575,0.0014271019799999998,0.0009954649999999996,0.0004964107999999999,0.0007785424799999998,0.00236412148
2024,8,lanjian,input-lanjian,rust,0.001410354484999999,0.00020502316592383446,0.00138097498,0.0010523700000000008,0.0003781649999999999,0.0006610024799999997,0.00268935948
2024,8,mattcl,input-lanjian,rust,0.0013569248400000008,0.00021631757098057271,0.0013734714799999998,0.0009534811999999999,0.00044584179999999983,0.0006003994799999996,0.00210315248
2024,8,mattcl-py,input-lanjian,python,0.016746752912748547,0.0007149828922778008,0.01657753848,0.011271670994152043,0.005351376140350876,0.01531029648,0.020002139480000004
2024,8,kcen,input-mattcl,nim,0.0015772001450000002,0.00032472877652955966,0.00146301398,0.0011728200000000006,0.0004325292,0.0009675064799999998,0.00271924548
2024,8,lanjian,input-mattcl,rust,0.001404514020000001,0.00019464396463781777,0.00140384798,0.0009416753000000004,0.0004689913999999999,0.0007279074799999998,0.00202621848
2024,8,mattcl,input-mattcl,rust,0.0013493049100000004,0.00024315498313518582,0.0013680914799999997,0.0009398261999999999,0.00042567760000000005,0.0004814264799999998,0.00199831548
2024,8,mattcl-py,input-mattcl,python,0.016692988445116283,0.0006181190663208469,0.016567739980000003,0.01188055662790698,0.00474283558139535,0.015530527479999999,0.020388322480000002
