year,day,participant,input,language,mean,stddev,median,user,system,min,max
2024,8,kcen,input-kcen,nim,0.0013972225,0.00015764299368739492,0.0013773523600000002,0.0009713050000000002,0.00048689900000000006,0.0007950763600000001,0.00234756436
2024,8,lanjian,input-kcen,rust,0.0013828859399999999,0.0001496008585450655,0.00136741286,0.0009892800000000002,0.0004496884999999999,0.00078739136,0.0019384683600000001
2024,8,mattcl,input-kcen,rust,0.0013236865949999993,0.00019581440768086202,0.00136605036,0.0009834174,0.0004353350000000001,0.00030445736000000003,0.0019849253600000005
2024,8,mattcl-py,input-kcen,python,0.016622919217988173,0.0006188399221081051,0.01653465636,0.011953395502958578,0.004603053846153845,0.015571070360000001,0.020211572360000003
2024,8,kcen,input-lanjian,nim,0.0013978747,0.00016775952292278615,0.0013832583600000001,0.0009660499999999997,0.0005100765,0.00073329036,0.00269238936
2024,8,lanjian,input-lanjian,rust,0.0013812834550000002,0.00016513230758220246,0.00134874286,0.0009276531000000002,0.0004968815,0.00064351236,0.00263407036
2024,8,mattcl,input-lanjian,rust,0.0013218488849999993,0.00019940529921979021,0.00136516386,0.0009943923999999997,0.00041638950000000004,0.00028839736,0.0018575863600000001
2024,8,mattcl-py,input-lanjian,python,0.016919882891428574,0.0006874021466528957,0.01678122836,0.012092219999999997,0.004753833714285717,0.015576501360000002,0.01989927836
2024,8,kcen,input-mattcl,nim,0.0014706865699999994,0.00024280605194223389,0.0014109593600000001,0.0010700642999999998,0.0004810054999999999,0.0009423823600000002,0.00266522936
2024,8,lanjian,input-mattcl,rust,0.0013716385100000007,0.0001927707768776105,0.00137937636,0.0009253030999999995,0.00048372700000000004,0.0006222523600000001,0.00218689336
2024,8,mattcl,input-mattcl,rust,0.00133673385,0.00018251724728562916,0.00136524386,0.0009707123999999995,0.00044837800000000004,0.00050359036,0.00209984036
2024,8,mattcl-py,input-mattcl,python,0.01684743674323353,0.0005595055243111615,0.01679820936,0.011956709341317363,0.004843385628742515,0.015841989360000003,0.01941565136
