year,day,participant,input,language,mean,stddev,median,user,system,min,max
2024,8,mattcl,input-mattcl,rust,0.0013449601849999998,0.00022990055274414427,0.0013632971000000001,0.000929216,0.00044112260000000016,0.00016547359999999995,0.0020703916
