year,day,participant,input,language,mean,stddev,median,user,system,min,max
2024,8,kcen,input-kcen,nim,0.0013941376599999997,0.00022840517293844906,0.0014060119800000004,0.0009655675999999997,0.0004842915999999999,0.00037382948000000047,0.0025418174800000007
2024,8,lanjian,input-kcen,rust,0.0013983092550000006,0.0001599821860591538,0.0014194319800000005,0.0010794000000000003,0.0003668741999999999,0.0006110244800000004,0.0016946324800000004
2024,8,mattcl,input-kcen,rust,0.0012914546550000002,0.0002365845482381927,0.0013284864800000005,0.0009956888000000005,0.0003645472,0.0005701674800000004,0.0024551554800000003
2024,8,mattcl-py,input-kcen,python,0.016255900039322035,0.0006218084863240635,0.01610399848,0.011821776723163844,0.004366248361581922,0.01528380348,0.019438599480000002
2024,8,kcen,input-lanjian,nim,0.001429749745000001,0.00012007012423937551,0.0014145274800000005,0.0010793949999999997,0.0004249880000000001,0.0008139634800000005,0.0019187214800000007
2024,8,lanjian,input-lanjian,rust,0.0013992898750000019,0.0001707279960785989,0.0014284134800000004,0.0011089200000000002,0.00037581760000000007,0.00028039448000000047,0.0017143584800000003
2024,8,mattcl,input-lanjian,rust,0.0012762659550000005,0.00021436476745777394,0.0013321939800000004,0.0010023764000000003,0.00036200260000000004,0.0004930334800000004,0.0020946494800000003
2024,8,mattcl-py,input-lanjian,python,0.016421233662857138,0.0005391050528925586,0.01632436048,0.011286251428571429,0.0050665659428571425,0.015380544480000001,0.01937288648
2024,8,kcen,input-mattcl,nim,0.0014824224850000008,0.0002051329718726649,0.0014342749800000006,0.0010131588000000002,0.0005317745999999998,0.0009685424800000004,0.0025780544800000004
2024,8,lanjian,input-mattcl,rust,0.0013897916650000008,0.0001590054508193417,0.0014222169800000004,0.0009730263999999992,0.0005242603999999998,0.0005787134800000005,0.0017733884800000006
2024,8,mattcl,input-mattcl,rust,0.0013079224949999993,0.00021887867940035869,0.0013301549800000005,0.0010402852000000007,0.00036746799999999997,0.0005607594800000003,0.0020292974800000005
2024,8,mattcl-py,input-mattcl,python,0.016567358642790703,0.0006536335981912237,0.01642801948,0.01158311511627907,0.004936091162790696,0.015355988479999999,0.01988879148
