year,day,participant,input,language,mean,stddev,median,user,system,min,max
2024,8,kcen,input-kcen,nim,0.0013132365450000002,0.00019441784048101007,0.0013423208400000005,0.0010181171999999997,0.00038858839999999996,0.0005554303400000004,0.0020302743400000003
2024,8,lanjian,input-kcen,rust,0.0013898177600000007,0.00016979461267706454,0.0014057038400000004,0.0010516673999999998,0.0003881948,0.0006757563400000004,0.0019065633400000004
2024,8,mattcl,input-kcen,rust,0.00113857958,0.00019932694364353706,0.0011881468400000005,0.0009120418000000005,0.00034889860000000003,0.0001888343400000003,0.0018648053400000006
2024,8,mattcl-py,input-kcen,python,0.01643138384568182,0.0007277838223721109,0.01627930634,0.01140477840909091,0.0049393670454545464,0.01517817234,0.019875445340000002
2024,8,kcen,input-lanjian,nim,0.0013177680050000002,0.00023160883768642132,0.0013571828400000003,0.0010085244000000008,0.00037978599999999996,0.0005005783400000004,0.0021522033400000005
2024,8,lanjian,input-lanjian,rust,0.0013836989900000006,0.00016525275862542833,0.0014184733400000003,0.0010507998000000005,0.0004055396,0.0005213163400000003,0.0018055533400000005
2024,8,mattcl,input-lanjian,rust,0.00124535386,0.0002377741931110643,0.0012457343400000005,0.0009424099999999991,0.0003551859999999999,0.0005602903400000003,0.0024358843400000005
2024,8,mattcl-py,input-lanjian,python,0.016620595463595515,0.0007350321831394163,0.01649705984,0.011867980449438199,0.004674707415730334,0.01510701134,0.01995936434
2024,8,kcen,input-mattcl,nim,0.0014158004050000004,0.00021421217623101852,0.0014152273400000004,0.0009911849999999995,0.00045182159999999986,0.0005055773400000003,0.0027276323400000006
2024,8,lanjian,input-mattcl,rust,0.0013976362099999994,0.00014424941862416696,0.0014115658400000004,0.0009836845999999994,0.00046834659999999984,0.0006322743400000003,0.0019076153400000005
2024,8,mattcl,input-mattcl,rust,0.0011547525100000001,0.00019943799143107472,0.0012048528400000005,0.0008705443999999999,0.00038746559999999986,0.00019432434000000044,0.0019430103400000006
2024,8,mattcl-py,input-mattcl,python,0.016652378304285724,0.000659501436894213,0.01653271134,0.012158210476190475,0.004422089285714284,0.01540353534,0.01952368534
