year,day,participant,input,language,mean,stddev,median,user,system,min,max
2024,8,kcen,input-kcen,nim,0.00131991032,0.00019939034688035362,0.0013469865800000002,0.0010655717999999992,0.0003419814000000001,0.0006438245800000002,0.0022238935800000005
2024,8,lanjian,input-kcen,rust,0.00135170363,0.00021951352723054095,0.0014010470800000002,0.0009331375999999997,0.00048217359999999995,0.0002003335800000001,0.00202275658
2024,8,mattcl,input-kcen,rust,0.0011811172699999998,0.00023435376303341819,0.0012245470800000002,0.0009396672000000002,0.0003230514,0.0003133855800000001,0.00195648258
2024,8,mattcl-py,input-kcen,python,0.01641007814741573,0.0006996424741549499,0.016296334580000002,0.011650825393258426,0.004676248314606743,0.015109131580000002,0.019903809580000004
2024,8,kcen,input-lanjian,nim,0.0013204290800000005,0.0002213112164286657,0.0013831340800000002,0.0011198518,0.0003275315999999998,0.0005126285800000001,0.00208376058
2024,8,lanjian,input-lanjian,rust,0.0013853676250000003,0.00024378039403193366,0.00136609708,0.0009911140000000006,0.00041587679999999987,0.0005167965800000002,0.0022716325800000003
2024,8,mattcl,input-lanjian,rust,0.0012117541800000004,0.00023022325522593093,0.0012190365800000002,0.0009398153999999998,0.00036895760000000004,0.0005217155800000001,0.00196272358
2024,8,mattcl-py,input-lanjian,python,0.016676956771616763,0.0007450152157783196,0.016514602580000003,0.011619378682634723,0.00498774491017964,0.015462302580000002,0.019688286580000002
2024,8,kcen,input-mattcl,nim,0.0013825870750000006,0.00015085777307076136,0.0014051850800000003,0.0010359618000000002,0.0004235067999999998,0.0006335655800000001,0.0018072925800000003
2024,8,lanjian,input-mattcl,rust,0.0013991636850000002,0.00011835080791330763,0.0014088070800000003,0.0009777789999999998,0.0005066572,0.0007912505800000001,0.0018562045800000003
2024,8,mattcl,input-mattcl,rust,0.0012499442400000004,0.00021440208035079355,0.0012427765800000002,0.0009622435999999995,0.00038604400000000015,0.00023129158000000007,0.00200035558
2024,8,mattcl-py,input-mattcl,python,0.01675287652767442,0.0006881276334525513,0.016600774580000005,0.01157059930232558,0.005103073488372092,0.01581841058,0.01965185758
