year,day,participant,input,language,mean,stddev,median,user,system,min,max
2024,8,kcen,input-kcen,nim,0.0014377816399999991,0.00017171171613067853,0.00144292844,0.0010856303000000005,0.00042175399999999993,0.0004726514399999999,0.0025552914400000003
2024,8,lanjian,input-kcen,rust,0.001381962155,0.0002053382561994939,0.00141445994,0.0009416270999999996,0.0004763538000000001,0.00059112344,0.00187871344
2024,8,mattcl,input-kcen,rust,0.00124849548,0.00023413052120693615,0.0012620194399999998,0.0009664002999999993,0.00035563200000000015,0.00055102944,0.0025747574400000004
2024,8,mattcl-py,input-kcen,python,0.016221890962988515,0.00048332811613016987,0.01616917994,0.011172721609195402,0.004941812873563218,0.015197138439999999,0.01928326044
2024,8,kcen,input-lanjian,nim,0.0014418130050000003,0.0001569267310938925,0.00145181944,0.00103071,0.00044998560000000006,0.00074790644,0.00190024444
2024,8,lanjian,input-lanjian,rust,0.0013664278700000001,0.0002648681804802906,0.00142082744,0.001054085,0.00038290199999999996,0.00024088743999999994,0.0021960684399999998
2024,8,mattcl,input-lanjian,rust,0.00119275557,0.00019725527934753858,0.00124879494,0.0009365211999999999,0.0003696339999999999,0.00050688644,0.0018787844399999999
2024,8,mattcl-py,input-lanjian,python,0.016543446532485555,0.0006593362219001217,0.016392177440000003,0.01174185329479768,0.004743505202312135,0.015637864440000003,0.019424784440000002
2024,8,kcen,input-mattcl,nim,0.0014826651199999997,0.0001896188895086671,0.00145621844,0.0010642249999999998,0.0004713113999999999,0.00084254444,0.0023675584399999996
2024,8,lanjian,input-mattcl,rust,0.0014159810899999994,0.0001717601779453451,0.0014375084399999999,0.0009720052999999996,0.0004948549999999997,0.0005579814399999999,0.0018247734399999998
2024,8,mattcl,input-mattcl,rust,0.0011956408449999996,0.00025921496112143473,0.00125712044,0.0010123106000000002,0.0002997822,0.00009524443999999995,0.0030107734399999996
2024,8,mattcl-py,input-mattcl,python,0.01661175595955307,0.0007008350584415719,0.016503234440000004,0.011842923240223466,0.004681659888268155,0.015431418440000002,0.020026832440000003
