year,day,participant,input,language,mean,stddev,median,user,system,min,max
2024,8,kcen,input-kcen,nim,0.0014508167549999995,0.00020067561392513278,0.0014205774199999995,0.0010390750000000006,0.0004433354,0.0003818169199999997,0.0026285049199999996
2024,8,lanjian,input-kcen,rust,0.0014322430199999994,0.00011743825820592802,0.0014396529199999998,0.0010386899999999992,0.0004573297999999999,0.0007736199199999997,0.0018240279199999996
2024,8,mattcl,input-kcen,rust,0.0013072244649999997,0.00023444381470050468,0.0013186614199999997,0.0009549749,0.00040984220000000007,0.0006205939199999996,0.0021386969199999996
2024,8,mattcl-py,input-kcen,python,0.016505792798453038,0.0008532228968618907,0.016242961920000003,0.011704682541436461,0.004716307182320442,0.01537443592,0.019909509920000002
2024,8,kcen,input-lanjian,nim,0.0011558915549999993,0.00038587187501101246,0.0013137019199999996,0.0008606094999999999,0.00042059159999999993,0.0003021779199999996,0.0018748329199999997
2024,8,lanjian,input-lanjian,rust,0.0012108002099999989,0.00035410412788676747,0.0013763794199999995,0.000978503,0.0003524475999999999,0.00022665591999999966,0.0017100339199999995
2024,8,mattcl,input-lanjian,rust,0.001280959535,0.00022946987402761178,0.0013423104199999996,0.0009852632000000004,0.00038466959999999996,0.00020026691999999952,0.0020042249199999996
2024,8,mattcl-py,input-lanjian,python,0.01656946271532164,0.0009992922803895644,0.016343701920000002,0.01173899298245614,0.004749006081871344,0.01536727292,0.02586815992
2024,8,kcen,input-mattcl,nim,0.0014528991249999998,0.0002945493749076468,0.0014670139199999997,0.0010476331999999997,0.0004822692,0.00045054491999999956,0.00235572392
2024,8,lanjian,input-mattcl,rust,0.001398055355,0.00017222992003972548,0.0014388214199999995,0.0009483500000000005,0.0005138738,0.0007473109199999997,0.0018645929199999998
2024,8,mattcl,input-mattcl,rust,0.0013362191099999992,0.0001956517684826176,0.0013720859199999997,0.0009625998999999996,0.00041316540000000003,0.0006667799199999997,0.0018717469199999999
2024,8,mattcl-py,input-mattcl,python,0.016478347840000004,0.0005322900065959684,0.016423069920000002,0.011793025714285714,0.004610710857142856,0.015123495919999999,0.01917639692
