year,day,participant,input,language,mean,stddev,median,user,system,min,max
2024,8,kcen,input-kcen,nim,0.0014132759749999997,0.00017151240033853066,0.00139805222,0.0009455962000000008,0.000505037,0.0007648912200000002,0.0021778872200000003
2024,8,lanjian,input-kcen,rust,0.0013821777950000004,0.00012413271700721103,0.00138240722,0.0008580961999999997,0.0005457133999999999,0.00095974622,0.00198151922
2024,8,mattcl,input-kcen,rust,0.0012789697499999996,0.00022393647013064212,0.0012870637200000003,0.0008453723999999998,0.00045021370000000033,0.00025919522000000003,0.00206952322
2024,8,mattcl-py,input-kcen,python,0.016705009311954018,0.0005872459946629715,0.016648111220000004,0.011649420229885058,0.004984598505747128,0.015826332220000003,0.020231731220000004
2024,8,kcen,input-lanjian,nim,0.0014649013199999996,0.00022789797919683277,0.00141714322,0.0009310955000000002,0.0005304718999999999,0.0007691592200000002,0.00235377622
2024,8,lanjian,input-lanjian,rust,0.00136550375,0.0001684123813380981,0.0013869962200000001,0.0009693254999999999,0.0003973991,0.0006217332200000002,0.00209647422
2024,8,mattcl,input-lanjian,rust,0.0013088807549999997,0.00023123080413096786,0.0013121012200000002,0.0008615823999999995,0.00045503030000000025,0.0005221872200000001,0.0020299502200000004
2024,8,mattcl-py,input-lanjian,python,0.016811687784705886,0.0005809662312319816,0.01673034022,0.011826856470588244,0.0048572930588235315,0.015806055220000004,0.020034060220000004
2024,8,kcen,input-mattcl,nim,0.001562496245,0.0003401087370130285,0.0014356122200000002,0.001045326199999999,0.0005112188000000001,0.0009083802200000001,0.0027734432200000004
2024,8,lanjian,input-mattcl,rust,0.001374552360000001,0.0001926530573820036,0.0013685017200000002,0.0008423474000000005,0.0005245201,0.00065946422,0.0018973422200000002
2024,8,mattcl,input-mattcl,rust,0.0012421228450000005,0.00020986886326294517,0.00126527822,0.0008838942999999996,0.0004225706000000001,0.0004860892200000001,0.0020395072200000003
2024,8,mattcl-py,input-mattcl,python,0.01684788094988506,0.0005747323596539027,0.016775273720000004,0.011828048045977016,0.004929684597701147,0.01580830822,0.019582565220000004
