year,day,participant,input,language,mean,stddev,median,user,system,min,max
2024,8,kcen,input-kcen,nim,0.0013748295349999995,0.00020622797516524225,0.0013575134799999997,0.0009081057999999996,0.0004762070999999999,0.0005608424799999996,0.0020976994799999996
2024,8,lanjian,input-kcen,rust,0.0013699583449999996,0.000162750005486964,0.0013926749799999998,0.0009841966,0.0004146880999999999,0.0006486374799999997,0.0016623744799999997
2024,8,mattcl,input-kcen,rust,0.0012175371199999994,0.00018903748803345962,0.0012544909799999996,0.0008062558000000001,0.00043809379999999997,0.0005582474799999996,0.0018619684799999997
2024,8,mattcl-py,input-kcen,python,0.016387560008409078,0.0004980169666063762,0.016285306480000004,0.011656949318181816,0.004646458636363637,0.01521908548,0.018384802480000004
2024,8,kcen,input-lanjian,nim,0.0013880357549999995,0.00014251993769798157,0.0013883814799999998,0.0009125166000000004,0.0005235355000000002,0.0007674894799999997,0.0018438344799999997
2024,8,lanjian,input-lanjian,rust,0.001373632325,0.00015569576253003818,0.0013854909799999996,0.0009153761999999997,0.0004905154999999999,0.0006242914799999997,0.0017245614799999997
2024,8,mattcl,input-lanjian,rust,0.0012426787699999994,0.00021901860761764,0.0012663779799999997,0.0009423207999999996,0.0003554596999999999,0.0004679884799999995,0.00197687348
2024,8,mattcl-py,input-lanjian,python,0.016689497433216363,0.0005656232650344409,0.01661410748,0.011589961871345032,0.005037518245614031,0.01521737148,0.020219456480000002
2024,8,kcen,input-mattcl,nim,0.001382256235000001,0.00013899976459191588,0.0013882919799999998,0.0010259257999999992,0.0004304498,0.0002750864799999995,0.0022081264799999997
2024,8,lanjian,input-mattcl,rust,0.0013750238649999995,0.00013622242526427572,0.0013812779799999998,0.0009316107999999995,0.0004722610000000001,0.0007525514799999996,0.0018319314799999996
2024,8,mattcl,input-mattcl,rust,0.0012311395999999996,0.00023817445008907185,0.0012553129799999995,0.0008933077999999997,0.0003905558999999999,0.00047480147999999956,0.0020397004799999996
2024,8,mattcl-py,input-mattcl,python,0.01675996838857142,0.0005774610487251898,0.016671383480000003,0.012084462857142854,0.0045777501714285695,0.015744600480000003,0.019687169480000002
