year,day,participant,input,language,mean,stddev,median,user,system,min,max
2024,8,kcen,input-kcen,nim,0.0012875199600000007,0.00023323096537830577,0.0013351193600000006,0.0009712758000000004,0.0004003983000000001,0.0006107333600000006,0.0021099803600000007
2024,8,lanjian,input-kcen,rust,0.001383219895000001,0.00015543407932249915,0.0014088383600000004,0.0009772356000000001,0.00046390639999999974,0.0006259003600000006,0.0017450973600000004
2024,8,mattcl,input-kcen,rust,0.0011206558100000006,0.00022445203141356474,0.0011706263600000004,0.0009185306000000002,0.0003268411000000001,0.00040376536000000056,0.0019498113600000004
2024,8,mattcl-py,input-kcen,python,0.016226151592558132,0.0007215271163649351,0.01603428036,0.01166449488372093,0.004483808255813955,0.01502349136,0.01966205036
2024,8,kcen,input-lanjian,nim,0.0013422193150000002,0.00019310307055565707,0.0013902278600000004,0.0010788057999999996,0.0003498960999999999,0.0005315753600000005,0.0020622823600000006
2024,8,lanjian,input-lanjian,rust,0.0013656441700000011,0.00018411498191358327,0.0014031073600000003,0.0010490356000000007,0.0003968665,0.0005599873600000005,0.0016876403600000005
2024,8,mattcl,input-lanjian,rust,0.0010456407150000013,0.0002351989057124643,0.0010958818600000006,0.0008816110000000002,0.00030254790000000005,0.00038104236000000046,0.0019287813600000004
2024,8,mattcl-py,input-lanjian,python,0.0163730857901676,0.000672011790792226,0.01619304236,0.011425803575418997,0.004885996536312848,0.015278910360000003,0.01918534736
2024,8,kcen,input-mattcl,nim,0.0013888503850000011,0.00017167906766617767,0.0014096793600000003,0.0010195654000000004,0.00044394780000000004,0.0002912043600000006,0.0018902793600000006
2024,8,lanjian,input-mattcl,rust,0.0013822506600000017,0.00018475287003353463,0.0013993648600000004,0.0010138653999999996,0.00041913419999999984,0.0005945223600000005,0.0020715303600000005
2024,8,mattcl,input-mattcl,rust,0.0011295984650000006,0.00017800565932176663,0.0011729563600000005,0.0009540052,0.0002976865999999999,0.0006276643600000006,0.0018213303600000006
2024,8,mattcl-py,input-mattcl,python,0.01643723875655172,0.0006242994493352238,0.01634492736,0.01129450022988506,0.005053688160919541,0.015338752360000001,0.01907100236
