year,day,participant,input,language,mean,stddev,median,user,system,min,max
2024,8,kcen,input-kcen,nim,0.00138976131,0.0001398397337293395,0.00138616324,0.0009493499999999994,0.0004851734,0.00033786574,0.0023404347400000003
2024,8,lanjian,input-kcen,rust,0.0013589942600000008,0.0001777633882186217,0.0013792607399999999,0.0009874871999999999,0.00041792879999999976,0.0007229967399999999,0.00212640374
2024,8,mattcl,input-kcen,rust,0.0011556798800000006,0.00022249178356379225,0.00119358274,0.000832603999999999,0.0003970562000000003,0.0005603417399999999,0.00198251474
2024,8,mattcl-py,input-kcen,python,0.01631592974,0.0006662908102358997,0.01617216474,0.011117470409356726,0.005118428070175437,0.01526021674,0.01945132474
2024,8,kcen,input-lanjian,nim,0.0013954232700000007,0.00017990980768380372,0.00139936274,0.0009182467999999998,0.0005288386000000001,0.00035529773999999994,0.0020722427400000003
2024,8,lanjian,input-lanjian,rust,0.0013811206550000009,0.00014685605843862357,0.00140320024,0.0010216604000000003,0.00040447739999999996,0.0006531957399999999,0.0017206147400000002
2024,8,mattcl,input-lanjian,rust,0.0011924132249999996,0.0001913804096137045,0.00121781274,0.0009094153999999995,0.0003651765999999999,0.00048955874,0.00199373574
2024,8,mattcl-py,input-lanjian,python,0.016431870682857157,0.0006377772912900678,0.01628193974,0.011205402057142863,0.0051547769142857155,0.01572773174,0.019353611740000002
2024,8,kcen,input-mattcl,nim,0.0014062344399999999,0.0001318511047368647,0.00140289474,0.0009703667999999996,0.0005070855999999999,0.00066213274,0.00204401974
2024,8,lanjian,input-mattcl,rust,0.0013603735850000007,0.00014518518391375663,0.00138263674,0.0009082417999999999,0.0005110728,0.00071635374,0.00160154074
2024,8,mattcl,input-mattcl,rust,0.0011940038650000008,0.00021890579122273957,0.00122739574,0.0008759749999999996,0.0003886546000000001,0.00048139473999999987,0.00200417474
2024,8,mattcl-py,input-mattcl,python,0.016604572566589607,0.000778645561010625,0.016410851740000003,0.01161932786127167,0.004909553757225432,0.01533837374,0.02004284174
