year,day,participant,input,language,mean,stddev,median,user,system,min,max
2024,8,kcen,input-kcen,nim,0.001293080525,0.0002201660608908831,0.00132659922,0.0010389656,0.0003586581000000001,0.0006661017199999997,0.00208825572
2024,8,lanjian,input-kcen,rust,0.001334754705,0.00020938075405185026,0.0013802092199999999,0.0009500417999999996,0.00044437939999999993,0.0006994937199999996,0.00185559972
2024,8,mattcl,input-kcen,rust,0.0011548679,0.00020857693527138533,0.0011887857199999999,0.0008849199999999999,0.0003659687999999998,0.0005015937199999997,0.00195548672
2024,8,mattcl-py,input-kcen,python,0.01630721514441862,0.0006654009999812672,0.016182267220000005,0.011261591162790695,0.004994637209302324,0.014984232719999999,0.01905491772
2024,8,kcen,input-lanjian,nim,0.0013564562900000004,0.00024016799190050854,0.0013773592199999999,0.0010030033999999992,0.00042997909999999975,0.0006572757199999998,0.00246025172
2024,8,lanjian,input-lanjian,rust,0.0013479459749999995,0.0002272425593118131,0.0013622107199999997,0.0010850018,0.00033110189999999997,0.0005663337199999996,0.00258668972
2024,8,mattcl,input-lanjian,rust,0.0012004438149999998,0.00020868562317540357,0.00121778022,0.0009357011999999998,0.00034692339999999993,0.0005550527199999997,0.00202319372
2024,8,mattcl-py,input-lanjian,python,0.01647490801239766,0.0006209746816577165,0.01635754572,0.011916176842105261,0.004483395555555556,0.015300404719999999,0.019891084720000004
2024,8,kcen,input-mattcl,nim,0.0013922271549999998,0.00014908733077820073,0.00140292672,0.0011029178000000002,0.0003825678999999999,0.0002792067199999998,0.00172931272
2024,8,lanjian,input-mattcl,rust,0.0013733332800000004,0.000172872811993759,0.0013969607199999998,0.0010490127999999998,0.0004054537000000002,0.0006403737199999997,0.00174875972
2024,8,mattcl,input-mattcl,rust,0.0011902539299999992,0.0002177262382368505,0.00120308222,0.0009784978000000003,0.0003328027999999999,0.0004691227199999998,0.00225756172
2024,8,mattcl-py,input-mattcl,python,0.016482916778823534,0.0005805780793543125,0.016423749720000002,0.011333310588235288,0.005079550705882353,0.01545283072,0.019536770720000003
