year,day,participant,input,language,mean,stddev,median,user,system,min,max
2024,8,kcen,input-kcen,nim,0.001418721250000001,0.00013675636426083545,0.0014157978800000005,0.0009185916000000004,0.0005497018000000003,0.0007696893800000005,0.0023329543800000006
2024,8,lanjian,input-kcen,rust,0.0014117344900000015,0.0001216723893545868,0.0014159333800000005,0.0010218400000000009,0.0004602928999999997,0.0007592793800000005,0.0017658933800000004
2024,8,mattcl,input-kcen,rust,0.0012257684750000004,0.00020345255307814658,0.0012543258800000005,0.0009800466,0.00032984339999999994,0.0005246013800000004,0.0018868793800000004
2024,8,mattcl-py,input-kcen,python,0.01631010064470588,0.000557914281958578,0.016157983880000004,0.011285005411764708,0.004949482235294116,0.01545766938,0.01962780038
2024,8,kcen,input-lanjian,nim,0.0014423483999999997,0.00017993263177996902,0.0014158838800000003,0.0011078399999999988,0.0004119339999999999,0.0008499693800000003,0.0024355363800000005
2024,8,lanjian,input-lanjian,rust,0.00140619863,0.0001471944308946828,0.0014243193800000003,0.0010446249999999995,0.0004282569999999999,0.0006922043800000005,0.0017302063800000004
2024,8,mattcl,input-lanjian,rust,0.001193213565000001,0.0002360657525347116,0.0012258023800000004,0.0009817631999999997,0.0003271080999999999,0.0005155643800000005,0.0020586413800000006
2024,8,mattcl-py,input-lanjian,python,0.01637970855318436,0.000491243535563423,0.01631031338,0.011451288938547487,0.004870012402234636,0.01535402538,0.019299385380000002
2024,8,kcen,input-mattcl,nim,0.0014320051650000007,0.00014154828984970342,0.0014305558800000004,0.0010207965999999998,0.0004880735,0.0007453243800000003,0.0022282483800000006
2024,8,lanjian,input-mattcl,rust,0.0013939884700000004,0.00017489631998344232,0.0013957558800000004,0.0010888116000000005,0.00036233810000000006,0.0006346763800000005,0.0018078613800000007
2024,8,mattcl,input-mattcl,rust,0.0012323923600000004,0.00022855924704286984,0.0012430098800000006,0.0009276500000000005,0.0003911173000000001,0.0005549683800000003,0.0019903223800000003
2024,8,mattcl-py,input-mattcl,python,0.016586981668235298,0.000727868477945942,0.01639672488,0.011732521176470594,0.004794334470588235,0.015371577380000001,0.02017661738
