year,day,participant,input,language,mean,stddev,median,user,system,min,max
2024,8,kcen,input-kcen,nim,0.0014731833000000008,0.00019723397649839446,0.00147038054,0.0010951200000000002,0.0004111711,0.0008638890400000003,0.0026718770400000003
2024,8,lanjian,input-kcen,rust,0.0014542392900000005,0.000141264961392319,0.0014681010400000004,0.001111687599999999,0.0004007243000000001,0.00044365104000000026,0.0018157120400000004
2024,8,mattcl,input-kcen,rust,0.0012765994900000004,0.00024156808588228628,0.0013759430400000004,0.0009823539000000006,0.0003934829,0.00038518204000000025,0.00202337204
2024,8,mattcl-py,input-kcen,python,0.016489737528372104,0.0006167568891358886,0.01638412754,0.011589844651162784,0.004801198953488371,0.015541213040000001,0.01946192004
2024,8,kcen,input-lanjian,nim,0.0014972067900000008,0.00020348678711125647,0.0014732310400000003,0.00105015,0.0004733180000000001,0.0008176320400000003,0.0023994760400000005
2024,8,lanjian,input-lanjian,rust,0.00145153403,0.00017653258470899958,0.0014615090400000002,0.0010533600000000004,0.00041211119999999985,0.0006277770400000002,0.0019890770400000004
2024,8,mattcl,input-lanjian,rust,0.001380196225000001,0.00022111667424503902,0.0014187640400000001,0.0010270052,0.0004154062,0.0005967090400000002,0.0021650170400000003
2024,8,mattcl-py,input-lanjian,python,0.01664658592439307,0.0006149718729326007,0.01653354204,0.011780558034682085,0.004795047630057803,0.01582852204,0.020147494040000002
2024,8,kcen,input-mattcl,nim,0.00152450005,0.00020395373631464428,0.0014823375400000002,0.0010854512999999995,0.0004940464999999998,0.0005905570400000003,0.00241273204
2024,8,lanjian,input-mattcl,rust,0.0014528080300000006,0.00014874208882650618,0.0014650110400000003,0.0009476049999999992,0.0005341917999999998,0.0008091470400000001,0.0018750140400000002
2024,8,mattcl,input-mattcl,rust,0.0014215281850000008,0.00020260615072562144,0.0014380195400000002,0.0010481425999999997,0.00040265449999999996,0.0005747370400000001,0.0021444390400000004
2024,8,mattcl-py,input-mattcl,python,0.016649960333413174,0.000586063404553527,0.01659949604,0.011651395808383232,0.00492268155688623,0.015842427040000003,0.01996739604
