year,day,participant,input,language,mean,stddev,median,user,system,min,max
2024,8,kcen,input-kcen,nim,0.0014193989600000004,0.00020614171874222453,0.00138847592,0.0010238449999999998,0.00045137070000000017,0.00087879242,0.00263692442
2024,8,lanjian,input-kcen,rust,0.0013668172499999992,0.00021378341486659168,0.00133941442,0.0009681302000000007,0.0004296406999999999,0.00074249742,0.00219705942
2024,8,mattcl,input-kcen,rust,0.0012409710750000001,0.00023628335192803516,0.0012442809200000002,0.0009447603999999994,0.00038124909999999993,0.00065151642,0.00248979842
2024,8,mattcl-py,input-kcen,python,0.016556680071428572,0.0006134605677486382,0.01642758642,0.011942177142857146,0.00456527977142857,0.015599274420000003,0.019393458420000002
2024,8,kcen,input-lanjian,nim,0.0014133535,0.00021203416229509934,0.00139172192,0.0010531302000000003,0.00044251490000000017,0.0003526464199999999,0.00228597642
2024,8,lanjian,input-lanjian,rust,0.0013591242850000003,0.00021092504617955163,0.00137200042,0.0009216353999999995,0.0004834718999999999,0.00062730042,0.00258224142
2024,8,mattcl,input-lanjian,rust,0.0012233852599999998,0.00020582933750022935,0.0012359704200000001,0.0009546276000000005,0.0003655118000000001,0.00054746142,0.00189061642
2024,8,mattcl-py,input-lanjian,python,0.01664730321651163,0.000529228422385133,0.016559131420000005,0.01174263697674418,0.004845405465116279,0.015552496420000003,0.01929571542
2024,8,kcen,input-mattcl,nim,0.0014924257650000005,0.00027513371737705034,0.00140085442,0.00108828,0.0004788584,0.00089335842,0.0026919364200000003
2024,8,lanjian,input-mattcl,rust,0.0013725337549999992,0.00012795141201242224,0.0013838874200000002,0.0011097601999999999,0.0003611397999999999,0.0006452854200000001,0.0017213194199999999
2024,8,mattcl,input-mattcl,rust,0.0012209226949999995,0.00022401319482007496,0.00123709292,0.0009487155999999999,0.0003741072000000001,0.0004930394200000001,0.00196859242
2024,8,mattcl-py,input-mattcl,python,0.01678515606117647,0.0006774707614838953,0.01674277492,0.01209735952941177,0.004616160941176473,0.015148330420000002,0.019565110420000004
