year,day,participant,input,language,mean,stddev,median,user,system,min,max
2024,8,kcen,input-kcen,nim,0.001440943249999999,0.00011967564043349399,0.00143604058,0.0011132000000000002,0.00038432160000000006,0.0008103745800000001,0.0018311455800000002
2024,8,lanjian,input-kcen,rust,0.001404294945000001,0.00014464955696549275,0.0014270190800000002,0.0009502189999999992,0.0005110699999999998,0.0007693575800000001,0.00177213458
2024,8,mattcl,input-kcen,rust,0.0012256277050000006,0.00023876587593219374,0.00125105408,0.0009770418000000004,0.0003320383999999999,0.00053046058,0.0021082335800000004
2024,8,mattcl-py,input-kcen,python,0.016352964466363636,0.0006014555632969725,0.016209313080000003,0.011364517045454553,0.004897375113636361,0.015429602580000002,0.019212705580000003
2024,8,kcen,input-lanjian,nim,0.0014362734749999995,0.00011729502865505392,0.00143144258,0.0009460685999999998,0.0005391076999999997,0.00075189458,0.00182008458
2024,8,lanjian,input-lanjian,rust,0.0014081595150000012,0.00019316591976160688,0.00143135158,0.0010917067999999999,0.0003799343,0.00072320158,0.0025796865800000006
2024,8,mattcl,input-lanjian,rust,0.0012079331050000005,0.00023194416589416737,0.00124855458,0.0008968936000000004,0.00038591150000000013,0.00052653258,0.0025227495799999998
2024,8,mattcl-py,input-lanjian,python,0.016466117835681818,0.0005161923062393123,0.01635651808,0.011171437499999994,0.005217448977272725,0.01540995558,0.018748646580000004
2024,8,kcen,input-mattcl,nim,0.0014596970750000004,0.00013641763796790976,0.00144364958,0.0010563800000000002,0.00046077010000000025,0.0007699685800000001,0.00197963358
2024,8,lanjian,input-mattcl,rust,0.0014048800900000004,0.00017114621315306126,0.00143543958,0.0010508954,0.00042189919999999985,0.0006655435800000001,0.0017144565800000001
2024,8,mattcl,input-mattcl,rust,0.0012148906500000002,0.00020313257827294515,0.0012408700800000002,0.0009160021999999997,0.00040011009999999983,0.0006052605800000001,0.00197993358
2024,8,mattcl-py,input-mattcl,python,0.0165747133950289,0.000577185934848968,0.016475670580000004,0.011995757687861267,0.00452126612716763,0.015665404580000004,0.01949856058
