year,day,participant,input,language,mean,stddev,median,user,system,min,max
2024,8,kcen,input-kcen,nim,0.0014178975400000007,0.00017226599268736363,0.00142507954,0.0010551372999999995,0.0004362678000000001,0.0006170010399999998,0.00186763204
2024,8,lanjian,input-kcen,rust,0.0014153380649999992,0.0001611745105774913,0.0014247035399999998,0.0009548673000000001,0.0005041942,0.0007942230399999997,0.00244964204
2024,8,mattcl,input-kcen,rust,0.00134107336,0.00023021979689490056,0.0013464570399999997,0.0010140273000000003,0.000387827,0.0005086880399999997,0.00222829804
2024,8,mattcl-py,input-kcen,python,0.01641268429414364,0.0006567217379800231,0.016279144040000002,0.011432512375690606,0.004930910939226518,0.015275296039999999,0.01996004704
2024,8,kcen,input-lanjian,nim,0.001437421505,0.0001629688708381145,0.00141774604,0.0009400649999999998,0.0005323184,0.0007753680399999998,0.00218622904
2024,8,lanjian,input-lanjian,rust,0.0014285801,0.0001465376256800832,0.00144037304,0.0011542499999999997,0.00034041480000000004,0.0008701850399999996,0.00171282204
2024,8,mattcl,input-lanjian,rust,0.0013098031900000001,0.00022139118844537097,0.0013538260399999999,0.0009577265000000003,0.0004173821999999999,0.0005097600399999997,0.00203622804
2024,8,mattcl-py,input-lanjian,python,0.01651764403408284,0.0005879513045313877,0.016418696040000003,0.011756007455621305,0.004693991242603549,0.01560163604,0.019445212040000003
2024,8,kcen,input-mattcl,nim,0.0013984972349999993,0.00027969042763501987,0.0014496195399999999,0.0010739318999999996,0.00042555440000000027,0.0004197620399999997,0.00231918804
2024,8,lanjian,input-mattcl,rust,0.0014181736299999994,0.00016608551328114448,0.0014409635399999998,0.0010280200000000004,0.00043907719999999997,0.0006646100399999997,0.0017336120399999997
2024,8,mattcl,input-mattcl,rust,0.001297547745,0.00021118263089810012,0.0013378555399999998,0.0009684646000000004,0.00041508800000000014,0.0005094900399999998,0.00208804504
2024,8,mattcl-py,input-mattcl,python,0.016596275612254328,0.0007030871152048951,0.01644460404,0.011648886820809253,0.004889995606936415,0.01557327304,0.019915142040000004
