year,day,participant,input,language,mean,stddev,median,user,system,min,max
2024,8,kcen,input-kcen,nim,0.0014441263549999999,0.00020546235694118256,0.00143114822,0.0009461671000000001,0.0004968299999999998,0.0007788522199999999,0.0022907732200000003
2024,8,lanjian,input-kcen,rust,0.001422870135,0.00021105834996752165,0.00142013822,0.0009282075999999999,0.00050288,0.0007133802199999999,0.0025858352200000003
2024,8,mattcl,input-kcen,rust,0.0013691311400000003,0.00019888218441343336,0.00140443872,0.0009091755000000005,0.00047023500000000016,0.00058006022,0.0018965242200000001
2024,8,mattcl-py,input-kcen,python,0.01639878171714286,0.0006879270653649907,0.01623482122,0.011136025714285716,0.005170697142857142,0.01512554422,0.02004662822
2024,8,kcen,input-lanjian,nim,0.001440017145,0.00015307084878420505,0.00143220072,0.0008983671000000001,0.0005539450000000001,0.0008000722199999999,0.00232384522
2024,8,lanjian,input-lanjian,rust,0.0014286986049999997,0.00018210148147043012,0.00142657022,0.0009494125999999999,0.00051373,0.0007221352199999999,0.00237199522
2024,8,mattcl,input-lanjian,rust,0.0012993938899999995,0.00020615890101686985,0.00135966472,0.0009509841999999997,0.00039687999999999995,0.0005482402199999998,0.00202674822
2024,8,mattcl-py,input-lanjian,python,0.01659135366134077,0.0007540317112472686,0.01641495922,0.011877809050279324,0.004628843575418996,0.015635710219999998,0.01971735122
2024,8,kcen,input-mattcl,nim,0.0014524370600000008,0.00016527847054198522,0.00143593222,0.0009111070999999997,0.0005690400000000001,0.00085699822,0.00229948922
2024,8,lanjian,input-mattcl,rust,0.0014317205200000001,0.00009374019889189196,0.0014332622200000002,0.0009181499999999994,0.0005487300000000002,0.00079763722,0.00170553722
2024,8,mattcl,input-mattcl,rust,0.0013612018299999993,0.00020899984559295077,0.00138375972,0.0009480412999999998,0.0004331699999999998,0.0006633152199999999,0.00204572422
2024,8,mattcl-py,input-mattcl,python,0.016633936299545463,0.0007034140777063205,0.01651913822,0.012052500454545456,0.004490676136363635,0.01533911422,0.01997155722
