year,day,participant,input,language,mean,stddev,median,user,system,min,max
2024,8,kcen,input-kcen,nim,0.0013840462149999997,0.00010838940990306963,0.0013846519599999998,0.0009721684000000002,0.00047847399999999984,0.00081718896,0.0016828009600000002
2024,8,lanjian,input-kcen,rust,0.0013614140050000007,0.0001620423784170308,0.00137194346,0.0009947435999999997,0.0004480761999999999,0.00062503996,0.0017772479599999999
2024,8,mattcl,input-kcen,rust,0.0012863027000000007,0.00021338147004523557,0.00128784096,0.0009615051999999999,0.0003891220000000001,0.0006463199599999999,0.0021142889600000003
2024,8,mattcl-py,input-kcen,python,0.016615207201379302,0.0005826191272140621,0.016534568460000003,0.011314785517241379,0.005230512873563217,0.01571682596,0.019916549960000002
2024,8,kcen,input-lanjian,nim,0.0014462769200000005,0.00019904243826440529,0.00140345796,0.0009939449999999998,0.000508875,0.00068093396,0.00232290896
2024,8,lanjian,input-lanjian,rust,0.0013655701149999993,0.00019024549899350417,0.00137906196,0.0010056067999999997,0.00043616479999999985,0.0006540849599999999,0.0020525729600000004
2024,8,mattcl,input-lanjian,rust,0.0013167773899999996,0.00021927720940713834,0.00131803246,0.0010030449999999997,0.0003728256000000001,0.0005758479600000001,0.00211887696
2024,8,mattcl-py,input-lanjian,python,0.01669543292551725,0.0006294154055191646,0.01655138446,0.01207734873563218,0.0045286620689655175,0.01563923196,0.01978113596
2024,8,kcen,input-mattcl,nim,0.0015337148350000004,0.00027308357802284294,0.00143938496,0.001100435,0.0004930394000000002,0.0006959629599999999,0.00250716296
2024,8,lanjian,input-mattcl,rust,0.0013552645699999998,0.00019759763261586628,0.00139248696,0.0010426736,0.0003833623999999999,0.00071145196,0.0018805509600000002
2024,8,mattcl,input-mattcl,rust,0.0012802770999999996,0.00025306628211928755,0.00130424246,0.0009302452000000004,0.00041707620000000007,0.0002490059599999999,0.0020533849599999997
2024,8,mattcl-py,input-mattcl,python,0.016749286214437872,0.0006640626404838488,0.01657498296,0.011876270769230769,0.004803910295857989,0.01533825796,0.020171676960000003
