year,day,participant,input,language,mean,stddev,median,user,system,min,max
2024,8,kcen,input-kcen,nim,0.0014532163749999996,0.0001402580385908327,0.0014415974400000006,0.0010686324,0.0004351064,0.0008845044400000005,0.0021439724400000005
2024,8,lanjian,input-kcen,rust,0.001423369090000001,0.0001504546382626378,0.0014394384400000005,0.0010696597999999996,0.00043051129999999995,0.0007540404400000004,0.0018088254400000004
2024,8,mattcl,input-kcen,rust,0.0013430877300000005,0.0002254395242974337,0.0013852969400000004,0.001012312,0.0003830718,0.0006575494400000004,0.0020186484400000005
2024,8,mattcl-py,input-kcen,python,0.016423277177142873,0.0005872527014602254,0.016309393440000004,0.011088082742857138,0.00527441302857143,0.01536950444,0.02009826744
2024,8,kcen,input-lanjian,nim,0.00145233846,0.0001786479693870608,0.0014396744400000006,0.0010307773999999998,0.00047561589999999996,0.0006788304400000004,0.0023382064400000006
2024,8,lanjian,input-lanjian,rust,0.0014161094650000003,0.00016276267333899583,0.0014307124400000006,0.0010211550000000004,0.0004674156000000002,0.0005637344400000003,0.0019141524400000005
2024,8,mattcl,input-lanjian,rust,0.0010047013200000002,0.0005153079310616427,0.0010932204400000006,0.0008386636,0.0003087976999999999,0.0001634854400000004,0.005315380440000001
2024,8,mattcl-py,input-lanjian,python,0.016767469908208096,0.0007224903362234661,0.01660789244,0.011806421734104044,0.004899695260115607,0.01594674444,0.019950189440000002
2024,8,kcen,input-mattcl,nim,0.0014585960650000001,0.00017052571847672837,0.0014369834400000006,0.0010572349999999997,0.0004778158000000001,0.0008071594400000003,0.0023714984400000005
2024,8,lanjian,input-mattcl,rust,0.001416676145000001,0.00014029205998918122,0.0014355309400000005,0.0010060647999999993,0.0004979306,0.0006678994400000003,0.0017004224400000005
2024,8,mattcl,input-mattcl,rust,0.0013379743800000002,0.0002048875103560388,0.0013893199400000006,0.0009861849999999999,0.000423386,0.0004802174400000003,0.0020986874400000005
2024,8,mattcl-py,input-mattcl,python,0.016723602960467834,0.00048512345476237344,0.016661403440000003,0.011926777309941527,0.0047328039766081865,0.015834363440000002,0.018763938440000003
