year,day,participant,input,language,mean,stddev,median,user,system,min,max
2024,8,kcen,input-kcen,nim,0.0013867089650000002,0.0001412316169793464,0.0014009723800000003,0.0008956780000000013,0.0005381847000000002,0.0005836388800000002,0.0016837348800000005
2024,8,lanjian,input-kcen,rust,0.001369043835000001,0.00012577129773446742,0.0013947553800000003,0.0009130535000000003,0.0005275249999999996,0.0006907998800000004,0.0016084148800000002
2024,8,mattcl,input-kcen,rust,0.0012065940900000001,0.00024236543719984352,0.0012265908800000004,0.0009108525000000003,0.00035775739999999986,0.00048532488000000026,0.0020602798800000003
2024,8,mattcl-py,input-kcen,python,0.016477027757094975,0.0007324570920625268,0.01630995888,0.011645820670391063,0.004753900223463688,0.015359171880000001,0.019899279880000002
2024,8,kcen,input-lanjian,nim,0.0013932041600000001,0.00018249570723024956,0.0013854878800000003,0.0009994229999999995,0.00042173160000000016,0.0005532128800000004,0.0019523078800000003
2024,8,lanjian,input-lanjian,rust,0.0013653376950000004,0.00019048234820549684,0.0013741823800000003,0.0009848435000000004,0.0004174768,0.0006452448800000003,0.0019937548800000003
2024,8,mattcl,input-lanjian,rust,0.001178674725,0.00023247183547541315,0.0012053558800000004,0.0008998790000000003,0.00035759680000000007,0.0004203038800000003,0.0019548518800000005
2024,8,mattcl-py,input-lanjian,python,0.0166806523564706,0.0006638752344499698,0.01653818138,0.011734852941176472,0.0048642431764705915,0.01592213388,0.02002614688
2024,8,kcen,input-mattcl,nim,0.0014099049249999998,0.00020480573017308775,0.0014012228800000003,0.0009105245000000006,0.0005249354999999999,0.0005745918800000003,0.0026265678800000006
2024,8,lanjian,input-mattcl,rust,0.0013869871399999996,0.00010546880934782872,0.0013920858800000003,0.0009358995000000001,0.0005019403999999998,0.0007888828800000003,0.0016432498800000002
2024,8,mattcl,input-mattcl,rust,0.0011995422650000007,0.00016806074905749294,0.0012186008800000004,0.0008959329999999997,0.00039712130000000006,0.0005716268800000004,0.0018483428800000006
2024,8,mattcl-py,input-mattcl,python,0.016735240052619046,0.0006740961908887563,0.016623180879999998,0.012129355952380955,0.004523472380952377,0.01557473588,0.01991892688
