year,day,participant,input,language,mean,stddev,median,user,system,min,max
2024,8,lanjian,input-kcen,rust,0.0013650510450000006,0.0001526458594412661,0.0013876608,0.0010046619000000005,0.00043370820000000006,0.0004958612999999999,0.0017482763
2024,8,mattcl,input-kcen,rust,0.0011437165599999998,0.00020288429133507379,0.0011815653,0.0008817395999999994,0.00037535579999999985,0.0005650203,0.0018534632999999997
2024,8,mattcl-py,input-kcen,python,0.0164409805881356,0.000638251844828345,0.016316641300000004,0.011349088022598862,0.005026346666666666,0.0153509523,0.019955385300000003
2024,8,lanjian,input-lanjian,rust,0.0013935007300000005,0.00018883430581780836,0.0014217448,0.0010921645999999994,0.0003453428,0.0006704482999999998,0.0021594073
2024,8,mattcl,input-lanjian,rust,0.0009553232205000005,0.0003523148062319242,0.0010679268,0.0008036930000000001,0.00030287879999999997,0.0,0.0018607173000000001
2024,8,mattcl-py,input-lanjian,python,0.016655262932768367,0.0007384560080960969,0.016508891300000002,0.012077678192090394,0.004535914576271188,0.015129587299999999,0.020156512300000002
2024,8,lanjian,input-mattcl,rust,0.00138373207,0.0001359292174575807,0.0013948548,0.0009847923000000003,0.0004889527999999998,0.0006957952999999998,0.0020753893
2024,8,mattcl,input-mattcl,rust,0.0011498681850000002,0.00021872869662304003,0.0012011268,0.0008762488,0.0003942593999999998,0.0004963422999999998,0.0019328123
2024,8,mattcl-py,input-mattcl,python,0.01662408327093025,0.0006700205038026686,0.0164982403,0.01157172604651163,0.0049910227906976735,0.015158221300000002,0.0191155323
