year,day,participant,input,language,mean,stddev,median,user,system,min,max
2024,8,kcen,input-kcen,nim,0.0014183433949999994,0.0001516004773755951,0.0014231514600000002,0.0009046318000000002,0.0005727657999999998,0.0006698039600000001,0.0018059539600000002
2024,8,lanjian,input-kcen,rust,0.0013696808999999995,0.0001908022967992412,0.0014148959600000003,0.0010041735999999993,0.000442643,0.0005253939600000002,0.00190768496
2024,8,mattcl,input-kcen,rust,0.0012389960700000006,0.00021513170945206266,0.0012535384600000001,0.0009302433999999997,0.00038965799999999987,0.0004500229600000001,0.0023751009600000003
2024,8,mattcl-py,input-kcen,python,0.016267500134157314,0.0006390194984210775,0.016109604960000003,0.011217095280898872,0.004986304044943819,0.01525114496,0.019154872960000003
2024,8,kcen,input-lanjian,nim,0.0014395758500000003,0.00018597174931268463,0.0014382554600000002,0.0011240983999999997,0.0004036747999999999,0.0007390539600000002,0.0022777979600000003
2024,8,lanjian,input-lanjian,rust,0.0014065611750000006,0.00015531339745755295,0.0014283009600000003,0.0009960350000000001,0.0004761176000000001,0.00064610996,0.0018325339600000002
2024,8,mattcl,input-lanjian,rust,0.0012224715550000005,0.00022066477528283506,0.0012568444600000001,0.0009764636000000003,0.0003389562,0.0006337669600000001,0.0025725109600000006
2024,8,mattcl-py,input-lanjian,python,0.016431233332881358,0.0005122761771863895,0.016344985960000002,0.011376775819209034,0.0049870051977401126,0.01542783596,0.01918287596
2024,8,kcen,input-mattcl,nim,0.0014666165399999994,0.00018544063990586605,0.0014382089600000001,0.001083985,0.0004597579999999999,0.0008849779600000002,0.00293066196
2024,8,lanjian,input-mattcl,rust,0.0013922266249999998,0.00019417601434002524,0.0014247044600000003,0.001092785,0.00035933760000000003,0.0005223879600000001,0.00202791996
2024,8,mattcl,input-mattcl,rust,0.001267145060000001,0.00022893479640426732,0.00128928496,0.0009629667999999994,0.000371737,0.00048800296000000003,0.0021528339600000003
2024,8,mattcl-py,input-mattcl,python,0.016522456860584792,0.0005979876919888476,0.01641514796,0.011470487719298246,0.004984221754385965,0.015544884960000002,0.018986937960000002
