year,day,participant,input,language,mean,stddev,median,user,system,min,max
2024,8,kcen,input-kcen,nim,0.0013999172099999997,0.0001599549339082891,0.00138907444,0.0009192612000000004,0.0005302198999999999,0.00077357344,0.00227325944
2024,8,lanjian,input-kcen,rust,0.0013717473150000005,0.00011566489238533847,0.0013706849400000002,0.0009902312,0.0004612608999999999,0.0007621114400000002,0.0019068834400000003
2024,8,mattcl,input-kcen,rust,0.00126740395,0.00022400946687292783,0.0012816484400000002,0.0009906236,0.00038280679999999997,0.00055391144,0.00199861544
2024,8,mattcl-py,input-kcen,python,0.016456811158390806,0.0005774223501942048,0.016403628440000005,0.011044132873563216,0.005347650689655174,0.015172283440000002,0.019864025440000002
2024,8,kcen,input-lanjian,nim,0.0014210485400000003,0.0001675973990604842,0.0013861744400000002,0.0009728800000000004,0.0005109449,0.0008347774400000001,0.00233858144
2024,8,lanjian,input-lanjian,rust,0.0013481857099999998,0.00018159897492667516,0.0013705499400000001,0.0010296743,0.00039925750000000025,0.0007876194400000002,0.0019485914400000004
2024,8,mattcl,input-lanjian,rust,0.001272487805,0.00023502221126258594,0.0013074414400000003,0.0009650062000000004,0.00039063629999999997,0.00048300844,0.00203990244
2024,8,mattcl-py,input-lanjian,python,0.016674180711676295,0.0007712306658246988,0.01652070744,0.01152601583815029,0.0050720419653179204,0.01532922744,0.020121367440000003
2024,8,kcen,input-mattcl,nim,0.0014235949099999994,0.0004953982288289225,0.0014013224400000002,0.0010089881000000008,0.0004636711,0.00032135644000000005,0.0028420144400000003
2024,8,lanjian,input-mattcl,rust,0.0013608206300000005,0.00022501186775226032,0.00133161694,0.0009276305000000001,0.0004649055,0.0006380284400000001,0.00221438944
2024,8,mattcl,input-mattcl,rust,0.0012000782300000002,0.00026271635122142935,0.0012577944400000002,0.0009640524000000003,0.0003756518000000001,0.00033947944000000015,0.00250881044
2024,8,mattcl-py,input-mattcl,python,0.016680200678372087,0.0006038369967593413,0.01660484544,0.011998476627906974,0.004607630697674418,0.015669463440000003,0.020073728440000004
