year,day,participant,input,language,mean,stddev,median,user,system,min,max
2024,8,kcen,input-kcen,nim,0.0013285550100000008,0.00018678111314874028,0.0013527017399999999,0.0010001680000000003,0.00039434930000000005,0.0007012862399999999,0.00208167124
2024,8,lanjian,input-kcen,rust,0.0013662749999999995,0.00017560630732325918,0.0013955367399999998,0.0009736505000000006,0.0004674173000000002,0.0006065392399999998,0.00209451524
2024,8,mattcl,input-kcen,rust,0.0012107886099999995,0.00021575534145987086,0.00123171424,0.0009302844999999997,0.0003460731000000001,0.0004840802399999999,0.00191488824
2024,8,mattcl-py,input-kcen,python,0.016350951422857134,0.0005503142101785779,0.01624172224,0.011558397142857137,0.004715680914285712,0.015357698239999999,0.01904628324
2024,8,kcen,input-lanjian,nim,0.0013688822799999998,0.00016569464756047302,0.00139645874,0.0009744109999999994,0.000448667,0.0006370972399999998,0.00176493824
2024,8,lanjian,input-lanjian,rust,0.00135394681,0.00020064811114134132,0.00138069424,0.0009491274999999999,0.000456292,0.0005496932399999999,0.0018330062399999998
2024,8,mattcl,input-lanjian,rust,0.0012111090449999995,0.0002130032690530674,0.0012372707399999998,0.0009282129999999996,0.0003612349,0.00053458424,0.00211027524
2024,8,mattcl-py,input-lanjian,python,0.016711184074319537,0.0007421947859987207,0.01650835224,0.011924711834319524,0.004716750650887574,0.01582121524,0.02011987324
2024,8,kcen,input-mattcl,nim,0.0013749568699999992,0.00019632051691927254,0.00137998774,0.0009947459999999997,0.00041003609999999994,0.0007433252399999999,0.00203695824
2024,8,lanjian,input-mattcl,rust,0.0013749642500000005,0.00020363379939008193,0.00137579424,0.0009296879999999999,0.0004768885,0.00045103823999999987,0.00205573224
2024,8,mattcl,input-mattcl,rust,0.0011642453299999995,0.0001872289209704545,0.00120988374,0.0009123514999999998,0.000356194,0.0005116522399999999,0.00199314524
2024,8,mattcl-py,input-mattcl,python,0.01670198079232558,0.0006501110597974401,0.01652309424,0.012028926744186043,0.004633178720930231,0.01574068424,0.02009734124
