year,day,participant,input,language,mean,stddev,median,user,system,min,max
2024,8,mattcl,input-mattcl,rust,0.0011708661500000007,0.00035376265254272133,0.00125689874,0.0009399952000000001,0.00028084740000000006,0.0003369602400000001,0.0020683932400000003
