year,day,participant,input,language,mean,stddev,median,user,system,min,max
2024,8,kcen,input-kcen,nim,0.0014043569599999993,0.00016387440105528547,0.0013888202,0.0009744750000000008,0.00048753569999999974,0.0007734227000000002,0.0021234107
2024,8,lanjian,input-kcen,rust,0.0013809094900000003,0.0001633092162856865,0.0013935742000000001,0.0009715148000000004,0.0004625807,0.0007516527,0.0017817117
2024,8,mattcl,input-kcen,rust,0.001286993500000001,0.0002658534868029881,0.0012919692,0.0010129993999999998,0.0003704461,0.0004671407,0.0025190607
2024,8,mattcl-py,input-kcen,python,0.01647758595730994,0.0007324138957371055,0.0163094807,0.011810636491228063,0.004600070643274853,0.015358791700000003,0.019483974700000004
2024,8,kcen,input-lanjian,nim,0.00145099714,0.00021216496995447986,0.0014034877000000002,0.0010340345999999999,0.0004936994999999998,0.0007754067000000002,0.0026024277
2024,8,lanjian,input-lanjian,rust,0.0013769449849999995,0.00019472501813173833,0.0013561847,0.0010006646000000005,0.0004230908999999999,0.0007044047000000001,0.0021802777000000002
2024,8,mattcl,input-lanjian,rust,0.0012596480150000005,0.00023554403833363807,0.0012922692000000003,0.0009528840000000006,0.0004010609000000001,0.0002878447,0.0020458447000000005
2024,8,mattcl-py,input-lanjian,python,0.016819939917647055,0.0007947345247126204,0.016620899200000004,0.012224381176470591,0.004521755058823531,0.015746356700000002,0.020280585700000003
2024,8,kcen,input-mattcl,nim,0.001494801285,0.00028646402802816876,0.0014282292000000001,0.0011308400000000006,0.0004367035000000001,0.0007432767000000002,0.0024631967000000006
2024,8,lanjian,input-mattcl,rust,0.0013924355400000007,0.00015513911290820288,0.0013831397000000003,0.0010334198000000003,0.0004071615999999999,0.0007702167,0.0018348007000000002
2024,8,mattcl,input-mattcl,rust,0.0013070305749999995,0.0002509634688132784,0.0013123272000000001,0.0010125991999999995,0.00036120609999999996,0.0006498017,0.0025054967
2024,8,mattcl-py,input-mattcl,python,0.016679511845348837,0.000546290829811371,0.0166487867,0.01246962720930233,0.0041267913953488364,0.015525843700000003,0.0201146557
