year,day,participant,input,language,mean,stddev,median,user,system,min,max
2024,8,kcen,input-kcen,nim,0.0014198287950000004,0.00019167563994547225,0.0014021205799999998,0.0010347149999999996,0.00043210620000000004,0.0007754720799999997,0.00265839608
2024,8,lanjian,input-kcen,rust,0.0013893599799999995,0.0001901148488046372,0.00140364708,0.0008930744999999998,0.0005418931999999997,0.0007326620799999998,0.00284810208
2024,8,mattcl,input-kcen,rust,0.0012998544450000004,0.00025230549624560394,0.00132284108,0.0009686695000000003,0.0003811948000000001,0.0005068790799999998,0.0031049520800000003
2024,8,mattcl-py,input-kcen,python,0.016594835528275866,0.0006463628928199307,0.016509889080000003,0.012017230229885052,0.004486156551724137,0.015348760080000001,0.020181707080000003
2024,8,kcen,input-lanjian,nim,0.0014299718500000009,0.00019269037172598062,0.00140875658,0.0009240349999999998,0.0005511613999999999,0.0007982740799999999,0.00268655908
2024,8,lanjian,input-lanjian,rust,0.0013922316249999997,0.0001689894291406549,0.00141020008,0.0009924717000000002,0.0004144371,0.0007542010799999997,0.00179687408
2024,8,mattcl,input-lanjian,rust,0.00133584955,0.00022880563338513536,0.00133662708,0.0008697916999999998,0.0004810845000000002,0.0006898820799999997,0.00209535208
2024,8,mattcl-py,input-lanjian,python,0.016760738308571436,0.0006550825387647546,0.016610323080000003,0.011874127314285717,0.004788993599999998,0.01516561808,0.019949463080000004
2024,8,kcen,input-mattcl,nim,0.0011352962,0.00035567629395918184,0.00125090158,0.0008243513,0.00043455400000000003,0.0003669570799999998,0.00176285008
2024,8,lanjian,input-mattcl,rust,0.0012434627049999994,0.00032381407829469604,0.0013340975799999999,0.0009153979000000003,0.0004050162000000001,0.00021471207999999972,0.00211901708
2024,8,mattcl,input-mattcl,rust,0.0012532071100000005,0.00026239872129089084,0.00132616708,0.0009137117000000001,0.0004137467,0.00014299707999999975,0.00198728008
2024,8,mattcl-py,input-mattcl,python,0.016837102802543368,0.0006207510120546906,0.016793215080000003,0.012061866127167635,0.0046994549132948,0.01539165108,0.020280703080000004
