year,day,participant,input,language,mean,stddev,median,user,system,min,max
2024,8,kcen,input-kcen,nim,0.0014501375449999996,0.00012458578564672633,0.0014355176999999999,0.0009850199999999999,0.0005169816999999999,0.0011131881999999998,0.0021516832
2024,8,lanjian,input-kcen,rust,0.001398036515,0.00019666536118195785,0.0014203287,0.00102553,0.0004297057000000001,0.0005645222,0.0023180742
2024,8,mattcl,input-kcen,rust,0.0012393965899999996,0.00022724831534405584,0.0012761736999999998,0.0009648524999999998,0.00035509080000000013,0.0006461952,0.0020464952
2024,8,mattcl-py,input-kcen,python,0.016282150524022345,0.0006265595821082536,0.0161309032,0.011211502793296087,0.004998870391061452,0.014920958200000002,0.0191769962
2024,8,kcen,input-lanjian,nim,0.0014546897399999998,0.00021832936721119905,0.0014250526999999998,0.0009703324999999995,0.0005121438999999999,0.0007843332000000001,0.0035818402
2024,8,lanjian,input-lanjian,rust,0.0013954426100000006,0.00016830067718815586,0.0014315096999999999,0.000980865,0.0004784273,0.0006435092,0.0018166251999999997
2024,8,mattcl,input-lanjian,rust,0.0012115031,0.0002131990092539228,0.0012571031999999997,0.0009257124999999997,0.0003784046,0.0005886962000000001,0.0020941952
2024,8,mattcl-py,input-lanjian,python,0.016481647228409092,0.0006390541376123973,0.0163618612,0.011708619318181818,0.004699758977272727,0.015414071200000002,0.0196966792
2024,8,kcen,input-mattcl,nim,0.0014729893950000007,0.0002179288867830271,0.0014475247,0.0011165899999999993,0.0004264002,0.0007993712000000001,0.0024233012
2024,8,lanjian,input-mattcl,rust,0.0014060392449999994,0.0001653169807670179,0.0014289901999999998,0.0011172424999999998,0.0003714186,0.0006695082,0.0018815071999999998
2024,8,mattcl,input-mattcl,rust,0.0012625688650000002,0.0002303249650830655,0.0012893286999999998,0.0009337049999999993,0.000393459,0.0005576091999999999,0.0025496582
2024,8,mattcl-py,input-mattcl,python,0.01646826587251462,0.000496285296075907,0.0163754302,0.0117950350877193,0.004600698713450292,0.0154713482,0.0190500082
