year,day,participant,input,language,mean,stddev,median,user,system,min,max
2024,8,kcen,input-kcen,nim,0.0014117447800000003,0.00020907980557204904,0.0013897561600000002,0.0009653249999999995,0.00048304500000000014,0.0006935416600000002,0.0023028656600000003
2024,8,lanjian,input-kcen,rust,0.00137200946,0.0001540097043616336,0.0013918091600000002,0.0009021091999999994,0.0005354,0.0002919796600000001,0.0018343176600000002
2024,8,mattcl,input-kcen,rust,0.0013203633649999998,0.00019219335571314474,0.0013530766600000001,0.0009187391999999993,0.00044632999999999994,0.00059927566,0.0021151346600000002
2024,8,mattcl-py,input-kcen,python,0.016615308923157893,0.000650188046774267,0.01646946166,0.011701963976608186,0.004836853801169591,0.015726219660000002,0.019804458660000003
2024,8,kcen,input-lanjian,nim,0.0014167122949999998,0.00018547702502531952,0.0013955761600000002,0.0009766745999999994,0.0004896999999999998,0.00036443466000000003,0.0019765846600000004
2024,8,lanjian,input-lanjian,rust,0.0014090302550000006,0.00019864413745509168,0.0013876916600000003,0.0009894541999999995,0.00043977499999999994,0.0007716376600000001,0.0022686016600000003
2024,8,mattcl,input-lanjian,rust,0.0013416973750000002,0.0001649423319884337,0.0013635111600000002,0.0009267692000000001,0.00049545,0.0007033386600000001,0.0020030246600000003
2024,8,mattcl-py,input-lanjian,python,0.01680709405444445,0.0006118856522870545,0.016717566160000003,0.011698734444444452,0.004998999999999999,0.015649566660000003,0.019557786660000003
2024,8,kcen,input-mattcl,nim,0.0014788015249999993,0.0002693712130181343,0.00140048566,0.0010908849999999993,0.00043570500000000026,0.0007263526600000002,0.0024342016600000004
2024,8,lanjian,input-mattcl,rust,0.0014032427950000006,0.0002138665312535106,0.0013791056600000002,0.0008772642000000004,0.0005158249999999999,0.0006730526600000001,0.0023506156600000003
2024,8,mattcl,input-mattcl,rust,0.0013182096749999998,0.00023542086681559434,0.0013530366600000001,0.0008961942000000006,0.0004334900000000001,0.00044710066000000015,0.0018927876600000003
2024,8,mattcl-py,input-mattcl,python,0.016772659345714296,0.0003724031516653038,0.016765004660000003,0.011720519771428566,0.004961142857142859,0.015629508660000003,0.01817054866
