year,day,participant,input,language,mean,stddev,median,user,system,min,max
2024,8,kcen,input-kcen,nim,0.0013553716750000005,0.0005841051914508182,0.0014737788400000004,0.0009797686000000002,0.00042318560000000006,0.00033332784000000024,0.00601898384
2024,8,lanjian,input-kcen,rust,0.0014759648700000015,0.00017189662196007675,0.0015047768400000003,0.0010813212000000006,0.0004456596000000001,0.0007725108400000001,0.0018311528400000005
2024,8,mattcl,input-kcen,rust,0.0013644952200000005,0.00023314402017308514,0.0013646593400000002,0.0010409203999999994,0.0003666016,0.0006383388400000002,0.0021184208400000003
2024,8,mattcl-py,input-kcen,python,0.016593616114853788,0.0007201597263750839,0.01643401684,0.011715680701754383,0.004803118128654972,0.01511670984,0.01993295884
2024,8,kcen,input-lanjian,nim,0.0015305048649999998,0.00013781163543245256,0.0015080073400000004,0.0010367850000000006,0.0005152742000000001,0.0009335618400000001,0.0023219818400000004
2024,8,lanjian,input-lanjian,rust,0.0014945048250000006,0.0001781721883864507,0.0015055033400000004,0.0009346500000000006,0.0005724214,0.0003660898400000002,0.0021073398400000003
2024,8,mattcl,input-lanjian,rust,0.0013478018950000006,0.00020884682037501976,0.0013641238400000004,0.0010537403999999998,0.00033571180000000015,0.0005933848400000002,0.0020711618400000003
2024,8,mattcl-py,input-lanjian,python,0.01680864727859649,0.0005976112320819896,0.01671251884,0.012312867368421047,0.00438007415204678,0.01552901184,0.02004005984
2024,8,kcen,input-mattcl,nim,0.0016641082600000003,0.0003327406414603436,0.0015549808400000004,0.0011242550000000002,0.0005329452000000002,0.00099751184,0.0029369728400000005
2024,8,lanjian,input-mattcl,rust,0.0014996078150000009,0.0001645866558936222,0.0015068453400000003,0.0011009604000000001,0.00038375660000000006,0.0007588348400000001,0.0018159538400000005
2024,8,mattcl,input-mattcl,rust,0.0012920074900000006,0.00019683911014669884,0.0013436348400000003,0.0010044766,0.00036627899999999995,0.0005765428400000002,0.0020468568400000002
2024,8,mattcl-py,input-mattcl,python,0.016842504930395484,0.0006320243153935945,0.01671315984,0.012252773107344635,0.00448529242937853,0.01593096484,0.02035294484
