year,day,participant,input,language,mean,stddev,median,user,system,min,max
2024,8,kcen,input-kcen,nim,0.0014064670650000008,0.0001650180976484529,0.00139077518,0.0009529899999999997,0.0004953714,0.0007931306800000001,0.0022250926800000004
2024,8,lanjian,input-kcen,rust,0.0014052763749999994,0.0002054520189004805,0.0013968261799999998,0.0010570055999999995,0.0003873062,0.0007227186799999999,0.0025969096800000004
2024,8,mattcl,input-kcen,rust,0.0013315252749999998,0.00023903377985891276,0.00137437968,0.0008681811999999996,0.0005095623999999998,0.00030238068,0.0020379716800000003
2024,8,mattcl-py,input-kcen,python,0.01656701628,0.0005638161013978516,0.016459379680000004,0.011546310588235293,0.0049448042352941155,0.015263594680000003,0.019438854680000003
2024,8,kcen,input-lanjian,nim,0.0014712938299999998,0.00026518351798532434,0.00140830268,0.0009735799999999996,0.0005165864,0.0006394826799999999,0.00265885568
2024,8,lanjian,input-lanjian,rust,0.00139672121,0.0001826033342973002,0.00136959518,0.0009754555999999998,0.00044448060000000007,0.00077402468,0.0019758566799999997
2024,8,mattcl,input-lanjian,rust,0.0013515235449999999,0.00022358730657902546,0.0013622011799999999,0.0010005255999999997,0.00038391739999999987,0.0005675976799999999,0.00252703768
2024,8,mattcl-py,input-lanjian,python,0.016849146603529413,0.0007413205417796899,0.01671666168,0.01239798117647058,0.004363661647058824,0.015527999680000001,0.02024344268
2024,8,kcen,input-mattcl,nim,0.0015160195199999987,0.0002687462284170072,0.00144893418,0.0009690199999999997,0.0005643211999999999,0.0008678706800000001,0.0024865816799999997
2024,8,lanjian,input-mattcl,rust,0.0013857422899999994,0.0001456716409246022,0.00139676118,0.0008537017999999997,0.0005847557999999999,0.00061352368,0.0018981396800000002
2024,8,mattcl,input-mattcl,rust,0.0013573732450000001,0.00017283623992407157,0.0013818431800000002,0.0009681205999999996,0.00042381940000000006,0.0007064176800000001,0.0019838806800000003
2024,8,mattcl-py,input-mattcl,python,0.01685564812705883,0.0006424922694489181,0.01671916668,0.012269684470588238,0.004522786823529411,0.015634739680000002,0.02013826468
