year,day,participant,input,language,mean,stddev,median,user,system,min,max
2024,8,kcen,input-kcen,nim,0.00146684441,0.00016692529688333959,0.00145993078,0.0010823424000000004,0.00041720860000000006,0.0007178677800000003,0.00266130478
2024,8,lanjian,input-kcen,rust,0.0014560708099999996,0.00011206975914062761,0.0014633922800000002,0.0009522198,0.0005470336999999999,0.0007900017800000003,0.0017992107800000002
2024,8,mattcl,input-kcen,rust,0.0013184882699999998,0.00023694071070232,0.0013522042800000003,0.0009611795999999997,0.00042288559999999995,0.0005785257800000003,0.00211512278
2024,8,mattcl-py,input-kcen,python,0.016385406940919545,0.0005946793141977855,0.016286618780000005,0.011229146206896554,0.005070844252873563,0.015448288780000001,0.019771411780000005
2024,8,kcen,input-lanjian,nim,0.0014712597850000003,0.00012730068233888107,0.0014628612800000002,0.0009074773999999996,0.0005719022000000001,0.0009548097800000003,0.00216274078
2024,8,lanjian,input-lanjian,rust,0.0014364915700000014,0.0001930392032792025,0.0014495817800000003,0.001043325,0.00039229490000000015,0.0007526217800000002,0.0020207657800000002
2024,8,mattcl,input-lanjian,rust,0.0013830516750000005,0.00022083975742115178,0.0014034302800000002,0.0009558895999999996,0.0004434892999999998,0.0005896767800000002,0.0022142387800000002
2024,8,mattcl-py,input-lanjian,python,0.016580398967134497,0.0006289521929873152,0.016479059780000003,0.011674174970760233,0.004814255438596491,0.01541808278,0.01941535478
2024,8,kcen,input-mattcl,nim,0.001493953544999999,0.0001811891839545628,0.0014780197800000003,0.0010844097999999998,0.00044771839999999986,0.0009826017800000004,0.0026902487800000005
2024,8,lanjian,input-mattcl,rust,0.0014485082150000003,0.00017518582228420406,0.0014628862800000002,0.0009851850000000004,0.0004621341,0.0005711327800000003,0.0018231657800000002
2024,8,mattcl,input-mattcl,rust,0.0013894042550000008,0.00021098046799201587,0.0014021127800000002,0.0010326574,0.0003905686,0.0005343037800000003,0.00247970478
2024,8,mattcl-py,input-mattcl,python,0.016688209430887575,0.0006658908519173791,0.016535994780000004,0.011539561420118347,0.00507163846153846,0.015274714780000002,0.019926491780000003
