year,day,participant,input,language,mean,stddev,median,user,system,min,max
2024,8,kcen,input-kcen,nim,0.001472080329999999,0.00016811066075572416,0.0014522397799999996,0.00099853,0.0004954127,0.0007885322799999996,0.00219838128
2024,8,lanjian,input-kcen,rust,0.0014239255199999998,0.00017572478668408803,0.00144384378,0.0010013137999999998,0.0004469279999999999,0.0006446932799999996,0.00187679928
2024,8,mattcl,input-kcen,rust,0.0013842101499999997,0.00018227365725586976,0.00140040778,0.0009671718999999996,0.0004502677,0.0006647502799999996,0.0021286002799999998
2024,8,mattcl-py,input-kcen,python,0.016442736637541887,0.0006548497806146814,0.016316573280000003,0.010929583016759767,0.005432015195530727,0.015064990280000001,0.019537031280000002
2024,8,kcen,input-lanjian,nim,0.0014539268449999996,0.00016207316247218248,0.0014386237799999997,0.0009921018999999997,0.0004887117999999999,0.0007766202799999996,0.00226680928
2024,8,lanjian,input-lanjian,rust,0.0014389438749999998,0.00016798072479404488,0.0014411742799999997,0.0010686399999999998,0.00040421660000000004,0.0008069062799999997,0.00232801428
2024,8,mattcl,input-lanjian,rust,0.0013799887999999994,0.00018811020572317622,0.0014032727799999996,0.0009494899999999998,0.00045525709999999985,0.0007328382799999996,0.00213957128
2024,8,mattcl-py,input-lanjian,python,0.01652866559818182,0.0006079492783245852,0.01644116228,0.012148909772727274,0.004308785568181819,0.015211986280000001,0.01956722828
2024,8,kcen,input-mattcl,nim,0.0015540062349999994,0.0002819500423152314,0.0014754982799999997,0.0010656368999999997,0.0005091833,0.0009949682799999995,0.00252927028
2024,8,lanjian,input-mattcl,rust,0.0014471210449999994,0.00017116750278551394,0.0014274332799999996,0.0009981718999999996,0.00045908799999999986,0.0008277052799999996,0.0019766262799999997
2024,8,mattcl,input-mattcl,rust,0.0013410279900000002,0.00022261759366508322,0.0013669497799999998,0.0009416838000000004,0.00042510890000000014,0.0006960292799999996,0.0020539712799999997
2024,8,mattcl-py,input-mattcl,python,0.016645046944772732,0.0006010993883391676,0.016570884780000003,0.011909012045454552,0.004636397840909092,0.01569869728,0.020115283280000004
