year,day,participant,input,language,mean,stddev,median,user,system,min,max
2024,8,kcen,input-kcen,nim,0.0013958225650000002,0.00017446922818531256,0.001376586,0.0010030467999999995,0.0004457619999999999,0.0007319795,0.0020673895
2024,8,lanjian,input-kcen,rust,0.0013891566749999996,0.00021390495587466675,0.0013743515,0.0009964750999999995,0.0004242304999999999,0.0007193255,0.0027324845
2024,8,mattcl,input-kcen,rust,0.0013172653799999998,0.00022980993663691073,0.001363762,0.0008739601999999998,0.00048819299999999994,0.0005307924999999999,0.0022652395000000002
2024,8,mattcl-py,input-kcen,python,0.01666095562716763,0.0006370046576076995,0.0165606135,0.012003448092485549,0.004585438150289016,0.0157360695,0.0200456975
2024,8,kcen,input-lanjian,nim,0.0014638398250000002,0.00026061267683353596,0.0013993480000000001,0.0010007949999999999,0.0004930974999999999,0.0007471875,0.0026941725000000005
2024,8,lanjian,input-lanjian,rust,0.0013634780249999997,0.00022032322305224662,0.0013361150000000001,0.0009484285999999992,0.0004449729999999998,0.0006226045000000001,0.0022274295
2024,8,mattcl,input-lanjian,rust,0.001323279845,0.00020354768711035716,0.00134708,0.0009427967999999995,0.00041298600000000006,0.0005216245,0.0020141795000000002
2024,8,mattcl-py,input-lanjian,python,0.016877425281609192,0.00067332591074854,0.016746240500000002,0.011644564252873567,0.0051472643678160904,0.015408045500000002,0.0200337345
2024,8,kcen,input-mattcl,nim,0.0014851947200000002,0.0002411402115236277,0.001420117,0.0009378533999999995,0.0005781764999999999,0.0008871695000000001,0.0022882925000000005
2024,8,lanjian,input-mattcl,rust,0.0013791495750000008,0.00017139758217444488,0.0013705145000000001,0.0008598000999999998,0.0005464799999999999,0.0005665995,0.0019979195000000005
2024,8,mattcl,input-mattcl,rust,0.0013262851800000008,0.00016181025158604534,0.0013588175000000002,0.0009491184,0.00044115900000000005,0.0006731695000000001,0.0017593125000000002
2024,8,mattcl-py,input-mattcl,python,0.01692016868235292,0.0008196469982860725,0.016701056,0.011928477647058826,0.004924034117647059,0.0156574015,0.020278353500000002
