year,day,participant,input,language,mean,stddev,median,user,system,min,max
2024,8,kcen,input-kcen,nim,0.0014170035600000004,0.0001523634484237261,0.00140081184,0.0009418899999999998,0.0005038953999999997,0.00079418684,0.00219126184
2024,8,lanjian,input-kcen,rust,0.001398060949999999,0.00016997189708605671,0.0014043588400000002,0.0010386899999999999,0.0004073012999999999,0.00074098684,0.0020493358400000003
2024,8,mattcl,input-kcen,rust,0.000947323685,0.00017469769161778837,0.00097775984,0.0008328174999999993,0.000257906,0.00038785584,0.0017510768400000002
2024,8,mattcl-py,input-kcen,python,0.016264775950465125,0.0006272150887753573,0.016077690840000002,0.012016023255813952,0.004171212209302325,0.01512918084,0.019108619840000004
2024,8,kcen,input-lanjian,nim,0.0014281205299999994,0.00013580816319746489,0.0014167418400000001,0.0009749225,0.0005332949999999999,0.00084726484,0.0024622588400000003
2024,8,lanjian,input-lanjian,rust,0.0013545309550000001,0.00020087115485498572,0.0013969093400000002,0.00105876,0.00036934710000000016,0.0005431258400000001,0.00229294184
2024,8,mattcl,input-lanjian,rust,0.0009521268400000006,0.00012969685888247214,0.00099236734,0.0008510000000000001,0.0002465168,0.00046740484000000015,0.00147322784
2024,8,mattcl-py,input-lanjian,python,0.01637561536808988,0.0006212395809462692,0.016239383840000003,0.011330547752808985,0.004975102471910115,0.01506286584,0.019572637840000004
2024,8,kcen,input-mattcl,nim,0.0014329318349999998,0.00016068314973186748,0.0014165663400000001,0.0009668574999999994,0.0005206254000000001,0.0007518378400000001,0.00226277584
2024,8,lanjian,input-mattcl,rust,0.0011838864750000006,0.0003529660344204158,0.0013295233400000001,0.000885900000000001,0.0003923359,0.00017169084000000006,0.0017925148400000002
2024,8,mattcl,input-mattcl,rust,0.0008245251664000003,0.00032446594786718564,0.0009379298400000001,0.0007374400000000003,0.00022077450000000003,0.0,0.0019184608400000002
2024,8,mattcl-py,input-mattcl,python,0.016704991115449114,0.0007234832652034805,0.016556532840000002,0.011991970059880239,0.004660791976047904,0.015410126840000002,0.019428207840000003
