year,day,participant,input,language,mean,stddev,median,user,system,min,max
2024,8,kcen,input-kcen,nim,0.0013989236249999995,0.00014761612195018212,0.00139008258,0.0010796316,0.0004088564999999998,0.0007635545799999999,0.00209337558
2024,8,lanjian,input-kcen,rust,0.0012485412100000006,0.00031023987437404167,0.00138162658,0.0009413313999999999,0.0004221040000000001,0.00022177858000000002,0.00172323258
2024,8,mattcl,input-kcen,rust,0.00117984465,0.00033374928103250455,0.00129195908,0.0009584532000000002,0.00031020600000000015,0.00005679958000000002,0.0019973355799999997
2024,8,mattcl-py,input-kcen,python,0.01648539592682081,0.0006226773706563139,0.01640466258,0.011497195491329474,0.004919787283236993,0.01515988058,0.01956856858
2024,8,kcen,input-lanjian,nim,0.0014181627749999994,0.0002144144045866045,0.00138787358,0.0009172899999999993,0.0005366129999999999,0.0007641255799999999,0.00230623358
2024,8,lanjian,input-lanjian,rust,0.0013766595599999998,0.00016537628631219065,0.00140109358,0.0010641632999999996,0.00035686799999999993,0.0006691675800000001,0.0016517775800000002
2024,8,mattcl,input-lanjian,rust,0.0012733305449999998,0.00022164084281991762,0.00129802058,0.0009139065999999997,0.00041888850000000024,0.00041574258000000005,0.0020842375800000004
2024,8,mattcl-py,input-lanjian,python,0.016635223727058827,0.0005764385612507001,0.01656390008,0.011388838000000004,0.005155818823529412,0.015607688580000001,0.01979757758
2024,8,kcen,input-mattcl,nim,0.001508505545000001,0.000299962699685556,0.00140721508,0.0010275383,0.0005237540000000002,0.00081611258,0.0025166475799999997
2024,8,lanjian,input-mattcl,rust,0.0013634610600000003,0.0001822886343339769,0.00137853558,0.0009959631999999997,0.0004166025,0.0006183215800000001,0.0018907545800000002
2024,8,mattcl,input-mattcl,rust,0.0012946226399999997,0.00021834872283138466,0.00130749258,0.0009452265999999994,0.00040802400000000016,0.00068660958,0.00254634358
2024,8,mattcl-py,input-mattcl,python,0.016775050152254327,0.0006851144387791378,0.01665772558,0.011408998959537576,0.005279812716763007,0.015544580580000002,0.02017868058
