year,day,participant,input,language,mean,stddev,median,user,system,min,max
2024,8,kcen,input-kcen,nim,0.0013870808950000003,0.00016285869295900647,0.0013791740199999996,0.00102669,0.0004325756,0.0006366645199999996,0.002107987519999999
2024,8,lanjian,input-kcen,rust,0.0013833335249999995,0.00008783536182620687,0.0013889320199999995,0.0009179407999999997,0.0005393184,0.0009269685199999995,0.0015721855199999997
2024,8,mattcl,input-kcen,rust,0.001297831854999999,0.00019583150834484188,0.0013040990199999995,0.0009960608,0.000371997,0.0004105815199999996,0.00222826352
2024,8,mattcl-py,input-kcen,python,0.016507673180919547,0.0007202378031924253,0.01636030902,0.011691782068965515,0.004753510344827589,0.015701241520000003,0.01965016252
2024,8,kcen,input-lanjian,nim,0.0013032131549999993,0.00025672391447676465,0.0013872190199999996,0.0010081537,0.0004131041999999999,0.0003184995199999995,0.0018698525199999994
2024,8,lanjian,input-lanjian,rust,0.0010907406649999995,0.0003950266549136213,0.0012473125199999996,0.0008607284999999999,0.00034543359999999996,0.00015301951999999956,0.0019725955199999994
2024,8,mattcl,input-lanjian,rust,0.0012683766799999993,0.00025836410917764915,0.0012980325199999994,0.0009152216,0.0004200927999999999,0.0004417695199999995,0.0025067445199999996
2024,8,mattcl-py,input-lanjian,python,0.01675700513046513,0.00080594814841102,0.016614164520000002,0.011567780465116279,0.00511187325581395,0.01564148952,0.02098352752
2024,8,kcen,input-mattcl,nim,0.0014850063649999993,0.00027098535217421975,0.0014132180199999996,0.00100119,0.0005274380000000002,0.0009090345199999996,0.0026208985199999996
2024,8,lanjian,input-mattcl,rust,0.0013668354749999992,0.0001455647899768277,0.0013793345199999995,0.0009738658000000007,0.00046378940000000023,0.0006208045199999996,0.0017558595199999997
2024,8,mattcl,input-mattcl,rust,0.0011347487299999991,0.0002408518278518221,0.0011902655199999997,0.0009525816000000002,0.0003279066000000001,0.00016294851999999944,0.0017689535199999996
2024,8,mattcl-py,input-mattcl,python,0.016622532554285707,0.0005111055260829595,0.016563845520000002,0.011957362857142849,0.0046351280000000005,0.015275674520000001,0.019321186520000002
