year,day,participant,input,language,mean,stddev,median,user,system,min,max
2024,8,kcen,input-kcen,nim,0.001402693339999999,0.00016449233942817266,0.0014074471999999999,0.0010131550000000004,0.00041525769999999995,0.0007333401999999999,0.0017458261999999999
2024,8,lanjian,input-kcen,rust,0.0013782204,0.00015744301404903367,0.0013915982,0.0009899422999999994,0.0004624898999999999,0.00032831219999999994,0.0019966652
2024,8,mattcl,input-kcen,rust,0.0010560693150000002,0.0003802455549291255,0.0012009412,0.0008811544999999998,0.00031846109999999995,0.00008682019999999989,0.0018352631999999998
2024,8,mattcl-py,input-kcen,python,0.016387827909497197,0.000700018465941487,0.0161954462,0.01142202044692737,0.004904132402234635,0.0152515602,0.019400456200000003
2024,8,kcen,input-lanjian,nim,0.0014066568949999997,0.00020006729723060136,0.0013859622,0.001005915,0.00045321409999999967,0.0004276581999999999,0.0021810512
2024,8,lanjian,input-lanjian,rust,0.0013553870549999993,0.00016972883556234846,0.0013871096999999999,0.0009428546000000001,0.0005013177999999998,0.0005964841999999998,0.0017231332
2024,8,mattcl,input-lanjian,rust,0.0013481704950000003,0.0001985242561929468,0.0013793097,0.0010222996,0.0003969955,0.0005160541999999998,0.0021054492
2024,8,mattcl-py,input-lanjian,python,0.016571802489017348,0.0006955517287230515,0.0164179232,0.01143825942196531,0.005063152601156066,0.015527626200000002,0.0195342472
2024,8,kcen,input-mattcl,nim,0.0014571276300000002,0.00020800278362078487,0.0014122012,0.0010398349999999998,0.00048285700000000016,0.0007233621999999998,0.0024245372
2024,8,lanjian,input-mattcl,rust,0.0013910361900000001,0.00014646074327135544,0.0013985107,0.0010777523000000005,0.00037988610000000005,0.00032367319999999987,0.0018731042
2024,8,mattcl,input-mattcl,rust,0.00133022187,0.00018620956475274886,0.0013690457,0.0010029841999999998,0.0004092798,0.0006320802,0.0019836312
2024,8,mattcl-py,input-mattcl,python,0.016482759022485208,0.00042761845760803577,0.016440626200000003,0.012129196804733728,0.004285734082840236,0.015547994200000002,0.0186405042
