year,day,participant,input,language,mean,stddev,median,user,system,min,max
2024,8,kcen,input-kcen,nim,0.0014555741250000002,0.00019714082284908032,0.0014193012,0.000991779999999999,0.0005054292000000003,0.00041137369999999984,0.0021092627
2024,8,lanjian,input-kcen,rust,0.0013921995699999995,0.00015357844041016043,0.0014032862,0.0009998549999999994,0.00044523119999999994,0.0007393676999999999,0.0018842606999999998
2024,8,mattcl,input-kcen,rust,0.00121924811,0.00025210424082456565,0.0012486162,0.00100262,0.0003280849999999999,0.00005731069999999989,0.0020193637
2024,8,mattcl-py,input-kcen,python,0.016612911166666664,0.0007524941048529783,0.0164329227,0.011328669444444444,0.00518082222222222,0.015371495700000001,0.019702925700000002
2024,8,kcen,input-lanjian,nim,0.0014375173849999992,0.00015799476695432202,0.0014179382000000002,0.00101446,0.00048627339999999977,0.0008074057,0.0023244957
2024,8,lanjian,input-lanjian,rust,0.0013931110900000003,0.00022298091458362675,0.0013696627,0.0009420975000000007,0.0004723525999999999,0.0005748397,0.0021089117
2024,8,mattcl,input-lanjian,rust,0.001295189944999999,0.00023377555946426303,0.0012921476999999998,0.0009639299999999999,0.0004011154000000001,0.0005292846999999999,0.0020079927
2024,8,mattcl-py,input-lanjian,python,0.016860222593258433,0.0005865657654720607,0.016799985200000003,0.01226519662921348,0.004510060674157302,0.015832398700000003,0.020089810700000002
2024,8,kcen,input-mattcl,nim,0.0015523547899999998,0.0002497557169040645,0.0014975017,0.0010933700000000008,0.0005048028000000002,0.0009259167,0.0024350827
2024,8,lanjian,input-mattcl,rust,0.0013935272400000002,0.00016651261357786398,0.0014036612000000001,0.0009325175,0.0005253873999999998,0.0005909096999999999,0.0023247867
2024,8,mattcl,input-mattcl,rust,0.0012856823950000004,0.00022186749474235344,0.0012977782,0.0009908925,0.00036379319999999986,0.0005504237,0.0025004247
2024,8,mattcl-py,input-mattcl,python,0.016987012682035927,0.0007527836621411923,0.0168442827,0.011856398203592819,0.00505225724550898,0.015758819700000003,0.0201454847
