year,day,participant,input,language,mean,stddev,median,user,system,min,max
2024,8,kcen,input-kcen,nim,0.0014121015099999993,0.0001839923452968822,0.00139537462,0.0009684349999999996,0.00047708189999999995,0.0007017351199999997,0.0022660541199999995
2024,8,lanjian,input-kcen,rust,0.00138780283,0.0001705112487960717,0.0013930246199999998,0.0009430644000000001,0.0004757009999999999,0.0007429021199999999,0.0021322841199999994
2024,8,mattcl,input-kcen,rust,0.0012579312599999997,0.00023026513837023555,0.0012735311199999998,0.0009334291000000002,0.00037621700000000003,0.0005089731199999998,0.00216725912
2024,8,mattcl-py,input-kcen,python,0.016567049420578028,0.0005136705419434398,0.01652591112,0.011507845433526013,0.0049721840462427745,0.01544573712,0.01895058212
2024,8,kcen,input-lanjian,nim,0.0014770423750000003,0.00028373201265600805,0.0014113491199999998,0.0010039199999999993,0.0004908619,0.0007506261199999999,0.00275081312
2024,8,lanjian,input-lanjian,rust,0.001362095485000001,0.00021370327373504874,0.00136801312,0.0009665572999999998,0.0004259264999999998,0.0005892851199999997,0.00211389912
2024,8,mattcl,input-lanjian,rust,0.0012516412999999988,0.0002708791904828624,0.0012557876199999997,0.0009465784999999998,0.0003756787999999999,0.00014578411999999967,0.0026740891199999997
2024,8,mattcl-py,input-lanjian,python,0.016839799917752817,0.0006369818169122661,0.01673457662,0.011887806853932583,0.004855872471910113,0.01563257712,0.02042947112
2024,8,kcen,input-mattcl,nim,0.0015062553050000005,0.0002729428572154535,0.00143588512,0.0010472797,0.000510541,0.0007765751199999998,0.00283160412
2024,8,lanjian,input-mattcl,rust,0.0013651016350000001,0.0001853621630633051,0.0013802856199999999,0.0009059331999999999,0.0005044722999999998,0.0006147521199999998,0.0022117731199999997
2024,8,mattcl,input-mattcl,rust,0.001256353025,0.00022396307356591493,0.0012624496199999998,0.0009366343999999996,0.0003909397000000001,0.0005901761199999997,0.00203057412
2024,8,mattcl-py,input-mattcl,python,0.01683340461101796,0.0005320109848258852,0.01674463012,0.011824970179640718,0.004926241437125749,0.01591873312,0.01942143312
