year,day,participant,input,language,mean,stddev,median,user,system,min,max
2024,8,kcen,input-kcen,nim,0.0014443258299999997,0.00020320612827885257,0.0014169734999999997,0.0010632860000000005,0.0004213701999999998,0.000772061,0.002416629
2024,8,lanjian,input-kcen,rust,0.00142861422,0.00015379906946174312,0.0014231699999999999,0.0009840709999999998,0.0004958666000000001,0.0007891429999999999,0.002105277
2024,8,mattcl,input-kcen,rust,0.0013560300350000003,0.0002045557166483286,0.0013770029999999997,0.0009253269999999998,0.0005021348000000001,0.0006043669999999999,0.002610753
2024,8,mattcl-py,input-kcen,python,0.01658058754651164,0.0007195277035214215,0.016420327,0.011786980232558133,0.00470636372093023,0.015267804999999999,0.019902832000000002
2024,8,kcen,input-lanjian,nim,0.001419574405,0.00009201731514281119,0.0014151799999999998,0.0008694650000000003,0.0005917109999999999,0.000869694,0.002223648
2024,8,lanjian,input-lanjian,rust,0.0014193256699999999,0.00017124200352550256,0.0014147394999999997,0.0009524809999999996,0.0004972169999999998,0.0007434869999999998,0.0022254519999999997
2024,8,mattcl,input-lanjian,rust,0.0013190921400000005,0.00022100947780843289,0.0013777199999999998,0.0009206540000000004,0.0004541761999999998,0.00047762999999999983,0.002046526
2024,8,mattcl-py,input-lanjian,python,0.016693209270588243,0.0006071431953591026,0.016651234,0.011838011764705886,0.004752468705882353,0.015688943,0.0196622
2024,8,kcen,input-mattcl,nim,0.0014683403349999994,0.00024420466810533113,0.0014262654999999999,0.0010820699999999996,0.00044083059999999995,0.000793021,0.002668691
2024,8,lanjian,input-mattcl,rust,0.0014254857499999998,0.00022659792245382452,0.0014165419999999998,0.000950428,0.00048182399999999995,0.0003276889999999998,0.002968833
2024,8,mattcl,input-mattcl,rust,0.0013406585749999994,0.00022057924778747163,0.0013827794999999997,0.0009594169999999996,0.0004325086000000001,0.0005439649999999999,0.00252932
2024,8,mattcl-py,input-mattcl,python,0.016744581343023243,0.0005580475844650205,0.016674237,0.011737631395348837,0.004909036046511632,0.015720102,0.019974996000000002
