year,day,participant,input,language,mean,stddev,median,user,system,min,max
2024,8,kcen,input-kcen,nim,0.0014300199349999998,0.00010508906850766647,0.0014398669400000003,0.0009635885999999999,0.0005181271999999999,0.0006004814400000001,0.0016073054400000003
2024,8,lanjian,input-kcen,rust,0.0013991732149999992,0.00018645240834508624,0.00142618594,0.0009045271999999989,0.0005173084000000001,0.0006611944400000001,0.00195449444
2024,8,mattcl,input-kcen,rust,0.0011796515300000004,0.0002544648192746777,0.0012128874400000001,0.0009225822000000004,0.00033817280000000003,0.0004268564400000002,0.0022140704400000003
2024,8,mattcl-py,input-kcen,python,0.016324451843409093,0.0007845708538702757,0.01608673444,0.011555791363636365,0.0046946340909090915,0.015226519439999999,0.01968146644
2024,8,kcen,input-lanjian,nim,0.0014170583700000004,0.0001719287962458232,0.0014328639400000003,0.0011341685999999998,0.0003262904,0.0004976684400000001,0.0017361664400000003
2024,8,lanjian,input-lanjian,rust,0.0013920746249999991,0.00019847096858615975,0.0014208314400000002,0.0010302743999999998,0.0003920796,0.0006815034400000002,0.0021021814400000003
2024,8,mattcl,input-lanjian,rust,0.001210564275000001,0.00026846963714407103,0.0012201109400000003,0.0009253771999999998,0.00036348459999999984,0.0004777014400000003,0.0025067784400000003
2024,8,mattcl-py,input-lanjian,python,0.016504629076363617,0.0006678840057157264,0.016375694939999998,0.011351306818181818,0.005075925909090908,0.01537738244,0.01998474344
2024,8,kcen,input-mattcl,nim,0.0014401998300000004,0.0001461393036268842,0.0014365904400000002,0.0009273850000000002,0.0005366206,0.0007546694400000001,0.0018631944400000003
2024,8,lanjian,input-mattcl,rust,0.00128591067,0.0003099538826193199,0.0013999319400000002,0.0009635165999999996,0.0003994436000000001,0.0001266744400000002,0.0020821234400000004
2024,8,mattcl,input-mattcl,rust,0.0011138827900000008,0.00021815702223467162,0.00120441094,0.0009048344000000001,0.000326705,0.00032954444000000017,0.0019499664400000004
2024,8,mattcl-py,input-mattcl,python,0.016386304283930637,0.00048695020542770674,0.01632338244,0.011320881156069365,0.004980082543352602,0.01528506844,0.01911988544
