year,day,participant,input,language,mean,stddev,median,user,system,min,max
2024,8,kcen,input-kcen,nim,0.0014556998149999995,0.00018825360604539517,0.0014194193400000003,0.0010519650000000004,0.00043595179999999996,0.0009184523400000001,0.0022955703400000006
2024,8,lanjian,input-kcen,rust,0.0013925908850000001,0.00016961415239300634,0.0014004293400000003,0.0008987830000000002,0.0005294746999999999,0.0005555513400000002,0.0022528003400000005
2024,8,mattcl,input-kcen,rust,0.0012873078650000004,0.00022188812332853838,0.0013123493400000001,0.000973345,0.00036647719999999983,0.0005290723400000002,0.0025703253400000004
2024,8,mattcl-py,input-kcen,python,0.016553596543488373,0.0006982462869345641,0.01645592984,0.011751467441860461,0.004722850930232559,0.01552564734,0.019526540340000002
2024,8,kcen,input-lanjian,nim,0.0014583187650000007,0.00020026937828090306,0.0014220443400000003,0.0009993299999999999,0.0004830357999999998,0.0007190883400000003,0.00235996134
2024,8,lanjian,input-lanjian,rust,0.0013967076050000003,0.00017408694205570477,0.0013995473400000003,0.0010330420000000003,0.00040439710000000006,0.0006852543400000001,0.0023035053400000003
2024,8,mattcl,input-lanjian,rust,0.0013312031850000003,0.0002063319140952802,0.0013240163400000003,0.0009671229999999996,0.0004077515,0.0005357443400000003,0.00208497634
2024,8,mattcl-py,input-lanjian,python,0.016729501922857142,0.0006165384235940455,0.01659878734,0.011605662857142856,0.005023481828571426,0.01559948534,0.020011058340000002
2024,8,kcen,input-mattcl,nim,0.0015929463849999998,0.0003328925238152147,0.0014524768400000002,0.0011127850000000002,0.0004973563,0.0009567433400000003,0.0028341893400000004
2024,8,lanjian,input-mattcl,rust,0.0014034542250000001,0.00017868536113181126,0.0014181123400000002,0.0010082620000000007,0.0004196565000000001,0.0006815173400000001,0.00198924734
2024,8,mattcl,input-mattcl,rust,0.0013120082250000003,0.0002695896423334904,0.0013211058400000003,0.0009470600000000001,0.0003936018000000001,0.0004794293400000001,0.00252959934
2024,8,mattcl-py,input-mattcl,python,0.01677716941471264,0.0007603110215345667,0.016572162340000002,0.011667970114942526,0.005013679425287355,0.015863621340000002,0.020351424340000004
