year,day,participant,input,language,mean,stddev,median,user,system,min,max
2024,8,kcen,input-kcen,nim,0.0014124965299999997,0.00016966690205754372,0.0014211639599999999,0.0009455014999999997,0.0005096100000000002,0.0007384294599999999,0.00232842846
2024,8,lanjian,input-kcen,rust,0.0014035613250000007,0.00015124793383193346,0.0014156934599999997,0.0010899895000000004,0.000378199,0.0005741124599999997,0.0021183444599999998
2024,8,mattcl,input-kcen,rust,0.0011897690899999992,0.0001912383482870549,0.0012157339599999997,0.0009774665000000006,0.00031360700000000014,0.0004598984599999998,0.00205163046
2024,8,mattcl-py,input-kcen,python,0.016366159436744184,0.0006879946302256953,0.01619117096,0.011209944186046513,0.00508705523255814,0.015248895460000002,0.01901782446
2024,8,kcen,input-lanjian,nim,0.0014290092149999998,0.00018290727998816316,0.0014096029599999997,0.0009810600000000004,0.00047991699999999984,0.0007455144599999999,0.00213205046
2024,8,lanjian,input-lanjian,rust,0.0013716338149999995,0.00019779084552779986,0.0013999844599999998,0.0010242145,0.0003961065000000002,0.0007464144599999997,0.0018991034599999995
2024,8,mattcl,input-lanjian,rust,0.0012218355449999997,0.00023745862474102144,0.0012547379599999998,0.0009619075000000005,0.0003474650000000001,0.0002175754599999998,0.0020628504599999996
2024,8,mattcl-py,input-lanjian,python,0.016403685777647063,0.00049050926538778,0.016324600459999998,0.011422937058823529,0.0049239435294117645,0.01545350946,0.018484986460000002
2024,8,kcen,input-mattcl,nim,0.0014400871399999986,0.00014769353480659174,0.0014245794599999997,0.0010000399999999998,0.000500423,0.0007439204599999997,0.0023159744599999996
2024,8,lanjian,input-mattcl,rust,0.0013987578649999998,0.00016644213276169667,0.0014132944599999997,0.0008968279999999997,0.000537737,0.0003981434599999997,0.0018691074599999995
2024,8,mattcl,input-mattcl,rust,0.0012514565650000003,0.00024837863005859205,0.0012665094599999995,0.0009823244999999994,0.0003511929999999998,0.0006230034599999998,0.0020704544599999997
2024,8,mattcl-py,input-mattcl,python,0.01660292297136363,0.0007225268638378031,0.01646045496,0.011238805681818178,0.005297964204545453,0.015549518460000002,0.01994621346
