year,day,participant,input,language,mean,stddev,median,user,system,min,max
2024,8,kcen,input-kcen,nim,0.0014600796600000008,0.00010767500899900163,0.00144493052,0.0009654849999999995,0.0005260728000000001,0.0012431985200000001,0.0021758525200000003
2024,8,lanjian,input-kcen,rust,0.0014359031749999992,0.00019177955358002253,0.0014446550200000001,0.0011208147,0.00036373939999999994,0.00063290652,0.00185907052
2024,8,mattcl,input-kcen,rust,0.0013694102950000007,0.00022119014918257863,0.00138464252,0.0009554647000000005,0.0004602951999999997,0.0007161815200000001,0.00205926452
2024,8,mattcl-py,input-kcen,python,0.016349773055294125,0.000564773497969328,0.016231620520000004,0.011488501176470585,0.004789702352941176,0.015220709520000002,0.018530441520000003
2024,8,kcen,input-lanjian,nim,0.0014534457099999998,0.0001023110404204919,0.0014540720200000002,0.0009598441000000007,0.0005577392,0.0007951395200000001,0.00177743652
2024,8,lanjian,input-lanjian,rust,0.0014252793299999998,0.0001530177295218236,0.0014487625200000002,0.0010546200000000005,0.0004466854000000001,0.00067189952,0.0017816555200000001
2024,8,mattcl,input-lanjian,rust,0.001359812805000001,0.0002299857213750362,0.0014109010200000001,0.0009874734999999997,0.00042920679999999996,0.00062349852,0.00210609152
2024,8,mattcl-py,input-lanjian,python,0.016471198749411765,0.0004727206505219106,0.016388760020000004,0.01137188941176471,0.005029870117647056,0.015630586520000003,0.01921183652
2024,8,kcen,input-mattcl,nim,0.0014952112550000005,0.00018170063008238698,0.0014651585200000001,0.0010333691,0.0005114316000000001,0.0008225615200000002,0.00237663852
2024,8,lanjian,input-mattcl,rust,0.0014406369049999998,0.00016549929032948934,0.0014333535200000001,0.0010761597,0.0004112384,0.0008037665200000001,0.0018473385200000001
2024,8,mattcl,input-mattcl,rust,0.0014061274049999995,0.00019610818919068632,0.0014314105200000002,0.0010529444,0.00041772120000000004,0.00061981052,0.00218654252
2024,8,mattcl-py,input-mattcl,python,0.016552645082130175,0.0005542370810982707,0.016492018520000002,0.011270852899408284,0.005189047810650885,0.01577121952,0.019727551520000004
