year,day,participant,input,language,mean,stddev,median,user,system,min,max
2024,8,kcen,input-kcen,nim,0.00133517062,0.00024341949315402086,0.0013478755400000001,0.0009499745999999999,0.00041555520000000003,0.0006727265400000001,0.0024166825400000003
2024,8,lanjian,input-kcen,rust,0.0013880925599999996,0.00012977928964338377,0.0013982395400000003,0.0010410492000000001,0.0004272452000000001,0.0006331225400000002,0.0017380315400000001
2024,8,mattcl,input-kcen,rust,0.001205493120000001,0.00025661822894349124,0.0012375690400000003,0.0008875641999999993,0.00039373559999999986,0.00042359054000000007,0.0024943675400000004
2024,8,mattcl-py,input-kcen,python,0.01643858816068965,0.0005442587411025014,0.016363072040000003,0.011550878390804606,0.0048203216091954,0.015018569540000002,0.01931653854
2024,8,kcen,input-lanjian,nim,0.0013562882499999996,0.00018140916617197708,0.0013999380400000004,0.0010339646000000003,0.0004139806,0.0006335025400000001,0.0020624795400000003
2024,8,lanjian,input-lanjian,rust,0.0013547119700000002,0.0001991423671297126,0.0013836270400000002,0.0009677530000000001,0.0004601532000000001,0.0006268095400000002,0.0021410755400000005
2024,8,mattcl,input-lanjian,rust,0.001169984805,0.0002184803551107776,0.0012108940400000002,0.0009644983999999992,0.0003397792,0.00035999054000000004,0.00196072854
2024,8,mattcl-py,input-lanjian,python,0.016682458167218944,0.0005708127126983358,0.01656388354,0.011858612544378701,0.004748158816568052,0.015394302540000002,0.01942806654
2024,8,kcen,input-mattcl,nim,0.0013882905050000005,0.00017915391094079048,0.0013875100400000003,0.0010225537999999995,0.00042077059999999993,0.0007330585400000001,0.00208015154
2024,8,lanjian,input-mattcl,rust,0.0013788186900000002,0.00017030552336923143,0.0014046520400000002,0.0010958542000000001,0.00035405080000000007,0.0006541415400000001,0.0019123775400000003
2024,8,mattcl,input-mattcl,rust,0.0012108529550000004,0.00022332749476106623,0.0012356905400000002,0.0009464196000000001,0.00037109180000000004,0.00014155154000000008,0.0019141705400000002
2024,8,mattcl-py,input-mattcl,python,0.016810837504285706,0.0007013718035162428,0.01668613704,0.01224463357142857,0.004480743095238095,0.01567584054,0.02027016254
