year,day,participant,input,language,mean,stddev,median,user,system,min,max
2024,8,mattcl,input-mattcl,rust,0.001248601465000001,0.00024371490803666202,0.0012781580200000007,0.0009863194000000004,0.0003492860000000002,0.00036750152000000053,0.001976796520000001
