year,day,participant,input,language,mean,stddev,median,user,system,min,max
2024,8,kcen,input-kcen,nim,0.0014492032000000008,0.0001909963291294443,0.0014217182400000001,0.0008781275999999999,0.0005710575,0.0007464737400000001,0.0023623397400000003
2024,8,lanjian,input-kcen,rust,0.0014159014849999996,0.00019053589005846593,0.00138637124,0.0008841702000000002,0.0005193364999999999,0.0006991747400000001,0.00224308674
2024,8,mattcl,input-kcen,rust,0.0013198497999999997,0.00023643065649751438,0.00135967224,0.0008846104000000003,0.0004584059999999999,0.00065919074,0.0021340117400000004
2024,8,mattcl-py,input-kcen,python,0.016738831359047614,0.0007371007057781567,0.016589265239999998,0.011753376904761907,0.004896772619047621,0.01550693774,0.02021198074
2024,8,kcen,input-lanjian,nim,0.0014755714099999992,0.00023045641173379664,0.00143024374,0.0010175450000000001,0.00047876849999999987,0.00085186074,0.0025937727400000003
2024,8,lanjian,input-lanjian,rust,0.001399763760000001,0.00017380600179738785,0.00138362174,0.0008624839999999998,0.0005649700000000001,0.0007722507400000001,0.00232534974
2024,8,mattcl,input-lanjian,rust,0.00135132382,0.00021204407852214388,0.00136877874,0.0009202299999999994,0.0004747204999999998,0.0006850187400000001,0.0021692677400000004
2024,8,mattcl-py,input-lanjian,python,0.016765150923431952,0.0006072233010264611,0.01666344474,0.012249849467455618,0.004441322485207102,0.015799114740000002,0.019944989740000002
2024,8,kcen,input-mattcl,nim,0.0015315137950000003,0.0002543483407345408,0.0014555862400000002,0.0009926188,0.0005483524999999998,0.0006507247400000001,0.00241601074
2024,8,lanjian,input-mattcl,rust,0.0014089027699999992,0.00015862738463791304,0.0014187972400000002,0.0010478526000000001,0.00038734399999999997,0.0004871677399999999,0.00197890174
2024,8,mattcl,input-mattcl,rust,0.001366761930000001,0.00017159595019498715,0.0013961252400000004,0.0009295125999999998,0.0004711410000000002,0.0006704607400000001,0.0018498597400000002
2024,8,mattcl-py,input-mattcl,python,0.016835463073333334,0.0007691744150489958,0.01668918174,0.012101245847953216,0.004648711111111113,0.01582233874,0.02032547274
