year,day,participant,input,language,mean,stddev,median,user,system,min,max
2024,8,kcen,input-kcen,nim,0.0014366569500000005,0.0002051785959274037,0.00138729668,0.0010242250000000001,0.0004526110000000001,0.00074034568,0.00227532068
2024,8,lanjian,input-kcen,rust,0.0013554627299999995,0.00021427137792781132,0.00136170968,0.0009872455,0.0004057669999999999,0.0003071146799999999,0.0018241446799999999
2024,8,mattcl,input-kcen,rust,0.0013059608550000006,0.0002603276753254563,0.00131535268,0.0009317454999999998,0.0004156520000000001,0.0005498296799999998,0.0025126936799999998
2024,8,mattcl-py,input-kcen,python,0.016534328241403506,0.0005092481404503408,0.01650901168,0.011453313450292399,0.004987360233918126,0.01559829668,0.01971222968
2024,8,kcen,input-lanjian,nim,0.0014352931150000007,0.00020523844607250635,0.00139987568,0.0010396471,0.0004368439999999999,0.0004931036799999998,0.0022557136800000002
2024,8,lanjian,input-lanjian,rust,0.0013982046149999996,0.0001601099304350934,0.0013856391799999999,0.0009553100000000002,0.00047126900000000007,0.00068682568,0.00186695568
2024,8,mattcl,input-lanjian,rust,0.0013316322199999995,0.0002569236598157203,0.00132892768,0.0010228313,0.00036003900000000015,0.0005848846799999998,0.0025259096799999997
2024,8,mattcl-py,input-lanjian,python,0.016781164963236995,0.00067725237936718,0.01662577068,0.01210427942196532,0.004599413872832367,0.015290760680000003,0.01963283068
2024,8,kcen,input-mattcl,nim,0.001458818894999999,0.00020358831824050905,0.00140294118,0.0010107284000000006,0.000511041,0.0009177076799999999,0.00239133768
2024,8,lanjian,input-mattcl,rust,0.0013948085199999986,0.0001214873663736126,0.00139046318,0.0009854700000000002,0.00046105699999999985,0.0008009596799999998,0.0019821006799999995
2024,8,mattcl,input-mattcl,rust,0.0013082689899999993,0.0001980597161379038,0.00134225818,0.0009932671000000008,0.00037477599999999984,0.0004669846799999998,0.0020517116800000002
2024,8,mattcl-py,input-mattcl,python,0.016810499985882358,0.0006517789087292625,0.01672333368,0.01188678,0.004820678823529412,0.01579675868,0.02018352268
