year,day,participant,input,language,mean,stddev,median,user,system,min,max
2024,8,kcen,input-kcen,nim,0.001369657694999999,0.00020174569980031137,0.00140403228,0.0009594200000000003,0.00044891280000000004,0.0005791737799999998,0.00215448378
2024,8,lanjian,input-kcen,rust,0.001379152944999999,0.00016000206536543143,0.0014112607799999998,0.0009995019999999998,0.00044646320000000004,0.0005800157799999998,0.0020557377799999997
2024,8,mattcl,input-kcen,rust,0.001161113185,0.0002120391692941798,0.0011898922799999997,0.0009277520000000001,0.0003491186,0.0003568977799999998,0.00192419178
2024,8,mattcl-py,input-kcen,python,0.016176691499101132,0.0005270544769276084,0.016066228780000004,0.010959197752808991,0.005143381123595504,0.015278389780000002,0.01913011878
2024,8,kcen,input-lanjian,nim,0.0014082562999999998,0.00018361916394299708,0.0014092177799999999,0.0010084009999999993,0.00043791319999999997,0.0003492627799999996,0.0021485517799999998
2024,8,lanjian,input-lanjian,rust,0.00140594328,0.00011994265985325398,0.0014169372799999998,0.0010154169999999991,0.00045277059999999995,0.0007082047799999997,0.0017513377799999999
2024,8,mattcl,input-lanjian,rust,0.0012398808350000002,0.00019665961648690318,0.0012536112799999997,0.0009274140000000003,0.000365781,0.0005995017799999998,0.0020876667799999997
2024,8,mattcl-py,input-lanjian,python,0.01631506402117647,0.0006143428932668993,0.01619805528,0.011642435294117652,0.004607192470588237,0.015307162780000001,0.01970934378
2024,8,kcen,input-mattcl,nim,0.0014169869949999991,0.00021716152890584095,0.0014193207799999997,0.0010493049999999997,0.0004286183999999999,0.0006536837799999997,0.0023757277799999997
2024,8,lanjian,input-mattcl,rust,0.0013853608649999996,0.0001640169998143126,0.0014056757799999998,0.0009492670000000002,0.0004885602,0.0006311007799999998,0.00180186178
2024,8,mattcl,input-mattcl,rust,0.0011475091899999991,0.00019063830315856723,0.0012102952799999997,0.0009218799999999999,0.0003424636,0.0005186507799999998,0.0019494487799999998
2024,8,mattcl-py,input-mattcl,python,0.016439287592865497,0.000580225029402224,0.01631868678,0.011397863157894737,0.0049877480701754386,0.015447755779999999,0.01904412778
