year,day,participant,input,language,mean,stddev,median,user,system,min,max
2024,8,kcen,input-kcen,nim,0.001460287185000001,0.0001787355994797941,0.0014361293600000003,0.0010734400000000006,0.00041751380000000005,0.0008664573600000001,0.0021855373600000003
2024,8,lanjian,input-kcen,rust,0.00141118658,0.00017888547884630535,0.0014366708600000002,0.00095416,0.0004930992000000002,0.0006861103600000002,0.0019164943600000002
2024,8,mattcl,input-kcen,rust,0.0013575615700000007,0.0002670257013878144,0.0013475533600000001,0.0010218070000000009,0.00037506719999999994,0.00024817036,0.00211475536
2024,8,mattcl-py,input-kcen,python,0.016439495415865927,0.0006635907828360087,0.016329948360000002,0.011369345251396644,0.004970104581005586,0.015213738360000001,0.019855698360000004
2024,8,kcen,input-lanjian,nim,0.0014647948849999997,0.00016821859160621718,0.0014501258600000003,0.0009966800000000002,0.0004951025999999999,0.00085751136,0.0023406173600000004
2024,8,lanjian,input-lanjian,rust,0.0013975461299999994,0.0002221777528722304,0.0014113378600000002,0.0010567390000000003,0.0003776748,0.00029805336000000013,0.0020692403600000003
2024,8,mattcl,input-lanjian,rust,0.0013173872700000008,0.0002392149710453193,0.0013509553600000001,0.0009683310000000004,0.0003836263999999999,0.0005678393600000001,0.0020563853600000003
2024,8,mattcl-py,input-lanjian,python,0.016471271376949155,0.0005551944467432465,0.016371685360000002,0.01177954350282485,0.004605422372881356,0.01566990236,0.019077781360000004
2024,8,kcen,input-mattcl,nim,0.0014515792099999993,0.00012855838032249482,0.0014425168600000003,0.001031384000000001,0.0004837552000000001,0.00087720736,0.00208263436
2024,8,lanjian,input-mattcl,rust,0.0014046722399999997,0.0001910388847547464,0.0014477863600000002,0.0010144670000000004,0.0004458628000000003,0.0005746413600000001,0.00177434836
2024,8,mattcl,input-mattcl,rust,0.0012576813500000004,0.00020597176085658382,0.00131982686,0.0009990700000000006,0.00038324299999999985,0.00059293636,0.0019864143600000004
2024,8,mattcl-py,input-mattcl,python,0.016818279050058487,0.0009062751741552072,0.016559818360000002,0.012237453801169591,0.004507529122807016,0.015784387360000002,0.023395496360000004
