year,day,participant,input,language,mean,stddev,median,user,system,min,max
2024,8,mattcl,input-mattcl,rust,0.0011615314599999992,0.00021011217567468602,0.0011904078999999998,0.0008490290000000001,0.00038765619999999985,0.00037736589999999993,0.0020858339
2024,8,mattcl-py,input-mattcl,python,0.016313073849438198,0.0005351311191266415,0.0161854969,0.01140098539325843,0.004837531910112358,0.0152148299,0.0190581649
