year,day,participant,input,language,mean,stddev,median,user,system,min,max
2024,8,kcen,input-kcen,nim,0.0014400082999999997,0.00020590601541484822,0.00141122678,0.001047565000000001,0.0004322779999999999,0.0008462037799999999,0.0026644777799999997
2024,8,lanjian,input-kcen,rust,0.00139395466,0.0001764132846668309,0.00140652778,0.0010506349999999994,0.00039243700000000004,0.00046036077999999985,0.0017283357799999998
2024,8,mattcl,input-kcen,rust,0.0012261180250000006,0.00018732711079872007,0.00126135578,0.0009905264000000004,0.00037339960000000005,0.0006071567799999999,0.0019736447800000004
2024,8,mattcl-py,input-kcen,python,0.01641639968,0.0006235397740637709,0.01632260478,0.011301493333333338,0.005042726888888892,0.015357342780000002,0.019485992780000003
2024,8,kcen,input-lanjian,nim,0.00144119237,0.0002242615022450083,0.0014200927799999999,0.0009916500000000006,0.0005065962000000001,0.0007062917799999999,0.0023261847799999997
2024,8,lanjian,input-lanjian,rust,0.0014005704550000006,0.00016570210859055524,0.00140285628,0.0010079456999999995,0.0004654753999999999,0.0006004737799999999,0.0020898617799999996
2024,8,mattcl,input-lanjian,rust,0.0012966840299999999,0.00018872033229398806,0.0013072062800000002,0.0009997949999999995,0.00038712319999999986,0.0007029547799999999,0.0019400417800000001
2024,8,mattcl-py,input-lanjian,python,0.01670881376245614,0.0007182338060122165,0.01653514878,0.011903159064327486,0.0047368035087719295,0.01579350878,0.019939371780000003
2024,8,kcen,input-mattcl,nim,0.001491871899999999,0.00026019100751620354,0.00143282678,0.0010729849999999998,0.0004955102,0.00075332978,0.0024070357800000004
2024,8,lanjian,input-mattcl,rust,0.0014048717300000008,0.00015468796897059818,0.00140894228,0.00111169,0.00036355739999999995,0.00037850878,0.00186271678
2024,8,mattcl,input-mattcl,rust,0.0012723783550000005,0.0002317549802731354,0.0013036897800000002,0.0009958214,0.0003588007999999999,0.0002185587799999999,0.00202852778
2024,8,mattcl-py,input-mattcl,python,0.016753437145714294,0.0006421648839749097,0.016664859780000003,0.01186860285714285,0.0048053010285714305,0.01562362078,0.02050542178
