year,day,participant,input,language,mean,stddev,median,user,system,min,max
2024,8,kcen,input-kcen,nim,0.0013709197050000013,0.00020957351612479935,0.0013779562600000003,0.0011156949999999994,0.0003628781000000001,0.0003965682600000002,0.0023220042600000006
2024,8,lanjian,input-kcen,rust,0.0013774569200000007,0.0003271800062511722,0.0013768042600000002,0.0009495799999999998,0.0004943271999999999,0.0003684962600000001,0.005216333260000001
2024,8,mattcl,input-kcen,rust,0.0013163913550000006,0.00023365005750417548,0.0013101392600000001,0.0010055422000000008,0.00039992209999999986,0.0006771132600000001,0.0022574432600000003
2024,8,mattcl-py,input-kcen,python,0.016543353809707614,0.0005654311933910695,0.016440702260000002,0.011347647719298245,0.005121564561403509,0.015200599260000003,0.019592534260000002
2024,8,kcen,input-lanjian,nim,0.001428056935,0.00019005581324693587,0.0014008642600000002,0.0009755071999999998,0.0005097166999999998,0.0007007682600000001,0.0022652682600000007
2024,8,lanjian,input-lanjian,rust,0.0013736524200000004,0.00019372634146455305,0.0013921632600000001,0.0010695799999999997,0.00034318470000000003,0.0003258662600000002,0.0018946642600000004
2024,8,mattcl,input-lanjian,rust,0.0013162725950000003,0.00020478804154950355,0.00132220676,0.0009611443999999991,0.00041945379999999975,0.0006705522600000001,0.0020782382600000003
2024,8,mattcl-py,input-lanjian,python,0.016767470955906447,0.0006977387031845434,0.016627682260000002,0.012212138947368417,0.004483879532163743,0.01563465226,0.02037843526
2024,8,kcen,input-mattcl,nim,0.0014661253650000005,0.00021778568640006563,0.0014102217600000001,0.0010883899999999996,0.0004564581999999999,0.0009417692600000001,0.00231830726
2024,8,lanjian,input-mattcl,rust,0.0013663859600000002,0.0002024335838770498,0.0013963707600000003,0.0010127622000000002,0.00040340319999999995,0.00065794826,0.0019103832600000004
2024,8,mattcl,input-mattcl,rust,0.0012953934050000003,0.00023206987774651054,0.0013142822600000002,0.0010177872000000008,0.0003673147999999999,0.0004514912600000001,0.00250302326
2024,8,mattcl-py,input-mattcl,python,0.016669178014385954,0.00044303747377647993,0.016600049260000003,0.011601910877192988,0.005007047953216374,0.015791286260000002,0.01889183226
