year,day,participant,input,language,mean,stddev,median,user,system,min,max
2024,8,mattcl,input-mattcl,rust,0.001237567015,0.00022619904973498193,0.0012491423,0.0009492224000000004,0.00035785940000000017,0.0006168783000000001,0.0020337103000000003
2024,8,mattcl-py,input-mattcl,python,0.01663809212840236,0.0006681607407737908,0.0165705233,0.011892118106508878,0.004663740828402367,0.015211259299999998,0.0200475943
