year,day,participant,input,language,mean,stddev,median,user,system,min,max
2024,8,kcen,input-kcen,nim,0.0014517851499999995,0.00021489271707443992,0.0014237854200000002,0.0010179788000000004,0.0004778111999999999,0.00082055092,0.00231295592
2024,8,lanjian,input-kcen,rust,0.0013864045949999997,0.00019242823855274445,0.00141676792,0.0010119706999999994,0.00042201199999999993,0.0005977629200000002,0.0017848769200000004
2024,8,mattcl,input-kcen,rust,0.00132792978,0.0002141112755282216,0.0013471474200000002,0.0009564076000000004,0.00041367259999999995,0.0007227879200000001,0.00204928192
2024,8,mattcl-py,input-kcen,python,0.01653921175636363,0.000690758869109929,0.01641721992,0.011794470787878791,0.00468666109090909,0.015457321920000001,0.01998991192
2024,8,kcen,input-lanjian,nim,0.0014506434200000004,0.00018533987644710225,0.00142833942,0.0009946119000000006,0.0004991955999999999,0.00079545392,0.0023607649200000002
2024,8,lanjian,input-lanjian,rust,0.0013990332350000002,0.00016932883886524778,0.0014159064200000003,0.0009624218999999995,0.0004967807999999999,0.0005649319200000001,0.0018502999200000001
2024,8,mattcl,input-lanjian,rust,0.001340876745,0.00019371895479962115,0.00136835192,0.0010478569000000007,0.00035213939999999993,0.00057365792,0.0020469179200000003
2024,8,mattcl-py,input-lanjian,python,0.016711652149411758,0.0007070850889879444,0.01652140992,0.011456939882352938,0.005163845176470588,0.01579267192,0.01993053992
2024,8,kcen,input-mattcl,nim,0.0014964538300000004,0.00023145136376887966,0.0014452559200000001,0.001079285000000001,0.0004693714,0.0008048609200000001,0.0023607349200000004
2024,8,lanjian,input-mattcl,rust,0.0014179135449999996,0.00018584373155862037,0.00140849192,0.0009921518999999996,0.0004705408,0.00078035492,0.0023076459200000003
2024,8,mattcl,input-mattcl,rust,0.001330359965,0.0002484705550203152,0.00135104442,0.0010099907000000003,0.00039847320000000006,0.0006451929200000002,0.00266748992
2024,8,mattcl-py,input-mattcl,python,0.016815383868571426,0.0007706772772842964,0.01662488792,0.011984745714285708,0.004747295085714285,0.01559988892,0.020390099919999998
