year,day,participant,input,language,mean,stddev,median,user,system,min,max
2024,8,kcen,input-kcen,nim,0.0014546307250000012,0.00014722230492070557,0.0014468621,0.0010114753999999994,0.0005147273000000002,0.0007815260999999999,0.0022264221
2024,8,lanjian,input-kcen,rust,0.0014050401150000002,0.00018975526872000095,0.0014280221000000002,0.001021950399999999,0.0004239879999999998,0.0005224911,0.0018766471
2024,8,mattcl,input-kcen,rust,0.0012775095749999995,0.00022693036574826774,0.0012918515999999999,0.0009995973999999996,0.00036341830000000006,0.0005169510999999999,0.0020523161000000002
2024,8,mattcl-py,input-kcen,python,0.01659249414571428,0.0007113018605269831,0.016414409100000003,0.011483343314285714,0.0050401458285714296,0.015121790100000001,0.0194055011
2024,8,kcen,input-lanjian,nim,0.0014713422000000001,0.00020967884741162935,0.0014551876,0.0010008450000000002,0.0005157800000000001,0.00044891409999999994,0.0023235741
2024,8,lanjian,input-lanjian,rust,0.0014236052,0.00018993485892858402,0.0014319086000000002,0.0010292854000000004,0.00044591800000000017,0.0005694590999999998,0.0019755221
2024,8,mattcl,input-lanjian,rust,0.0012915583549999996,0.00024047947847951365,0.0013163021,0.0009490574000000006,0.00040405069999999995,0.0006239211,0.0019663751
2024,8,mattcl-py,input-lanjian,python,0.01675229757802197,0.0005923877734082813,0.0166499061,0.01180005780219781,0.0048615163736263735,0.015458751100000001,0.019791143100000002
2024,8,kcen,input-mattcl,nim,0.0015601232749999994,0.0002892059632208973,0.0014696696,0.0011613,0.00046001219999999995,0.0008916620999999999,0.0025061561
2024,8,lanjian,input-mattcl,rust,0.00144429373,0.00012889596622785434,0.0014453240999999998,0.001074300000000001,0.0004525007000000001,0.0008110721,0.0019437731000000002
2024,8,mattcl,input-mattcl,rust,0.00133557051,0.0002575565616291167,0.0013230601,0.0010240108000000004,0.0003827590999999999,0.0006029421,0.0025743731
2024,8,mattcl-py,input-mattcl,python,0.016975379565517253,0.0008128139179887461,0.0168114381,0.012207219310344825,0.0046961814942528745,0.0158283131,0.020225927100000003
