year,day,participant,input,language,mean,stddev,median,user,system,min,max
2024,8,kcen,input-kcen,nim,0.001256739025,0.0002489642258193302,0.0012978192000000005,0.0009380976999999998,0.0004033355999999999,0.0004196387000000004,0.0020345227000000002
2024,8,lanjian,input-kcen,rust,0.0013551167500000002,0.0001634086847457601,0.0013933727000000004,0.0010598567999999997,0.0004198069999999998,0.0005644907000000004,0.0020228907000000005
2024,8,mattcl,input-kcen,rust,0.0011158366100000006,0.0001951722106974879,0.0011521357000000003,0.0008705167999999998,0.0003742272000000002,0.0006193327000000002,0.0020288517000000006
2024,8,mattcl-py,input-kcen,python,0.016258797148863642,0.0007026696643682843,0.016130354200000002,0.01153791761363636,0.004685360227272727,0.0151863727,0.0219705227
2024,8,kcen,input-lanjian,nim,0.0013191506949999992,0.00019318976334618183,0.0013568992000000005,0.0010908258999999996,0.0003500765999999999,0.0002504027000000003,0.0020022627000000006
2024,8,lanjian,input-lanjian,rust,0.0013531355350000003,0.0001526091959277894,0.0013851317000000004,0.0009873876999999995,0.00044012920000000027,0.0006461537000000002,0.0016912097000000006
2024,8,mattcl,input-lanjian,rust,0.0011186614549999999,0.00018162103050003447,0.0011694177000000005,0.0008411267999999994,0.00038617420000000005,0.00045527570000000023,0.0018758347000000005
2024,8,mattcl-py,input-lanjian,python,0.016476606315819212,0.0007234277116569526,0.0162992657,0.01163831819209039,0.004786976497175141,0.015384322700000003,0.0198489307
2024,8,kcen,input-mattcl,nim,0.0013531343050000003,0.00017831355682929595,0.0013913587000000003,0.0010509885999999996,0.00038817179999999977,0.0003624527000000003,0.0016613737000000005
2024,8,lanjian,input-mattcl,rust,0.0013771885100000007,0.00013073628028296137,0.0013955917000000003,0.0010076426999999998,0.00046343240000000003,0.0006342307000000004,0.0016937547000000002
2024,8,mattcl,input-mattcl,rust,0.0011179194800000005,0.000228307693139951,0.0011587632000000004,0.0008946609,0.00034660519999999995,0.0005169617000000003,0.0027532777000000004
2024,8,mattcl-py,input-mattcl,python,0.016531344614285706,0.0006399201962975926,0.0163909177,0.012050558171428567,0.00444256457142857,0.015264008700000003,0.0192147037
