year,day,participant,input,language,mean,stddev,median,user,system,min,max
2024,8,kcen,input-kcen,nim,0.0012871691199999994,0.00026662057618424687,0.0013227022399999995,0.000976870999999999,0.0003850462000000001,0.00039817073999999974,0.00249888474
2024,8,lanjian,input-kcen,rust,0.0013317598600000003,0.0002366773094949418,0.0013667647399999998,0.0009780689999999998,0.00039382199999999994,0.00047138873999999986,0.0020544017399999996
2024,8,mattcl,input-kcen,rust,0.0011438068749999996,0.00017852748825052675,0.0011764037399999996,0.0009017759999999995,0.0003499669999999999,0.0006686277399999997,0.0019389357399999998
2024,8,mattcl-py,input-kcen,python,0.01627623790574585,0.0005758044629240566,0.01615715774,0.011024541436464088,0.005207607955801105,0.015164989740000002,0.01910856374
2024,8,kcen,input-lanjian,nim,0.0013640535849999995,0.00018908928179096267,0.0013938007399999996,0.001021451,0.00040573279999999974,0.0003903367399999998,0.00223269574
2024,8,lanjian,input-lanjian,rust,0.0013717519500000004,0.00016498627875548863,0.0013959597399999996,0.0009378129999999995,0.0004740092000000002,0.0007548587399999997,0.00212366174
2024,8,mattcl,input-lanjian,rust,0.0011181543200000006,0.0001966750715652586,0.0011745952399999998,0.0008993089999999998,0.00034850699999999996,0.00047541573999999984,0.0019621187399999998
2024,8,mattcl-py,input-lanjian,python,0.01645936483248555,0.000662390428927159,0.01632625374,0.011252033526011564,0.005138544508670519,0.015248004740000001,0.019952833740000002
2024,8,kcen,input-mattcl,nim,0.00136707628,0.0001468022177353547,0.0014022507399999997,0.0009837679999999999,0.000487978,0.0005415797399999997,0.00172573674
2024,8,lanjian,input-mattcl,rust,0.0013577913949999998,0.000190172364991204,0.0013905187399999997,0.000967822,0.0004515764000000001,0.0005624987399999998,0.0019185277399999998
2024,8,mattcl,input-mattcl,rust,0.0010950424550000002,0.00020837774684744973,0.0011727012399999996,0.0008979529999999998,0.00033402620000000003,0.00035298573999999986,0.0019409497399999996
2024,8,mattcl-py,input-mattcl,python,0.016438081169378522,0.0005361473898927874,0.01632767674,0.011139414689265537,0.00522926711864407,0.01561154574,0.01900719374
