year,day,participant,input,language,mean,stddev,median,user,system,min,max
2024,8,kcen,input-kcen,nim,0.0014126411299999998,0.00017115501895452587,0.00139826008,0.0010667249999999997,0.000419099,0.0005087440799999999,0.00224761008
2024,8,lanjian,input-kcen,rust,0.0013901980449999999,0.00017225014366150997,0.00138521558,0.0009750756999999999,0.0004457920000000002,0.0006438560799999998,0.0018652640799999998
2024,8,mattcl,input-kcen,rust,0.00126660948,0.00023665021929909885,0.0012844915799999999,0.0009751587999999992,0.00036937399999999995,0.0005166990799999999,0.00208104908
2024,8,mattcl-py,input-kcen,python,0.016633853461215466,0.0005697743911605164,0.016525988079999998,0.011532492928176794,0.005009954254143649,0.01548691208,0.019029806080000003
2024,8,kcen,input-lanjian,nim,0.001466163965,0.00022918538472279265,0.00140894958,0.00101181,0.0005062733999999999,0.0007404780799999998,0.00259898808
2024,8,lanjian,input-lanjian,rust,0.0013702347850000007,0.0002107298414040567,0.00136147608,0.0009591725999999998,0.0004431237,0.0005964680799999999,0.00216792108
2024,8,mattcl,input-lanjian,rust,0.0012664273050000002,0.00024027853973904962,0.0012906380799999999,0.0008928626000000001,0.0004247951999999999,0.0005220390799999999,0.00258752708
2024,8,mattcl-py,input-lanjian,python,0.01674245267302326,0.0006814967207366049,0.016609639580000002,0.012325538604651158,0.004332253023255813,0.01547249508,0.020147860080000003
2024,8,kcen,input-mattcl,nim,0.0015148008399999999,0.00028776200146626683,0.00142504508,0.0010483519,0.0004988017999999997,0.0007920350799999999,0.00262527708
2024,8,lanjian,input-mattcl,rust,0.0013790231450000001,0.00018916496878406468,0.00140737708,0.0009481107000000001,0.00047727180000000014,0.0005055780799999999,0.00167806408
2024,8,mattcl,input-mattcl,rust,0.001303606555,0.00022428327762535324,0.00130260058,0.0009919938,0.00037924389999999996,0.0005809990799999999,0.00202316908
2024,8,mattcl-py,input-mattcl,python,0.01673688268606061,0.0006417354410735109,0.01665126208,0.011652822303030299,0.0049986292121212104,0.015689932080000003,0.019819565080000004
