year,day,participant,input,language,mean,stddev,median,user,system,min,max
2024,8,kcen,input-kcen,nim,0.0014129465850000003,0.00015873085994660494,0.0014168587199999997,0.0009722449999999992,0.0004982651999999998,0.0007735942199999999,0.0021429282199999997
2024,8,lanjian,input-kcen,rust,0.0014053911699999997,0.00016694405658721875,0.0014058027199999998,0.0009834205000000002,0.0004608862000000001,0.0006398932199999998,0.0018829022199999997
2024,8,mattcl,input-kcen,rust,0.0013674404400000001,0.00019626724907856116,0.0013803002199999999,0.0010247259999999997,0.0004082882,0.0006630362199999998,0.0021421782199999998
2024,8,mattcl-py,input-kcen,python,0.016633162818802397,0.0006306019902269622,0.016561268219999998,0.011743343113772453,0.004812112574850298,0.01548839722,0.02017982422
2024,8,kcen,input-lanjian,nim,0.001401365325,0.00021093975958334503,0.0014136222199999998,0.0009990314999999994,0.0004916003999999999,0.00042918821999999993,0.00230765722
2024,8,lanjian,input-lanjian,rust,0.0014120602400000005,0.00015418466355323642,0.0013929987199999996,0.0009711010000000004,0.0004896611999999998,0.0008307102199999998,0.00202396522
2024,8,mattcl,input-lanjian,rust,0.0013380124350000006,0.00018031385434038113,0.0013780012199999998,0.0009819664999999997,0.0004213477999999999,0.0007153552199999999,0.00197344122
2024,8,mattcl-py,input-lanjian,python,0.016789676748735625,0.0006810459796900872,0.01669401072,0.012030325287356328,0.0046836464367816105,0.01556150422,0.020063126219999998
2024,8,kcen,input-mattcl,nim,0.001501493855000001,0.00024169342008526903,0.0014374317199999998,0.0010424909999999996,0.0005166054,0.0008010452199999999,0.00239370822
2024,8,lanjian,input-mattcl,rust,0.0014048026199999985,0.0001559708909020974,0.0013949777199999999,0.0010292205000000003,0.00042546839999999995,0.0007925992199999998,0.00181916222
2024,8,mattcl,input-mattcl,rust,0.0013604866699999992,0.00021937308899517253,0.0013871932199999999,0.0009766174999999997,0.00042311680000000024,0.00059969822,0.00218375422
2024,8,mattcl-py,input-mattcl,python,0.0168210141205848,0.0006613617386883685,0.01672927222,0.011608812280701757,0.005123096374269007,0.01525249522,0.02006510022
