year,day,participant,input,language,mean,stddev,median,user,system,min,max
2024,8,kcen,input-kcen,nim,0.0014172525049999988,0.00017531428292921807,0.00139128716,0.0010520000000000002,0.00043339899999999995,0.0008020126599999999,0.0026479806600000003
2024,8,lanjian,input-kcen,rust,0.0013617972550000008,0.0001226014646750737,0.00138551666,0.0009752556000000002,0.00047815339999999996,0.00074075866,0.00170211966
2024,8,mattcl,input-kcen,rust,0.0012203049600000007,0.0002060129388131779,0.00124254316,0.0009727828000000003,0.00035531660000000004,0.0004218896599999999,0.0021049836600000003
2024,8,mattcl-py,input-kcen,python,0.016429321694682093,0.0006624546661801454,0.01636308866,0.011900746358381502,0.004477447398843928,0.015065987660000002,0.01982505566
2024,8,kcen,input-lanjian,nim,0.0014006909949999989,0.00019133859732617075,0.00138863666,0.0009818555999999991,0.0005024738000000002,0.00076255866,0.00226404266
2024,8,lanjian,input-lanjian,rust,0.0013530938400000004,0.0001860606346886717,0.00137561216,0.0010772828000000002,0.0003746020000000002,0.0006531336599999999,0.0021647166599999997
2024,8,mattcl,input-lanjian,rust,0.0013111747700000002,0.00022778711467739596,0.00128314416,0.0010123650000000003,0.0003529758,0.00074521566,0.0019832166600000003
2024,8,mattcl-py,input-lanjian,python,0.01672551179294797,0.0006649066170413583,0.01656766166,0.011776046936416179,0.004866281156069363,0.01546657866,0.019524581660000002
2024,8,kcen,input-mattcl,nim,0.0014663786750000003,0.00022866822355254826,0.00141529716,0.0011081300000000001,0.0004368781999999998,0.0009509526599999999,0.0023460556599999996
2024,8,lanjian,input-mattcl,rust,0.0013841568350000009,0.00015050756700479514,0.00139859066,0.0010582700000000003,0.00037608740000000013,0.0007915536599999999,0.0016496406600000001
2024,8,mattcl,input-mattcl,rust,0.0012762089699999998,0.00026224074376104414,0.00126258016,0.0009622406000000002,0.00037610360000000007,0.00063452866,0.00254965666
2024,8,mattcl-py,input-mattcl,python,0.01669664301119048,0.0006459652250854547,0.016553029160000003,0.011970993571428576,0.004663246428571427,0.01580312966,0.01946235466
