year,day,participant,input,language,mean,stddev,median,user,system,min,max
2024,8,kcen,input-kcen,nim,0.0014583186649999998,0.0002002201499307255,0.0014235310999999998,0.0010077299999999997,0.00046673540000000016,0.0007739005999999999,0.0025217626
2024,8,lanjian,input-kcen,rust,0.00141321156,0.00021010523961248923,0.0013764331,0.0009152396,0.0004998433999999998,0.0006822586,0.0022248266
2024,8,mattcl,input-kcen,rust,0.0012659587399999996,0.00021295442826763276,0.0012775681,0.0009144596000000004,0.0003938788000000001,0.0005979895999999999,0.0019938546
2024,8,mattcl-py,input-kcen,python,0.016569141001129953,0.0006318032439521932,0.016471931600000003,0.011744919322033889,0.004721034350282486,0.015279418599999999,0.019135707600000003
2024,8,kcen,input-lanjian,nim,0.0014454170600000002,0.00018527602844119667,0.0014152101,0.00097491,0.0004997018999999997,0.0009188306,0.0028066956
2024,8,lanjian,input-lanjian,rust,0.0013851741999999989,0.00015172255105369543,0.0014124446,0.0009354946000000005,0.0005133767,0.0006214336,0.0018891175999999998
2024,8,mattcl,input-lanjian,rust,0.00133784024,0.0002103589464039295,0.0013279471,0.0009708614000000002,0.0004020039000000001,0.0006303416,0.0019995956
2024,8,mattcl-py,input-lanjian,python,0.016707247218497107,0.000553238506666622,0.016636489600000002,0.011967955375722544,0.004657908439306358,0.0158940886,0.019610797600000004
2024,8,kcen,input-mattcl,nim,0.001470354825,0.00021238581321952505,0.0014339206,0.0010337614000000001,0.0004850936,0.0008214985999999999,0.0023457616000000002
2024,8,lanjian,input-mattcl,rust,0.001420123705,0.00015476666587074786,0.0014219581000000001,0.0009844959999999999,0.0004499636999999999,0.0007980545999999999,0.0019273386
2024,8,mattcl,input-mattcl,rust,0.001316532425,0.00023338647023208372,0.0013277016,0.0009088645999999999,0.0004249787,0.0001875326,0.0020499886
2024,8,mattcl-py,input-mattcl,python,0.01683440301420117,0.0006998081188441138,0.0167241436,0.012087288994082833,0.004641046272189351,0.0157565916,0.020109831600000003
