year,day,participant,input,language,mean,stddev,median,user,system,min,max
2024,8,kcen,input-kcen,nim,0.001410435165000001,0.00017448427894621826,0.0013885281800000001,0.0010335200000000002,0.00044596400000000003,0.0008386031800000002,0.0023278001800000007
2024,8,lanjian,input-kcen,rust,0.0013986627700000001,0.00014351741697059443,0.00138261168,0.0011058450000000005,0.00036442439999999994,0.0007962651800000001,0.0020882511800000003
2024,8,mattcl,input-kcen,rust,0.0013497288449999998,0.00020371337153018146,0.0013649591800000004,0.0009851354000000002,0.00041695340000000005,0.0005745091800000001,0.00257006318
2024,8,mattcl-py,input-kcen,python,0.016701873565057476,0.0008203302671935032,0.016528257180000002,0.011568807701149422,0.005055261149425289,0.01510962318,0.02072346618
2024,8,kcen,input-lanjian,nim,0.001450896965,0.00022566594934147626,0.0013993781800000003,0.0010045200000000003,0.0004838475999999999,0.0008763751800000001,0.0024892221800000003
2024,8,lanjian,input-lanjian,rust,0.0013911105799999995,0.00018347572012519065,0.0013867501800000003,0.0010099600000000005,0.0004339846,0.0007601871800000002,0.00232106818
2024,8,mattcl,input-lanjian,rust,0.00134647269,0.00018552583739781566,0.0013717111800000002,0.0010523903,0.00036395119999999996,0.0006053371800000002,0.00198659218
2024,8,mattcl-py,input-lanjian,python,0.016844867724378695,0.0006031226697762727,0.016779707180000002,0.01152000970414201,0.00521733775147929,0.015516985180000002,0.02000788718
2024,8,kcen,input-mattcl,nim,0.0014890580850000004,0.00024329984246506124,0.0014073331800000003,0.0010760503000000004,0.0004849707999999998,0.0009961891800000001,0.0027638561800000004
2024,8,lanjian,input-mattcl,rust,0.00140033432,0.00014667511125298583,0.0013835281800000001,0.0009511800000000007,0.0004964288000000001,0.0009411461800000003,0.00205389718
2024,8,mattcl,input-mattcl,rust,0.0013382385,0.0001890332969438318,0.0013634816800000003,0.0010268552,0.00036850860000000007,0.00044864418000000014,0.0019841171800000007
2024,8,mattcl-py,input-mattcl,python,0.01677611972761905,0.0005492739543741738,0.01670970268,0.012095456190476186,0.004604266428571425,0.01581107618,0.01972872518
