year,day,participant,input,language,mean,stddev,median,user,system,min,max
2024,8,kcen,input-kcen,nim,0.0014481960849999998,0.0001886688698168929,0.0014451103000000002,0.0009798209,0.0004984334,0.0007069178,0.0026216838000000004
2024,8,lanjian,input-kcen,rust,0.0014347758499999995,0.00016278237630784747,0.0014382528000000002,0.0009691059,0.0005056563999999999,0.0008558468000000001,0.0026310108000000003
2024,8,mattcl,input-kcen,rust,0.001285774775,0.00018247482943568486,0.0013414963000000003,0.0009942758999999994,0.00038710879999999994,0.0004488548,0.0019281548000000003
2024,8,mattcl-py,input-kcen,python,0.016574629525146198,0.0008705807577907444,0.016366145800000002,0.0121559603508772,0.004345502222222222,0.0154448708,0.0233896458
2024,8,kcen,input-lanjian,nim,0.00106928871,0.0004372589435064466,0.0011605833,0.0008377188999999998,0.0003717714,0.00032239879999999995,0.0020300348000000003
2024,8,lanjian,input-lanjian,rust,0.0010164582049999999,0.00043390845984362937,0.0010716413,0.0008200420999999999,0.00032002139999999984,0.00019129279999999997,0.0017153258
2024,8,mattcl,input-lanjian,rust,0.0010458015249999995,0.00035870225892560407,0.0011323498,0.0008351034999999996,0.00032779859999999996,0.0001259608,0.0020452948000000003
2024,8,mattcl-py,input-lanjian,python,0.016736983770238082,0.0005661721819742032,0.0166393373,0.01161889738095238,0.005019394047619048,0.0158837828,0.0192493128
2024,8,kcen,input-mattcl,nim,0.0015485407950000005,0.0002500720815171228,0.0014714498000000002,0.0010242126999999998,0.0005481514,0.0009943468,0.0025120578
2024,8,lanjian,input-mattcl,rust,0.0014401223650000006,0.00018985025853835748,0.0014471898,0.0010619186,0.00040347579999999993,0.0007547178,0.0020486908
2024,8,mattcl,input-mattcl,rust,0.0013755587950000003,0.00023745373213554774,0.0013791768,0.0008979276999999997,0.00047676779999999996,0.0006740568000000001,0.0020797788000000003
2024,8,mattcl-py,input-mattcl,python,0.01688931353142857,0.0007718618885079205,0.0167303278,0.011916574285714281,0.004875725028571428,0.015759369800000003,0.0203367598
