year,day,participant,input,language,mean,stddev,median,user,system,min,max
2024,8,kcen,input-kcen,nim,0.0014819802600000006,0.00022623425429035263,0.0014620896199999999,0.00100496,0.0005033933000000002,0.0003585451199999998,0.00229156712
2024,8,lanjian,input-kcen,rust,0.0014477224499999997,0.00017696362292330542,0.0014615636199999998,0.0010282900000000003,0.00043860970000000004,0.0007149261199999998,0.0019847191199999998
2024,8,mattcl,input-kcen,rust,0.0013977670099999998,0.00020025131182515733,0.0014176056199999999,0.0010387828000000003,0.00040917950000000003,0.0006953001199999998,0.00206961012
2024,8,mattcl-py,input-kcen,python,0.016591949312090393,0.0006431410756799729,0.01649763012,0.011462428926553676,0.005036208700564972,0.015421492120000001,0.019546867120000002
2024,8,kcen,input-lanjian,nim,0.0014890503450000004,0.00021011100743753634,0.00146112762,0.0010151250000000006,0.0005040214999999997,0.00042504011999999975,0.00244355412
2024,8,lanjian,input-lanjian,rust,0.001236196374999999,0.00037597622245883063,0.0013955941199999997,0.0009313132000000006,0.00040005630000000003,0.0002765701199999998,0.00186682712
2024,8,mattcl,input-lanjian,rust,0.001405660095,0.0002520630502563936,0.00144244212,0.0009876136,0.00044594809999999976,0.00028853311999999984,0.0027628961200000003
2024,8,mattcl-py,input-lanjian,python,0.016748693315402293,0.0006606411753136143,0.01662658312,0.011711649885057471,0.00495057804597701,0.015295014119999999,0.019562047120000002
2024,8,kcen,input-mattcl,nim,0.001633895165,0.00032945966811525815,0.0015102801199999999,0.0011627253999999994,0.0004938563000000001,0.0010272651199999998,0.0026781361199999998
2024,8,lanjian,input-mattcl,rust,0.0014473696849999999,0.00014303141244385512,0.0014289421199999998,0.0010537054000000002,0.0004304979,0.0007420181199999998,0.00186010512
2024,8,mattcl,input-mattcl,rust,0.0013766337699999997,0.0002249336034949952,0.0014044511199999999,0.0010194870000000006,0.0003919543999999999,0.0005969341199999999,0.0021367761199999995
2024,8,mattcl-py,input-mattcl,python,0.016926514415857984,0.0007056759789246375,0.01676122712,0.012379370177514793,0.004456612781065086,0.01597838212,0.019988830120000002
