year,day,participant,input,language,mean,stddev,median,user,system,min,max
2024,8,kcen,input-kcen,nim,0.0014340165800000005,0.00019719394293991627,0.00141012368,0.0010278177,0.0004614860000000002,0.00078383118,0.00227110618
2024,8,lanjian,input-kcen,rust,0.0013738154649999995,0.00018954375408630438,0.00138898468,0.0009931577000000004,0.000416809,0.0005962201799999999,0.00217211118
2024,8,mattcl,input-kcen,rust,0.0011555168599999997,0.00021185019226111865,0.00120293068,0.0009419462000000003,0.0003642550000000001,0.0004767661799999999,0.00193378518
2024,8,mattcl-py,input-kcen,python,0.01640107706333333,0.00047779692944551996,0.01635140518,0.011578210000000002,0.004758121111111112,0.015373454180000003,0.019359730180000003
2024,8,kcen,input-lanjian,nim,0.0014204228400000003,0.00017190364631667718,0.00140134718,0.0010540849999999995,0.0004480030000000001,0.0007596551800000001,0.00227211818
2024,8,lanjian,input-lanjian,rust,0.0013681041250000003,0.00013075543773660212,0.00139171918,0.0009832500000000002,0.0004807440000000002,0.0006023011799999999,0.0016173121799999998
2024,8,mattcl,input-lanjian,rust,0.0012380727049999998,0.00017952311430481,0.00125486868,0.0010155331,0.000329976,0.0006260951800000001,0.0019333241799999999
2024,8,mattcl-py,input-lanjian,python,0.01645987477064328,0.0005396335250942578,0.016377364180000003,0.0117327114619883,0.004671948538011696,0.015159643180000001,0.019391048180000002
2024,8,kcen,input-mattcl,nim,0.0015435746400000007,0.000319429441785137,0.0014357871800000001,0.0010996150000000004,0.0005060259999999999,0.0009092561799999999,0.00263218318
2024,8,lanjian,input-mattcl,rust,0.001378283265000001,0.00015630389427302293,0.00138907468,0.0010778554,0.0003708939999999999,0.0007393471799999999,0.00224603918
2024,8,mattcl,input-mattcl,rust,0.0011979159050000002,0.00022758778653638698,0.00123954968,0.0010177385,0.0003170809999999999,0.0004124361799999999,0.00205663418
2024,8,mattcl-py,input-mattcl,python,0.016740489674047617,0.0006115975037853465,0.01660008668,0.01157223976190476,0.005067489285714284,0.015203516180000001,0.01909336118
