year,day,participant,input,language,mean,stddev,median,user,system,min,max
2024,8,kcen,input-kcen,nim,0.00141668616,0.00018049816383635902,0.0013959702800000002,0.0009757478000000004,0.00048112949999999974,0.0006990192800000001,0.0025489442800000007
2024,8,lanjian,input-kcen,rust,0.0013726697849999999,0.00018046706541114505,0.0013901787800000003,0.0009846012000000002,0.0004229137999999999,0.0005437282800000002,0.0017854042800000004
2024,8,mattcl,input-kcen,rust,0.0013129141149999999,0.0002216884501495655,0.0013266547800000002,0.0009611250000000001,0.0004180339000000001,0.00059539528,0.0026207382800000007
2024,8,mattcl-py,input-kcen,python,0.016385129291173185,0.0006559040831315336,0.016282326280000002,0.011615361787709501,0.0047097805586592155,0.014981821280000002,0.01925439428
2024,8,kcen,input-lanjian,nim,0.0014157855500000003,0.0001308516012794036,0.0013987657800000003,0.0010170677999999996,0.00046689390000000005,0.0009580742800000001,0.00233610628
2024,8,lanjian,input-lanjian,rust,0.0013852344749999993,0.0001302250960187878,0.0014009387800000001,0.0009571127999999998,0.0005042699999999999,0.0005390602800000002,0.0017088302800000001
2024,8,mattcl,input-lanjian,rust,0.0013214605700000003,0.00021622657381363146,0.0013373652800000003,0.0010642099999999997,0.0003397124,0.0005777922800000001,0.0024773402800000004
2024,8,mattcl-py,input-lanjian,python,0.016590711685714275,0.0006475705576971845,0.01644580328,0.01140925714285714,0.005111890057142854,0.01519778528,0.02005404028
2024,8,kcen,input-mattcl,nim,0.0014798807499999996,0.0002361090055412276,0.00141727428,0.0010180749999999996,0.0005131346000000001,0.0008541302800000002,0.00275483128
2024,8,lanjian,input-mattcl,rust,0.0013895699000000005,0.00022531193690469292,0.0013625022800000002,0.0010154711999999998,0.0004156683999999999,0.0002220652800000002,0.0022079462800000003
2024,8,mattcl,input-mattcl,rust,0.0013186138799999997,0.00022415531914797747,0.00134262478,0.0009212211999999995,0.0004393793,0.00021380028000000007,0.0021060242800000004
2024,8,mattcl-py,input-mattcl,python,0.016810949175348838,0.0007801825024142626,0.01661690328,0.01147831279069768,0.0052423477906976745,0.015864573280000002,0.020138750280000003
