year,day,participant,input,language,mean,stddev,median,user,system,min,max
2024,8,kcen,input-kcen,nim,0.0013266492649999992,0.00023571993661952725,0.00134953674,0.0009682852999999997,0.0004082174,0.00050237924,0.0020928682400000002
2024,8,lanjian,input-kcen,rust,0.0013477910100000005,0.00020272702063294532,0.00140443924,0.0009870655999999998,0.00042203519999999987,0.00030250524000000013,0.00170026324
2024,8,mattcl,input-kcen,rust,0.0010995122999999996,0.000196035124066057,0.0011556032400000002,0.0008419761999999998,0.00036448169999999996,0.0003816142400000001,0.00181717224
2024,8,mattcl-py,input-kcen,python,0.016117842495681815,0.0006271584906097,0.01598110424,0.011538138863636358,0.004510943409090909,0.01517164824,0.01968521924
2024,8,kcen,input-lanjian,nim,0.001340433345,0.00022157731621082053,0.0013735762400000002,0.0009919408999999998,0.0004040173999999999,0.00054988824,0.0023611212400000002
2024,8,lanjian,input-lanjian,rust,0.0014158392249999999,0.0001561172181391351,0.0014055357400000002,0.0009549599999999998,0.00048756940000000017,0.0009639142400000001,0.0021148482400000002
2024,8,mattcl,input-lanjian,rust,0.0011113303499999995,0.00018120337776630295,0.00116702974,0.0008983155999999998,0.0003368224999999999,0.00048930624,0.0018178532400000003
2024,8,mattcl-py,input-lanjian,python,0.016346281005714287,0.00045069110979406986,0.01627522424,0.011106934628571432,0.00516608834285714,0.015445861240000002,0.01785998224
2024,8,kcen,input-mattcl,nim,0.0013975045400000002,0.00017187001495406792,0.00140078224,0.0010224255999999998,0.0004259337999999999,0.0004916002400000001,0.00207647724
2024,8,lanjian,input-mattcl,rust,0.0013723267600000005,0.00018031969045085184,0.0014083267400000002,0.0010903355999999996,0.00037333109999999995,0.00045210624,0.00205210124
2024,8,mattcl,input-mattcl,rust,0.0011115480700000008,0.00020258124902156367,0.00117130824,0.000867185299999999,0.00036160809999999973,0.00039329524,0.0019187722400000004
2024,8,mattcl-py,input-mattcl,python,0.01638753797184358,0.0005733639837822355,0.01624608024,0.01137256011173184,0.004951392737430168,0.015254373240000002,0.01938047924
