year,day,participant,input,language,mean,stddev,median,user,system,min,max
2024,8,kcen,input-kcen,nim,0.0013837569899999998,0.00011950694299339109,0.00140116474,0.000931945,0.0005424399999999997,0.00073446774,0.0016850157399999999
2024,8,lanjian,input-kcen,rust,0.0013639287950000009,0.00017496366562611966,0.0013979787399999999,0.0009489457999999996,0.0004948157999999997,0.0005707717399999999,0.0018460177400000002
2024,8,mattcl,input-kcen,rust,0.0011813159600000003,0.00023272066990144758,0.00126242524,0.0009313601999999999,0.00037961099999999997,0.0001639007399999999,0.0019229307399999999
2024,8,mattcl-py,input-kcen,python,0.016286221418160926,0.000724285524887045,0.016085894740000002,0.011221281839080461,0.0049935917241379305,0.015344142740000002,0.019800366740000002
2024,8,kcen,input-lanjian,nim,0.001406571280000001,0.00015174784153615766,0.00139741274,0.0009759451999999997,0.0004935157999999999,0.0006916677400000001,0.00202645374
2024,8,lanjian,input-lanjian,rust,0.00136298639,0.00018483523440221056,0.00138727874,0.0010068803999999998,0.00039925639999999993,0.00038416274000000004,0.0017615277400000002
2024,8,mattcl,input-lanjian,rust,0.0012927932399999995,0.00024113851156636556,0.00133167474,0.0008855053999999988,0.00046159580000000003,0.0005294237399999999,0.00205258274
2024,8,mattcl-py,input-lanjian,python,0.016458466312254342,0.0006501604724683957,0.016344984740000002,0.011986168092485544,0.004425359537572253,0.015433570740000001,0.019834370740000003
2024,8,kcen,input-mattcl,nim,0.0014304070550000003,0.00020055176887529772,0.00140639924,0.0009800899999999999,0.0005094575999999999,0.0007151917399999999,0.00229980474
2024,8,lanjian,input-mattcl,rust,0.0013563629599999988,0.00020305491164759513,0.0013858557400000002,0.0010112105999999998,0.0004140060000000001,0.0003907247399999999,0.00260608774
2024,8,mattcl,input-mattcl,rust,0.0012416857849999996,0.0002547053375691291,0.00129713074,0.0009724459999999996,0.00036199359999999995,0.00043716174,0.00254386174
2024,8,mattcl-py,input-mattcl,python,0.016344879525310736,0.0005865362155791865,0.01628986174,0.011397982598870052,0.004928539435028251,0.015091961740000001,0.01898160574
