year,day,participant,input,language,mean,stddev,median,user,system,min,max
2024,8,kcen,input-kcen,nim,0.0014175016850000006,0.00016298550065170774,0.00140236576,0.0009195472000000004,0.0005465143999999998,0.0006180942599999999,0.00234599526
2024,8,lanjian,input-kcen,rust,0.0013813878900000003,0.0001662598440549582,0.00140017176,0.0009498616,0.0004771384999999998,0.0007248232599999999,0.0018128982600000001
2024,8,mattcl,input-kcen,rust,0.0012926610949999997,0.00025376798253841213,0.0013230022599999998,0.0009588243999999999,0.00039350930000000005,0.0005771172599999999,0.00256800026
2024,8,mattcl-py,input-kcen,python,0.016400390992558134,0.0007248251625072405,0.01618894326,0.011547065813953494,0.004776023837209302,0.015303918259999999,0.019250489260000003
2024,8,kcen,input-lanjian,nim,0.0014333658299999982,0.00018911857884841278,0.00141553526,0.0009971922000000001,0.0004722417,0.0007747472599999999,0.0022341962599999998
2024,8,lanjian,input-lanjian,rust,0.0013868342799999997,0.00017444100090999827,0.0014036627599999997,0.0009623494,0.00046597700000000007,0.0006433102599999998,0.0018764872599999999
2024,8,mattcl,input-lanjian,rust,0.0013029264500000006,0.00022087536130881687,0.00133104726,0.0009499743999999996,0.00041509079999999985,0.0005591342599999998,0.0020441812599999998
2024,8,mattcl-py,input-lanjian,python,0.016548981828047333,0.0006484729950932414,0.016425737260000003,0.011328701301775145,0.005163910414201186,0.01532692126,0.019160661260000003
2024,8,kcen,input-mattcl,nim,0.0014471113550000004,0.00022727577315862386,0.0014358387599999998,0.0009422899999999995,0.0005246150000000001,0.0007802172599999998,0.00267632326
2024,8,lanjian,input-mattcl,rust,0.0014049653100000011,0.00016835812741844915,0.00140695926,0.0009932837999999998,0.00042028430000000015,0.0007584862599999999,0.00205126426
2024,8,mattcl,input-mattcl,rust,0.0013007847300000003,0.00023818980918643537,0.00133992426,0.0009613743999999997,0.0003949795999999998,0.0005646342599999999,0.00216817326
2024,8,mattcl-py,input-mattcl,python,0.016552153886436775,0.0006052280476660874,0.01642027626,0.011294491034482757,0.005186812643678161,0.015392224260000002,0.01925957726
