year,day,participant,input,language,mean,stddev,median,user,system,min,max
2024,8,kcen,input-kcen,nim,0.0013859377249999996,0.0001728879112779288,0.0014133037399999997,0.0009778764000000003,0.000443412,0.0007786617399999999,0.0018154517400000001
2024,8,lanjian,input-kcen,rust,0.0013981126700000008,0.00015759329866617917,0.00142402374,0.0010401746000000007,0.00040379799999999986,0.0006799267399999999,0.00220277674
2024,8,mattcl,input-kcen,rust,0.00121195018,0.00022399698309186593,0.00124184774,0.0009140313999999995,0.0003464034999999999,0.00044904474,0.00229817574
2024,8,mattcl-py,input-kcen,python,0.016305840826705203,0.0007221689783242679,0.016136126740000003,0.01110767005780347,0.005123843930635838,0.015341449740000002,0.019225579740000002
2024,8,kcen,input-lanjian,nim,0.0013935377800000004,0.0001644404433116472,0.0014097367399999998,0.0009663209999999998,0.00047560799999999987,0.00062557474,0.0018373327399999998
2024,8,lanjian,input-lanjian,rust,0.0014061996000000001,0.00012004357871596075,0.00141904974,0.0009281732000000004,0.0005196034999999999,0.0008218217399999999,0.00177660874
2024,8,mattcl,input-lanjian,rust,0.0012173085449999996,0.00023280777133997997,0.00125835924,0.0008569895999999996,0.0004023755,0.00027575973999999996,0.00221603174
2024,8,mattcl-py,input-lanjian,python,0.01638708207333333,0.0005930030054987024,0.01628782074,0.011479088888888888,0.004839460233918131,0.01512442374,0.01919720674
2024,8,kcen,input-mattcl,nim,0.0014140829000000008,0.00020692601716685387,0.0014043317399999998,0.0009978846000000003,0.00044138900000000004,0.0007276257399999999,0.00267871774
2024,8,lanjian,input-mattcl,rust,0.0013869039599999993,0.0001658759688598913,0.0014104232399999998,0.0009570578,0.0004699179999999997,0.0007686527399999998,0.0019393937399999998
2024,8,mattcl,input-mattcl,rust,0.00116023177,0.00017895562806576144,0.00121606974,0.0009019782000000004,0.00036283949999999995,0.0005897167399999999,0.0019182237399999998
2024,8,mattcl-py,input-mattcl,python,0.016431348431860462,0.0005867669380245397,0.01631109524,0.011735685581395346,0.004608172093023256,0.01527283074,0.019487108740000002
