year,day,participant,input,language,mean,stddev,median,user,system,min,max
2024,8,kcen,input-kcen,nim,0.0014179070049999995,0.0001756006485661286,0.0013947273199999995,0.0009572957999999996,0.0004778991,0.0008578118199999994,0.0020615668199999997
2024,8,lanjian,input-kcen,rust,0.0013966349849999983,0.00015893102862875056,0.0013970668199999995,0.0009625774000000001,0.0004588304,0.0007492088199999996,0.0023030598199999994
2024,8,mattcl,input-kcen,rust,0.0012971245549999993,0.00024351532269341328,0.0013508608199999995,0.0009686423999999997,0.00039138730000000003,0.00023685881999999938,0.0020227148199999994
2024,8,mattcl-py,input-kcen,python,0.016249871471428583,0.0006025075668322937,0.016088696819999998,0.011771996114285711,0.004421375542857143,0.015229206820000002,0.01970171682
2024,8,kcen,input-lanjian,nim,0.0013996265850000006,0.00022188350230622865,0.0013959348199999995,0.00103951,0.0003945736,0.0006629758199999995,0.0025298638199999996
2024,8,lanjian,input-lanjian,rust,0.0013744688499999994,0.00017689564164627216,0.0014056678199999995,0.0009299031999999995,0.0005145639,0.0006783058199999996,0.0017658928199999996
2024,8,mattcl,input-lanjian,rust,0.0013352400500000004,0.00019074000023104175,0.0013483708199999995,0.0009469258000000004,0.0004525254000000001,0.0006229118199999995,0.0020860328199999996
2024,8,mattcl-py,input-lanjian,python,0.01644291226642858,0.0006175819223298975,0.01633311482,0.01182580428571429,0.00453505761904762,0.01511580382,0.01934333482
2024,8,kcen,input-mattcl,nim,0.001439792420000001,0.00020175941347430973,0.0014121953199999996,0.0009275366000000001,0.0005377912999999999,0.0011055458199999996,0.0029443508199999994
2024,8,lanjian,input-mattcl,rust,0.0013818582450000002,0.00017313592850129166,0.0013769788199999994,0.0009176215999999999,0.00048447779999999987,0.0007183498199999995,0.0021329708199999994
2024,8,mattcl,input-mattcl,rust,0.0013433375949999994,0.0002598377619298008,0.0013537858199999995,0.0009277765999999992,0.0004551093,0.0005242258199999996,0.0026535858199999997
2024,8,mattcl-py,input-mattcl,python,0.016502284246136364,0.0006138989622393622,0.01638613882,0.011935175227272736,0.004478412500000002,0.015482590820000001,0.019543478819999998
