year,day,participant,input,language,mean,stddev,median,user,system,min,max
2024,8,kcen,input-kcen,nim,0.0013957916950000004,0.00017164648423707702,0.0013914838200000002,0.0009466670999999997,0.0005059152999999999,0.0007639843200000003,0.0021967063200000005
2024,8,lanjian,input-kcen,rust,0.0013835116449999992,0.00017038038675452785,0.0013636063200000003,0.0009006349999999992,0.0005111500999999997,0.00025998032000000017,0.0018169253200000005
2024,8,mattcl,input-kcen,rust,0.0012535366150000008,0.00025511501143875276,0.0013340908200000002,0.0010056333999999996,0.00037211810000000004,0.00015031432000000016,0.00209085832
2024,8,mattcl-py,input-kcen,python,0.016705166848735624,0.0006371798580612236,0.016639179320000003,0.011955125977011491,0.004668032988505748,0.01542537132,0.01934597332
2024,8,kcen,input-lanjian,nim,0.0014392076300000004,0.0002183228173480681,0.0014041573200000003,0.0010130920999999995,0.00047034890000000024,0.0006905453200000003,0.0022584023200000005
2024,8,lanjian,input-lanjian,rust,0.0014032104500000002,0.00017225893645070705,0.0014065518200000002,0.0009624749999999992,0.0005159598999999998,0.0006814193200000002,0.0020401533200000003
2024,8,mattcl,input-lanjian,rust,0.0012159875200000007,0.00034642149629682717,0.0013557013200000002,0.0009072604999999999,0.0004001686,0.00011242332000000019,0.00209090932
2024,8,mattcl-py,input-lanjian,python,0.01679045427833334,0.000564529382210282,0.01671598832,0.012356651428571432,0.004369616666666665,0.01598374632,0.019542631320000003
2024,8,kcen,input-mattcl,nim,0.0014934451200000008,0.00023669937132263927,0.0014220163200000004,0.00104256,0.0004964745999999999,0.0009566243200000003,0.0024591283200000006
2024,8,lanjian,input-mattcl,rust,0.001395506505000001,0.00021248646488715935,0.0013828773200000005,0.0009848520999999999,0.0004512539999999999,0.0006932013200000003,0.0021584143200000004
2024,8,mattcl,input-mattcl,rust,0.00135891237,0.00019134793061021473,0.0013804333200000004,0.0009021813000000003,0.0004796348999999999,0.0007155523200000002,0.0020761303200000003
2024,8,mattcl-py,input-mattcl,python,0.016880884472941175,0.0006521399088200315,0.01680688282,0.012097779999999999,0.0046940729411764715,0.015425170320000002,0.020453557320000003
