year,day,participant,input,language,mean,stddev,median,user,system,min,max
2024,9,kcen,input-kcen,nim,0.004613102615000001,0.0004694233896334942,0.004569669440000001,0.0033489839999999993,0.0012338229999999998,0.0037638504400000004,0.00776414944
2024,9,mattcl,input-kcen,rust,0.0021272687550000003,0.00033692702647890294,0.0021389734400000006,0.0014973000000000002,0.0006546719999999999,0.0013971784400000002,0.00357567844
2024,9,mattcl-py,input-kcen,python,0.03147917567404256,0.0009630068036619204,0.03120212144,0.024896048936170204,0.006498082978723406,0.03001603144,0.03494663144
2024,9,kcen,input-mattcl,nim,0.004502232249999998,0.0004891248981317718,0.00445565044,0.003441933499999999,0.0010258329999999999,0.0036227864400000006,0.0073605634400000005
2024,9,mattcl,input-mattcl,rust,0.002197363235000001,0.0003911162637502469,0.0022826624400000004,0.001546555,0.000654859,0.0013168294400000002,0.00378403744
2024,9,mattcl-py,input-mattcl,python,0.03161460840842106,0.0009827424116039879,0.031336553440000005,0.025842721052631572,0.005707538947368421,0.030018776440000002,0.03468288944
