year,day,participant,input,language,mean,stddev,median,user,system,min,max
2024,9,kcen,input-kcen,nim,0.003886333824999999,0.0003707170181870595,0.0038422868800000007,0.0024582042000000004,0.0014549457999999996,0.003177022380000001,0.007386458380000001
2024,9,lanjian,input-kcen,rust,0.0025155678849999997,0.00026129554018638833,0.0025428198800000004,0.0015606487999999987,0.000980031,0.0016457263800000001,0.004153979380000001
2024,9,mattcl,input-kcen,rust,0.00217239,0.00036201890646959695,0.0022669193800000007,0.0014992600000000005,0.0007228742000000002,0.0012608763800000002,0.0037238853800000008
2024,9,mattcl-py,input-kcen,python,0.03155422293789475,0.0008047514381030782,0.031320422380000004,0.02547936631578948,0.006013690947368424,0.030299763380000004,0.03444884638
2024,9,kcen,input-lanjian,nim,0.0038454181849999986,0.00037598724320197363,0.0037942423800000004,0.002384763400000001,0.0015186080000000003,0.0025648063800000004,0.0066280693800000005
2024,9,lanjian,input-lanjian,rust,0.0025131027350000007,0.00030784182549802876,0.0025355468800000005,0.0016079576,0.0009224318000000001,0.0015171663800000003,0.004220384380000001
2024,9,mattcl,input-lanjian,rust,0.0021307944199999997,0.000360515658360011,0.0021651133800000004,0.0016101400000000001,0.0005596615999999999,0.0013539013800000002,0.003619239380000001
2024,9,mattcl-py,input-lanjian,python,0.03172478665956988,0.001082821142381681,0.03134281438,0.025178358279569896,0.0064449066666666666,0.030025779380000003,0.03471887138
2024,9,kcen,input-mattcl,nim,0.003915891014999999,0.00040926781840868804,0.003855647380000001,0.0024730554000000006,0.001393684399999999,0.0029840613800000007,0.005475142380000001
2024,9,lanjian,input-mattcl,rust,0.002392771569999999,0.0003484570763623244,0.00248508738,0.0015073914,0.0009346329999999996,0.0011682833800000004,0.003234369380000001
2024,9,mattcl,input-mattcl,rust,0.0020297238000000013,0.0003754316516432538,0.0021394313800000004,0.0015010625999999998,0.0006043247999999998,0.0008366223800000002,0.0028572633800000007
2024,9,mattcl-py,input-mattcl,python,0.031473455724086025,0.0007949851396696111,0.031247235380000002,0.025024121720430104,0.0063839789247311825,0.030111279380000005,0.03395370938
