year,day,participant,input,language,mean,stddev,median,user,system,min,max
2024,9,kcen,input-kcen,nim,0.003935587199999997,0.0004746076639567824,0.00385659898,0.002671190399999999,0.0012407069999999995,0.0031987574800000002,0.00803163148
2024,9,lanjian,input-kcen,rust,0.002501220595,0.00023863062131490476,0.0025425704800000003,0.0016029999999999994,0.0008974697999999996,0.0018685984800000002,0.00346098848
2024,9,mattcl,input-kcen,rust,0.0021643057250000015,0.00036274865116386174,0.00225865898,0.0016010549999999992,0.0005952671999999999,0.00117721548,0.0035807924800000004
2024,9,mattcl-py,input-kcen,python,0.031669683480000016,0.0007485185476901649,0.031497326980000004,0.024680028085106376,0.006903498297872337,0.030707983480000006,0.03452930448
2024,9,kcen,input-lanjian,nim,0.003842645179999999,0.00038046230611965955,0.00379520948,0.0025964026,0.0012641585999999998,0.00291828248,0.007092043480000001
2024,9,lanjian,input-lanjian,rust,0.0025625511249999992,0.0002667642548572931,0.0025755319800000002,0.0017122650000000006,0.0008677133999999997,0.00157236448,0.0034235784800000003
2024,9,mattcl,input-lanjian,rust,0.002156798404999999,0.000322974520402252,0.00225310898,0.0016079749999999996,0.0005917178000000001,0.00132263748,0.00292944448
2024,9,mattcl-py,input-lanjian,python,0.03170295328645161,0.0007156604619866768,0.03154642248,0.02574728043010752,0.00588169376344086,0.030103993480000004,0.03474464848
2024,9,kcen,input-mattcl,nim,0.003906438335000001,0.0004430993116011705,0.00383479848,0.0025684554000000013,0.0013151332000000005,0.0030600184800000005,0.007073999480000001
2024,9,lanjian,input-mattcl,rust,0.00248298261,0.0002944817681031697,0.00253104348,0.0015751949999999997,0.0009209258000000003,0.0014388954800000002,0.0037379074800000006
2024,9,mattcl,input-mattcl,rust,0.00223991018,0.00037421041758250973,0.0023066734800000002,0.001587374999999999,0.0006765220000000003,0.0013483554800000001,0.00474952048
2024,9,mattcl-py,input-mattcl,python,0.0316627657657143,0.0007118649799495583,0.031562011480000006,0.02572888967032967,0.005813834285714287,0.03049862248,0.03418029148000001
