year,day,participant,input,language,mean,stddev,median,user,system,min,max
2024,9,kcen,input-kcen,nim,0.003962167884999999,0.00029292527822938363,0.00388549368,0.0026867724000000015,0.0012855207999999993,0.00326379468,0.0054993696799999995
2024,9,lanjian,input-kcen,rust,0.0025143156500000013,0.0003199623670659116,0.0025553386799999998,0.0016931177999999997,0.0008534296,0.00164760868,0.0044583526799999995
2024,9,mattcl,input-kcen,rust,0.0021143768600000003,0.0003727067031448228,0.0021978686800000003,0.0015136299999999993,0.0006594611999999999,0.00136241568,0.00353420068
2024,9,mattcl-py,input-kcen,python,0.03139211292468085,0.0009142707541464627,0.03109921968,0.025523131489361705,0.005814754042553191,0.02980276268,0.03482085668
2024,9,kcen,input-lanjian,nim,0.003841373460000002,0.0003122409375255844,0.0037818046800000005,0.002507704000000001,0.0013355542000000004,0.0029486856800000003,0.005247959680000001
2024,9,lanjian,input-lanjian,rust,0.0024977042600000015,0.0003068743385516966,0.0025387981800000002,0.0015380599999999997,0.0009666011999999998,0.0015695136800000001,0.00412764268
2024,9,mattcl,input-lanjian,rust,0.0021021029300000004,0.00030656262845464815,0.00214568218,0.0014971699999999997,0.0006539368000000001,0.00144336768,0.0030677276800000004
2024,9,mattcl-py,input-lanjian,python,0.03163871960391303,0.0009341210757929727,0.031367056680000005,0.025220124782608697,0.006336430000000003,0.030345198679999998,0.03503705268
2024,9,kcen,input-mattcl,nim,0.003813790444999999,0.0003178890314372142,0.00380937168,0.0025361152,0.0013154905999999997,0.0030570876800000003,0.00657252968
2024,9,lanjian,input-mattcl,rust,0.0025109227450000023,0.00027682947130676074,0.0025548376800000002,0.001605925,0.0009274127999999999,0.0015905626800000001,0.00346112568
2024,9,mattcl,input-mattcl,rust,0.0020809241599999994,0.0003667929639930731,0.00207124218,0.0015999449999999993,0.0005663978000000001,0.00108199968,0.00369313968
2024,9,mattcl-py,input-mattcl,python,0.03135941018526315,0.0008414563049010072,0.031124095679999998,0.025045934736842097,0.006220964631578947,0.02969179468,0.03449253268
