year,day,participant,input,language,mean,stddev,median,user,system,min,max
2024,9,kcen,input-kcen,nim,0.00452732614,0.0005302220655299003,0.0044948867400000005,0.0032718692,0.0012465176000000004,0.00332591624,0.00759206024
2024,9,mattcl,input-kcen,rust,0.0021239536549999996,0.00032548708274382916,0.00213410224,0.0016321265999999998,0.0005436197999999999,0.00123147124,0.00292689824
2024,9,mattcl-py,input-kcen,python,0.03155711646222222,0.0009485271967328641,0.031332474740000005,0.025585157777777784,0.005898351999999999,0.030049735240000004,0.03465015724
2024,9,kcen,input-mattcl,nim,0.004484083075000002,0.00045231303624585867,0.00443721324,0.002957822599999998,0.0014870615999999996,0.00351020124,0.00608247224
2024,9,mattcl,input-mattcl,rust,0.0021625323949999997,0.000322802743508048,0.00229422724,0.0015890950000000004,0.0006166152,0.0014369962400000002,0.00303576224
2024,9,mattcl-py,input-mattcl,python,0.031302393195555556,0.0008603650464218484,0.03110756774,0.025813424444444448,0.005391253777777779,0.02996606824,0.034023131240000004
