year,day,participant,input,language,mean,stddev,median,user,system,min,max
2024,9,kcen,input-kcen,nim,0.003936983254999999,0.0004025336472524221,0.00385272494,0.0027854760000000007,0.0011462347999999997,0.00317670894,0.00715614094
2024,9,lanjian,input-kcen,rust,0.0024772276300000008,0.0003397483107856495,0.0024891309399999997,0.0018076999999999995,0.0007000617999999997,0.00183588794,0.00414353894
2024,9,mattcl,input-kcen,rust,0.002207560755000001,0.00033965469624774305,0.0022815824400000003,0.0015838681999999998,0.0006701479999999999,0.00131287794,0.00364732994
2024,9,mattcl-py,input-kcen,python,0.03177328402695652,0.0009195415038013486,0.031551464439999996,0.024670468695652176,0.007003049565217391,0.03044948394,0.034761378940000004
2024,9,kcen,input-lanjian,nim,0.0037855490699999998,0.0003542134256202769,0.0037878534400000003,0.0026293574000000003,0.0011881136,0.00291690194,0.00638893494
2024,9,lanjian,input-lanjian,rust,0.0024506376450000003,0.0002943522415047357,0.00248997744,0.0015742400000000002,0.0009103481999999997,0.00144182894,0.00327525294
2024,9,mattcl,input-lanjian,rust,0.0021915020799999985,0.00032672335739719453,0.00227199894,0.0015366831999999995,0.0007222785999999999,0.00141004994,0.00306010994
2024,9,mattcl-py,input-lanjian,python,0.0316633063294737,0.0009109828532738496,0.03154211994,0.0252496547368421,0.0063308138947368395,0.030257714940000003,0.03415052494
2024,9,kcen,input-mattcl,nim,0.003858069044999998,0.00038242939987495427,0.00382293394,0.0025910002000000014,0.0013175786000000002,0.0029694599399999995,0.007411438940000001
2024,9,lanjian,input-mattcl,rust,0.002481420029999999,0.00027553267420426326,0.00252119544,0.0016597600000000004,0.0008378327999999999,0.00154696594,0.00333196894
2024,9,mattcl,input-mattcl,rust,0.0022559470699999983,0.0003580528562099366,0.00231189394,0.0017015699999999988,0.0005991884,0.0014132859400000002,0.00359287794
2024,9,mattcl-py,input-mattcl,python,0.03149080517913044,0.0006705833580841499,0.03136346494,0.026279979565217403,0.005161069130434782,0.030029327940000003,0.034251213940000004
