year,day,participant,input,language,mean,stddev,median,user,system,min,max
2024,9,kcen,input-kcen,nim,0.003995726824999999,0.00034229075085798823,0.00397399314,0.0026531992,0.0013522516,0.0029173966400000005,0.00583000364
2024,9,lanjian,input-kcen,rust,0.0022702781600000004,0.00048175346846430345,0.00242996064,0.0015600178000000006,0.0007603007999999997,0.0010738696400000003,0.0038251946400000006
2024,9,mattcl,input-kcen,rust,0.002098666115000001,0.00046695627357622074,0.00226071364,0.0015693549999999995,0.0005831340000000001,0.0009846726400000003,0.0030134856400000007
2024,9,mattcl-py,input-kcen,python,0.03163568512936171,0.0007372368646215431,0.03150064714,0.02523183872340425,0.006293625106382977,0.030102432640000003,0.03352852964
2024,9,kcen,input-lanjian,nim,0.003914527780000001,0.0005425707113657167,0.0038392211400000006,0.0025343348999999986,0.0013534089999999996,0.0029770386400000005,0.00743454364
2024,9,lanjian,input-lanjian,rust,0.0025220115549999993,0.0003207258228296352,0.0025391346400000002,0.00163974,0.00087389,0.0014382316400000004,0.00419622764
2024,9,mattcl,input-lanjian,rust,0.00232860054,0.000374237760178415,0.0023487236400000005,0.0018100900000000003,0.0005197247999999999,0.00139776564,0.0040959006400000005
2024,9,mattcl-py,input-lanjian,python,0.03151183416272728,0.0008687689404779181,0.03124973314,0.02509818954545455,0.006320955909090908,0.030234359640000003,0.03452955164
2024,9,kcen,input-mattcl,nim,0.003921827710000001,0.00031020712035857733,0.00386991364,0.0024671663000000003,0.0014441166,0.0031354046400000005,0.005369001640000001
2024,9,lanjian,input-mattcl,rust,0.00255801526,0.0002583978427875743,0.0025628586400000004,0.0016060257,0.0009477303999999998,0.00164750164,0.003952392640000001
2024,9,mattcl,input-mattcl,rust,0.0022783807550000004,0.00033015402878705486,0.0023394366400000003,0.0015009150000000002,0.0007971832000000002,0.0012666096400000002,0.0031651416400000007
2024,9,mattcl-py,input-mattcl,python,0.03159462509263156,0.0010148667916546473,0.03135289264,0.025164544210526312,0.006337808000000002,0.02975599564,0.03511624964
