year,day,participant,input,language,mean,stddev,median,user,system,min,max
2024,9,kcen,input-kcen,nim,0.004066185735,0.00048353069957094623,0.0039746173,0.002684970500000001,0.0013348762000000005,0.0031179528000000005,0.007330060800000001
2024,9,lanjian,input-kcen,rust,0.0025488355499999997,0.00025697369086854105,0.0025708278,0.0016071450000000006,0.0009333860000000002,0.0016193258000000005,0.0033330358
2024,9,mattcl,input-kcen,rust,0.002071190635000001,0.00038737968280031177,0.0021366348000000004,0.0015253380999999998,0.0006012097000000001,0.0009031748000000004,0.0030987068
2024,9,mattcl-py,input-kcen,python,0.031688667066666676,0.0015934839297103434,0.03132960130000001,0.025289002222222228,0.006303808222222222,0.0305161528,0.0449775758
2024,9,kcen,input-lanjian,nim,0.003851968965,0.000471949712799239,0.0037893493000000006,0.0025424867000000003,0.00130173,0.0029951728,0.0073013668
2024,9,lanjian,input-lanjian,rust,0.00256645028,0.00034049216075645954,0.0025641758000000004,0.0016976830999999998,0.0008765412000000002,0.0016265088000000005,0.004559562800000001
2024,9,mattcl,input-lanjian,rust,0.0022066269950000005,0.0003118121883738502,0.0023022148000000006,0.00164696,0.0005939323,0.0014280778000000003,0.0028930918000000007
2024,9,mattcl-py,input-lanjian,python,0.031498307365217394,0.0008428576164816756,0.031270971300000006,0.025472825652173924,0.0059162265217391295,0.030183509800000004,0.0346982148
2024,9,kcen,input-mattcl,nim,0.003906444285000001,0.000484704384632976,0.0038339283,0.0026816148,0.0012057494999999998,0.0030950298000000003,0.0071378208
2024,9,lanjian,input-mattcl,rust,0.0025277990150000002,0.0003000654228858719,0.0025445488000000005,0.0016943031000000012,0.0008410405,0.0011447978000000004,0.0039078118
2024,9,mattcl,input-mattcl,rust,0.0022334845300000005,0.0003712041589139489,0.0023097488,0.001571855,0.0006584020999999998,0.0013616638000000004,0.0035006888000000003
2024,9,mattcl-py,input-mattcl,python,0.0318145250795699,0.0009808354364293488,0.0315461328,0.025573003655913973,0.00613519182795699,0.0304157258,0.0352544158
