year,day,participant,input,language,mean,stddev,median,user,system,min,max
2024,9,kcen,input-kcen,nim,0.003964249145,0.0003578444546944367,0.00392666674,0.0028022017999999992,0.0011801203999999997,0.00306452774,0.0064770457399999995
2024,9,lanjian,input-kcen,rust,0.002629509355,0.0002701054698185066,0.00263631124,0.0016344999999999999,0.0009800888,0.00172758474,0.00450015474
2024,9,mattcl,input-kcen,rust,0.002331881785000001,0.00032829918923301993,0.00241293774,0.0016827650000000006,0.0006554034999999999,0.0014848507399999999,0.00311755774
2024,9,mattcl-py,input-kcen,python,0.0315812791163441,0.0008359935271239427,0.031331496740000006,0.025751359354838705,0.005716845161290321,0.030319301740000002,0.034534732740000004
2024,9,kcen,input-lanjian,nim,0.0039885747999999985,0.00043391114338646697,0.00390632774,0.0025094176999999997,0.0014001245999999998,0.00300605874,0.00655863774
2024,9,lanjian,input-lanjian,rust,0.0026317843050000012,0.0002450104671570346,0.00263974774,0.0017100699999999993,0.0009007887000000006,0.00171522174,0.004803191740000001
2024,9,mattcl,input-lanjian,rust,0.0022353420050000004,0.00041796055143037683,0.0023318212400000003,0.0016270655999999998,0.0006464049,0.00097883374,0.0036538107400000005
2024,9,mattcl-py,input-lanjian,python,0.03154078656795698,0.0008647142925892236,0.031260443740000005,0.02579397225806452,0.005662226451612905,0.030401506739999997,0.034455344740000005
2024,9,kcen,input-mattcl,nim,0.003906310485,0.0002634398993146721,0.0038729107400000003,0.0026976152999999992,0.0011995254,0.0031485847400000004,0.005455533740000001
2024,9,lanjian,input-mattcl,rust,0.00260791569,0.00022878593122842544,0.00264004774,0.0015720956,0.0010296329000000005,0.0017763657399999999,0.00322856474
2024,9,mattcl,input-mattcl,rust,0.002415929650000001,0.0003726106822944716,0.0024519152399999997,0.0017725449999999997,0.0006547962000000002,0.0015034147399999999,0.004344913739999999
2024,9,mattcl-py,input-mattcl,python,0.03141941899531916,0.0006764198242976636,0.031316048740000005,0.025424791063829794,0.005846928085106383,0.03008071574,0.033868123740000006
