year,day,participant,input,language,mean,stddev,median,user,system,min,max
2024,9,kcen,input-kcen,nim,0.003973888655,0.0004833631803791537,0.0038886773,0.002686424600000001,0.0012972098,0.0031629143,0.007391383300000001
2024,9,lanjian,input-kcen,rust,0.0024758052000000007,0.0002929310161415631,0.0025485203,0.0016458650000000003,0.00086247,0.0017537492999999999,0.0041609303
2024,9,mattcl,input-kcen,rust,0.002122430344999999,0.00032530754156211774,0.0021577443,0.001561828199999999,0.0006247991,0.0013977023,0.0030774443
2024,9,mattcl-py,input-kcen,python,0.031271312034042556,0.0007789633394167084,0.031060516300000004,0.026320636595744667,0.004892754042553191,0.030333301300000004,0.0342934773
2024,9,kcen,input-lanjian,nim,0.0038027136449999997,0.00022951895408779163,0.0038041183,0.0026041927999999994,0.0012112310000000001,0.0029887982999999996,0.0045322453
2024,9,lanjian,input-lanjian,rust,0.0024871299099999996,0.0003159005959385,0.0025426938,0.0016930845999999999,0.0008271995,0.0015720082999999998,0.0042328853
2024,9,mattcl,input-lanjian,rust,0.0021952555000000003,0.00036409623838167904,0.0022656913,0.0016445999999999982,0.0005903284,0.0012215333,0.0039427633
2024,9,mattcl-py,input-lanjian,python,0.03136641908723405,0.0009635622129991753,0.0310055088,0.025767551489361697,0.0055398806382978725,0.030299668300000006,0.034497328300000005
2024,9,kcen,input-mattcl,nim,0.00397219365,0.00044112329864065856,0.0038711538,0.0026378642000000002,0.0012725088000000002,0.0029525613,0.0056439643
2024,9,lanjian,input-mattcl,rust,0.002525066474999999,0.0002759086798171392,0.0025598918,0.0016000299999999997,0.0009343852000000002,0.0014253642999999998,0.0038177083
2024,9,mattcl,input-mattcl,rust,0.00214314317,0.00036073911451925167,0.0022038752999999998,0.001614574999999999,0.0005876384000000001,0.0013321102999999997,0.0037831033
2024,9,mattcl-py,input-mattcl,python,0.031078471331578955,0.0006108632902626403,0.0309910313,0.025359160000000002,0.00567616610526316,0.030215361300000004,0.0332949193
