year,day,participant,input,language,mean,stddev,median,user,system,min,max
2024,9,kcen,input-kcen,nim,0.003975173490000001,0.00036769601881168765,0.00391818956,0.0026373627999999984,0.0012891645999999995,0.00309258006,0.0051228980600000005
2024,9,lanjian,input-kcen,rust,0.0024783549750000008,0.00025527857956428616,0.0025090385600000003,0.0016399949999999996,0.0008663903999999999,0.00161103906,0.0031876280600000003
2024,9,mattcl,input-kcen,rust,0.002105390105000001,0.00033716198799241585,0.00224800006,0.0015351000000000002,0.0006372989000000002,0.0013813490600000002,0.0028936370600000003
2024,9,mattcl-py,input-kcen,python,0.031228923834193557,0.0008441093688651207,0.03102757406,0.025403788387096782,0.00577713182795699,0.02998424206,0.03403492906
2024,9,kcen,input-lanjian,nim,0.0038105452849999982,0.0004404626881737094,0.0037521290600000005,0.002328786999999998,0.0015151033999999996,0.0029206990600000003,0.007356666060000001
2024,9,lanjian,input-lanjian,rust,0.0025168940649999993,0.00028639729374594296,0.00255737906,0.001693785,0.0008472557000000001,0.0015392740600000004,0.00328854706
2024,9,mattcl,input-lanjian,rust,0.0021516977199999994,0.0003413114131455044,0.00225144656,0.0016149550000000004,0.0005976528,0.00137596906,0.0029727460600000007
2024,9,mattcl-py,input-lanjian,python,0.03110247798553192,0.0007788217334203899,0.03092366456,0.02501053787234044,0.00599433659574468,0.02995657106,0.03484468406
2024,9,kcen,input-mattcl,nim,0.0038408058800000026,0.00043433915379554125,0.0037818445600000003,0.0027304416,0.001110162,0.00292443506,0.007616092060000001
2024,9,lanjian,input-mattcl,rust,0.0024634425850000013,0.0002869703613911447,0.0025223135600000004,0.0017722699999999996,0.0007299411999999999,0.00155295106,0.0033507030600000006
2024,9,mattcl,input-mattcl,rust,0.002109614919999998,0.000297100692826862,0.00224630206,0.0016342599999999991,0.0005424327999999999,0.0016381700600000002,0.0028218230600000004
2024,9,mattcl-py,input-mattcl,python,0.03141297056000001,0.0006883518174655144,0.03125563556,0.02583769652173912,0.005511546304347826,0.03015045306,0.03375026706
