year,day,participant,input,language,mean,stddev,median,user,system,min,max
2024,9,kcen,input-kcen,nim,0.004705904154999998,0.0005100054723240263,0.00471779772,0.0034075009999999994,0.0012941324999999999,0.0037775202200000003,0.007626895220000001
2024,9,lanjian,input-kcen,rust,0.002468041255,0.0003128691051046407,0.00251990772,0.0016585574000000007,0.0008287895,0.0015946092200000003,0.00429117222
2024,9,mattcl,input-kcen,rust,0.0020727126200000006,0.00034209451469894333,0.0021895582200000003,0.0015130100000000004,0.0005985925000000002,0.00121789222,0.00279772422
2024,9,mattcl-py,input-kcen,python,0.031028635943404256,0.0005278631008623234,0.030935546220000002,0.024889206808510637,0.006084129787234041,0.03010303522,0.03333096622
2024,9,kcen,input-lanjian,nim,0.0042848023250000025,0.00039792868874219704,0.004200443220000001,0.003053723399999999,0.0012682185,0.00357434922,0.007410900220000001
2024,9,lanjian,input-lanjian,rust,0.002490870075,0.0002715914905351038,0.00254087222,0.0016631950000000012,0.0008410999999999999,0.0014661272200000002,0.0037389782200000004
2024,9,mattcl,input-lanjian,rust,0.00207424722,0.00030986667562471704,0.00208091022,0.0015956899999999997,0.0005286109999999999,0.00136940622,0.00298507422
2024,9,mattcl-py,input-lanjian,python,0.03169371064391304,0.0016976801604900627,0.03127542722,0.02593840130434783,0.00569418152173913,0.030166553220000003,0.04503470322
2024,9,kcen,input-mattcl,nim,0.0045132025499999995,0.00037647861757771496,0.0045454697200000005,0.0031586708000000004,0.0013593489999999995,0.0036606012200000003,0.005862709220000001
2024,9,lanjian,input-mattcl,rust,0.0024573993700000006,0.00031920905181051225,0.0025038482200000003,0.0016038711999999998,0.0008671139999999998,0.0015674082200000002,0.00410779822
2024,9,mattcl,input-mattcl,rust,0.0020508952550000003,0.00030720186333848463,0.00212003372,0.0015192550000000004,0.000569092,0.00113911422,0.0027647922200000003
2024,9,mattcl-py,input-mattcl,python,0.03139197561361703,0.0008194581114614868,0.03119843822,0.025344004680851063,0.005982697872340425,0.03013779922,0.03383210422
