year,day,participant,input,language,mean,stddev,median,user,system,min,max
2024,9,kcen,input-kcen,nim,0.003875528459999998,0.0004589914230292827,0.0037860545400000005,0.002691461599999999,0.0012153040000000002,0.00298024954,0.00676441054
2024,9,mattcl,input-kcen,rust,0.0020759767,0.0003388431722938284,0.00213112804,0.001559485000000001,0.0005917135000000001,0.0012981665400000003,0.0028020545400000004
2024,9,mattcl-py,input-kcen,python,0.031145524869787236,0.0007668878828971415,0.031007533040000004,0.024727119574468086,0.006334488936170212,0.029895879540000003,0.034241603540000005
2024,9,kcen,input-mattcl,nim,0.003825403234999998,0.0004178411615422141,0.0037604915400000004,0.0025716735000000006,0.0012476279,0.0029093365400000002,0.0065723805400000005
2024,9,mattcl,input-mattcl,rust,0.0020877607799999996,0.0003701504860989634,0.00217468454,0.0015048399999999997,0.0006480723999999999,0.00110835154,0.00342745754
2024,9,mattcl-py,input-mattcl,python,0.03136086783032257,0.0007428799336067119,0.031139960540000004,0.02612425569892473,0.005187908602150539,0.029888115540000003,0.034501399540000005
