year,day,participant,input,language,mean,stddev,median,user,system,min,max
2024,9,kcen,input-kcen,nim,0.003961390895000003,0.0004111280237388241,0.0038942695000000007,0.0027443758000000006,0.0012117330000000002,0.0031509150000000007,0.007578675000000002
2024,9,lanjian,input-kcen,rust,0.002415397520000001,0.000353256645045004,0.0024555445000000006,0.0016653500000000001,0.0007814089999999999,0.0014250270000000004,0.004255751000000001
2024,9,mattcl,input-kcen,rust,0.002158765815000001,0.0003573004913890619,0.002248943500000001,0.0016209799999999997,0.0005996654,0.0015361350000000003,0.0037579500000000012
2024,9,mattcl-py,input-kcen,python,0.03129083216304347,0.0008364049799413735,0.031067933500000002,0.025682503478260867,0.005543614347826088,0.030117496000000004,0.034059008
2024,9,kcen,input-lanjian,nim,0.003814880704999999,0.000337178707858807,0.003760314500000001,0.0025229727999999995,0.0013316231999999995,0.0029592460000000004,0.005375806000000001
2024,9,lanjian,input-lanjian,rust,0.0023648699800000003,0.00032540677719922423,0.0024467930000000005,0.0015938249999999992,0.0007894910000000005,0.0014731470000000004,0.003175721000000001
2024,9,mattcl,input-lanjian,rust,0.0021302304850000005,0.00033699704995499827,0.002234747000000001,0.001635994999999999,0.0005539544000000001,0.0013457490000000005,0.003609402000000001
2024,9,mattcl-py,input-lanjian,python,0.03157993994444446,0.0008545657492510027,0.031306505,0.02578941555555556,0.005725826222222221,0.030177168000000004,0.034485425
2024,9,kcen,input-mattcl,nim,0.003962382059999999,0.000512846789939552,0.0038467405000000006,0.002720915799999999,0.0011852256,0.0030933570000000006,0.007740408000000001
2024,9,lanjian,input-mattcl,rust,0.002350300965000002,0.00030062522491114776,0.0024148285000000005,0.0016212827000000004,0.0007692976,0.0014466880000000004,0.003133732000000001
2024,9,mattcl,input-mattcl,rust,0.002092980940000002,0.0003383587537014945,0.0022416145000000005,0.0015719050000000002,0.0005912987999999999,0.0013579220000000003,0.0035525470000000005
2024,9,mattcl-py,input-mattcl,python,0.03152739191397849,0.0009053046521566476,0.031273318,0.025579287956989247,0.005875092043010752,0.030291412,0.034289329
