year,day,participant,input,language,mean,stddev,median,user,system,min,max
2024,9,kcen,input-kcen,nim,0.003879533395000003,0.00027118941862843045,0.0038484258000000006,0.0026245117999999985,0.0012957705000000003,0.0031648473000000002,0.0054042063000000005
2024,9,lanjian,input-kcen,rust,0.002514335799999999,0.00023571539058848365,0.0025550313000000002,0.0016736417000000007,0.0008730194999999999,0.0018283573000000002,0.0031508113
2024,9,mattcl,input-kcen,rust,0.002158893525,0.0003536020180162867,0.0022778578000000006,0.0015266100000000005,0.0006808089999999996,0.0010441803000000001,0.003619196300000001
2024,9,mattcl-py,input-kcen,python,0.03135709959787234,0.0007951802341770498,0.031127603300000004,0.024938915319148942,0.0063096255319148925,0.030269027300000004,0.0345268223
2024,9,kcen,input-lanjian,nim,0.003833684020000001,0.00032684534417657096,0.0038136108,0.0025360203999999988,0.0013176905000000004,0.0029788983000000008,0.006480179300000001
2024,9,lanjian,input-lanjian,rust,0.002519836815,0.00031949696423507216,0.0025517948000000003,0.0015388966999999997,0.0009950825000000002,0.0015516393000000002,0.004432738300000001
2024,9,mattcl,input-lanjian,rust,0.002195801520000001,0.0003655367487834807,0.0023016228000000004,0.0016220949999999998,0.000609516,0.0013810703000000004,0.0034783433
2024,9,mattcl-py,input-lanjian,python,0.03146945216170214,0.0010763105598678101,0.0310738223,0.02542814936170212,0.005961211702127659,0.030482476300000005,0.0352895483
2024,9,kcen,input-mattcl,nim,0.003933865260000001,0.0004217981956811428,0.0038634538000000005,0.0025517152999999996,0.001358036,0.0030221303000000006,0.0066172153
2024,9,lanjian,input-mattcl,rust,0.0025117601550000003,0.00029237740802493764,0.0025586788000000003,0.00161514,0.0009166925,0.0016047993000000002,0.0041321263
2024,9,mattcl,input-mattcl,rust,0.0021339644199999995,0.0003663758455499321,0.0022618483,0.0015848516999999998,0.0006099954999999997,0.0012633303000000001,0.0030582483000000005
2024,9,mattcl-py,input-mattcl,python,0.03125988760526315,0.0007869780795747701,0.031090654300000006,0.02562220736842106,0.0055503031578947384,0.0302957873,0.0340917783
