year,day,participant,input,language,mean,stddev,median,user,system,min,max
2024,9,kcen,input-kcen,nim,0.004704028364999999,0.0003930924199369071,0.0047265799399999996,0.0032765520000000016,0.0014104175000000001,0.0038220419399999997,0.007562715940000001
2024,9,lanjian,input-kcen,rust,0.0023955473549999995,0.000336631441650705,0.00250919394,0.0016183199999999997,0.0007812239999999999,0.0013624579399999996,0.00400078694
2024,9,mattcl,input-kcen,rust,0.0021188918399999983,0.0003144591773595234,0.00212542044,0.001383079999999999,0.0007451555000000001,0.0011953139399999999,0.00290044694
2024,9,mattcl-py,input-kcen,python,0.03130417686553191,0.0008007745473376719,0.03116914994,0.02497355531914894,0.006244226595744682,0.029982488940000003,0.03438086294
2024,9,kcen,input-lanjian,nim,0.0044696295200000015,0.000550360894937308,0.004291590939999999,0.0028624400000000004,0.0015405945000000001,0.0038538209399999997,0.00748503994
2024,9,lanjian,input-lanjian,rust,0.0023876394549999995,0.00027237685513996867,0.00248043544,0.0016496350000000004,0.0007558415,0.0015644549399999998,0.0030457989399999994
2024,9,mattcl,input-lanjian,rust,0.0021016721599999995,0.0003364696922093263,0.0022251724399999996,0.0014239700000000007,0.0007025334999999999,0.0014639879399999999,0.00393745794
2024,9,mattcl-py,input-lanjian,python,0.03139309876291666,0.0007768014401228439,0.031247816940000003,0.02467227916666667,0.006650918750000001,0.030214381940000003,0.03492112494
2024,9,kcen,input-mattcl,nim,0.004590486995,0.00042954244591301646,0.00455117144,0.0032431330000000005,0.0013250649999999996,0.0037266839399999994,0.00619424394
2024,9,lanjian,input-mattcl,rust,0.0023563845499999995,0.0004049909392060803,0.00245405594,0.0016181889999999997,0.0007673934999999994,0.00105989094,0.00433801794
2024,9,mattcl,input-mattcl,rust,0.0021232939900000004,0.0003584075302523448,0.0021536234399999995,0.0015141450000000002,0.0006331164999999998,0.0013723859399999998,0.00360518594
2024,9,mattcl-py,input-mattcl,python,0.031505505588936174,0.0010795666902072242,0.031180444940000003,0.025478534042553184,0.005958456382978722,0.030034134940000002,0.03509255494
