year,day,participant,input,language,mean,stddev,median,user,system,min,max
2024,9,kcen,input-kcen,nim,0.0039547394599999995,0.0003706291301056878,0.0038845076200000003,0.00284354,0.0011259380999999995,0.0032066836200000002,0.006316467620000001
2024,9,lanjian,input-kcen,rust,0.0024912385300000007,0.0002953823231568702,0.00251723662,0.0014952970000000005,0.0010193933999999997,0.0015664606200000003,0.0035601446200000005
2024,9,mattcl,input-kcen,rust,0.0022739932250000006,0.0003401481322272361,0.0023510551200000003,0.0016135399999999988,0.0006842306999999999,0.0013482816200000001,0.0035668676200000006
2024,9,mattcl-py,input-kcen,python,0.03183717111462366,0.000993540161671269,0.03150806662,0.025285316129032256,0.00646228623655914,0.030265058620000004,0.03507131062
2024,9,kcen,input-lanjian,nim,0.0038046105700000003,0.0005234118901325399,0.0037343211200000005,0.0026533570000000003,0.0011622197999999991,0.0030036026200000003,0.00740315362
2024,9,lanjian,input-lanjian,rust,0.0025261652450000015,0.00029280346548757243,0.0025269751200000003,0.0016718909999999998,0.0008589360999999996,0.0016044926200000002,0.004604130620000001
2024,9,mattcl,input-lanjian,rust,0.0022987727400000015,0.00035554288169500117,0.00234778412,0.0016819449999999994,0.0006390496000000002,0.0012531536200000002,0.0036616646200000004
2024,9,mattcl-py,input-lanjian,python,0.03165749646444444,0.0008382132343733588,0.03154658362,0.02501225555555555,0.006570439777777776,0.030174158620000002,0.03456538362
2024,9,kcen,input-mattcl,nim,0.003927689399999998,0.00039519513766939144,0.0038638391200000004,0.0026765789999999984,0.0012677361,0.0030755376200000007,0.005495229620000001
2024,9,lanjian,input-mattcl,rust,0.0025151453300000003,0.00024548977226573275,0.00254352062,0.0015582299999999999,0.0009670807999999998,0.00154568162,0.00392433762
2024,9,mattcl,input-mattcl,rust,0.002291975255,0.00031563352949162183,0.00235027862,0.0015873809999999995,0.0007315872,0.0016178776200000001,0.00290705162
2024,9,mattcl-py,input-mattcl,python,0.03167654205956046,0.001072177008515438,0.03140735762,0.02513818461538461,0.006450047472527472,0.02985052062,0.03546894662
