year,day,participant,input,language,mean,stddev,median,user,system,min,max
2024,9,kcen,input-kcen,nim,0.004089093435000002,0.0004452996456101335,0.00398421964,0.0028175471,0.0011987502000000004,0.0032419591400000003,0.007370982140000001
2024,9,lanjian,input-kcen,rust,0.0025703959500000006,0.0002918944821838721,0.00256696064,0.0016067071,0.0009432303999999998,0.00158894314,0.00415744414
2024,9,mattcl,input-kcen,rust,0.002281774330000001,0.00033084801088197074,0.00234443364,0.0015499521000000003,0.0007634037999999999,0.0014420391400000003,0.00303589314
2024,9,mattcl-py,input-kcen,python,0.0319089166931915,0.0008535358581782605,0.03168994664,0.02543897361702128,0.006393745531914893,0.030223786140000004,0.034663871140000004
2024,9,kcen,input-lanjian,nim,0.0038904525449999995,0.000384428385053857,0.0038482556400000006,0.0025321647,0.0013614499999999995,0.0030902551400000004,0.0061136381400000005
2024,9,lanjian,input-lanjian,rust,0.0025718126549999997,0.00023222352849754262,0.00258774414,0.001616377100000001,0.0009674325999999998,0.0016088311400000001,0.00314411614
2024,9,mattcl,input-lanjian,rust,0.00233407205,0.00037815880468361517,0.0023904546400000002,0.0015785400000000013,0.0007677999999999999,0.0014147571400000003,0.00392392714
2024,9,mattcl-py,input-lanjian,python,0.031757190527096774,0.0007433925961721039,0.03166675814,0.02569236494623656,0.005952646021505378,0.03054749214,0.03475313814
2024,9,kcen,input-mattcl,nim,0.003956781069999999,0.0005341454972840915,0.00388401664,0.0024498831000000004,0.0014911007999999996,0.0031139201400000004,0.00755626014
2024,9,lanjian,input-mattcl,rust,0.002583032840000001,0.0002954370896438634,0.00258159764,0.0017594150000000003,0.0008264561999999999,0.0019039431400000003,0.00437172514
2024,9,mattcl,input-mattcl,rust,0.0022797667049999997,0.0003398360856935492,0.00235936614,0.0016905371,0.0006269912,0.00128801914,0.00310983214
2024,9,mattcl-py,input-mattcl,python,0.03166074009652174,0.0006925362999645994,0.031537270140000004,0.025321221304347837,0.006252134782608696,0.030553613140000005,0.034516735140000004
