year,day,participant,input,language,mean,stddev,median,user,system,min,max
2024,9,kcen,input-kcen,nim,0.004062611449999998,0.00038804415799983906,0.00401120488,0.0027965907999999997,0.0011882762,0.0032498098800000006,0.00659717688
2024,9,lanjian,input-kcen,rust,0.00253632654,0.00031483990467736235,0.00255996288,0.0016158677000000005,0.0009056175999999995,0.0018357018800000003,0.0050078818800000004
2024,9,mattcl,input-kcen,rust,0.0021988251700000017,0.0003385722063035924,0.00227009038,0.0016075076999999998,0.0005993700999999997,0.0012424208800000001,0.0038987448800000004
2024,9,mattcl-py,input-kcen,python,0.03203745418434782,0.0009579188051235068,0.03176587688,0.025439460000000007,0.00647855043478261,0.030382806880000002,0.03508952088
2024,9,kcen,input-lanjian,nim,0.0038314289849999995,0.0003832889278129279,0.00380770438,0.0024853143,0.0013225649999999995,0.00299640588,0.00667636588
2024,9,lanjian,input-lanjian,rust,0.0025958239699999984,0.0003366643040070849,0.0025865723800000003,0.0016329404000000004,0.0009492988,0.0016461468800000002,0.004482427880000001
2024,9,mattcl,input-lanjian,rust,0.0022086929699999995,0.00037034651252474104,0.0022838658800000003,0.0016319400000000001,0.0006039309,0.0013803488800000004,0.00359639888
2024,9,mattcl-py,input-lanjian,python,0.03171931295608696,0.0007248069495398167,0.03156780638,0.025325938260869568,0.006293974347826085,0.030307435880000004,0.034208821880000004
2024,9,kcen,input-mattcl,nim,0.003919683805000002,0.00045999184161157186,0.0038206683800000004,0.0027217908,0.0011456185000000003,0.00312544688,0.006860430880000001
2024,9,lanjian,input-mattcl,rust,0.002496115380000001,0.0003244162011012782,0.00251165188,0.001591605,0.0008839307,0.0016479708800000003,0.00418193488
2024,9,mattcl,input-mattcl,rust,0.002183628810000001,0.00033024784027211614,0.0022445823800000004,0.0015465327,0.0006537346999999996,0.0012309498800000002,0.0029249118800000005
2024,9,mattcl-py,input-mattcl,python,0.031860973369130435,0.0009994186903516838,0.03162836888,0.02589806869565219,0.005860164999999997,0.03050413388,0.03491623588
