year,day,participant,input,language,mean,stddev,median,user,system,min,max
2024,9,kcen,input-kcen,nim,0.00401141426,0.00043137651802159114,0.00393264236,0.002824583899999998,0.0011724455999999994,0.0031716623600000003,0.006397892360000001
2024,9,lanjian,input-kcen,rust,0.0024863669850000002,0.00032617566205957866,0.00251306036,0.0016150778000000006,0.0008814871999999999,0.0015655663599999999,0.004572264360000001
2024,9,mattcl,input-kcen,rust,0.002189328485,0.00031460028720159487,0.00229494686,0.0016075399999999993,0.0006108452,0.0013765623599999999,0.0029002743600000003
2024,9,mattcl-py,input-kcen,python,0.03142945743058824,0.0009797686479662733,0.031168174360000005,0.02546343176470588,0.005890885176470585,0.029682803360000003,0.034459835359999996
2024,9,kcen,input-lanjian,nim,0.003864379854999999,0.00036245553728373126,0.0038371183600000003,0.0026205417000000003,0.0012093671999999995,0.0030167633600000003,0.006584651360000001
2024,9,lanjian,input-lanjian,rust,0.0024862589700000016,0.0003027535445760209,0.00253708536,0.0017015639000000004,0.0007749248000000001,0.00149908236,0.004218832360000001
2024,9,mattcl,input-lanjian,rust,0.0022310082600000007,0.0003506027231852235,0.0023029318600000003,0.0016159199999999996,0.0006419213999999999,0.00137155436,0.00373799336
2024,9,mattcl-py,input-lanjian,python,0.03124124516851064,0.0007883044853180957,0.03111254986,0.025365315744680837,0.0057768485106382975,0.02991452836,0.03496640436
2024,9,kcen,input-mattcl,nim,0.003936848754999999,0.0003817865597385851,0.00387078636,0.0027111667000000008,0.001176714,0.00310927636,0.006216602360000001
2024,9,lanjian,input-mattcl,rust,0.0023768500250000006,0.00039979933181268844,0.00252369486,0.001682891700000001,0.0007397808,0.00100795336,0.0038979423600000005
2024,9,mattcl,input-mattcl,rust,0.002177548340000001,0.00034445464619468425,0.00228151686,0.0015680538999999986,0.0006443551999999993,0.00135494236,0.00364092136
2024,9,mattcl-py,input-mattcl,python,0.03168809812923078,0.0009629433451863096,0.03134713836,0.025048033186813177,0.006534389010989011,0.03032700936,0.03478555436
