year,day,participant,input,language,mean,stddev,median,user,system,min,max
2024,9,kcen,input-kcen,nim,0.004040813019999998,0.0005694105142565891,0.00394202894,0.002800383199999999,0.0011916717999999999,0.0031769514400000003,0.007879124440000001
2024,9,lanjian,input-kcen,rust,0.0024561699649999994,0.0003248690842598114,0.00251287294,0.0015783050000000001,0.0008809883999999997,0.00150060344,0.00346787544
2024,9,mattcl,input-kcen,rust,0.0021885063550000005,0.00037287319379146727,0.00225062694,0.0015565999999999993,0.0006572367999999998,0.0013961264400000001,0.004018657440000001
2024,9,mattcl-py,input-kcen,python,0.031443657483010756,0.0009220901238378147,0.03126547944,0.02599079161290322,0.005352605161290323,0.03004925344,0.03529397244
2024,9,kcen,input-lanjian,nim,0.0038197315800000014,0.0003101207801849679,0.00375465794,0.0024349745999999992,0.0013948405999999998,0.00310813244,0.006388123440000001
2024,9,lanjian,input-lanjian,rust,0.002475825595,0.00032370965294589645,0.0025092054400000004,0.0015392649999999993,0.0009429777999999995,0.00139640744,0.004165602440000001
2024,9,mattcl,input-lanjian,rust,0.002164619515,0.00033718855330626684,0.00227879944,0.0015377733,0.0006794454,0.00123756944,0.00299810644
2024,9,mattcl-py,input-lanjian,python,0.031476595874782604,0.0007684698944643224,0.03137862594,0.025653285652173907,0.00572734956521739,0.030173095440000002,0.03466289144
2024,9,kcen,input-mattcl,nim,0.0038568092249999996,0.00038638229411378574,0.0038026674400000004,0.002893016600000001,0.0009664077999999997,0.0030733174400000003,0.007110236440000001
2024,9,lanjian,input-mattcl,rust,0.002498970169999999,0.0002804646748981335,0.0025359059400000003,0.001649171600000001,0.0008680845999999997,0.00161540744,0.00338919844
2024,9,mattcl,input-mattcl,rust,0.0021765434800000002,0.00035802412429785334,0.00223918994,0.0015840082999999993,0.0006374234000000003,0.0013198144399999999,0.0036840704399999998
2024,9,mattcl-py,input-mattcl,python,0.03139543167404255,0.0007177777932656001,0.03118555144,0.02559160595744681,0.005721620000000002,0.030470081439999998,0.03399038244
