year,day,participant,input,language,mean,stddev,median,user,system,min,max
2024,9,kcen,input-kcen,nim,0.0039150980899999984,0.0004094017746816251,0.0038936675,0.002483571999999999,0.0014317700000000002,0.002759738,0.005307981
2024,9,lanjian,input-kcen,rust,0.0023050964800000002,0.0004998099565543427,0.0024428489999999995,0.0015740567000000006,0.0007828100000000002,0.0010434129999999995,0.004455334
2024,9,mattcl,input-kcen,rust,0.0022747629749999988,0.0003364516909669007,0.002351659,0.0016175599999999984,0.0006848759999999996,0.0014470389999999998,0.003435443
2024,9,mattcl-py,input-kcen,python,0.0316097612826087,0.000859630322216607,0.031449191,0.025358246956521734,0.006183136956521738,0.030479711,0.034272314000000005
2024,9,kcen,input-lanjian,nim,0.003830146955000001,0.00031310112440725667,0.003787568,0.002481811900000001,0.001343779,0.003060681,0.006344383
2024,9,lanjian,input-lanjian,rust,0.002592160855,0.0002706583470836141,0.0025975944999999997,0.0015794517000000002,0.0010068935000000004,0.0016611699999999996,0.004355316
2024,9,mattcl,input-lanjian,rust,0.0022936266000000006,0.00034808945628695895,0.002370704,0.0016790017000000007,0.0006527735,0.001434005,0.0038135319999999997
2024,9,mattcl-py,input-lanjian,python,0.03169821734408601,0.0009563577355632365,0.031482468,0.024824466451612896,0.006795972043010754,0.030028415000000003,0.035119792000000004
2024,9,kcen,input-mattcl,nim,0.003965645319999997,0.0004002752713660606,0.003899478,0.0026649550999999997,0.0012448305,0.003088424,0.006315578
2024,9,lanjian,input-mattcl,rust,0.0025317273900000003,0.00030076739230187216,0.0025198534999999996,0.001574129999999999,0.0009569635,0.0016404319999999998,0.003485597
2024,9,mattcl,input-mattcl,rust,0.0022624218049999995,0.0003432782377068528,0.0023359439999999995,0.0016433199999999998,0.0006531565000000002,0.0013690729999999997,0.003080709
2024,9,mattcl-py,input-mattcl,python,0.031820551869565214,0.0009549356538382689,0.0315391245,0.02475800782608695,0.006957258695652172,0.030382799000000002,0.034972747
