year,day,participant,input,language,mean,stddev,median,user,system,min,max
2024,9,kcen,input-kcen,nim,0.004028521190000002,0.00041211501410556395,0.00394777532,0.0028182424000000005,0.0011985928999999993,0.0032166058200000006,0.006939785820000001
2024,9,lanjian,input-kcen,rust,0.002541218819999999,0.0002609116193141957,0.00258310032,0.0017447100000000002,0.0008079152999999999,0.0019169828200000004,0.0038091258200000006
2024,9,mattcl,input-kcen,rust,0.002256267615,0.0003490925424873099,0.0023554243200000005,0.0016213750000000013,0.0006526958,0.00150567382,0.0035437988200000005
2024,9,mattcl-py,input-kcen,python,0.03151438019634409,0.0007331711772853879,0.03133704682,0.025025250967741944,0.006397956129032257,0.030466046820000002,0.03429408182
2024,9,kcen,input-lanjian,nim,0.003897478285,0.0003223596898599166,0.0038414913200000003,0.0026330224,0.0012252685000000004,0.0030513468200000005,0.00509643482
2024,9,lanjian,input-lanjian,rust,0.0025816076850000004,0.0003348751449522203,0.0025930233200000003,0.0017064081000000009,0.0008778088,0.0017251948200000004,0.00460849182
2024,9,mattcl,input-lanjian,rust,0.002197141155,0.0003203960008888228,0.00232222732,0.001523865,0.0006996882,0.0015214028200000005,0.00313061482
2024,9,mattcl-py,input-lanjian,python,0.031540651733978506,0.000841812599357503,0.03134911882,0.025585433763440857,0.005880343870967739,0.030114166820000003,0.03474700082
2024,9,kcen,input-mattcl,nim,0.0038863171550000005,0.0003696757813416583,0.00384056382,0.0026133630999999992,0.0012529244,0.00309953782,0.00632185982
2024,9,lanjian,input-mattcl,rust,0.00254274207,0.0002710624171683216,0.0025931388200000002,0.0016587000000000008,0.0009110671000000002,0.0015365518200000003,0.0032562208200000004
2024,9,mattcl,input-mattcl,rust,0.0021720839449999997,0.00032875587733591,0.00229431482,0.0014525149999999997,0.0007541244000000003,0.00142863882,0.00291642382
2024,9,mattcl-py,input-mattcl,python,0.03160831256193548,0.0005446912083857581,0.03150098382,0.024947863870967743,0.00655723698924731,0.03063684582,0.03328337982
