year,day,participant,input,language,mean,stddev,median,user,system,min,max
2024,9,kcen,input-kcen,nim,0.00397818188,0.0003969001529934544,0.00389965094,0.002646278999999999,0.0013200142999999997,0.00325830494,0.00657828194
2024,9,lanjian,input-kcen,rust,0.002454552630000001,0.0003201676988516702,0.00248845344,0.0016288309999999994,0.0008244728999999997,0.0015305499399999997,0.004349898939999999
2024,9,mattcl,input-kcen,rust,0.0022166803600000002,0.00033098021683299696,0.00228928044,0.0015785550000000004,0.0006432284,0.0013882239399999998,0.0029184789399999997
2024,9,mattcl-py,input-kcen,python,0.03170581847763442,0.0009640204582880628,0.03145895994,0.0258931440860215,0.005738792043010752,0.030359470940000004,0.03480742894
2024,9,kcen,input-lanjian,nim,0.003840601495000001,0.00033712852641254264,0.00379046694,0.0026446239999999978,0.0011497648999999996,0.0029779899399999996,0.005469274939999999
2024,9,lanjian,input-lanjian,rust,0.002438772010000001,0.00029277509000166405,0.00249246594,0.0015939559999999995,0.0008400250999999999,0.0015332759399999999,0.00330174594
2024,9,mattcl,input-lanjian,rust,0.0022511989199999996,0.0003371524334209646,0.0023379019399999996,0.001687760999999999,0.0005676533,0.0013892359399999997,0.00326627094
2024,9,mattcl-py,input-lanjian,python,0.031635709805979385,0.0009178019606095327,0.031450994940000004,0.025455243298969067,0.006072951134020617,0.02986291194,0.03492162294000001
2024,9,kcen,input-mattcl,nim,0.0037666674149999997,0.00027345274793309386,0.00376601594,0.0025703279999999985,0.0011833064000000009,0.0030507269400000003,0.00538857394
2024,9,lanjian,input-mattcl,rust,0.002521440235000001,0.0003182970835006869,0.00255338544,0.0015057100000000015,0.0009877157999999997,0.00144231394,0.00403483894
2024,9,mattcl,input-mattcl,rust,0.00224200455,0.0003591856366795342,0.00229094444,0.0015502149999999995,0.0007017642000000002,0.0013871619399999997,0.004081505940000001
2024,9,mattcl-py,input-mattcl,python,0.031475472876170224,0.0007697967646663165,0.03133990694,0.025512906382978727,0.005869230425531914,0.02985441494,0.03443593394
