year,day,participant,input,language,mean,stddev,median,user,system,min,max
2024,9,kcen,input-kcen,nim,0.004845537974999998,0.0004349359589504026,0.0047854731599999995,0.003417495000000001,0.0013312727999999993,0.00379044366,0.00720846866
2024,9,lanjian,input-kcen,rust,0.0024492440999999998,0.0002646244332099643,0.0025094431599999995,0.0016711250000000003,0.0007900768,0.0015504856599999998,0.0032012896599999995
2024,9,mattcl,input-kcen,rust,0.0021921809749999997,0.00032138306052062514,0.0022885391599999994,0.001554090000000001,0.0006500231999999997,0.0014292096599999998,0.0030644726599999995
2024,9,mattcl-py,input-kcen,python,0.03167445331168538,0.0009139203151684085,0.03144312566,0.026351915730337076,0.005230426067415729,0.030290896660000004,0.03467781666
2024,9,kcen,input-lanjian,nim,0.004488534464999998,0.0005793055020074447,0.004357831160000001,0.0031106274999999992,0.0013602125999999995,0.0035331916599999997,0.00770102066
2024,9,lanjian,input-lanjian,rust,0.0025126271399999994,0.00028887042159654635,0.00255651666,0.0017427299999999996,0.0007952873999999999,0.0016464366599999998,0.0038810936599999995
2024,9,mattcl,input-lanjian,rust,0.002134872165000001,0.00035196626910219474,0.00223539566,0.0016365650000000013,0.0005571583999999998,0.0013744166599999998,0.00339469166
2024,9,mattcl-py,input-lanjian,python,0.03164555669260871,0.0010556169736390495,0.031298128659999994,0.025290619565217387,0.0062815834782608704,0.030416591660000002,0.03504203866
2024,9,kcen,input-mattcl,nim,0.004660014950000003,0.000537140222030094,0.004608371159999999,0.003317497499999999,0.0013103303999999997,0.0037791416599999997,0.007632952659999999
2024,9,lanjian,input-mattcl,rust,0.0024879427149999992,0.00037606433808859364,0.0025141971599999995,0.0015707199999999994,0.0009052927999999998,0.0014960246599999998,0.00442821866
2024,9,mattcl,input-mattcl,rust,0.0021719254299999986,0.0003747993244875029,0.00222333216,0.001432075,0.0007551980000000002,0.0012561246599999995,0.00383569866
2024,9,mattcl-py,input-mattcl,python,0.03182149446434781,0.0009025151514626271,0.03163652216,0.025386869565217397,0.00633156652173913,0.030407795660000004,0.03495449466
