year,day,participant,input,language,mean,stddev,median,user,system,min,max
2024,9,mattcl,input-kcen,rust,0.0020690767099999998,0.00035430547143205763,0.00207074568,0.0015104199999999997,0.0006074114000000001,0.00119437918,0.00287430518
2024,9,mattcl-py,input-kcen,python,0.031190780148421058,0.0006864824233193086,0.030983295180000002,0.025559324210526313,0.005566131368421052,0.03020373518,0.03417870518
2024,9,mattcl,input-mattcl,rust,0.002093113260000001,0.0003405527325248093,0.00212957068,0.0015678200000000002,0.0005791996000000002,0.00136510918,0.00284293618
2024,9,mattcl-py,input-mattcl,python,0.031110576590526323,0.0007583057950071708,0.030915627180000002,0.025486776842105253,0.005570459789473683,0.030061388180000002,0.03384144518
