year,day,participant,input,language,mean,stddev,median,user,system,min,max
2024,9,kcen,input-kcen,nim,0.004053923925,0.00040889578543978433,0.00398200502,0.0027161535,0.0013243202000000002,0.00318321602,0.007276088020000001
2024,9,lanjian,input-kcen,rust,0.0024624881299999983,0.00034640486244125185,0.0024775935200000002,0.0017178391,0.0007907656,0.00149910202,0.0042084140200000005
2024,9,mattcl,input-kcen,rust,0.0021799498299999998,0.000316725517828343,0.00225752202,0.0016237847000000008,0.0006290018000000002,0.0013529680199999999,0.00293551102
2024,9,mattcl-py,input-kcen,python,0.03151790022212765,0.0007345505033724521,0.03138166152,0.02497980468085107,0.006448916595744681,0.02991199002,0.034330944020000004
2024,9,kcen,input-lanjian,nim,0.0038169675049999994,0.000389599450985523,0.00377507352,0.0026002334999999993,0.0012385226000000004,0.0030053230199999998,0.007282260020000001
2024,9,lanjian,input-lanjian,rust,0.0024974777749999983,0.0002569764776111662,0.0025346760200000004,0.0017626799999999998,0.0007845676000000001,0.0016947990200000002,0.00373035902
2024,9,mattcl,input-lanjian,rust,0.0022239452149999993,0.00036702576732169283,0.0022987945200000004,0.0017706300000000005,0.0005393254,0.00138364602,0.0037378230200000003
2024,9,mattcl-py,input-lanjian,python,0.03172309261139786,0.0010032584375906715,0.03137466802,0.025895973978494625,0.005774307956989243,0.03047715802,0.03470948202
2024,9,kcen,input-mattcl,nim,0.00385638724,0.00040779210717697896,0.00379836602,0.0026692373,0.0012043896,0.0030846200200000005,0.00680766002
2024,9,lanjian,input-mattcl,rust,0.0024467050649999997,0.0003629217968918082,0.00251358602,0.0017132890999999998,0.0007848432000000004,0.0011497670199999998,0.00405186102
2024,9,mattcl,input-mattcl,rust,0.002187075835,0.0003519687091088632,0.0022727650200000003,0.0016744096999999998,0.0005858555999999999,0.0010102870199999998,0.00286446902
2024,9,mattcl-py,input-mattcl,python,0.031664002146315796,0.0009492121538495081,0.03140417302,0.024952238947368418,0.006640128842105264,0.03023248902,0.034819989020000004
