year,day,participant,input,language,mean,stddev,median,user,system,min,max
2024,9,kcen,input-kcen,nim,0.004481678180000003,0.0004867680878564156,0.00441397302,0.0034218329999999996,0.0010332907999999995,0.0036344030200000004,0.00772211602
2024,9,mattcl,input-kcen,rust,0.002069113324999999,0.0003230458674479025,0.00212670552,0.0014865676000000003,0.0005950775999999999,0.00137230702,0.00277227902
2024,9,mattcl-py,input-kcen,python,0.031227619168936176,0.0008729004189730917,0.03095628852,0.02542787361702127,0.005702526808510639,0.02970648902,0.033966345020000004
2024,9,kcen,input-mattcl,nim,0.00433884935,0.0004462791499676524,0.004206459020000001,0.0029917504000000006,0.0012931341999999999,0.00359234402,0.0068569960200000005
2024,9,mattcl,input-mattcl,rust,0.0021271393250000005,0.00035413227288458765,0.00219844402,0.0016328400000000013,0.0005025297999999999,0.00139130302,0.0035096300200000005
2024,9,mattcl-py,input-mattcl,python,0.031318633267311845,0.0009130927872047518,0.031105678020000003,0.024558716559139784,0.006677421935483871,0.03027763802,0.03435662502
