year,day,participant,input,language,mean,stddev,median,user,system,min,max
2024,9,kcen,input-kcen,nim,0.003998382165000001,0.0004409143595771675,0.003931283220000001,0.002694244800000001,0.0012812050000000003,0.00312601072,0.00651961372
2024,9,lanjian,input-kcen,rust,0.0024745414200000003,0.0002995848897259685,0.0025112792200000004,0.0016454136999999997,0.0008264889999999998,0.0014255067200000002,0.00394652672
2024,9,mattcl,input-kcen,rust,0.0021944472749999997,0.0003771294381332362,0.0022601692200000002,0.0015635373999999993,0.0006654131999999998,0.0009145197200000001,0.00352989672
2024,9,mattcl-py,input-kcen,python,0.03165753877434783,0.0009764111952718283,0.03142377522,0.02543408608695652,0.006149030000000001,0.030112755720000002,0.03485021572
2024,9,kcen,input-lanjian,nim,0.00380968525,0.0002972562726442131,0.0037744692200000003,0.0027288458999999974,0.0010790201000000004,0.0029412147200000007,0.00491010072
2024,9,lanjian,input-lanjian,rust,0.002510951300000001,0.0002974892223302499,0.00253583022,0.0016242887000000007,0.0008975517999999996,0.0015887117200000002,0.00367023972
2024,9,mattcl,input-lanjian,rust,0.0022484506099999997,0.0003489288941271876,0.00232785072,0.001623269999999999,0.0006593304999999999,0.0013989667200000003,0.00347672672
2024,9,mattcl-py,input-lanjian,python,0.03166517600723406,0.0009032451976505527,0.03146419121999999,0.025634568510638295,0.0059464036170212755,0.030453222720000003,0.03464515172
2024,9,kcen,input-mattcl,nim,0.0038677759750000034,0.00035569946717278755,0.0038269777200000002,0.0024792604999999994,0.0014100831999999993,0.0030331657200000006,0.00637216772
2024,9,lanjian,input-mattcl,rust,0.0023664116,0.0003638611743582744,0.0024744957200000003,0.0016430636999999998,0.0007647673000000001,0.0011485287200000004,0.0033510317200000006
2024,9,mattcl,input-mattcl,rust,0.0022703556150000005,0.00034022119250266234,0.0023486097200000004,0.0015660099999999996,0.0007218804999999999,0.0012660577200000003,0.0029730837200000002
2024,9,mattcl-py,input-mattcl,python,0.03163096336130434,0.0008412734151095711,0.03145962272,0.025341868695652175,0.006190416304347826,0.03026937972,0.03419894672
