year,day,participant,input,language,mean,stddev,median,user,system,min,max
2024,9,kcen,input-kcen,nim,0.004013730255,0.00032292465576170686,0.00397084384,0.0026900374,0.0013411230000000003,0.0032424698399999997,0.00556863684
2024,9,lanjian,input-kcen,rust,0.0024954638300000013,0.00031189632030005344,0.00257212434,0.0015735878000000011,0.0009342459999999994,0.0014110698399999997,0.00323808084
2024,9,mattcl,input-kcen,rust,0.002307095069999999,0.00035418608078516706,0.00235571934,0.0016257099999999994,0.0007241310000000003,0.0014726748399999999,0.00380679584
2024,9,mattcl-py,input-kcen,python,0.0317365914704348,0.0009677872873659702,0.03145508434,0.025341218695652167,0.006267758695652176,0.03042528684,0.03474303184000001
2024,9,kcen,input-lanjian,nim,0.0040762418400000005,0.0004827204325027045,0.00391219934,0.0026303487999999996,0.001379255,0.0030125698399999998,0.00687036484
2024,9,lanjian,input-lanjian,rust,0.0025585403649999987,0.00029233964362890426,0.00256656884,0.0016683649999999983,0.000899916,0.0014783568399999998,0.00462488884
2024,9,mattcl,input-lanjian,rust,0.0023179933999999997,0.00032717639348214957,0.00236827784,0.0016945932000000002,0.0006606119999999999,0.0013841198399999997,0.00364582484
2024,9,mattcl-py,input-lanjian,python,0.031860185635698916,0.0008606151862842906,0.031641983840000006,0.024350220215053762,0.007395567741935479,0.03068891984,0.03534707384000001
2024,9,kcen,input-mattcl,nim,0.0039427840750000005,0.0004378845195682847,0.00386425434,0.0027013088000000006,0.001252481,0.0030750968400000004,0.007185664840000001
2024,9,lanjian,input-mattcl,rust,0.00257311046,0.00023379053882745506,0.0025984938399999996,0.0016059149999999996,0.0009728010000000002,0.0013611568399999998,0.0032742098400000003
2024,9,mattcl,input-mattcl,rust,0.001982416980000001,0.0005056939364992932,0.0019942373399999998,0.0015141746,0.0005585890000000001,0.0008831718399999999,0.00331214084
2024,9,mattcl-py,input-mattcl,python,0.0315958080227957,0.0009061331019640311,0.031345038840000006,0.02470343526881721,0.0067947849462365595,0.030463006839999997,0.03528984584000001
