year,day,participant,input,language,mean,stddev,median,user,system,min,max
2024,9,mattcl,input-mattcl,rust,0.002056213924999999,0.0003353650521332703,0.0021018472,0.0015440650000000003,0.0005798174000000001,0.0011813211999999998,0.0029944632000000002
2024,9,mattcl-py,input-mattcl,python,0.030896102200000008,0.0007375213849058481,0.030744006200000003,0.025177982068965522,0.0056466105747126445,0.029714190200000004,0.0335214612
