year,day,participant,input,language,mean,stddev,median,user,system,min,max
2024,9,kcen,input-kcen,nim,0.004671126360000001,0.0004885471846641724,0.0046525081,0.0033896944,0.0013213111999999993,0.0038270016000000002,0.007765078600000001
2024,9,lanjian,input-kcen,rust,0.0023719405849999997,0.0003541103994595779,0.0024443926000000003,0.00164861,0.0007516014000000003,0.0014844946,0.0042551746
2024,9,mattcl,input-kcen,rust,0.002140311069999999,0.0003550781981498101,0.0021981616,0.0015210791999999986,0.0006705320000000002,0.0013420976000000002,0.0031175736000000004
2024,9,mattcl-py,input-kcen,python,0.03153598798947368,0.0009613547766007896,0.0312798686,0.025053223157894735,0.006419042526315789,0.0300644626,0.0346544986
2024,9,kcen,input-lanjian,nim,0.004373052020000001,0.00039876229963013704,0.0043006136,0.0030415059999999976,0.001335065,0.0036813396,0.0060194176
2024,9,lanjian,input-lanjian,rust,0.0023745653549999994,0.0003556953862159043,0.0024558891,0.0016231949999999996,0.0007839193999999998,0.0014942436,0.0044728926
2024,9,mattcl,input-lanjian,rust,0.00214820842,0.0003045504969793671,0.0022651776000000004,0.0016960600000000003,0.0004979601999999997,0.0013012516,0.0028769126
2024,9,mattcl-py,input-lanjian,python,0.031314418823404265,0.0007711170014595032,0.031109184100000003,0.025291500425531917,0.005948148085106382,0.0300941166,0.0338703016
2024,9,kcen,input-mattcl,nim,0.004478959275,0.00031915882130715146,0.0045000731,0.0031176104,0.0014152691999999997,0.0037726496000000005,0.005652350600000001
2024,9,lanjian,input-mattcl,rust,0.002430861699999999,0.0003129406992939604,0.0024866816000000003,0.0017206649999999988,0.0007419305999999999,0.0016384026,0.0039615746
2024,9,mattcl,input-mattcl,rust,0.00213834835,0.0003509100800089203,0.0022538656,0.0015839050000000005,0.0006081212000000002,0.0013735676000000002,0.0031744496000000004
2024,9,mattcl-py,input-mattcl,python,0.03143342807826087,0.0009482073320933639,0.031114308100000005,0.02520185565217391,0.006157846956521737,0.0302215756,0.0356899886
