year,day,participant,input,language,mean,stddev,median,user,system,min,max
2024,9,kcen,input-kcen,nim,0.0038585704849999998,0.0003544393331980577,0.0037954571599999997,0.0028773582000000005,0.0009952399999999994,0.00302603166,0.00554295366
2024,9,mattcl,input-kcen,rust,0.002063899335,0.00032830317976019165,0.0020603036600000003,0.0015817799999999988,0.000546685,0.0012260816600000001,0.00292420066
2024,9,mattcl-py,input-kcen,python,0.03145903008105263,0.0010009011835544687,0.03116506466,0.02470017052631579,0.00666996842105263,0.03004656066,0.034841868660000004
2024,9,kcen,input-mattcl,nim,0.0038130838749999975,0.0002868893243941563,0.0037813611600000002,0.0027172338,0.00111149,0.0029758376600000002,0.00509332266
2024,9,mattcl,input-mattcl,rust,0.0021112903300000005,0.00034439365208491137,0.00212390266,0.0015399700000000005,0.0006300750000000002,0.00135874966,0.00376660766
2024,9,mattcl-py,input-mattcl,python,0.031522282692258055,0.0008901342802446136,0.03134101366,0.02568762451612905,0.005772537634408602,0.02972963666,0.03488228466
