year,day,participant,input,language,mean,stddev,median,user,system,min,max
2024,9,kcen,input-kcen,nim,0.00405366798,0.0004210252050925771,0.00398238634,0.002739727999999999,0.0012436831999999998,0.0031532348400000005,0.00667700184
2024,9,lanjian,input-kcen,rust,0.002499876414999999,0.00031543246076927336,0.0025354528400000002,0.0016064599999999981,0.0008767365000000005,0.0015746588400000002,0.00397846984
2024,9,mattcl,input-kcen,rust,0.0022059288849999993,0.00034071595798266217,0.00230388984,0.0015518699999999986,0.0006660285000000001,0.0013456208400000002,0.0037661918400000004
2024,9,mattcl-py,input-kcen,python,0.03163068610595745,0.001118019965611508,0.03133972984,0.025238974468085106,0.006265693191489361,0.029970310840000004,0.03601061984
2024,9,kcen,input-lanjian,nim,0.0038861167700000015,0.00042401308319478396,0.00379370334,0.0023995710000000005,0.0014402209000000002,0.0029925738400000002,0.00714789384
2024,9,lanjian,input-lanjian,rust,0.0025473721800000006,0.00022310232786503683,0.00259056084,0.0015463099999999993,0.0009758351,0.0016898938400000002,0.00312652384
2024,9,mattcl,input-lanjian,rust,0.0022340019799999998,0.0003482656766373176,0.0023072148400000003,0.0015361849999999998,0.000707342,0.00140955984,0.00373591484
2024,9,mattcl-py,input-lanjian,python,0.03135700143375,0.0009627616725020562,0.031187704840000004,0.0250644625,0.006194010833333333,0.029941917840000002,0.03451563184
2024,9,kcen,input-mattcl,nim,0.003863134745,0.00043423146894617365,0.0038127388400000005,0.00256098,0.0012728988,0.00302436284,0.006671941840000001
2024,9,lanjian,input-mattcl,rust,0.002538965289999999,0.0002841108040520511,0.0025586108400000003,0.001494955,0.0010184045,0.0016123998400000002,0.00406325884
2024,9,mattcl,input-mattcl,rust,0.002260971754999999,0.0003399919834625396,0.00231539034,0.001647400000000001,0.000610549,0.0013768188400000003,0.00308557784
2024,9,mattcl-py,input-mattcl,python,0.031624750958279574,0.0010334976551165816,0.03124846284,0.02578765806451612,0.0057524608602150555,0.03011121384,0.03446160884
