year,day,participant,input,language,mean,stddev,median,user,system,min,max
2024,9,kcen,input-kcen,nim,0.004001315419999999,0.0004984061594739874,0.003910535640000001,0.002457387499999998,0.0015740328,0.00320713864,0.0074252756399999995
2024,9,lanjian,input-kcen,rust,0.002556605155,0.00032760426946066196,0.00256723614,0.0015868644999999992,0.0009573096,0.0015323436399999999,0.00446281964
2024,9,mattcl,input-kcen,rust,0.0021642747900000006,0.0003552024457611476,0.00226819064,0.0015482399999999987,0.0006419492999999998,0.00135471964,0.00276896764
2024,9,mattcl-py,input-kcen,python,0.03181512680129031,0.0008260200839990845,0.03160996464,0.026172336559139798,0.0055675298924731205,0.030308788640000004,0.03463707264
2024,9,kcen,input-lanjian,nim,0.003912987525,0.0004800546125995167,0.0038133781400000004,0.002513760999999999,0.0013403250000000003,0.0030401966400000003,0.00755081164
2024,9,lanjian,input-lanjian,rust,0.002495547015,0.0002746571983490861,0.00255907564,0.0015910994999999996,0.0008941673000000003,0.0015606656399999998,0.00337600364
2024,9,mattcl,input-lanjian,rust,0.0021967853349999992,0.0003706277897197602,0.00227365614,0.0015688240000000003,0.0006516305,0.0013883436399999998,0.00374400364
2024,9,mattcl-py,input-lanjian,python,0.03169171591777778,0.0008217924496893937,0.03148375864,0.025177044444444442,0.006429618,0.03039449964,0.03467871064
2024,9,kcen,input-mattcl,nim,0.003772717810000001,0.0003374132349276817,0.00379227914,0.002566097499999999,0.0012122072,0.00295559764,0.00499509564
2024,9,lanjian,input-mattcl,rust,0.0024142618300000006,0.0003858355913843596,0.0025305921400000002,0.0016267644999999988,0.0008141978000000004,0.0010381886399999998,0.00326702164
2024,9,mattcl,input-mattcl,rust,0.0021343210499999996,0.0003461733921244187,0.0022524161399999996,0.0015406794999999987,0.0006304837,0.0011852226399999997,0.00287370364
2024,9,mattcl-py,input-mattcl,python,0.03174763065204819,0.0010401398379243905,0.03133609264000001,0.025459256626506024,0.006201413012048192,0.030409016640000005,0.03483806864
