year,day,participant,input,language,mean,stddev,median,user,system,min,max
2024,9,kcen,input-kcen,nim,0.004041345909999999,0.0004729100291906194,0.0039931876400000005,0.002805817200000002,0.0012453163999999997,0.00320623364,0.00811908464
2024,9,lanjian,input-kcen,rust,0.0025903749399999996,0.00031781365562500395,0.0025757121400000003,0.0017019035999999994,0.0008999992000000002,0.00201884964,0.004939960640000001
2024,9,mattcl,input-kcen,rust,0.002316984569999999,0.0003629299667397884,0.0023868936400000002,0.0016205349999999991,0.0007140912000000002,0.0013859946400000002,0.0038059766400000005
2024,9,mattcl-py,input-kcen,python,0.0315001077038298,0.0007537653494746785,0.03139213264,0.02574603361702129,0.005658061276595743,0.03030730064,0.03483728564
2024,9,kcen,input-lanjian,nim,0.003947513350000001,0.0004024836473405958,0.00384433314,0.0026421608,0.0012497479999999993,0.00306595064,0.005282572640000001
2024,9,lanjian,input-lanjian,rust,0.0025171388049999997,0.00026476581277665775,0.0025570426400000003,0.0016070042999999999,0.000908247,0.0016153146400000001,0.00324419364
2024,9,mattcl,input-lanjian,rust,0.0022837694549999996,0.00035721897968352904,0.0023472801400000005,0.0016333593,0.0006819729999999998,0.00147075364,0.0038775416400000005
2024,9,mattcl-py,input-lanjian,python,0.031452992671914905,0.0007667088653043253,0.03134306614,0.025413331489361694,0.005938795319148935,0.03037245264,0.034470147640000004
2024,9,kcen,input-mattcl,nim,0.003905984315000001,0.0003482262913990083,0.0038599426400000004,0.0025093866000000017,0.0013947936000000003,0.0031106846400000003,0.005524014640000001
2024,9,lanjian,input-mattcl,rust,0.0025707011799999996,0.0002902581718228241,0.0025700171400000003,0.001652645000000001,0.0009279091999999999,0.0012095846400000001,0.004103102640000001
2024,9,mattcl,input-mattcl,rust,0.0023028758200000013,0.000349000215392509,0.00238414364,0.0016022049999999998,0.0007278896000000003,0.0012947436400000002,0.004116547640000001
2024,9,mattcl-py,input-mattcl,python,0.031471412824782614,0.0007253983148629137,0.031379063639999996,0.026170118260869558,0.005209148695652174,0.030317840640000003,0.033870443640000004
