year,day,participant,input,language,mean,stddev,median,user,system,min,max
2024,9,kcen,input-kcen,nim,0.004605773094999999,0.00037600196756532674,0.0045876688999999995,0.003346100799999999,0.0012204227000000003,0.0038706614,0.0063393844
2024,9,mattcl,input-kcen,rust,0.0021863418899999995,0.0003700081104252476,0.0022552359,0.0015644349999999992,0.0006366306000000001,0.0014274653999999999,0.0036002053999999997
2024,9,mattcl-py,input-kcen,python,0.03160421942127659,0.0009035501589724508,0.031356889900000004,0.025481662553191498,0.006039641276595746,0.030451338400000003,0.0347511324
2024,9,kcen,input-mattcl,nim,0.00445183611,0.000431769770338751,0.0043672664,0.0032731301999999996,0.0011423593000000004,0.0036841414000000003,0.007035568400000001
2024,9,mattcl,input-mattcl,rust,0.00219404016,0.0003439864511838258,0.0023111458999999996,0.0016333300000000003,0.0005562401,0.0014269843999999998,0.0030082563999999997
2024,9,mattcl-py,input-mattcl,python,0.03170616477234043,0.0009032606623130655,0.031453967400000005,0.025290715744680854,0.0063275287234042564,0.030561296400000004,0.034872659400000006
