year,day,participant,input,language,mean,stddev,median,user,system,min,max
2024,9,kcen,input-kcen,nim,0.003875008384999999,0.0005190867748879475,0.0038026053000000002,0.0029397897999999993,0.0009322686000000002,0.0029867028,0.007480904800000001
2024,9,mattcl,input-kcen,rust,0.0020580253850000017,0.00035488499503510734,0.0021041208000000004,0.0014474486999999988,0.0006493394000000001,0.0013035018000000002,0.0032391258
2024,9,mattcl-py,input-kcen,python,0.031103596617204313,0.0007449001368504674,0.031000930800000003,0.025395894408602147,0.005631011612903223,0.029694353800000003,0.0337593228
2024,9,kcen,input-mattcl,nim,0.003733722510000003,0.0004892073924932206,0.0037130878,0.0025852746000000005,0.0011390242,0.0027707888,0.0067137098
2024,9,mattcl,input-mattcl,rust,0.0020706642899999995,0.00031963708436471476,0.0020985108000000003,0.0014120599999999997,0.0006764166000000002,0.0013433868,0.0030760398000000003
2024,9,mattcl-py,input-mattcl,python,0.031391911706250004,0.0008627464488958872,0.031105375800000005,0.025717718333333337,0.005579984166666666,0.0300038728,0.0342277898
