year,day,participant,input,language,mean,stddev,median,user,system,min,max
2024,9,mattcl,input-mattcl,rust,0.0020899655999999994,0.00034620976236379237,0.0021234361800000004,0.0015475050000000015,0.0005709465999999999,0.0013325596800000002,0.00362444268
