year,day,participant,input,language,mean,stddev,median,user,system,min,max
2024,9,kcen,input-kcen,nim,0.004872423964999999,0.0005051604886947956,0.00479434888,0.003655266599999999,0.0012007774000000002,0.00391127538,0.007670423380000001
2024,9,lanjian,input-kcen,rust,0.002492389264999999,0.0003118309232562672,0.0025111588800000003,0.0016082525999999988,0.0008994439999999999,0.0015585003800000002,0.00403282338
2024,9,mattcl,input-kcen,rust,0.0022671574799999995,0.0003660666039417653,0.00230734188,0.0016666849999999998,0.0006276388000000001,0.00146884238,0.00349050838
2024,9,mattcl-py,input-kcen,python,0.03164629349827957,0.0009290644384970294,0.03139142938,0.02556799268817205,0.005970477419354839,0.03011004038,0.03524270038
2024,9,kcen,input-lanjian,nim,0.004489043545000001,0.0004696601701706259,0.004431564880000001,0.0030733491999999996,0.0014092715999999997,0.0036518993800000003,0.007430996380000001
2024,9,lanjian,input-lanjian,rust,0.002526737164999999,0.0003201476467170752,0.0025318823800000003,0.0016480099999999997,0.0008913256000000001,0.0015239553800000002,0.00427203138
2024,9,mattcl,input-lanjian,rust,0.0022596374,0.0003501691490255618,0.00232802138,0.0016236050000000004,0.0006750967999999997,0.0013744763800000001,0.00360868938
2024,9,mattcl-py,input-lanjian,python,0.03159713699290322,0.0009160257463026734,0.03140945238,0.025255401290322582,0.006259098064516129,0.03047080538,0.03476736938
2024,9,kcen,input-mattcl,nim,0.004772102860000003,0.0005881979076818414,0.0047073908800000005,0.0034892665999999993,0.0012138168,0.00390405238,0.00829102638
2024,9,lanjian,input-mattcl,rust,0.002395972055000001,0.00027502292344833677,0.0024250233800000003,0.0016867600000000007,0.000726657,0.0014458493800000001,0.0031376973800000003
2024,9,mattcl,input-mattcl,rust,0.0021904725099999994,0.00035552769998787215,0.0022575588799999997,0.001579958800000001,0.0006564801999999998,0.0013207953800000003,0.00351796838
2024,9,mattcl-py,input-mattcl,python,0.03170517298869564,0.0009726210564626527,0.031411587379999995,0.025359544347826085,0.006240555217391307,0.030524204380000003,0.03459456738
