year,day,participant,input,language,mean,stddev,median,user,system,min,max
2024,9,mattcl,input-mattcl,rust,0.0020453382300000002,0.00035055615517388743,0.00219375,0.0016162949999999987,0.0005157595999999998,0.0013240015000000002,0.0037637605000000003
