year,day,participant,input,language,mean,stddev,median,user,system,min,max
2024,9,kcen,input-kcen,nim,0.0038632205600000026,0.00030057948942908145,0.0038451701600000004,0.002435212899999998,0.0014760137999999998,0.0031868626600000003,0.00546478766
2024,9,lanjian,input-kcen,rust,0.002505529825000001,0.0002564503316767466,0.00254276666,0.0016520693999999996,0.0008981992000000002,0.0016180256600000003,0.0037996706600000006
2024,9,mattcl,input-kcen,rust,0.0021301831400000006,0.0003315135671465661,0.0022288091600000002,0.0014997996999999994,0.0006923650000000002,0.0013623866600000001,0.00309447066
2024,9,mattcl-py,input-kcen,python,0.03144271877827959,0.0008015636582949284,0.03129018966,0.026357597634408602,0.005014953548387097,0.030438515660000005,0.03521025966
2024,9,kcen,input-lanjian,nim,0.0038441377350000023,0.00047024850542436457,0.0037648656600000005,0.0024997123000000004,0.0013653099999999996,0.0028688376600000003,0.007202951660000001
2024,9,lanjian,input-lanjian,rust,0.0025353217900000004,0.0003304019907465443,0.0025510476600000003,0.0017087793999999987,0.0008535514000000001,0.0015283976600000003,0.00420119266
2024,9,mattcl,input-lanjian,rust,0.002168848540000001,0.000346576822281974,0.0022300416600000003,0.0016078900000000007,0.000609309,0.0013902796600000003,0.0030571906600000004
2024,9,mattcl-py,input-lanjian,python,0.031411051775789484,0.0008168608790046001,0.03124318166,0.025513628421052634,0.005839749473684211,0.030065687660000003,0.034173597660000006
2024,9,kcen,input-mattcl,nim,0.0038836918450000034,0.000402674630763815,0.00383767116,0.0024715369999999993,0.0014208326,0.00306479466,0.0058569126600000005
2024,9,lanjian,input-mattcl,rust,0.0025000269199999996,0.0002978856779051276,0.0025394406600000004,0.0015655946999999992,0.0009612714,0.00161032166,0.004226550660000001
2024,9,mattcl,input-mattcl,rust,0.0021629341650000002,0.00033744162336409077,0.00229086616,0.0016872250000000003,0.0005455814,0.0012139486600000002,0.0028368576600000003
2024,9,mattcl-py,input-mattcl,python,0.0313249085739785,0.0006597789178444657,0.031232401660000006,0.025729253548387097,0.005530146236559138,0.030282602660000005,0.034370326660000006
