year,day,participant,input,language,mean,stddev,median,user,system,min,max
2024,9,kcen,input-kcen,nim,0.003897983634999999,0.00039038887106020615,0.00384221128,0.0026731747999999985,0.0012212756,0.0030349027800000007,0.0076010287800000005
2024,9,mattcl,input-kcen,rust,0.0021788504800000007,0.00037190563835171807,0.0022207347800000006,0.0016557249999999998,0.000561363,0.00142814878,0.0036704107800000006
2024,9,mattcl-py,input-kcen,python,0.03150761319758241,0.0009274860088279389,0.031191649780000004,0.025118759120879113,0.00632056923076923,0.030111901780000002,0.034356716780000005
2024,9,kcen,input-mattcl,nim,0.00377301446,0.0005121143884181953,0.0037826697800000006,0.0027521792000000014,0.0010433430000000002,0.0024605187800000004,0.007730941779999999
2024,9,mattcl,input-mattcl,rust,0.002118278005000001,0.0003394485018404603,0.0022288897800000003,0.0015589605999999994,0.0006082769999999998,0.0012720767800000004,0.00304481078
2024,9,mattcl-py,input-mattcl,python,0.031433746005806444,0.0008967541855510506,0.03120649878,0.025701890752688174,0.005632763010752689,0.030077788780000003,0.035006051780000005
