year,day,participant,input,language,mean,stddev,median,user,system,min,max
2024,9,kcen,input-kcen,nim,0.003849325624999998,0.000365422489552332,0.00384258472,0.0028243293999999993,0.0009811979,0.0031103042200000004,0.007417497220000001
2024,9,mattcl,input-kcen,rust,0.0021430860499999996,0.0003296845116642387,0.00224131772,0.001562900000000001,0.0006013096,0.0014438952200000001,0.0030522662200000005
2024,9,mattcl-py,input-kcen,python,0.03147995766086022,0.0008622682105365095,0.031198712220000004,0.025407807311827964,0.00599740430107527,0.030509843220000003,0.03459073222
2024,9,kcen,input-mattcl,nim,0.0038238394200000004,0.00036779080435210706,0.00380413822,0.0026435003999999984,0.0011764972999999998,0.00266086222,0.00555272722
2024,9,mattcl,input-mattcl,rust,0.00209903643,0.00032897926678509415,0.0021745177199999997,0.0015395749999999996,0.0005927246000000003,0.00148970122,0.0030410952199999997
2024,9,mattcl-py,input-mattcl,python,0.03141666769872341,0.0008506156613395634,0.031189941720000003,0.024720166382978713,0.006623848936170217,0.030332310220000002,0.03515956622
