year,day,participant,input,language,mean,stddev,median,user,system,min,max
2024,9,kcen,input-kcen,nim,0.004030963075000001,0.0004717639416317825,0.0039194254800000005,0.002897976200000001,0.001176557,0.0030695589799999996,0.007292294980000001
2024,9,lanjian,input-kcen,rust,0.0024948378450000007,0.000290244483342943,0.0025748879799999996,0.0016478753999999984,0.0008666706999999994,0.0011663159799999998,0.0031380279799999994
2024,9,mattcl,input-kcen,rust,0.002341182839999999,0.0003297787175874734,0.0023818174799999994,0.00161953,0.0007595907999999998,0.0015572379799999995,0.0036024969799999997
2024,9,mattcl-py,input-kcen,python,0.03162195752347826,0.0007700595054641271,0.03147748348,0.024552199130434767,0.0069841165217391305,0.030644363980000002,0.03410450198
2024,9,kcen,input-lanjian,nim,0.003903321494999998,0.0003929612223932328,0.00384796648,0.0026830284999999985,0.0012083534999999999,0.00301601898,0.007389597980000001
2024,9,lanjian,input-lanjian,rust,0.0023128668000000022,0.0004470030788346159,0.00242506798,0.001535755400000001,0.0008355699999999995,0.0011377029799999995,0.0036080369799999998
2024,9,mattcl,input-lanjian,rust,0.0023580911349999996,0.00031921025487809395,0.0024232534799999996,0.0018038250000000007,0.0005811828000000001,0.0015856009799999995,0.00359890098
2024,9,mattcl-py,input-lanjian,python,0.031847029088695654,0.0009773546720088606,0.03162114298,0.024650536086956526,0.007078517826086956,0.03029968798,0.03539023898
2024,9,kcen,input-mattcl,nim,0.004085908059999999,0.00045626219908234884,0.003956069479999999,0.0026620666000000013,0.0013500326999999995,0.00321939998,0.00661819398
2024,9,lanjian,input-mattcl,rust,0.0025699678049999996,0.0002617920838656469,0.00255671898,0.0016501126999999998,0.0009269015,0.0016468859799999998,0.0038707989799999995
2024,9,mattcl,input-mattcl,rust,0.0022970817750000007,0.0003447959123101403,0.0023809854799999993,0.0016581627,0.0006962516000000001,0.0011862339799999996,0.00353667398
2024,9,mattcl-py,input-mattcl,python,0.031618498969130444,0.0008595022060805221,0.03150525998,0.024986307826086955,0.006553865652173911,0.030012370980000005,0.03465412098
