year,day,participant,input,language,mean,stddev,median,user,system,min,max
2024,9,kcen,input-kcen,nim,0.004074510314999999,0.0005255543966808802,0.00393217016,0.002820412,0.0012466594,0.00314188516,0.00755221216
2024,9,lanjian,input-kcen,rust,0.002485917095,0.00031855978073073955,0.0025026491600000002,0.0017434750000000004,0.0007822792,0.0015246481599999998,0.00449754316
2024,9,mattcl,input-kcen,rust,0.0022534485600000003,0.00036339757893242745,0.00231943116,0.0016062600000000002,0.0007057332000000003,0.00133638516,0.0034177821599999996
2024,9,mattcl-py,input-kcen,python,0.031664329848172044,0.0009447590478558767,0.03143169416,0.02561854731182796,0.005967898494623656,0.030173148160000003,0.03475857316
2024,9,kcen,input-lanjian,nim,0.00370236776,0.00040894781904704747,0.00375282966,0.0024471610000000015,0.0013228088000000002,0.00264605716,0.00682028116
2024,9,lanjian,input-lanjian,rust,0.0017736325349999998,0.00043120750905924606,0.00175805966,0.0015067079999999992,0.0004529693999999999,0.0009759011599999997,0.00266730716
2024,9,mattcl,input-lanjian,rust,0.0019627129400000007,0.0004938443531818802,0.00206011066,0.0014444299999999996,0.0006348359999999998,0.0008246881599999999,0.00288646816
2024,9,mattcl-py,input-lanjian,python,0.031613695066976755,0.0010687941300160846,0.03136064166,0.024856288372093027,0.0066805641860465115,0.029853411160000003,0.035792869160000004
2024,9,kcen,input-mattcl,nim,0.003720965009999999,0.0004905333159561561,0.00374208916,0.002710313999999999,0.0010852809999999998,0.00289352116,0.00689131416
2024,9,lanjian,input-mattcl,rust,0.0024631940949999998,0.00031200560948476644,0.00249060116,0.0016938134999999993,0.0008292126,0.00156448316,0.0038865301600000002
2024,9,mattcl,input-mattcl,rust,0.002247204725,0.00034043095587758235,0.00230696716,0.0017430949999999998,0.0005818809999999998,0.00137940616,0.0031491101600000003
2024,9,mattcl-py,input-mattcl,python,0.03178539530130433,0.0009585222322839957,0.03148289116,0.02581985434782609,0.005894591304347824,0.030288435160000002,0.034765946160000005
