year,day,participant,input,language,mean,stddev,median,user,system,min,max
2024,9,kcen,input-kcen,nim,0.0046877251450000035,0.00046721474199869516,0.00469263706,0.0034138554,0.001284647,0.00388802056,0.007801338560000001
2024,9,lanjian,input-kcen,rust,0.0024988342699999995,0.0002955600429262533,0.00256070406,0.0015904499999999993,0.0009128253000000001,0.0015711405600000005,0.0033095065600000006
2024,9,mattcl,input-kcen,rust,0.002090363085000001,0.0003254798116395763,0.0021507965600000008,0.0015251800000000003,0.0006136582000000001,0.0013671285600000002,0.0030754875600000004
2024,9,mattcl-py,input-kcen,python,0.03132384071789474,0.0009243370122806167,0.030969710560000002,0.025903311578947364,0.005348328210526318,0.030452791560000005,0.03473117456
2024,9,kcen,input-lanjian,nim,0.004290003004999997,0.0003884967106787237,0.00415201956,0.002999243600000001,0.0013204497,0.0034990425600000003,0.00591536656
2024,9,lanjian,input-lanjian,rust,0.002415488430000001,0.0002837140084391785,0.0025172335600000006,0.001596825,0.0008526842,0.0014712845600000004,0.0030870195600000002
2024,9,mattcl,input-lanjian,rust,0.002123439830000001,0.0003531989341502342,0.00225556306,0.0015783750000000001,0.0005809493,0.0013776995600000002,0.0036639405600000004
2024,9,mattcl-py,input-lanjian,python,0.031334669559999986,0.0007330515381212387,0.031203447560000003,0.02503151191489361,0.00622601659574468,0.030249110560000004,0.034017958560000006
2024,9,kcen,input-mattcl,nim,0.004548337130000001,0.0004382891007056667,0.00452690656,0.0032142759999999986,0.0013643149999999996,0.0037820015600000005,0.00662227156
2024,9,lanjian,input-mattcl,rust,0.00246123644,0.00030344268848717906,0.0025368550600000004,0.0015999600000000007,0.0008758142000000001,0.0015679045600000003,0.00386021856
2024,9,mattcl,input-mattcl,rust,0.0021093079449999988,0.00034091857960502294,0.00212993756,0.0014589050000000004,0.0006827953999999998,0.00125034056,0.002930537560000001
2024,9,mattcl-py,input-mattcl,python,0.03144777558127661,0.0009016346835756001,0.03128122356,0.025499160851063827,0.005874008510638298,0.030270830560000003,0.03468964656
