year,day,participant,input,language,mean,stddev,median,user,system,min,max
2024,9,kcen,input-kcen,nim,0.004058162754999998,0.0004033786164659859,0.00397614642,0.0027298849999999996,0.0013268350999999998,0.0034778834200000007,0.00722803342
2024,9,lanjian,input-kcen,rust,0.0026040444050000017,0.0002275400108436723,0.00263152442,0.001559605,0.0010313116,0.0017534554200000002,0.0033173734200000007
2024,9,mattcl,input-kcen,rust,0.0022993660600000004,0.00034889645143451717,0.00237766392,0.001634932999999999,0.0007119343999999999,0.00148345042,0.0032490554200000003
2024,9,mattcl-py,input-kcen,python,0.03190471476736841,0.0011138015658778595,0.03155976842,0.026086684210526314,0.005724933684210525,0.030251118420000004,0.03500255242
2024,9,kcen,input-lanjian,nim,0.003920866584999999,0.0004369556121024042,0.0038576039200000005,0.0026036500000000003,0.0013118303,0.0030542304200000003,0.006840207420000001
2024,9,lanjian,input-lanjian,rust,0.0026050953549999977,0.00025897795116714946,0.00262570842,0.0017715429999999978,0.0008468058999999997,0.0015362194200000002,0.00391211642
2024,9,mattcl,input-lanjian,rust,0.002365900030000001,0.0003451876312009726,0.00242614942,0.0017135779999999997,0.0006891689000000002,0.00132974342,0.0039061264200000007
2024,9,mattcl-py,input-lanjian,python,0.03160181548382978,0.0008097357471695772,0.03145259242,0.02509553829787234,0.006406965531914892,0.03049190942,0.03492249242
2024,9,kcen,input-mattcl,nim,0.004119458404999999,0.0004911281724054386,0.00402726242,0.0028006249999999997,0.0012226300000000002,0.00319941242,0.00734342942
2024,9,lanjian,input-mattcl,rust,0.00256770028,0.000330051749590666,0.0025758099200000003,0.0018029680000000007,0.0007716403,0.0017178894200000003,0.004554158420000001
2024,9,mattcl,input-mattcl,rust,0.002323492485,0.0003513627166026052,0.00239058842,0.0016383480000000004,0.0007149698,0.0014823484200000001,0.00363378542
2024,9,mattcl-py,input-mattcl,python,0.03165005591462366,0.0007303352668179119,0.03151401342,0.02575807741935484,0.005798157419354839,0.030291855420000003,0.03406879542
