year,day,participant,input,language,mean,stddev,median,user,system,min,max
2024,9,kcen,input-kcen,nim,0.004925446500000001,0.0004933590171992899,0.004817903300000001,0.003752189000000001,0.0010889988000000001,0.0038634758000000006,0.007681774800000001
2024,9,lanjian,input-kcen,rust,0.002413633575,0.00030910925924862,0.0024533813000000007,0.0016358849999999997,0.0008090978,0.0014788518000000005,0.0032906628000000005
2024,9,mattcl,input-kcen,rust,0.002202847995000001,0.00040775425353793465,0.0022903608000000007,0.001630413,0.0006145212000000001,0.0012646698000000007,0.0037034468000000007
2024,9,mattcl-py,input-kcen,python,0.031683588331250005,0.0008584608014675182,0.031495371300000005,0.02557754583333333,0.0060110070833333355,0.0301811908,0.034565719800000005
2024,9,kcen,input-lanjian,nim,0.004421078394999999,0.0004544675184786166,0.004384496800000001,0.0032183740000000004,0.0012192872000000004,0.0036065248000000005,0.0076178748000000004
2024,9,lanjian,input-lanjian,rust,0.0025166389150000014,0.00029374839477015356,0.0025368823000000004,0.001688673,0.0008255359999999999,0.0012079248000000002,0.0037337238000000003
2024,9,mattcl,input-lanjian,rust,0.0021704869350000007,0.0003101338550066457,0.0022550193,0.0015623299999999998,0.0006724461999999999,0.0013583658000000005,0.0029576908000000005
2024,9,mattcl-py,input-lanjian,python,0.03136642593829787,0.0008870746904348348,0.0311582703,0.024593772340425535,0.006691010212765956,0.0300145988,0.034900567800000004
2024,9,kcen,input-mattcl,nim,0.00464060094,0.00047643420617666214,0.004621239800000001,0.0031289079999999993,0.0014917481999999994,0.0033393438000000005,0.0081429688
2024,9,lanjian,input-mattcl,rust,0.002484319535000002,0.0003162964792503318,0.0025140043000000008,0.0016657949999999999,0.0008221814000000002,0.0015395948000000003,0.0040084778
2024,9,mattcl,input-mattcl,rust,0.0022458121150000024,0.00034527849616705457,0.0023078328000000004,0.0015437359999999995,0.0007241182000000001,0.0014271948000000004,0.0036244088000000007
2024,9,mattcl-py,input-mattcl,python,0.0314442848652174,0.0008154535836673011,0.0312902273,0.025364780434782606,0.005963637826086952,0.0302616518,0.03447268480000001
