year,day,participant,input,language,mean,stddev,median,user,system,min,max
2024,9,kcen,input-kcen,nim,0.003988174090000001,0.0003801093695729609,0.00391896948,0.002840203600000001,0.0011676511999999999,0.00316739648,0.006503221480000001
2024,9,lanjian,input-kcen,rust,0.0026034122800000004,0.0002901446432718805,0.00260061148,0.001702964999999999,0.0009180443999999998,0.0015874084800000003,0.00425443148
2024,9,mattcl,input-kcen,rust,0.002372251345000001,0.0003045087146475422,0.0024365289800000003,0.001729164999999999,0.0006733302,0.0011087934800000003,0.00298871248
2024,9,mattcl-py,input-kcen,python,0.03194091067565217,0.0007777263433115068,0.031747338980000005,0.0261637495652174,0.00569940304347826,0.03069190348,0.034697051480000005
2024,9,kcen,input-lanjian,nim,0.0038563955800000006,0.00032321798655687373,0.00380470948,0.002773975500000001,0.0010922032,0.0029845144800000004,0.00526731948
2024,9,lanjian,input-lanjian,rust,0.0025904032699999996,0.00030269932894204724,0.0025646534800000003,0.0016755699999999993,0.0009248234000000001,0.0016256314800000002,0.00423037748
2024,9,mattcl,input-lanjian,rust,0.0023635788,0.00035703280689139953,0.0024134704800000003,0.0017197812000000012,0.0006710658000000003,0.0014171704800000002,0.00382875448
2024,9,mattcl-py,input-lanjian,python,0.03206508468879122,0.001076842354127655,0.031669534480000004,0.02621969868131868,0.0057612610989010975,0.03069757548,0.03543275848000001
2024,9,kcen,input-mattcl,nim,0.003921513015,0.00037720710063557703,0.0038721104800000005,0.002602054300000001,0.0013355591999999995,0.00319044048,0.007347031480000001
2024,9,lanjian,input-mattcl,rust,0.0025673617400000003,0.0003053571557744565,0.00258666948,0.0016448492999999998,0.0009389152000000001,0.0017177734800000002,0.00439280148
2024,9,mattcl,input-mattcl,rust,0.002374654405000001,0.0003206852788218139,0.0024246064800000004,0.001625439999999999,0.0007962511999999998,0.0016978464800000003,0.00359676048
2024,9,mattcl-py,input-mattcl,python,0.03193149170222223,0.000776137098310584,0.03171849748,0.025965302222222233,0.005873509333333333,0.030593790480000004,0.034528747480000004
