year,day,participant,input,language,mean,stddev,median,user,system,min,max
2024,9,mattcl,input-mattcl,rust,0.0021182728300000006,0.00035511946807112893,0.00221451954,0.0014756399999999996,0.0006944157999999996,0.0012163955399999997,0.0035908925399999996
2024,9,mattcl-py,input-mattcl,python,0.031221095475483882,0.0008705227270950569,0.03102215754,0.02543486129032258,0.005710686021505376,0.030126911540000002,0.03455249854
