year,day,participant,input,language,mean,stddev,median,user,system,min,max
2024,9,kcen,input-kcen,nim,0.0040822075950000015,0.000430624902448581,0.00403805666,0.0027431387000000002,0.0013225212,0.0032274141600000003,0.00671653616
2024,9,lanjian,input-kcen,rust,0.002620377115000001,0.00032121012636753573,0.0026339936600000002,0.0017215799999999995,0.0008997771999999998,0.0015687801600000003,0.00502016116
2024,9,mattcl,input-kcen,rust,0.0023273523900000006,0.000366820992438567,0.00239873366,0.0016497399999999994,0.0007113770000000004,0.00125242816,0.00315226416
2024,9,mattcl-py,input-kcen,python,0.03163403671434783,0.0009431152436875525,0.03142494616,0.025364908260869557,0.006184786521739131,0.030366014160000003,0.03499316616
2024,9,kcen,input-lanjian,nim,0.003905220335000002,0.0004981450979601757,0.0038400166600000003,0.0026483164000000005,0.0012585395999999993,0.00304842916,0.0072262611600000005
2024,9,lanjian,input-lanjian,rust,0.002629084414999999,0.00020888872519806892,0.0026451496600000002,0.0016952700000000005,0.0009401801999999994,0.0017492081600000002,0.0032102031600000007
2024,9,mattcl,input-lanjian,rust,0.00234387656,0.00037232137990349994,0.0023788611600000006,0.0017220099999999986,0.0006378509999999999,0.00145211116,0.0037692291600000005
2024,9,mattcl-py,input-lanjian,python,0.03172530845032259,0.0007914069365369881,0.031572773160000005,0.025540212258064517,0.006063723440860211,0.030511226160000002,0.03419709516
2024,9,kcen,input-mattcl,nim,0.004067778825,0.00036245105043783535,0.0039868466600000005,0.0025977014000000006,0.0013852122,0.0032215441600000005,0.00552825216
2024,9,lanjian,input-mattcl,rust,0.0026398002800000014,0.0002887785981214511,0.0026335581600000005,0.0018753641000000007,0.0007644352000000001,0.00168092016,0.0046198201599999995
2024,9,mattcl,input-mattcl,rust,0.0022727615650000007,0.00036149107329278934,0.00234067466,0.0016287382000000003,0.0006753469999999999,0.0016579971600000003,0.0043558261599999995
2024,9,mattcl-py,input-mattcl,python,0.031916704388260865,0.0009587792882129171,0.03158261616,0.02563793000000001,0.00618277652173913,0.03044631516,0.03516324316
