year,day,participant,input,language,mean,stddev,median,user,system,min,max
2024,9,kcen,input-kcen,nim,0.0038614610800000028,0.00034749981892988536,0.00383408086,0.002622105500000001,0.0012616811,0.00313005436,0.0055976813600000005
2024,9,lanjian,input-kcen,rust,0.0024470316700000005,0.0003068554846398738,0.00251440236,0.0016976100000000009,0.000788965,0.0014551003600000003,0.00340021936
2024,9,mattcl,input-kcen,rust,0.0020692424700000014,0.0003479174797218558,0.0021176553600000007,0.0015481241000000004,0.0005857432,0.0016151403600000004,0.0038797763600000004
2024,9,mattcl-py,input-kcen,python,0.031218285467526894,0.0007678837701474191,0.031018659360000006,0.02610036279569892,0.005096525161290322,0.030116922360000003,0.03404070236
2024,9,kcen,input-lanjian,nim,0.003809616244999998,0.0004142047799741681,0.0037731068600000005,0.002450596899999999,0.0014140734,0.002963653360000001,0.00745840236
2024,9,lanjian,input-lanjian,rust,0.002480850085000002,0.0002798061844712177,0.0025353313600000003,0.0016665291,0.0008579938999999999,0.0013502443600000003,0.0037250273600000004
2024,9,mattcl,input-lanjian,rust,0.002027512170000001,0.00030640542645201334,0.0020490318600000002,0.0014937449999999999,0.0006056321,0.0013491723600000003,0.0028155763600000005
2024,9,mattcl-py,input-lanjian,python,0.03125115991208334,0.0008517047409333687,0.03100368536,0.025822575833333323,0.0053659116666666664,0.029866242360000003,0.034304947360000004
2024,9,kcen,input-mattcl,nim,0.0038706345300000018,0.0004768212648933598,0.0037823648600000003,0.002771064599999998,0.0011176470999999999,0.00303898336,0.00722479436
2024,9,lanjian,input-mattcl,rust,0.002469602605000001,0.0003342450390992773,0.00251459336,0.0015719100000000001,0.0009164545999999998,0.0015326853600000005,0.00448750436
2024,9,mattcl,input-mattcl,rust,0.002123979315,0.00035242268840144714,0.0022011763600000003,0.0015156591,0.0006476715999999999,0.0013748803600000005,0.003523529360000001
2024,9,mattcl-py,input-mattcl,python,0.03102495862086958,0.00048675953930488555,0.030959002360000005,0.024590256086956527,0.00637798152173913,0.029986609360000003,0.03293949336
