year,day,participant,input,language,mean,stddev,median,user,system,min,max
2024,9,kcen,input-kcen,nim,0.003963448244999999,0.00046181421196091205,0.00391316708,0.0026492758,0.0013426369999999998,0.0030931315800000006,0.00758477258
2024,9,lanjian,input-kcen,rust,0.002555764860000001,0.00028527585961034935,0.00256928608,0.0016069399999999992,0.0009761194999999997,0.0015782965800000002,0.003941750580000001
2024,9,mattcl,input-kcen,rust,0.002165801330000001,0.00035510369844986327,0.0022354465800000006,0.00161055,0.0005982040000000001,0.0014252695800000001,0.0036643515800000004
2024,9,mattcl-py,input-kcen,python,0.031533878677826095,0.0008929344768045302,0.031293005580000005,0.025309925652173902,0.0061836956521739124,0.030464589580000003,0.034374650580000006
2024,9,kcen,input-lanjian,nim,0.0038344680150000027,0.00034581532690582237,0.0037801530800000006,0.0025767754,0.0012520854999999997,0.00296612358,0.005406103580000001
2024,9,lanjian,input-lanjian,rust,0.002524119925,0.0002264488355013014,0.00255184408,0.0015932499999999994,0.0009559119999999998,0.0017996405800000002,0.00309984458
2024,9,mattcl,input-lanjian,rust,0.0021165666799999997,0.00034303991817785195,0.00219394858,0.0016025452000000006,0.0005787990000000002,0.00123103558,0.0037237935800000003
2024,9,mattcl-py,input-lanjian,python,0.031480092753913044,0.0008010104060698669,0.03128864808000001,0.026013838695652176,0.005408421739130434,0.030338312580000002,0.03449562758000001
2024,9,kcen,input-mattcl,nim,0.0033682620400000006,0.0004304024167824447,0.00326677208,0.002470845600000001,0.0010011575,0.0025852305800000003,0.004821849580000001
2024,9,lanjian,input-mattcl,rust,0.0022301670850000017,0.00044894230551640143,0.00232313558,0.0014917585999999995,0.0008171149999999998,0.0011451245800000003,0.0032643625800000005
2024,9,mattcl,input-mattcl,rust,0.002137186475000001,0.0003767985440145722,0.00223171908,0.001628315,0.0005723959999999999,0.0011096485800000003,0.0037245235800000003
2024,9,mattcl-py,input-mattcl,python,0.03159982607999999,0.0008710095316460789,0.031395703080000004,0.026361113333333335,0.0052058033333333325,0.030317915580000004,0.03458170858
