year,day,participant,input,language,mean,stddev,median,user,system,min,max
2024,9,kcen,input-kcen,nim,0.003846563210000001,0.0004539276402870905,0.00379601708,0.002561383600000001,0.0012752199999999999,0.0030458005800000003,0.007697813580000001
2024,9,mattcl,input-kcen,rust,0.0020708433600000005,0.00035465303497671144,0.00209430658,0.0015003000000000004,0.0006041600000000001,0.00135172258,0.0028252375800000003
2024,9,mattcl-py,input-kcen,python,0.031077441371666677,0.0007957649136464325,0.030858688579999998,0.02511676791666667,0.005865083333333332,0.03000384558,0.03411351658
2024,9,kcen,input-mattcl,nim,0.003792516090000002,0.00043862746397670203,0.0037457785800000002,0.0025986213,0.0011901180000000002,0.0028850285800000003,0.006669863580000001
2024,9,mattcl,input-mattcl,rust,0.0020342703150000004,0.0003489029863786847,0.00213228808,0.0015691009000000002,0.0005222009999999998,0.00113715258,0.00286442058
2024,9,mattcl-py,input-mattcl,python,0.031088126686382993,0.0007387863955345656,0.03091847158,0.026034192340425515,0.004986310638297874,0.03017588858,0.03460155058
