year,day,participant,input,language,mean,stddev,median,user,system,min,max
2024,9,kcen,input-kcen,nim,0.0048311694500000005,0.00035186742722593763,0.0048145229,0.0033457414000000007,0.0014569344000000001,0.0039499444000000005,0.0064720464000000005
2024,9,lanjian,input-kcen,rust,0.0025310577650000028,0.0002527541565952033,0.0025383914000000002,0.0015450833000000019,0.0009941196,0.0015948544,0.0034192604000000005
2024,9,mattcl,input-kcen,rust,0.0021307641449999997,0.00038137911471333567,0.0022242724000000004,0.0015362798999999999,0.0006559270999999999,0.0009119744000000002,0.0033528854
2024,9,mattcl-py,input-kcen,python,0.031726663012903236,0.0008001839683888459,0.0315722594,0.025472737849462367,0.006165341075268817,0.030467600400000006,0.0348341274
2024,9,kcen,input-lanjian,nim,0.004456468204999995,0.0004739132776393922,0.0044294274,0.0031327931000000014,0.0013474118000000007,0.0037141924,0.008299629400000001
2024,9,lanjian,input-lanjian,rust,0.0025367854800000013,0.00027422847139434663,0.0025830099000000006,0.001717094999999999,0.0008288234999999998,0.0015837134000000004,0.0039943764
2024,9,mattcl,input-lanjian,rust,0.002196666445000001,0.0003252086675330102,0.0022730499000000004,0.0015011932999999993,0.0007376606000000001,0.0013444854000000002,0.0028773754000000007
2024,9,mattcl-py,input-lanjian,python,0.03186321391086958,0.0009411635570835511,0.0316310444,0.02605159,0.005696414565217393,0.0305096894,0.0348374334
2024,9,kcen,input-mattcl,nim,0.004670351955,0.0005447232246773138,0.0046002919,0.0031488480000000014,0.0014951905999999995,0.0039760724,0.0084357844
2024,9,lanjian,input-mattcl,rust,0.002543493160000001,0.00034204997725731693,0.0025533039000000006,0.0017064483000000005,0.0008491402999999997,0.0014860304,0.0045719084000000005
2024,9,mattcl,input-mattcl,rust,0.002177847710000002,0.00033554561568619113,0.0022858929000000006,0.0015891799999999993,0.0006334977,0.0013823064000000002,0.0035092994000000006
2024,9,mattcl-py,input-mattcl,python,0.031947029366666664,0.0011536851510252938,0.0316248224,0.02561948444444445,0.006238002888888886,0.030627799400000006,0.0365444294
