year,day,participant,input,language,mean,stddev,median,user,system,min,max
2024,9,kcen,input-kcen,nim,0.004044847965000001,0.00047390004574144375,0.003973446,0.0027032758000000005,0.001314479799999999,0.0031490240000000003,0.0071951490000000005
2024,9,lanjian,input-kcen,rust,0.002500944475000001,0.0002670489855914387,0.0025396615,0.0016834168000000008,0.0008158105999999997,0.001783706,0.004144837
2024,9,mattcl,input-kcen,rust,0.0022214216249999996,0.0003476122746431104,0.002324108,0.0016894149999999999,0.0005752341999999998,0.0014035839999999998,0.0036466149999999998
2024,9,mattcl-py,input-kcen,python,0.031327094273684214,0.0008034284782111008,0.031122576,0.025890039999999986,0.005369796631578948,0.029504426,0.034303593
2024,9,kcen,input-lanjian,nim,0.0038676252650000015,0.00045007776352073194,0.0038158015000000003,0.0025037240000000006,0.0013360554,0.002998291,0.008389205
2024,9,lanjian,input-lanjian,rust,0.0024839155150000003,0.00030587964875766137,0.0025446160000000004,0.0017276849999999999,0.0007661148000000001,0.001505204,0.003854855
2024,9,mattcl,input-lanjian,rust,0.002225171780000001,0.00033589081269166167,0.0022956745,0.00163205,0.0006325829999999999,0.001388967,0.003192424
2024,9,mattcl-py,input-lanjian,python,0.03167603312903225,0.0009383171178421463,0.031390267,0.025552209892473116,0.006027039569892471,0.030486765,0.034968978
2024,9,kcen,input-mattcl,nim,0.003995126010000001,0.0004922624903886013,0.0039225415,0.002738635400000002,0.0012232853999999997,0.0031378510000000005,0.007387169
2024,9,lanjian,input-mattcl,rust,0.0025067172399999994,0.00027931161314843374,0.0025241225,0.0016211550000000002,0.0008696540000000001,0.0015547669999999999,0.003560604
2024,9,mattcl,input-mattcl,rust,0.00224278883,0.0003690106591261897,0.002329002,0.0016376350000000006,0.0006190668000000001,0.0013769339999999998,0.0035354469999999997
2024,9,mattcl-py,input-mattcl,python,0.031582567138297865,0.0008643877981405518,0.031377914,0.025611054893617036,0.00587567744680851,0.030213904,0.034988124
