year,day,participant,input,language,mean,stddev,median,user,system,min,max
2024,9,kcen,input-kcen,nim,0.003949511270000002,0.00035583934736248317,0.0038924156000000004,0.0025086262999999987,0.0014589958000000005,0.0031155061,0.0057146501
2024,9,lanjian,input-kcen,rust,0.00242895732,0.0002999693058682622,0.0025004206,0.001563435,0.0008633219999999997,0.0017634260999999998,0.0035907061000000004
2024,9,mattcl,input-kcen,rust,0.002159510595,0.0003269723258681199,0.0022469961,0.0015199850000000002,0.0006720389999999999,0.0013555331,0.0030512061000000004
2024,9,mattcl-py,input-kcen,python,0.03137124051052632,0.0008392798941507877,0.0310799111,0.02583688105263159,0.005436965894736842,0.030387405100000004,0.03518521410000001
2024,9,kcen,input-lanjian,nim,0.0038636172149999985,0.00047580812732120966,0.0037857006,0.0025641435000000007,0.0012925716000000004,0.0029551961,0.0062909401000000005
2024,9,lanjian,input-lanjian,rust,0.0024051123049999997,0.00035810414015150855,0.0024632161,0.0016313400000000007,0.0007947564000000004,0.0015210831,0.0039641651
2024,9,mattcl,input-lanjian,rust,0.00216526034,0.0003637414200488835,0.0022559086000000002,0.0015770914000000002,0.0006444184000000001,0.0014090730999999999,0.0036536531000000002
2024,9,mattcl-py,input-lanjian,python,0.03120077796170213,0.000778494868851215,0.0310282701,0.02538104085106382,0.005776285957446807,0.0300607741,0.0344412611
2024,9,kcen,input-mattcl,nim,0.0038975844199999987,0.00033000044992161754,0.0038325396,0.002481654199999999,0.0014205116000000006,0.0031610421,0.0055112701
2024,9,lanjian,input-mattcl,rust,0.002255045515000001,0.000445546989017867,0.0023116626,0.0016936563999999995,0.0006325696000000002,0.0009805621,0.0041340931
2024,9,mattcl,input-mattcl,rust,0.0021221370950000006,0.0003306521340651291,0.0021685701000000003,0.0014821550000000002,0.0006902619999999999,0.0013509950999999998,0.0031387801000000003
2024,9,mattcl-py,input-mattcl,python,0.03156499851758241,0.0008549071100968307,0.0313950211,0.025424167692307688,0.006046761758241755,0.030493253100000003,0.034772452100000004
