year,day,participant,input,language,mean,stddev,median,user,system,min,max
2024,9,kcen,input-kcen,nim,0.004035560065000004,0.0004924084007413167,0.0039113353600000005,0.0028164582,0.0012074360000000005,0.00317585336,0.007273745360000002
2024,9,lanjian,input-kcen,rust,0.0024618740750000003,0.00033847706159524985,0.0025060338600000004,0.0016573816000000003,0.000824514,0.0014983823600000002,0.00439707936
2024,9,mattcl,input-kcen,rust,0.00218933929,0.0003648539662021262,0.0022830418600000004,0.0015978800000000003,0.0006261595,0.0012248313600000003,0.003734569360000001
2024,9,mattcl-py,input-kcen,python,0.03145739747956522,0.0009367742499455755,0.031258578360000004,0.02533940826086957,0.0060273565217391295,0.030307106360000002,0.03459384236
2024,9,kcen,input-lanjian,nim,0.003861475069999999,0.00034551281119965917,0.0038131458600000005,0.002576735999999998,0.0013078740000000003,0.0031353463600000005,0.00722433236
2024,9,lanjian,input-lanjian,rust,0.0024010475199999996,0.000382958206386504,0.00254670036,0.0015809664000000004,0.0008570295000000001,0.0010466773600000005,0.00318242636
2024,9,mattcl,input-lanjian,rust,0.002210772865,0.0003641830473640237,0.00227622386,0.0016251548000000002,0.0006368715,0.0010414973600000005,0.0030208133600000005
2024,9,mattcl-py,input-lanjian,python,0.031446774413191485,0.0008931961106995502,0.031227320359999998,0.025259562978723404,0.006105128723404257,0.03021194936,0.03418238136
2024,9,kcen,input-mattcl,nim,0.004013536189999998,0.0004575319305898415,0.003938997360000001,0.0026813480000000022,0.0012783099999999997,0.0031077063600000007,0.007468920360000001
2024,9,lanjian,input-mattcl,rust,0.002474772100000001,0.0002691385083873866,0.0025391768600000007,0.0016434599999999996,0.0008348339999999999,0.0017636693600000001,0.0035129443600000003
2024,9,mattcl,input-mattcl,rust,0.0022071997550000013,0.0003696500707916615,0.00228989936,0.0015570099999999993,0.0006837315,0.00139831536,0.0038619383600000004
2024,9,mattcl-py,input-mattcl,python,0.03155705895574468,0.0009589063926669557,0.03138552686,0.025959105531914897,0.005531496808510639,0.030056849360000002,0.03503884636
