year,day,participant,input,language,mean,stddev,median,user,system,min,max
2024,9,kcen,input-kcen,nim,0.003931544745,0.0004243891349259846,0.00387001932,0.0026298476,0.0013356881999999999,0.00310498682,0.007177210820000001
2024,9,lanjian,input-kcen,rust,0.0024852263950000003,0.0002910871667144805,0.00252987132,0.0016328616000000006,0.0008734877999999999,0.00148089682,0.0035148748200000005
2024,9,mattcl,input-kcen,rust,0.0021443705800000008,0.0003532203747389383,0.0022415558200000003,0.0015903899999999993,0.0006218702,0.00134740682,0.00359447382
2024,9,mattcl-py,input-kcen,python,0.03176578480936171,0.000971640202162949,0.03144816182,0.025413339574468084,0.006267427659574466,0.030543773820000005,0.03472157482
2024,9,kcen,input-lanjian,nim,0.00382790893,0.0004228847809574912,0.0037828613200000002,0.0024818826000000006,0.0013627506000000002,0.00283815782,0.00771416582
2024,9,lanjian,input-lanjian,rust,0.00256327321,0.0002890759033650148,0.00256985532,0.0016766450000000011,0.0009178418,0.00147663782,0.00448123482
2024,9,mattcl,input-lanjian,rust,0.0021249188850000016,0.00033823059256038544,0.00224431182,0.0014790100000000002,0.0007045238000000002,0.00138442682,0.00367584582
2024,9,mattcl-py,input-lanjian,python,0.03160058936347828,0.0009957156142555207,0.031391325819999996,0.025690712608695657,0.005849541739130434,0.03030017782,0.03671141982
2024,9,kcen,input-mattcl,nim,0.003890262445,0.0004683410379663857,0.0038203918200000004,0.0026407396000000007,0.0012579925999999996,0.0030732778200000003,0.00735431182
2024,9,lanjian,input-mattcl,rust,0.002454352679999999,0.00035753115214618044,0.00250400282,0.0016030582000000004,0.0008967304000000007,0.00132421382,0.00490732082
2024,9,mattcl,input-mattcl,rust,0.002191245200000001,0.0003492626681766388,0.00229435532,0.0017313850000000006,0.00051974,0.00136736482,0.00334661882
2024,9,mattcl-py,input-mattcl,python,0.031542485615698924,0.0006618149141783546,0.03139991882,0.025621916559139785,0.0058768817204301075,0.030696780820000002,0.03482412682
