year,day,participant,input,language,mean,stddev,median,user,system,min,max
2024,9,kcen,input-kcen,nim,0.004156083355000004,0.0005174920144078782,0.00406531096,0.0025510276999999985,0.0015512644999999992,0.0032646224600000003,0.007410632460000001
2024,9,lanjian,input-kcen,rust,0.0025521963650000008,0.00031588386862292753,0.0025521644600000003,0.0014736403000000003,0.0010679864999999999,0.00179461146,0.00456904446
2024,9,mattcl,input-kcen,rust,0.0022058139449999993,0.0003484948269143173,0.00225312496,0.0015391899999999997,0.0006848775000000001,0.00139163846,0.0034599184600000005
2024,9,mattcl-py,input-kcen,python,0.03169643445999999,0.0008784224053640361,0.03146177696,0.025463863913043474,0.006149509782608692,0.03055750846,0.03506166846
2024,9,kcen,input-lanjian,nim,0.003863330119999998,0.0003900885841767091,0.0038146574600000003,0.0025721818,0.0012939314999999999,0.00302311046,0.006244880460000001
2024,9,lanjian,input-lanjian,rust,0.0025872840400000003,0.00027793650199643385,0.0025817854600000004,0.0016853858999999996,0.0009146345000000004,0.0017941614600000002,0.00410072846
2024,9,mattcl,input-lanjian,rust,0.0023013498249999996,0.00034843060323688844,0.0023617334600000003,0.0016631849999999998,0.0006632819999999998,0.00141583346,0.0035906834600000002
2024,9,mattcl-py,input-lanjian,python,0.03163892796537635,0.0007982492283276216,0.03147932546,0.02551426258064516,0.006006212903225808,0.03018313946,0.03474918346
2024,9,kcen,input-mattcl,nim,0.0038448742399999985,0.0002697652220927216,0.0038092219600000003,0.0027817655999999996,0.0010352069999999996,0.0032387244600000004,0.0052503294600000005
2024,9,lanjian,input-mattcl,rust,0.0025681488400000007,0.000283850157209955,0.00256531396,0.0016304702999999999,0.0009394205,0.00163641546,0.00460571246
2024,9,mattcl,input-mattcl,rust,0.0022403986599999997,0.0004320496855671038,0.0023043959600000004,0.00163007,0.0006382259999999998,0.00133230746,0.004772234460000001
2024,9,mattcl-py,input-mattcl,python,0.031483908635257726,0.0009732675008832578,0.031249144460000003,0.025239074020618573,0.006148871134020619,0.02986832046,0.034683801460000004
