year,day,participant,input,language,mean,stddev,median,user,system,min,max
2024,9,mattcl,input-mattcl,rust,0.0020928480550000015,0.00032738835878077843,0.002202566740000001,0.00156403,0.0006036262000000001,0.0012246047400000007,0.0029693027400000006
2024,9,mattcl-py,input-mattcl,python,0.03966012247239437,0.0008941141691936047,0.039449919740000006,0.03335426647887323,0.006240935774647885,0.038472648740000004,0.04314813674
