year,day,participant,input,language,mean,stddev,median,user,system,min,max
2024,9,kcen,input-kcen,nim,0.004791880519999999,0.0003887498633875577,0.0047508809,0.0035313069999999987,0.0012056553999999992,0.003998306399999999,0.0062630804
2024,9,lanjian,input-kcen,rust,0.0024730017300000013,0.00037686714938111053,0.0024876493999999995,0.0017166059999999988,0.0007989239000000001,0.0014979403999999996,0.0045510614
2024,9,mattcl,input-kcen,rust,0.0022075169899999996,0.000367985709701497,0.0023006743999999997,0.0015443949999999998,0.0007092575999999999,0.0013682973999999996,0.0038587143999999993
2024,9,mattcl-py,input-kcen,python,0.03145107867659575,0.000809800065685531,0.0313282714,0.025524055319148933,0.005832770425531913,0.0297231024,0.034771693400000005
2024,9,kcen,input-lanjian,nim,0.004377313979999998,0.0003781878706109435,0.0042854044,0.0030050220000000004,0.0013854012999999995,0.0036816213999999996,0.0059900284
2024,9,lanjian,input-lanjian,rust,0.002346776560000001,0.0005473442115443535,0.0024869788999999994,0.0016879490000000004,0.0007074565,0.0009191453999999996,0.0060340004
2024,9,mattcl,input-lanjian,rust,0.002241500259999999,0.00037498342289639397,0.0023016513999999997,0.0016726399999999993,0.0006152668999999999,0.0013216203999999994,0.003648701399999999
2024,9,mattcl-py,input-lanjian,python,0.03142867922417583,0.0008507433764506413,0.031249323400000004,0.024969800000000004,0.0063640681318681315,0.0301206984,0.03420297740000001
2024,9,kcen,input-mattcl,nim,0.004740546879999999,0.0005296823813147421,0.0046507933999999996,0.00319816,0.0015043763,0.0038050244,0.0078471184
2024,9,lanjian,input-mattcl,rust,0.0024472354449999994,0.0003313218496593175,0.0024792038999999996,0.0015664619999999998,0.0008991324000000003,0.0014700073999999997,0.0044932133999999995
2024,9,mattcl,input-mattcl,rust,0.002213452994999999,0.0003328747317506109,0.0022619918999999995,0.0014919500000000001,0.0007594498000000002,0.0013699303999999996,0.0036162793999999993
2024,9,mattcl-py,input-mattcl,python,0.03164901248139534,0.000861379363904857,0.031391112900000004,0.026163055813953503,0.005437872325581396,0.0306754374,0.034359661400000005
