year,day,participant,input,language,mean,stddev,median,user,system,min,max
2024,9,kcen,input-kcen,nim,0.003967043065000001,0.00036498070566577375,0.0038766863,0.002801490999999999,0.0012095285,0.0031634517999999997,0.0054508028
2024,9,lanjian,input-kcen,rust,0.0025278935600000006,0.00027978706835636574,0.0025406062999999996,0.0018106549999999991,0.0007764698000000001,0.0015719327999999997,0.0039541018
2024,9,mattcl,input-kcen,rust,0.0019559566100000006,0.0004903285370608209,0.0019903713,0.0015879141999999996,0.0005017478999999999,0.0008302357999999998,0.0035657358
2024,9,mattcl-py,input-kcen,python,0.031338663966666666,0.0008363806880170347,0.031071547300000002,0.025720871111111116,0.005552216666666666,0.030220459800000002,0.0342693268
2024,9,kcen,input-lanjian,nim,0.0037879965250000036,0.00028569447067716745,0.0037926648,0.002473063799999999,0.0013558115000000001,0.0029516348,0.0050445318
2024,9,lanjian,input-lanjian,rust,0.002560557699999999,0.00037230006748857836,0.0025562058,0.001716238199999999,0.0009047866999999992,0.0013853548,0.0045062748
2024,9,mattcl,input-lanjian,rust,0.0022225042149999993,0.0003268563159506437,0.0022899528,0.0016229399999999996,0.0006749411,0.0013896627999999997,0.0029381597999999995
2024,9,mattcl-py,input-lanjian,python,0.031095007954639178,0.0007921874120059962,0.030976404800000003,0.025729628041237122,0.005289663092783504,0.0294623918,0.0343531948
2024,9,kcen,input-mattcl,nim,0.003978877760000001,0.00039841915538288127,0.0038894808,0.0026656406000000006,0.0013027635000000004,0.0031581227999999996,0.0063565978
2024,9,lanjian,input-mattcl,rust,0.002538433650000001,0.0002638178753965151,0.0025450793,0.001671005,0.0009020994999999997,0.0019842248,0.0041675018
2024,9,mattcl,input-mattcl,rust,0.0022137077299999998,0.00033865967201414566,0.0022564848,0.0017091799999999998,0.0005825430999999999,0.0013875277999999998,0.0030838938
2024,9,mattcl-py,input-mattcl,python,0.03152390759787235,0.0008971901039181123,0.031306687799999997,0.025291125957446807,0.006130934893617023,0.0302150908,0.0341197478
