year,day,participant,input,language,mean,stddev,median,user,system,min,max
2024,9,kcen,input-kcen,nim,0.0038715050350000024,0.00043946085785932554,0.00381074984,0.002849858999999998,0.0010406684999999998,0.00296202734,0.00734232334
2024,9,mattcl,input-kcen,rust,0.0020968469049999997,0.00034056149781576655,0.0021978918399999997,0.0015298460000000003,0.000618579,0.00134631334,0.00315156134
2024,9,mattcl-py,input-kcen,python,0.03106270972541668,0.0009014759326301958,0.03083643134,0.024907456249999977,0.006054919791666668,0.02981357234,0.03460667134
2024,9,kcen,input-mattcl,nim,0.0038042552000000012,0.0003189122923639264,0.00378195134,0.002707764,0.0010999184999999998,0.00287743834,0.00600746634
2024,9,mattcl,input-mattcl,rust,0.00207294486,0.0003370799530454985,0.0020743158400000003,0.0015978430000000005,0.0005464390000000001,0.0013152853399999997,0.0028951613399999998
2024,9,mattcl-py,input-mattcl,python,0.03122476212723404,0.0008630187224302856,0.03091177234,0.025633768085106385,0.005499992553191488,0.03019916434,0.03462605834
