year,day,participant,input,language,mean,stddev,median,user,system,min,max
2024,9,kcen,input-kcen,nim,0.004575325769999997,0.0006050459601699169,0.0044938800000000004,0.003331170600000002,0.0012547733999999993,0.003800151,0.007844744
2024,9,mattcl,input-kcen,rust,0.00212656425,0.00031967777028625794,0.0022261884999999993,0.0014413750000000015,0.0007053973999999999,0.0013425889999999995,0.0028334709999999997
2024,9,mattcl-py,input-kcen,python,0.031474900329896915,0.0007410684610976938,0.031350670000000004,0.025842158969072167,0.005544049072164948,0.029882882000000003,0.034226996
2024,9,kcen,input-mattcl,nim,0.004430890199999999,0.0004471744591152262,0.004372152,0.0032656427000000003,0.0011438264000000003,0.0036142529999999996,0.007363964000000001
2024,9,mattcl,input-mattcl,rust,0.002122798429999999,0.0003458345256701428,0.0021809539999999997,0.001594055000000001,0.0005614592000000002,0.0013165499999999997,0.003462158
2024,9,mattcl-py,input-mattcl,python,0.03159595993548388,0.0009505278539074436,0.031321415000000005,0.025438838494623653,0.006070976774193548,0.03032051,0.03500563400000001
