year,day,participant,input,language,mean,stddev,median,user,system,min,max
2024,9,kcen,input-kcen,nim,0.004037325465,0.0004300432330399224,0.0039397276,0.0029718745999999996,0.0010606002000000004,0.0031411821000000006,0.007344382100000001
2024,9,lanjian,input-kcen,rust,0.002505468550000001,0.00027712124564414827,0.0025455871,0.0016318199999999998,0.0008869141999999997,0.0016396111000000003,0.0040251571
2024,9,mattcl,input-kcen,rust,0.002207815759999999,0.0003280167002736698,0.0022982041,0.0015848749999999993,0.0006670598000000001,0.0014124960999999999,0.0030171801
2024,9,mattcl-py,input-kcen,python,0.031597809752173925,0.0009591398278734956,0.0312803861,0.02532811608695652,0.006150681739130434,0.0302182031,0.03450919710000001
2024,9,kcen,input-lanjian,nim,0.003984984170000001,0.0005490676153362079,0.0038635141000000002,0.002686883999999999,0.0012499216000000002,0.0029727161000000007,0.0073814511
2024,9,lanjian,input-lanjian,rust,0.0024593306600000004,0.00025967031615143726,0.0025099751000000003,0.0016835649999999997,0.0007998200000000006,0.0014915831000000001,0.0031412421000000003
2024,9,mattcl,input-lanjian,rust,0.0021538173000000007,0.00036012335772413125,0.0022682971000000003,0.0015926247999999985,0.0006084275999999999,0.0009331081,0.0030136731
2024,9,mattcl-py,input-lanjian,python,0.03148090541914895,0.0008579054476177431,0.0312924886,0.02517271021276596,0.006209491063829785,0.0302513251,0.0343512111
2024,9,kcen,input-mattcl,nim,0.003891234640000001,0.0003213457846376085,0.0038562211000000004,0.002515864000000001,0.0013666218,0.0030943541,0.0058395651
2024,9,lanjian,input-mattcl,rust,0.0025052464199999997,0.00031621424325176134,0.0025031871,0.0017253200000000005,0.0008063993999999998,0.0016432771,0.003949186100000001
2024,9,mattcl,input-mattcl,rust,0.0021826819349999994,0.00032828869246299524,0.0022818931,0.0015298999999999998,0.0007004650000000003,0.0013923981000000002,0.0029543221
2024,9,mattcl-py,input-mattcl,python,0.03143183813225806,0.000710307361208,0.031273458100000005,0.02524256688172042,0.006083700645161292,0.0300690831,0.0343174481
