year,day,participant,input,language,mean,stddev,median,user,system,min,max
2024,9,kcen,input-kcen,nim,0.004043805165,0.0003351445653977489,0.00397620158,0.0027117842,0.0012487916,0.0031449880799999997,0.005472303080000001
2024,9,lanjian,input-kcen,rust,0.002447572560000001,0.0003032880520452737,0.00250878508,0.0015787523,0.0008740910000000001,0.0014932600799999998,0.00385439908
2024,9,mattcl,input-kcen,rust,0.002139771379999999,0.00034823619766411097,0.00223703458,0.0016056699999999991,0.0005734286000000001,0.0013624940799999998,0.0033734960800000002
2024,9,mattcl-py,input-kcen,python,0.03131185704808512,0.0008392137972114832,0.031094497080000005,0.02518909319148937,0.006007848936170215,0.030212017080000004,0.034458361080000006
2024,9,kcen,input-lanjian,nim,0.0038307815500000027,0.0003037543922654483,0.0038220975800000003,0.002583826499999999,0.0012278084000000003,0.00300269108,0.00495294908
2024,9,lanjian,input-lanjian,rust,0.002504287364999999,0.0003161432764953414,0.00252527558,0.0015686518999999991,0.0009598920000000003,0.0015956820799999999,0.004556405080000001
2024,9,mattcl,input-lanjian,rust,0.0021054932550000007,0.0003357877037270063,0.00222622458,0.0015762099999999998,0.0005858343999999998,0.00140972308,0.00300645708
2024,9,mattcl-py,input-lanjian,python,0.03123937431404256,0.0007566071820996143,0.031056831080000003,0.025006476170212764,0.0061635182978723385,0.030177210080000003,0.034499888080000006
2024,9,kcen,input-mattcl,nim,0.00384602272,0.00027758049228239923,0.00381137308,0.0026387518999999994,0.0012017664,0.00304549108,0.005558875080000001
2024,9,lanjian,input-mattcl,rust,0.0024509615599999997,0.00028895195465205946,0.0024991010799999998,0.0016783349999999991,0.0007878512000000002,0.00162842308,0.00336249508
2024,9,mattcl,input-mattcl,rust,0.0020099241049999993,0.0004387308993804519,0.00205851408,0.001599144599999999,0.0004800941999999998,0.0008556040799999999,0.00309002508
2024,9,mattcl-py,input-mattcl,python,0.03143734462945054,0.0009105762916541888,0.031220487080000005,0.024635902637362633,0.006716568351648353,0.030076542080000004,0.03559755708
