year,day,participant,input,language,mean,stddev,median,user,system,min,max
2024,9,kcen,input-kcen,nim,0.004001505725,0.0003731024335984128,0.0039393295600000005,0.0027521089999999987,0.0012386733999999997,0.0031895740600000003,0.00581061406
2024,9,lanjian,input-kcen,rust,0.00246309406,0.0003325449894367943,0.0024862525600000004,0.001467849499999999,0.0009958146000000005,0.0015032160600000001,0.003970347060000001
2024,9,mattcl,input-kcen,rust,0.00217006037,0.00036961054780435465,0.0022337590600000003,0.0015937200000000007,0.0006349662000000002,0.00121330306,0.00363838606
2024,9,mattcl-py,input-kcen,python,0.03167477983777779,0.0010121612039948973,0.03136036356000001,0.025143333333333344,0.006481553333333335,0.030338680060000005,0.03438653206
2024,9,kcen,input-lanjian,nim,0.00385640872,0.0004516667848922245,0.0037789935600000004,0.0025330879999999984,0.0013456558,0.00302001806,0.00751879406
2024,9,lanjian,input-lanjian,rust,0.0024494809099999985,0.0002848771391172265,0.0024926850600000003,0.0016024894999999996,0.0008713255999999999,0.0013234990600000003,0.0032269440600000004
2024,9,mattcl,input-lanjian,rust,0.0021810993550000005,0.00033598373087934775,0.00222641556,0.001639895000000001,0.0005827155999999999,0.00132596406,0.00344995306
2024,9,mattcl-py,input-lanjian,python,0.031484790049010974,0.0009563557872886417,0.031255127060000006,0.024276253846153836,0.00714894241758242,0.030110472060000004,0.03504271006
2024,9,kcen,input-mattcl,nim,0.003974533505000002,0.0004779484107531,0.00388045856,0.0026775125,0.0012752384,0.0031246630600000004,0.006366806060000001
2024,9,lanjian,input-mattcl,rust,0.0024286260949999998,0.00032561558498471547,0.00246035356,0.0016193994999999992,0.0008320964,0.0015532390600000003,0.00424202606
2024,9,mattcl,input-mattcl,rust,0.0021816618050000004,0.00037109587423126566,0.0022500950600000003,0.0016149944999999995,0.0006171062000000003,0.0013341890600000001,0.0036797120600000005
2024,9,mattcl-py,input-mattcl,python,0.03145548700736842,0.0008325508564145009,0.03144321806000001,0.02509727894736842,0.006274385263157895,0.02979717406,0.03432598806000001
