year,day,participant,input,language,mean,stddev,median,user,system,min,max
2023,13,kcen,input-kcen,python,0.02083981706561152,0.00036937055948894155,0.020826943080000004,0.017473087050359715,0.0033011505035971224,0.019778691080000004,0.021865817080000002
2023,13,mattcl,input-kcen,rust,0.001043463325000001,0.0002940072916783274,0.0011093825800000004,0.0009048924999999997,0.000165978,0.0003565100800000003,0.0014914020800000003
2023,13,kcen,input-mattcl,python,0.021255878259856115,0.0006391004142552757,0.021176548080000003,0.017761274100719412,0.003413613812949641,0.019998403080000005,0.025570548080000005
2023,13,mattcl,input-mattcl,rust,0.0011803042500000004,0.00024935407734344374,0.0012432980800000002,0.0010493215000000001,0.0001593646,0.00045019408000000023,0.00173774308
