year,day,participant,input,language,mean,stddev,median,user,system,min,max
2023,13,mattcl,input-mattcl,rust,0.0011743445800000002,0.00013915991621793727,0.0011617517400000002,0.0010621325000000003,0.00016332700000000003,0.0006534407400000001,0.0016684997400000004
