year,day,participant,input,language,mean,stddev,median,user,system,min,max
2023,13,kcen,input-kcen,python,0.020340054570555557,0.000700955061143804,0.020184695140000004,0.01721604777777778,0.00299947111111111,0.01934568014,0.023008704140000003
2023,13,mattcl,input-kcen,rust,0.0012413769999999999,0.00016628148712841907,0.00124378114,0.0011055199999999992,0.0001661854,0.00046712814,0.0017120171400000004
2023,13,kcen,input-mattcl,python,0.020720197414647888,0.0006838810711488024,0.02058213364,0.017526639718309853,0.003092371830985915,0.01968353214,0.023743809140000002
2023,13,mattcl,input-mattcl,rust,0.0011083228200000005,0.0003294927057003331,0.00120431164,0.0009842019999999998,0.000143591,0.0003549881400000001,0.0018453061400000004
