year,day,participant,input,language,mean,stddev,median,user,system,min,max
2023,13,kcen,input-kcen,python,0.020343768253972598,0.0005496324388273277,0.02024220148,0.01702285068493151,0.003198290136986301,0.01942215298,0.02281731498
2023,13,mattcl,input-kcen,rust,0.0011555178649999998,0.00020973936011073376,0.00118399548,0.001002383,0.00019024160000000005,0.0004808099799999998,0.0016507199800000001
2023,13,kcen,input-mattcl,python,0.020794882306241134,0.0007009671962183345,0.02062028398,0.017353990780141833,0.0033377117730496453,0.01988123198,0.02427848998
2023,13,mattcl,input-mattcl,rust,0.0011497621449999996,0.00023442636013363625,0.00119080848,0.001021379499999999,0.00015776279999999996,0.0003694919799999999,0.00192917098
