year,day,participant,input,language,mean,stddev,median,user,system,min,max
2023,13,kcen,input-kcen,python,0.020256227524109594,0.0007670474412026179,0.020068995620000002,0.016944280547945213,0.0031790547945205485,0.01907358312,0.023281598120000004
2023,13,mattcl,input-kcen,rust,0.0011297626050000007,0.00017578171747649045,0.00119470312,0.0009630950000000001,0.000199505,0.0004981851200000001,0.0017075381200000002
2023,13,mattcl-py,input-kcen,python,0.01577561194978724,0.0006706374569924238,0.01563184962,0.012386988723404255,0.0032980478723404257,0.014826133120000001,0.019390966120000002
2023,13,pting,input-kcen,python,0.019925412424635785,0.0006876461810610551,0.019791757120000003,0.016379763311258285,0.0034265562913907296,0.018632216120000003,0.023012806120000003
2023,13,kcen,input-lanjian,python,0.02019647419482994,0.0006517499159687098,0.020041403120000002,0.01688510353741497,0.0031956394557823126,0.01933453112,0.02285632312
2023,13,mattcl,input-lanjian,rust,0.0009446837749999998,0.0003197004733739435,0.0010404851200000002,0.0008600660999999996,0.000114045,0.00026609012000000003,0.00180629312
2023,13,mattcl-py,input-lanjian,python,0.015896999981878445,0.0006891393536562656,0.01572617712,0.012571171602209948,0.0032332265193370166,0.01500373412,0.01892535512
2023,13,pting,input-lanjian,python,0.019876092249251708,0.0007096029052305864,0.01970082512,0.01646551170068027,0.0033156802721088447,0.01870895012,0.023170580120000003
2023,13,kcen,input-mattcl,python,0.020542821294825167,0.0007843880407955998,0.020400295120000002,0.017597204055944046,0.002832636363636364,0.019121732120000002,0.023614060120000002
2023,13,mattcl,input-mattcl,rust,0.0011460615249999997,0.00018626844338482567,0.00121968512,0.0009839149999999997,0.00019143499999999997,0.00044194012,0.00190436712
2023,13,mattcl-py,input-mattcl,python,0.015895579671351346,0.0007094201351000313,0.01571326312,0.012425546486486487,0.0033495351351351364,0.014888589120000002,0.019526840120000003
2023,13,pting,input-mattcl,python,0.020392577171851847,0.0007570192585437072,0.02021611112,0.017016326666666668,0.00327062962962963,0.019038196120000003,0.02346550312
