year,day,participant,input,language,mean,stddev,median,user,system,min,max
2023,13,kcen,input-kcen,python,0.020423419578108108,0.0009704403005712212,0.02011278022,0.016759076756756763,0.003545333243243245,0.018777295720000003,0.02341208972
2023,13,mattcl,input-kcen,rust,0.001154001580000001,0.00018250686964739945,0.0012131932200000004,0.0009718777000000004,0.00019559000000000004,0.0003827387200000002,0.0017230277200000002
2023,13,kcen,input-mattcl,python,0.02063265965750001,0.0007917439216536318,0.02039384122,0.017529986666666674,0.002973262638888889,0.01908209572,0.023930851720000004
2023,13,mattcl,input-mattcl,rust,0.0011754350050000003,0.0001713069094508502,0.0012220652200000002,0.0010370367999999995,0.000156467,0.00046836972000000016,0.0017964147200000005
