year,day,participant,input,language,mean,stddev,median,user,system,min,max
2023,13,mattcl,input-kcen,rust,0.0012083462949999996,0.0001977364867886475,0.00123114922,0.0009987083999999995,0.0002170231999999999,0.00052266322,0.0021415322200000002
2023,13,mattcl,input-mattcl,rust,0.0012156926600000004,0.00016991819985284849,0.00122227722,0.00105136,0.00019692420000000003,0.00047755922,0.0016864412199999999
