year,day,participant,input,language,mean,stddev,median,user,system,min,max
2023,13,kcen,input-kcen,python,0.020203662597687088,0.000773599581331984,0.01999163138,0.01728220571428572,0.0028077424489795924,0.01908813138,0.02259317438
2023,13,mattcl,input-kcen,rust,0.0010755899849999996,0.0002476278124920887,0.0011418938800000001,0.0009152750000000002,0.00017315499999999998,0.00035028338000000006,0.0018230973800000003
2023,13,kcen,input-lanjian,python,0.02009484873616438,0.000745467038341651,0.01992785688,0.01677539945205479,0.0032209521917808213,0.01896173438,0.02252798338
2023,13,mattcl,input-lanjian,rust,0.0011535940399999998,0.00021381935921186673,0.00123218788,0.0010092350000000005,0.000157896,0.0003770933800000001,0.0019559453800000004
2023,13,kcen,input-mattcl,python,0.020515121659720283,0.0006725361306963724,0.02032739838,0.01730445846153846,0.003094106153846153,0.01957558338,0.02329978638
2023,13,mattcl,input-mattcl,rust,0.0011680360550000001,0.0002155457119302702,0.00123791338,0.0010022865999999994,0.00017578519999999993,0.0003609533800000001,0.0018437163800000002
