year,day,participant,input,language,mean,stddev,median,user,system,min,max
2023,13,kcen,input-kcen,python,0.020052157954285714,0.0005934671132188994,0.019920716940000003,0.01633425714285714,0.003610138571428572,0.019203529940000002,0.022941295940000002
2023,13,mattcl,input-kcen,rust,0.0011103754100000001,0.0001576620954732436,0.00116837644,0.0009636400000000002,0.00018368399999999996,0.0005223979400000001,0.0018207779400000001
2023,13,mattcl-py,input-kcen,python,0.015740995209430047,0.000706941991212445,0.015571211940000003,0.012555376165803107,0.0031011160621761667,0.014729426940000002,0.01901140994
2023,13,kcen,input-lanjian,python,0.020212956593061222,0.0007579676338195148,0.02002518794,0.01686218639455781,0.0032357863945578227,0.018637119940000002,0.02358487994
2023,13,mattcl,input-lanjian,rust,0.001133804245,0.000156267275584638,0.0011799829400000001,0.0009504629999999999,0.000218806,0.0006168549399999999,0.0017025469400000002
2023,13,mattcl-py,input-lanjian,python,0.015839478048695652,0.0005889060111521589,0.015758582440000002,0.012832498913043488,0.00289554347826087,0.014595294940000001,0.018496396940000003
2023,13,kcen,input-mattcl,python,0.020596429849090905,0.0007325838175843138,0.020448369940000002,0.017365088111888118,0.0031012699300699293,0.019508750940000003,0.02410454194
2023,13,mattcl,input-mattcl,rust,0.0011154293699999996,0.00016559762129022258,0.00118004344,0.0009646740000000002,0.00019066000000000002,0.0005044939400000001,0.00149021894
2023,13,mattcl-py,input-mattcl,python,0.015949869376464088,0.0006713469559282562,0.01584305994,0.012513216574585626,0.0033405546961325964,0.014777136940000001,0.019069689940000002
