year,day,participant,input,language,mean,stddev,median,user,system,min,max
2024,6,kcen,input-mattcl,nim,16.39917788548,0.07619156191454145,16.426653978479997,16.39474045333333,0.00432108,16.31305923148,16.45782044648
2024,6,mattcl,input-mattcl,rust,0.002037206685,0.0002891501225428162,0.00202049848,0.0063260366,0.003606373000000002,0.0014576844800000001,0.00367643948
