year,day,participant,input,language,mean,stddev,median,user,system,min,max
2024,6,mattcl,input-mattcl,rust,0.0020231450100000005,0.00027299192755424477,0.0020078668800000005,0.006705441699999998,0.0035048487999999995,0.0015750958800000003,0.00431636088
