year,day,participant,input,language,mean,stddev,median,user,system,min,max
2024,6,kcen,input-kcen,nim,0.41624126133333333,0.028689232077896018,0.40407976050000005,0.42098985333333333,0.0026561666666666665,0.39868917400000004,0.47278335200000005
2024,6,mattcl,input-kcen,rust,0.0,0.0,0.0,0.007890353300000002,0.005169980000000001,0.0,0.0
2024,6,mattcl-py,input-kcen,python,0.10247474911111108,0.0013743585780521077,0.10210709,0.8555956866666669,0.05896696296296295,0.100150324,0.105791671
2024,6,mikofo,input-kcen,python,6.000619704666666,0.06442265782794282,6.001681007999999,89.65574168666666,0.11642933333333333,5.935672952,6.064505154
2024,6,kcen,input-mattcl,nim,0.34360758175,0.001955747273538743,0.3432303685,0.34979789499999997,0.0011758749999999998,0.34160285,0.346461291
2024,6,mattcl,input-mattcl,rust,0.0,0.0,0.0,0.006985109399999998,0.003832585,0.0,0.0
2024,6,mattcl-py,input-mattcl,python,0.08884133512903228,0.001275787035374602,0.08893738600000001,0.6931330199999999,0.05529238709677419,0.086804923,0.09137018300000001
2024,6,mikofo,input-mattcl,python,5.0768552573333325,0.24925622379715934,5.0230136629999995,73.44108668666667,0.12663333333333335,4.858920020999999,5.348632088
2024,6,kcen,input-mikofo,nim,0.5244840564,0.0031966096966566304,0.525461014,0.5304558199999999,0.0013988,0.519178938,0.52711933
2024,6,mattcl,input-mikofo,rust,0.0,0.0,0.0,0.0103640831,0.006822835,0.0,0.0
2024,6,mattcl-py,input-mikofo,python,0.13884638665,0.003607892234411334,0.137348099,1.2859363199999998,0.07136584999999998,0.134866942,0.146226338
2024,6,mikofo,input-mikofo,python,7.774898961333332,0.2511548128363228,7.8901433,115.93495368666667,0.135177,7.486803806999999,7.947749776999999
