year,day,participant,input,language,mean,stddev,median,user,system,min,max
2024,6,kcen,input-kcen,nim,0.40971322376,0.004030496006483688,0.41092076976,0.4079583142857142,0.0017438057142857143,0.40166234776000004,0.41376693076000004
2024,6,mattcl,input-kcen,rust,0.002119234655,0.00022792769642699537,0.00209651826,0.008618119,0.0039935062,0.0017108367600000003,0.004033105760000001
2024,6,mattcl-py,input-kcen,python,0.108032712722963,0.0017178261158233919,0.10777818076000001,0.8433685629629629,0.057241102222222236,0.10556323376,0.11161133076
2024,6,mikofo,input-kcen,python,5.881733066093332,0.012484067195764075,5.876323977759999,87.70767459999998,0.13174788,5.87286573676,5.8960094837599994
2024,6,kcen,input-mattcl,nim,0.35316027913500003,0.004710651643941179,0.35446654276000006,0.35099197499999996,0.00215091,0.34227875076000003,0.35690267076000004
2024,6,mattcl,input-mattcl,rust,0.002015316225000001,0.00024388021915984913,0.00199170126,0.0062885860000000005,0.003929287199999998,0.00154057676,0.0033664067600000006
2024,6,mattcl-py,input-mattcl,python,0.09487718885677418,0.001334375353771403,0.09460304376,0.6750397290322582,0.062036654193548375,0.09272823176,0.09800014576
2024,6,mikofo,input-mattcl,python,4.8943535237599995,0.07104509976995266,4.92242211876,70.3572006,0.12868854666666665,4.81356204176,4.947076410759999
