year,day,participant,input,language,mean,stddev,median,user,system,min,max
2024,6,mattcl,input-mattcl,rust,0.0019527054699999995,0.0002486956725298066,0.0019245872200000002,0.005755018600000003,0.004185510600000001,0.0014588292199999998,0.00273828522
