year,day,participant,input,language,mean,stddev,median,user,system,min,max
2024,6,mattcl,input-mattcl,rust,0.0020164534550000004,0.0002533663829481724,0.0019958337400000003,0.005843176099999999,0.004268490000000001,0.00149588624,0.00322706124
