year,day,participant,input,language,mean,stddev,median,user,system,min,max
2024,6,kcen,input-kcen,nim,0.4026555166342857,0.003735148939746654,0.40187262892000003,0.40172961142857144,0.0009922857142857142,0.39809484292,0.40939282492
2024,6,mattcl,input-kcen,rust,0.0021310955450000004,0.0002056305909707485,0.00210417842,0.007635287200000004,0.0049994049999999976,0.0017594669200000001,0.00363807592
2024,6,mattcl-py,input-kcen,python,0.10719935010518522,0.0014949285881503873,0.10682416592,0.8340968548148147,0.05765796296296298,0.10524543992,0.11028459592
2024,6,mikofo,input-kcen,python,1.7062317485866665,0.03756515497248204,1.70878606992,25.027524706666664,0.16105133333333335,1.6674546219200002,1.74245455392
2024,6,kcen,input-mattcl,nim,0.34901812916999997,0.007410235644084291,0.34718160192,0.347007165,0.0020586249999999997,0.34103874792,0.36391727592
2024,6,mattcl,input-mattcl,rust,0.002021991545000001,0.0002128531417248169,0.00204394492,0.006362544599999996,0.0038755149999999986,0.0015263609200000003,0.0024463539200000003
2024,6,mattcl-py,input-mattcl,python,0.09441359101677421,0.001104727208307624,0.09448789192000001,0.6851971045161289,0.04919951612903226,0.09235756192000001,0.09617028192
2024,6,mikofo,input-mattcl,python,1.4149631675866667,0.025042416543962977,1.4151911079200001,20.15602704,0.15390766666666666,1.38980755892,1.43989083592
2024,6,kcen,input-mikofo,nim,0.5296127101200001,0.004003475759606258,0.5283798859200001,0.5265650399999999,0.0030225999999999994,0.5247814859200001,0.5345511529200001
2024,6,mattcl,input-mikofo,rust,0.002437192795000001,0.0002055606019796854,0.00239264292,0.009848611399999999,0.006681385000000001,0.00206414792,0.00327933292
2024,6,mattcl-py,input-mikofo,python,0.14521621132,0.0032833757408885973,0.14391302092,1.28230114,0.057527550000000004,0.14101580991999998,0.15177284592
2024,6,mikofo,input-mikofo,python,2.0735145135866664,0.004410806737932683,2.07317878392,30.396608706666665,0.18218700000000002,2.06928116492,2.07808359192
