year,day,participant,input,language,mean,stddev,median,user,system,min,max
2024,6,kcen,input-kcen,nim,19.097910318780002,0.2298819542195953,18.975437789780003,19.097846326666666,0.0,18.95519543078,19.363097735780002
2024,6,mattcl,input-kcen,rust,0.002305989609999999,0.0001675902332224911,0.0022909177800000003,0.008046533600000004,0.0048119047,0.0019035927800000003,0.00315011678
2024,6,kcen,input-mattcl,nim,16.579826079780002,0.14828385843579234,16.64885940878,16.579304326666666,0.00045347333333333335,16.409611580780002,16.681007249780002
2024,6,mattcl,input-mattcl,rust,0.0021477751000000002,0.00023212527437282846,0.0021258232800000004,0.006436723000000003,0.003818196299999999,0.00167484378,0.0033307447800000004
