year,day,participant,input,language,mean,stddev,median,user,system,min,max
2024,6,kcen,input-kcen,nim,0.7669752908866667,0.013399499658011902,0.76431594022,0.7631304066666665,0.0037638999999999993,0.75510487222,0.78150506022
2024,6,mattcl,input-kcen,rust,0.0021532840100000005,0.00026590301629785516,0.0021155867199999998,0.007840215799999998,0.004777253,0.0015373082199999998,0.0042292502199999995
2024,6,mattcl-py,input-kcen,python,0.10855674032714284,0.0017136665618779348,0.10830461722000001,0.8368639542857145,0.06286447142857142,0.10517036722,0.11187424222
2024,6,kcen,input-mattcl,nim,0.61475836597,0.002239888391188172,0.6154882982200001,0.61356374,0.0012461999999999998,0.61151080922,0.61654605822
2024,6,mattcl,input-mattcl,rust,0.0020081074199999995,0.00025140624328387425,0.00200533472,0.006525561700000001,0.003843313500000001,0.0015668042200000002,0.00435543622
2024,6,mattcl-py,input-mattcl,python,0.09447006989741935,0.001324921244350958,0.09427019622,0.6789093529032258,0.05776125483870968,0.09218673322000001,0.09756001622
