year,day,participant,input,language,mean,stddev,median,user,system,min,max
2024,6,kcen,input-kcen,nim,0.3993930716257143,0.004802709083763908,0.39891673134,0.3967821142857143,0.002519657142857143,0.39355844934,0.40626279334000004
2024,6,mattcl,input-kcen,rust,0.0021211061249999993,0.00017502471299196115,0.00210713534,0.008625952999999997,0.0038227312000000007,0.0016995773399999998,0.0031989443400000004
2024,6,mattcl-py,input-kcen,python,0.10676766544714285,0.0015978212729067529,0.10632390584,0.8213955785714285,0.06714259857142856,0.10456340934,0.11034649634
2024,6,kcen,input-mattcl,nim,0.33857792334,0.0032779026698503766,0.33737275934,0.336726775,0.0018346899999999997,0.33520157034000003,0.34369465034
2024,6,mattcl,input-mattcl,rust,0.001996419629999999,0.00023128612362631349,0.00195606734,0.005724934999999997,0.004115214800000003,0.00147266234,0.00270853534
2024,6,mattcl-py,input-mattcl,python,0.09345717721500002,0.0012504258525022792,0.09339908434,0.6738236187499999,0.05438557624999999,0.09143129434,0.09639862434
