year,day,participant,input,language,mean,stddev,median,user,system,min,max
2023,16,mattcl,input-mattcl,rust,0.022383671559375012,0.00040091940346323793,0.022334894700000003,0.2185463796875,0.0874448334375,0.021461064700000004,0.023414619700000004
