year,day,participant,input,language,mean,stddev,median,user,system,min,max
2023,16,mattcl,input-mattcl,rust,0.005378124380000005,0.000537862015946815,0.00526620828,0.05994157500000001,0.0018097149999999995,0.00466227328,0.010278016280000002
2023,16,mattcl-py,input-mattcl,python,0.2632754796436364,0.00428419069430315,0.26420549928000003,3.1670281890909084,0.14668916727272727,0.25740612328,0.27024569728000003
2023,16,pting,input-mattcl,python,0.2533803128633334,0.0036826188245479624,0.25434534978,2.98033528,0.11589385666666667,0.24683036428,0.25723083528
2023,16,mattcl,input-pting,rust,0.004225903754999999,0.0004116528273562461,0.00417764228,0.0394229562,0.0064683722,0.0033591762800000004,0.00669392328
2023,16,mattcl-py,input-pting,python,0.2064022929228571,0.0024616424440456752,0.20628314128,2.333017494285714,0.12783851142857142,0.20261295528,0.21193561228
2023,16,pting,input-pting,python,0.2019231788514286,0.0022787214753428246,0.20097505378,2.2101877085714285,0.13260586857142856,0.19951089528,0.20692447028
