year,day,participant,input,language,mean,stddev,median,user,system,min,max
2023,16,mattcl,input-mattcl,rust,0.005603122080000002,0.0007096997228793495,0.00545325294,0.06363183,0.0019572504999999995,0.0048768549400000005,0.011573452940000001
2023,16,mattcl-py,input-mattcl,python,0.38177807265428576,0.004204217988458954,0.38233381294,4.523105562857143,0.24513145428571428,0.37506151594000003,0.38871416994
