year,day,participant,input,language,mean,stddev,median,user,system,min,max
2023,16,lanjian,input-lanjian,rust,0.05673245703719297,0.010672332701705308,0.05269285916,0.055663140000000035,0.0010342284210526314,0.05150014916,0.09046361316
2023,16,mattcl,input-lanjian,rust,0.0066659609250000074,0.000589440866612917,0.006513854160000001,0.07597808499999993,0.0016318765999999998,0.006035636160000001,0.00966635216
2023,16,mattcl-py,input-lanjian,python,0.33929815441,0.0036719966661100177,0.33899094866,4.0567538899999995,0.16529758,0.33297944616,0.34412639416
2023,16,pting,input-lanjian,python,0.338571406035,0.003906432758321457,0.33842279666,3.936519765,0.15314207999999999,0.33263845916000007,0.34492138016000007
2023,16,lanjian,input-mattcl,rust,0.06422140278318843,0.017172655792693853,0.07301411516,0.0632060820289855,0.000993336811594203,0.042929799160000004,0.08307338816
2023,16,mattcl,input-mattcl,rust,0.01258136667,0.006871223524558628,0.01007446516,0.05663678499999999,0.0030300698999999997,0.005994138160000001,0.04145101516
2023,16,mattcl-py,input-mattcl,python,0.32695039616000005,0.019308235578113557,0.31963058516000004,3.26537814,0.15162580222222222,0.30856016216000004,0.35834996116000006
2023,16,pting,input-mattcl,python,0.3186799903822223,0.01912630994885122,0.31021191916,3.1080229177777783,0.13655213555555554,0.30491120116000003,0.36484417116000006
2023,16,lanjian,input-pting,rust,0.05851996687999999,0.003711706307575446,0.05966209116,0.057400040000000006,0.0008140824,0.03864217516,0.06376592816
2023,16,mattcl,input-pting,rust,0.014335637595000008,0.006664595866742804,0.01251467166,0.04233300499999999,0.0030968804999999995,0.00522769516,0.04006356216
2023,16,mattcl-py,input-pting,python,0.2623113523418183,0.009913130132515456,0.26141658816,2.3784438672727273,0.12910503454545455,0.24393853716,0.27678237116000004
2023,16,pting,input-pting,python,0.2641857761600001,0.014769659458209163,0.26006547316000006,2.2729918672727276,0.1268896709090909,0.25233615416000005,0.30495454116000004
