year,day,participant,input,language,mean,stddev,median,user,system,min,max
2023,16,mattcl,input-mattcl,rust,0.005530858554999999,0.0005058313801358029,0.005403163620000001,0.06374680499999999,0.0014545682000000003,0.005022395620000001,0.00828360962
