year,day,participant,input,language,mean,stddev,median,user,system,min,max
2023,16,mattcl,input-mattcl,rust,0.005491014065000002,0.0004706725578327305,0.005358523660000001,0.06344589999999997,0.0017205329000000002,0.00505409766,0.007595405660000001
2023,16,mattcl-py,input-mattcl,python,0.35766956378500003,0.0037309925281353187,0.3582504081600001,4.513638645,0.227366835,0.35115720966,0.36257701966000006
2023,16,pting,input-mattcl,python,0.2664909689327273,0.0035539004305518676,0.26589392966000003,3.125455792727273,0.12883245999999998,0.26191974166000004,0.27249293866
2023,16,mattcl,input-pting,rust,0.004137892295,0.0007381544748238365,0.00399034266,0.038222058399999974,0.006606053,0.0033704886600000004,0.01063089466
2023,16,mattcl-py,input-pting,python,0.2644896352054546,0.00166753190601969,0.26405709166,3.1029442472727267,0.20198100545454548,0.26259680966000004,0.26711135666
2023,16,pting,input-pting,python,0.20804506280285712,0.002538792473428985,0.20705921666,2.290762448571428,0.12067053142857143,0.20488626066,0.21267561666
