year,day,participant,input,language,mean,stddev,median,user,system,min,max
2023,16,lanjian,input-lanjian,rust,0.05069049378,0.001238152783975715,0.050588273780000005,0.049675373333333335,0.0009558673333333333,0.048798078780000004,0.05385400978
2023,16,mattcl,input-lanjian,rust,0.006250864890000002,0.0006046181270594124,0.006095608280000001,0.0757801,0.001693667799999999,0.005686373780000001,0.01092829178
2023,16,mattcl-py,input-lanjian,python,0.3327078334466667,0.002416980640091531,0.33292302778000005,4.192294095555555,0.1506439377777778,0.32854876178000003,0.33545794078
2023,16,pting,input-lanjian,python,0.32181083833555557,0.00433348631671678,0.32121207278,3.9019413177777773,0.15403338222222224,0.31596242878,0.33183560178000004
2023,16,lanjian,input-mattcl,rust,0.04246572407850747,0.001080902320944699,0.04236311678,0.041508778805970155,0.0008697343283582088,0.04051855478,0.04590513578
2023,16,mattcl,input-mattcl,rust,0.005237912189999998,0.000467998501218933,0.0051340492800000005,0.06075064000000003,0.001421223,0.00476607078,0.00910677378
2023,16,mattcl-py,input-mattcl,python,0.2690464506890909,0.005187678067753271,0.26862062678000004,3.1880848127272725,0.17431306909090907,0.26225253878000004,0.28036603578
2023,16,pting,input-mattcl,python,0.26585607078,0.004117780746631231,0.26531579178000003,3.0930489036363635,0.1217892509090909,0.26089607178,0.27295396578000003
2023,16,lanjian,input-pting,rust,0.03184994280150539,0.0008875116416379998,0.03162575378,0.030660142150537636,0.0011449526881720429,0.030721491780000006,0.03480920078
2023,16,mattcl,input-pting,rust,0.004183552075000002,0.00040535573760325304,0.004115718780000001,0.04015711559999998,0.0071579398,0.003751742780000001,0.00825118278
2023,16,mattcl-py,input-pting,python,0.20616461613714288,0.003071517293108621,0.20509827178,2.3250550399999996,0.13847237428571427,0.20270281378000002,0.21356501978
2023,16,pting,input-pting,python,0.20434294570857145,0.003853424864069455,0.20376471028,2.255910254285714,0.11659030285714285,0.19735219078000002,0.21236776978000002
