year,day,participant,input,language,mean,stddev,median,user,system,min,max
2023,16,mattcl,input-mattcl,rust,0.005316934140000002,0.0007054480992709732,0.005114029060000001,0.05880649499999999,0.0030062307999999993,0.00452211156,0.009623843560000001
2023,16,mattcl-py,input-mattcl,python,0.26792520356000005,0.0043338586067894706,0.26838898256,3.1768975,0.16153056,0.26204219756,0.27453041156
2023,16,pting,input-mattcl,python,0.25479288301454556,0.00371034716334511,0.25558282156,3.004871636363637,0.12691819636363635,0.24920252256,0.26321340656000003
2023,16,mattcl,input-pting,rust,0.004051174675000002,0.0003829658465595426,0.00400976106,0.038548219999999994,0.007053621199999999,0.0033292975600000005,0.00609300156
2023,16,mattcl-py,input-pting,python,0.20831153370285718,0.002043014544998782,0.20803976906000002,2.3464820714285715,0.13597948857142855,0.20459478356000002,0.21089233556
2023,16,pting,input-pting,python,0.2058614461314286,0.0026678748008166072,0.20600270256000003,2.2499814285714286,0.12650698857142856,0.20241939856000002,0.21064926956000002
