year,day,participant,input,language,mean,stddev,median,user,system,min,max
2023,16,mattcl,input-mattcl,rust,0.005714709974999999,0.00474125072088436,0.0052446627000000004,0.059189155000000014,0.0027671812000000006,0.004830327200000001,0.0720976452
2023,16,mattcl-py,input-mattcl,python,0.2679746279272727,0.003309340043966566,0.2674824672,3.210954092727273,0.15050332181818177,0.2636822992,0.2739884862
2023,16,pting,input-mattcl,python,0.2550001215636364,0.0032022044922645813,0.2552971952,2.99080582,0.13879141272727272,0.24869287420000002,0.2595610112
2023,16,mattcl,input-pting,rust,0.004217690549999998,0.0005271680737241471,0.0041027672,0.03802846930000001,0.0074635614000000015,0.0034852712,0.0075676272000000004
2023,16,mattcl-py,input-pting,python,0.2079115609142857,0.0022224609934318428,0.20792978020000003,2.333798034285714,0.14268206857142857,0.20453614220000002,0.2122915482
2023,16,pting,input-pting,python,0.20409420141428572,0.0024781644301286342,0.2038334792,2.2439043199999995,0.12225306857142855,0.20048551620000002,0.2087154202
