year,day,participant,input,language,mean,stddev,median,user,system,min,max
2023,16,mattcl,input-mattcl,rust,0.005561285545,0.0006318369862188756,0.0053873597,0.06348651500000002,0.0015051751999999995,0.0048190157,0.0092362227
2023,16,mattcl-py,input-mattcl,python,0.36109624532499995,0.0051741545256475,0.3595983612,4.544578209999999,0.208052965,0.35646490670000003,0.3725854737
2023,16,pting,input-mattcl,python,0.26492684597272725,0.004368948843774834,0.2653345937,3.1232205054545448,0.13071979454545454,0.2575602857,0.2719061117
