year,day,participant,input,language,mean,stddev,median,user,system,min,max
2023,16,mattcl,input-mattcl,rust,0.005355931875000001,0.000643088038694082,0.00521537702,0.060471071,0.001767499599999999,0.0048918350200000005,0.01080554102
2023,16,mattcl-py,input-mattcl,python,0.26524772156545456,0.002939524327837228,0.26449922402,3.1671648909090906,0.15648354727272726,0.26137780202,0.27068477802
2023,16,pting,input-mattcl,python,0.25612840347454546,0.006873254942002442,0.25570651002,2.974733890909091,0.11778709272727271,0.24765428302,0.27228791802
2023,16,mattcl,input-pting,rust,0.0042208785,0.0004704857341698217,0.00416571202,0.03892066900000001,0.006641047800000001,0.00341514302,0.006797331020000001
2023,16,mattcl-py,input-pting,python,0.20775539902,0.0038747960689974794,0.20689073052,2.3121245857142854,0.14258010571428573,0.20311129402,0.21928195202
2023,16,pting,input-pting,python,0.20162871237714283,0.0015643556759321097,0.20165131652,2.2164024428571425,0.12855074857142856,0.19848203202,0.20429819502
