year,day,participant,input,language,mean,stddev,median,user,system,min,max
2023,16,lanjian,input-lanjian,rust,0.05174074858771932,0.0009262081321291996,0.0514705645,0.050454869824561405,0.0012220835087719296,0.050671661500000006,0.05486994950000001
2023,16,mattcl,input-lanjian,rust,0.006305380905000001,0.0006277995062506212,0.006151189500000001,0.07484906999999998,0.0022188878,0.005739926500000001,0.010791719500000001
2023,16,mattcl-py,input-lanjian,python,0.33014024827777777,0.006175374087736205,0.3301606975,4.128807384444444,0.17690820888888883,0.3201390735,0.3385460025
2023,16,pting,input-lanjian,python,0.31668132172222224,0.004024443381717107,0.3151016875,3.8361920511111114,0.13741954222222222,0.31153207250000003,0.3255648175
2023,16,lanjian,input-mattcl,rust,0.04330073139855074,0.0010194859906948659,0.042980853500000006,0.042347577681159404,0.0008525321739130435,0.0420462065,0.0470462935
2023,16,mattcl,input-mattcl,rust,0.005299624275000002,0.0005093245270624727,0.005171278500000001,0.05935353,0.0024070976,0.004735727500000001,0.008997444500000002
2023,16,mattcl-py,input-mattcl,python,0.26363155259090915,0.004410651058156592,0.2634627425,3.1699825763636356,0.1580144109090909,0.2575373955,0.2719475045
2023,16,pting,input-mattcl,python,0.2571318815909091,0.004056505071612134,0.2579217945,3.0202983036363635,0.11796886545454545,0.2515424595,0.2651174055
2023,16,lanjian,input-pting,rust,0.03231956281868131,0.0009115537798787529,0.031959861500000006,0.031006467472527482,0.0012232729670329668,0.031268409500000004,0.034982662500000004
2023,16,mattcl,input-pting,rust,0.004293351564999998,0.00047373517411788545,0.004195042500000001,0.0403688007,0.0066054496,0.003690775500000001,0.007438460500000001
2023,16,mattcl-py,input-pting,python,0.20283297142857143,0.003183902978201767,0.2026339895,2.2888384399999997,0.1371870342857143,0.1982288345,0.2102002735
2023,16,pting,input-pting,python,0.19925685692857145,0.0017329334827841103,0.1992337435,2.215520582857143,0.11729424857142856,0.1966342535,0.2027059735
