year,day,participant,input,language,mean,stddev,median,user,system,min,max
2023,16,mattcl,input-mattcl,rust,0.005528021285000001,0.000499419635628663,0.00541950714,0.06401718499999999,0.0017482245000000002,0.00505706964,0.008643180640000001
2023,16,mattcl-py,input-mattcl,python,0.339658326015,0.004756477553255944,0.33933546914,4.218552169999999,0.203887985,0.33121840164000005,0.34584862464000005
2023,16,pting,input-mattcl,python,0.2993387463066667,0.005212733404716613,0.29790104064000006,1.6555396422222222,0.05758641555555555,0.29463347464000006,0.31136115464
2023,16,mattcl,input-pting,rust,0.004278501225,0.0004487694013471845,0.00421369064,0.03917962089999999,0.0077030781,0.0035537246400000003,0.007145617640000001
2023,16,mattcl-py,input-pting,python,0.25084195180666663,0.0020477299086043873,0.25080447464,2.900222503333333,0.20578494333333333,0.24791204564,0.25359546364
2023,16,pting,input-pting,python,0.2188837038542857,0.018907935663871615,0.21458662614000001,1.2126367057142855,0.05630336000000001,0.21008362264,0.28421487264
