year,day,participant,input,language,mean,stddev,median,user,system,min,max
2023,16,mattcl,input-mattcl,rust,0.005487139310000003,0.00047346348802008786,0.00539781458,0.06361527499999999,0.0017198954999999997,0.0050201175800000004,0.00851309858
2023,16,mattcl-py,input-mattcl,python,0.34297882483000003,0.00225712782498281,0.34241291108,4.292045474999999,0.196916425,0.33921575358,0.34558352158
2023,16,pting,input-mattcl,python,0.30166219002444444,0.007737816867064235,0.29827428058,1.6393485444444442,0.06953463333333333,0.29683273458000003,0.31946263858
2023,16,mattcl,input-pting,rust,0.0043269084399999965,0.0005216404408775215,0.00421298858,0.041293209499999976,0.006941484000000001,0.00373746958,0.007313146580000001
2023,16,mattcl-py,input-pting,python,0.2512217626709091,0.0032143700621123732,0.25027427858,2.9283279181818176,0.20631402727272727,0.24786535458,0.25819697258
2023,16,pting,input-pting,python,0.2132533367942857,0.0024356228787062078,0.21268965258,1.1968100285714287,0.05456222857142857,0.20936121758,0.21950835258
