year,day,participant,input,language,mean,stddev,median,user,system,min,max
2023,16,mattcl,input-mattcl,rust,0.005578459930000002,0.0004313727241444598,0.005470602060000001,0.06356003999999998,0.0015342837,0.004988685560000001,0.007813608560000001
2023,16,mattcl-py,input-mattcl,python,0.35929739206000005,0.003585879494503988,0.35847599606,4.501976849999999,0.21871493999999994,0.35521405056000005,0.36435826156
2023,16,pting,input-mattcl,python,0.2653256123781818,0.004688270753202418,0.26497254656,3.1098136454545453,0.13733857636363636,0.25708477556000003,0.27340715056000003
2023,16,mattcl,input-pting,rust,0.004234225334999999,0.000539688821070901,0.00413804506,0.037720562,0.0077747541,0.0034605085600000005,0.00683632056
2023,16,mattcl-py,input-pting,python,0.26678329274181817,0.002903026731403827,0.26584898756,3.110925554545455,0.21442930363636362,0.26320335056,0.27093641356000003
2023,16,pting,input-pting,python,0.20768592741714284,0.002225974914541449,0.20659328556,2.2744726714285712,0.12753244,0.20485433856000002,0.21211801356
