year,day,participant,input,language,mean,stddev,median,user,system,min,max
2023,16,mattcl,input-mattcl,rust,0.005259901100000003,0.00048779072883771033,0.00515323294,0.05963150999999999,0.0022623979999999997,0.00484446544,0.009452356440000002
2023,16,mattcl-py,input-mattcl,python,0.26446257380363647,0.0016370965613775692,0.26373238444,3.166934867272727,0.15965165454545452,0.26232891944000003,0.26727975144000005
2023,16,pting,input-mattcl,python,0.2579985330763637,0.003870425239717358,0.25765214844000006,2.975557594545455,0.13419538181818183,0.25197210244000007,0.26730757444000003
2023,16,mattcl,input-pting,rust,0.004885668325,0.004715775112663661,0.00428172694,0.03973832309999998,0.0063541560000000006,0.00343084044,0.06232410744
2023,16,mattcl-py,input-pting,python,0.2092383458685714,0.00403225401198073,0.20897512694000003,2.3186925685714286,0.14766277142857143,0.20427183744000002,0.21652947144
2023,16,pting,input-pting,python,0.20960244051142857,0.0162974658496113,0.20345965794,2.256156211428571,0.10919362857142856,0.19854470244,0.25407485744
