year,day,participant,input,language,mean,stddev,median,user,system,min,max
2023,16,mattcl,input-mattcl,rust,0.00524001853,0.000553109126724362,0.00509495468,0.058983067599999994,0.003023379,0.00466222968,0.00794034468
2023,16,mattcl-py,input-mattcl,python,0.26345017149818184,0.00361592755987091,0.26456784768,3.1712110127272726,0.14131790000000002,0.25695676668,0.26909943668
2023,16,pting,input-mattcl,python,0.25460387504363635,0.004156338571238303,0.25443197068,2.9986835581818183,0.11985199090909092,0.24710384968000002,0.26048463768
2023,16,mattcl,input-pting,rust,0.004119232045,0.0007232788885212987,0.00398515868,0.03850040599999998,0.0066701239999999995,0.00314569368,0.00958850768
2023,16,mattcl-py,input-pting,python,0.20695109967999997,0.0030348848245696594,0.20666654118,2.3315330257142857,0.1286804,0.20290187168,0.21362124868
2023,16,pting,input-pting,python,0.20162845203714289,0.002247210341322206,0.20166840817999998,2.2205064542857142,0.12422854285714284,0.19710577668,0.20761445868
