year,day,participant,input,language,mean,stddev,median,user,system,min,max
2023,16,lanjian,input-lanjian,rust,0.05251603606888892,0.0011629766822135318,0.05229835318000001,0.051410328888888884,0.0010435585185185185,0.05047548268,0.055389966680000007
2023,16,mattcl,input-lanjian,rust,0.006346657800000005,0.000548942601995659,0.006243479180000001,0.07562409499999999,0.0020594467999999998,0.005726231680000001,0.011321809680000001
2023,16,mattcl-py,input-lanjian,python,0.33300520718,0.0018962123079227457,0.33269330518,4.155892314999999,0.175259955,0.33117371168000004,0.33698565468
2023,16,pting,input-lanjian,python,0.31959202145777776,0.002699463260839822,0.32048063568,3.886007995555555,0.1519151911111111,0.31445871968,0.32230327568
2023,16,lanjian,input-mattcl,rust,0.04399586447104479,0.0011586516516082002,0.043595881680000004,0.04269427582089554,0.0012297026865671645,0.042255242680000006,0.046908949680000006
2023,16,mattcl,input-mattcl,rust,0.005364975845000001,0.0005177708229220963,0.0052137521800000005,0.06045925000000001,0.0018876718000000001,0.004860812680000001,0.00813101968
2023,16,mattcl-py,input-mattcl,python,0.2687095137709092,0.004692395405049735,0.26824371568,3.203879076363636,0.16573098909090908,0.26105415568,0.27537261468
2023,16,pting,input-mattcl,python,0.2641384557709091,0.003613924846144402,0.26496559268000003,3.0656604400000007,0.13073353454545455,0.25823138368000004,0.27066965568
2023,16,lanjian,input-pting,rust,0.03284580131636364,0.0010062895593153745,0.03262927318,0.031486905909090916,0.0012416900000000004,0.031530338680000006,0.035805977680000003
2023,16,mattcl,input-pting,rust,0.004260463484999999,0.00035481510715410766,0.0042018841800000005,0.041161709799999995,0.006044628200000002,0.0038859576800000005,0.006764442680000001
2023,16,mattcl-py,input-pting,python,0.20694363268000002,0.0022667444804250784,0.20678655568,2.339109797142857,0.12942772285714285,0.20288032668,0.21076456968
2023,16,pting,input-pting,python,0.20263031396571432,0.0028227002394700345,0.20253375468,2.234484368571429,0.12635108,0.19803326068000002,0.20746285168
