year,day,participant,input,language,mean,stddev,median,user,system,min,max
2023,16,mattcl,input-mattcl,rust,0.005520078525000003,0.000532683436807818,0.005390211220000001,0.06328297499999998,0.0017837616,0.00475813322,0.00866998322
2023,16,mattcl-py,input-mattcl,python,0.357077736345,0.005045882947513892,0.35610094322,4.511337455,0.21553302000000002,0.35108482622000003,0.36369042322
