year,day,participant,input,language,mean,stddev,median,user,system,min,max
2023,16,lanjian,input-lanjian,rust,0.05148927392642858,0.0010571609013224892,0.05124368948,0.051057859999999976,0.0004156357142857142,0.04987275648,0.05469558048
2023,16,mattcl,input-lanjian,rust,0.006229911319999999,0.000567878131950662,0.00612015348,0.07542852500000005,0.002211298,0.00573212148,0.010777271480000001
2023,16,mattcl-py,input-lanjian,python,0.33338402448,0.005196133948550448,0.33449427748,4.19389936,0.1497765822222222,0.32412490648000003,0.34096973548000004
2023,16,pting,input-lanjian,python,0.3205206862577778,0.004471619420034144,0.31883577848,3.8867824711111103,0.13274436,0.31606481848,0.32894405048
2023,16,lanjian,input-mattcl,rust,0.042809784280000006,0.0009505825766563958,0.04253266798,0.04177556,0.0009628702857142856,0.04108813348,0.04511617748
2023,16,mattcl,input-mattcl,rust,0.005275286610000002,0.0005536500900500924,0.005140273480000001,0.0594693582,0.002670452000000001,0.00479866448,0.008941483480000002
2023,16,mattcl-py,input-mattcl,python,0.26799715057090906,0.0023993421075212853,0.26739036048000003,3.2238334509090905,0.14637972363636362,0.26540894948,0.27387250048
2023,16,pting,input-mattcl,python,0.2639862608436364,0.005328112269186819,0.26344798448,3.073326087272727,0.12821308727272726,0.25509371848,0.27520015748000004
2023,16,lanjian,input-pting,rust,0.03222961443652173,0.0009358843290544813,0.031897899480000005,0.031149936086956515,0.0010244265217391304,0.03115471748,0.03527835148
2023,16,mattcl,input-pting,rust,0.004190784420000001,0.0004125097499570702,0.004109963479999999,0.04303113519999999,0.004165262400000001,0.0034732504799999996,0.00680504148
2023,16,mattcl-py,input-pting,python,0.20639971462285714,0.002662490067127642,0.20572299748,2.330351431428571,0.14202407428571426,0.20323026848,0.21277735948
2023,16,pting,input-pting,python,0.20313032748,0.002664493569131525,0.20262533948,2.221196074285714,0.14316721714285713,0.19999475748,0.20833419748
