year,day,participant,input,language,mean,stddev,median,user,system,min,max
2023,16,lanjian,input-lanjian,rust,0.05078815100421054,0.0008895107911055895,0.050692638320000004,0.0496105901754386,0.0011303203508771927,0.04932649132,0.05294491532
2023,16,mattcl,input-lanjian,rust,0.0064129647349999985,0.0006561075180647519,0.00625213232,0.07528340999999997,0.0016971570000000004,0.00584429932,0.011190968320000001
2023,16,mattcl-py,input-lanjian,python,0.33143629187555557,0.005033532382458321,0.33119117132,4.156117631111111,0.14800453999999996,0.32651921532,0.34378091832
2023,16,pting,input-lanjian,python,0.3167060934311111,0.0038317186291836587,0.31627407332,3.8472682977777777,0.14707987333333333,0.31026134732,0.32471651832
2023,16,lanjian,input-mattcl,rust,0.042159119474929584,0.0008547429229015276,0.04195443932,0.04101985802816903,0.0010306884507042251,0.04041111032,0.04515606332
2023,16,mattcl,input-mattcl,rust,0.005371340609999997,0.0006058620447717623,0.00526083182,0.059939037400000006,0.0023033901000000002,0.00485707032,0.011373209320000001
2023,16,mattcl-py,input-mattcl,python,0.2670861157745455,0.003379782987228237,0.26750106532,3.197989792727272,0.1495619036363636,0.25818755032,0.27066274432
2023,16,pting,input-mattcl,python,0.2568125605018182,0.004453470935159845,0.25678606532,2.9719747018181817,0.1480244490909091,0.25114596732,0.26317888232
2023,16,lanjian,input-pting,rust,0.031999985733043475,0.0009041237011384744,0.03176597082,0.030655552608695645,0.001282172826086956,0.030880538319999998,0.03479277232
2023,16,mattcl,input-pting,rust,0.004334788560000001,0.000615049713997964,0.004212243819999999,0.039036247999999996,0.007556867800000002,0.00368190132,0.00994017632
2023,16,mattcl-py,input-pting,python,0.20388065996285717,0.0028011872406617645,0.20325056782,2.2931993771428574,0.13166011142857142,0.19987527332000002,0.20877994332000002
2023,16,pting,input-pting,python,0.20006312365333334,0.0020198289188045324,0.19965612332000002,2.213087653333333,0.11276614,0.19751856132,0.20562012832
