year,day,participant,input,language,mean,stddev,median,user,system,min,max
2023,16,mattcl,input-mattcl,rust,0.005486757135,0.000574149085026988,0.0053562837000000005,0.0634944,0.0016269279999999997,0.0048864352,0.010795766200000001
2023,16,mattcl-py,input-mattcl,python,0.35848875620000004,0.003983551124906921,0.35763516370000004,4.489328925000001,0.22565904999999997,0.3538841132,0.3651266792
2023,16,pting,input-mattcl,python,0.2998982985333333,0.004689285117478888,0.2993533852,1.6344716888888888,0.07480068888888888,0.2963246902,0.3118120742
2023,16,mattcl,input-pting,rust,0.0042539251600000015,0.00045075715495415057,0.0041647952,0.04206859799999999,0.005257916999999998,0.0036753602,0.0077011992
2023,16,mattcl-py,input-pting,python,0.26413708810909087,0.002429352211043489,0.2646176152,3.096358709090909,0.19840952727272726,0.2594417662,0.2680093672
2023,16,pting,input-pting,python,0.21247745173846155,0.0017328663011358097,0.21227036920000003,1.1956102615384616,0.054307953846153834,0.21022748820000003,0.21665767420000004
