year,day,participant,input,language,mean,stddev,median,user,system,min,max
2023,16,mattcl,input-mattcl,rust,0.005350427015,0.0005034083653216253,0.005238836960000001,0.061121535,0.0016505813999999996,0.004885951960000001,0.009712208960000001
2023,16,mattcl-py,input-mattcl,python,0.26398755795999995,0.003776706043528254,0.26314061796,3.1962988527272724,0.12984753090909093,0.25922951396,0.27099224296
2023,16,pting,input-mattcl,python,0.30949013551555554,0.015231966417907679,0.30291442496,1.7041994688888886,0.06367743999999999,0.29799124796,0.34610529196
2023,16,mattcl,input-pting,rust,0.004306255029999999,0.0005919964241566809,0.00417836846,0.04021688700000001,0.0067485572000000014,0.0036417449599999998,0.00899131996
2023,16,mattcl-py,input-pting,python,0.20542261146000004,0.002085344879794619,0.20613330246,2.3221240799999996,0.12279844000000002,0.20185410796000003,0.20842412696
2023,16,pting,input-pting,python,0.21507273760285717,0.0058699483540359835,0.21366076046000002,1.2097299371428571,0.05264236857142857,0.21133007096,0.23493625996
