year,day,participant,input,language,mean,stddev,median,user,system,min,max
2023,16,mattcl,input-mattcl,rust,0.022533958133333334,0.0006842959916980411,0.0224693853,0.21502078500000013,0.092588085,0.0216533498,0.0276456248
