year,day,participant,input,language,mean,stddev,median,user,system,min,max
2023,16,lanjian,input-lanjian,rust,0.05114083855379311,0.0007726951889938362,0.05102400214,0.05028449172413793,0.0008232310344827585,0.04988131464,0.053047877640000005
2023,16,mattcl,input-lanjian,rust,0.006227546299999997,0.0004731162014877479,0.00614832264,0.07554695999999998,0.001937025,0.0057181826400000005,0.01060328064
2023,16,mattcl-py,input-lanjian,python,0.33336470508444443,0.004851365819673644,0.33172230164,4.148317828888889,0.17550965555555556,0.32717459664000004,0.34178132564
2023,16,pting,input-lanjian,python,0.3230128317511112,0.007259129164738036,0.32108643964,3.9091840511111107,0.1365627666666667,0.31475629964,0.33920255364
2023,16,lanjian,input-mattcl,rust,0.04338107033999999,0.005436843382937446,0.04236431564,0.04176419714285716,0.000925387142857143,0.04095526964,0.08751745764
2023,16,mattcl,input-mattcl,rust,0.005301944169999998,0.0007081765104744281,0.005148999140000001,0.06053772529999999,0.0017407019999999998,0.00470231364,0.01190341164
2023,16,mattcl-py,input-mattcl,python,0.26724078445818183,0.002666201168102164,0.26791316764,3.2094702127272727,0.14907882727272728,0.26213642264000003,0.27042565664
2023,16,pting,input-mattcl,python,0.26340208109454544,0.0038794238499915545,0.26332544764,3.067041030909091,0.12935882727272727,0.25563442364,0.26955274464
2023,16,lanjian,input-pting,rust,0.03229335340595746,0.0010033167700503715,0.031928607139999995,0.030889557021276593,0.0013460287234042553,0.030715378640000002,0.03498413164
2023,16,mattcl,input-pting,rust,0.0041498344549999976,0.00033512247260241525,0.0041032631400000005,0.039299341599999996,0.007302982000000001,0.0033580196400000003,0.0064434496400000004
2023,16,mattcl-py,input-pting,python,0.20563902735428571,0.002835173886991397,0.20476153714,2.321990297142857,0.13979360000000002,0.20255202864,0.21165322164
2023,16,pting,input-pting,python,0.20192458678285718,0.002406378927428955,0.20177990064,2.2504699399999994,0.11148181428571428,0.19680380764,0.20701670964
