year,day,participant,input,language,mean,stddev,median,user,system,min,max
2023,16,lanjian,input-lanjian,rust,0.052397218777037013,0.0010150819640805798,0.05212385774,0.05122380814814815,0.001095662962962963,0.05103751124000001,0.05520314224
2023,16,mattcl,input-lanjian,rust,0.006422753550000004,0.0005562851871936547,0.00628030024,0.07539485500000005,0.0022523402,0.00585714824,0.010561067240000001
2023,16,mattcl-py,input-lanjian,python,0.3311371104622223,0.0020073232066149527,0.33142029724,4.165537548888889,0.1617665511111111,0.32747822424,0.33416918724
2023,16,pting,input-lanjian,python,0.31858842046222224,0.004197454485490733,0.31877304224,3.887629326666667,0.1401453288888889,0.31060731024,0.32599694424000003
2023,16,lanjian,input-mattcl,rust,0.04383641460231885,0.0011867250046273788,0.04354275324,0.04226089188405796,0.001484504927536232,0.04184438724,0.04698774724
2023,16,mattcl,input-mattcl,rust,0.005418892035000003,0.0005208699549005331,0.00530731624,0.06083864000000002,0.0019839042,0.00491486724,0.00984167124
2023,16,mattcl-py,input-mattcl,python,0.2673475141490909,0.0046526500869658914,0.26753743624,3.1828775690909086,0.16605662181818184,0.25928751524,0.27419125124
2023,16,pting,input-mattcl,python,0.2612774288763636,0.003461200980303924,0.26274986224,3.051628023636364,0.11753353090909092,0.25558145424,0.26583974124
2023,16,lanjian,input-pting,rust,0.032705293207032964,0.0009978987026518769,0.03237784224,0.03163316549450548,0.0009562,0.03140142524,0.03640532324
2023,16,mattcl,input-pting,rust,0.004480760654999998,0.0007132311655207822,0.00431286574,0.03967170910000002,0.0079323008,0.0033517042400000004,0.010637560240000002
2023,16,mattcl-py,input-pting,python,0.20447568959714288,0.0027082723417500357,0.20433487724,2.3045158028571433,0.14265236857142857,0.20094356424,0.21045110624
2023,16,pting,input-pting,python,0.20335090488285718,0.002663445850905224,0.20320810924,2.2324689457142854,0.1306692257142857,0.19867041224,0.20747695324
