year,day,participant,input,language,mean,stddev,median,user,system,min,max
2023,16,mattcl,input-mattcl,rust,0.005358875635000002,0.0004119169156164073,0.005282709620000001,0.059859744999999985,0.0024983173000000004,0.004901296120000001,0.00779655212
2023,16,mattcl-py,input-mattcl,python,0.26514988157454544,0.005535741607988363,0.26465191412,3.141958278181818,0.15699135090909092,0.25563650912,0.27444607412
2023,16,pting,input-mattcl,python,0.25499517953666667,0.0032525889882965685,0.25467280112,2.9778332933333336,0.1329384266666667,0.24804773312,0.25909743412
2023,16,mattcl,input-pting,rust,0.004215822420000002,0.0004672408829047156,0.00416724762,0.03708982019999999,0.008634356899999997,0.0034758391200000005,0.0070737601200000005
2023,16,mattcl-py,input-pting,python,0.2086404604057143,0.00483347849612599,0.20678541662,2.350450817142857,0.11445218857142857,0.20352184212000002,0.21997691312
2023,16,pting,input-pting,python,0.20286683012,0.0025602000731048662,0.20226936462,2.2379166028571427,0.11815918857142858,0.19913437412,0.20927760912
