year,day,participant,input,language,mean,stddev,median,user,system,min,max
2023,16,lanjian,input-lanjian,rust,0.05145607893636365,0.0012833988575328573,0.050941647300000004,0.050800818181818176,0.0005814327272727273,0.049885498300000004,0.0547900033
2023,16,mattcl,input-lanjian,rust,0.006248323520000002,0.0004942248478448325,0.0061288918,0.07471599000000001,0.0027410840000000013,0.0057353803000000005,0.009516540300000001
2023,16,mattcl-py,input-lanjian,python,0.32989452374444445,0.0024267981169608594,0.33044261430000005,4.149838577777777,0.1668594,0.3259303953,0.3326420143
2023,16,pting,input-lanjian,python,0.32078205574444446,0.005153437472999447,0.31864693330000005,3.905415355555556,0.1425434,0.3170772223,0.3302366673
2023,16,lanjian,input-mattcl,rust,0.04293776248309859,0.001013994476562419,0.042952325300000004,0.041955123943661986,0.0009070394366197182,0.041179104300000005,0.0451636963
2023,16,mattcl,input-mattcl,rust,0.005310445535000003,0.0005488973294856446,0.0051678263,0.059426175000000026,0.0025999360000000006,0.0047567873,0.008960960300000001
2023,16,mattcl-py,input-mattcl,python,0.2676347413909091,0.003115826688675653,0.26875338530000004,3.2044791636363636,0.14896494545454544,0.26083878330000004,0.27191970330000004
2023,16,pting,input-mattcl,python,0.2567469443909091,0.004258861299296991,0.25612890330000004,3.020975345454545,0.12772703636363636,0.25042439930000004,0.2656110983
2023,16,lanjian,input-pting,rust,0.03207896411111111,0.000690281143856534,0.0319137628,0.031111933333333338,0.0008714133333333331,0.0311066413,0.0344162693
2023,16,mattcl,input-pting,rust,0.004278691509999999,0.0004762747773166411,0.004178648300000001,0.041180086000000005,0.005832360999999998,0.0036712943,0.0067301423
2023,16,mattcl-py,input-pting,python,0.2036274335857143,0.001799806981875705,0.2034113013,2.3077015142857142,0.14284611428571425,0.20074591430000002,0.20733202830000003
2023,16,pting,input-pting,python,0.2019647199,0.0039037119495440643,0.20013694430000004,2.2302624,0.11923386666666667,0.19709879430000002,0.21193573930000004
