year,day,participant,input,language,mean,stddev,median,user,system,min,max
2023,16,lanjian,input-lanjian,rust,0.05149579240105263,0.0009141895108216845,0.05151990898,0.05054582701754386,0.0008899326315789472,0.04956675498,0.05389114398
2023,16,mattcl,input-lanjian,rust,0.006290557250000003,0.0005554053050689748,0.0061562134800000005,0.07558541000000002,0.0018753645999999996,0.005684475980000001,0.01026156798
2023,16,mattcl-py,input-lanjian,python,0.3331769797577778,0.006430885399941998,0.33459056098000006,4.153102575555555,0.17060649555555554,0.32214501998000006,0.34270498998000004
2023,16,pting,input-lanjian,python,0.3191870605355556,0.004285121559766132,0.31778815898000007,3.903320353333333,0.1349260511111111,0.31434099098000007,0.32934049898000006
2023,16,lanjian,input-mattcl,rust,0.0428495788942857,0.0013408376952622441,0.042358469479999994,0.041950362857142875,0.0008322525714285715,0.04087241098,0.045961059979999996
2023,16,mattcl,input-mattcl,rust,0.005322667975,0.0005290169233293575,0.00518763048,0.06085611999999998,0.0016121252,0.004807404980000001,0.008952267980000001
2023,16,mattcl-py,input-mattcl,python,0.26817853688909093,0.002903358576116993,0.26718917498000005,3.194166201818182,0.16764784909090907,0.26442420398000005,0.27405565898000006
2023,16,pting,input-mattcl,python,0.26000966107090906,0.0024867651766694635,0.25870298098000005,3.0307189290909093,0.14043975818181817,0.25629390398,0.26272157798000007
2023,16,lanjian,input-pting,rust,0.03267650121076923,0.0011486299566835561,0.032246223979999995,0.03167078923076923,0.0009322336263736264,0.030930472980000002,0.03579398198
2023,16,mattcl,input-pting,rust,0.004261269745,0.00041862570204010714,0.004177340980000001,0.041264798600000006,0.005929557600000001,0.0035621049800000004,0.00715707098
2023,16,mattcl-py,input-pting,python,0.20462939162285712,0.002510357316216211,0.20377989748000003,2.295246877142857,0.1536415114285714,0.20114276398,0.20949484798
2023,16,pting,input-pting,python,0.2005872804085714,0.0018291332471933978,0.20012657348000001,2.227053162857143,0.12220186857142856,0.19798090998,0.20403470498
