year,day,participant,input,language,mean,stddev,median,user,system,min,max
2023,16,mattcl,input-mattcl,rust,0.005281742505,0.0004891604685805578,0.00519140066,0.059973855000000034,0.0021674923999999993,0.00479384566,0.00986293366
2023,16,mattcl-py,input-mattcl,python,0.2641382928418182,0.0035580295102687607,0.26461026766,3.1761374545454544,0.1469123127272727,0.25741662366,0.26775016466
2023,16,pting,input-mattcl,python,0.2651577017509091,0.004519109900420607,0.26574157566,3.1119221818181817,0.12931231272727273,0.25600132566,0.27348349566
2023,16,mattcl,input-pting,rust,0.004263931715000001,0.0004327723033241783,0.00418341866,0.040205874999999995,0.0067553014,0.0036595526600000003,0.00797228466
2023,16,mattcl-py,input-pting,python,0.20592563501714292,0.002695098800940005,0.20500735266000003,2.3086848571428575,0.14613954,0.20215594566000003,0.21167759766000002
2023,16,pting,input-pting,python,0.2073521842314286,0.0034860664626053073,0.20605452216000003,2.266047571428571,0.1295487542857143,0.20395040466000003,0.21481650166000002
