year,day,participant,input,language,mean,stddev,median,user,system,min,max
2023,16,lanjian,input-lanjian,rust,0.052788821316363636,0.0010416920511098092,0.052570472480000005,0.051390221818181814,0.001341714181818182,0.05125542248000001,0.055282285480000005
2023,16,mattcl,input-lanjian,rust,0.006378013704999999,0.0005658371909770498,0.00623178498,0.07526501999999999,0.0018003462,0.005848257480000001,0.01000026448
2023,16,mattcl-py,input-lanjian,python,0.33500087536888895,0.007694749577780407,0.33277527848000005,4.128147017777778,0.1532690022222222,0.32784873348000004,0.35208432148
2023,16,pting,input-lanjian,python,0.3180716087022223,0.004239276086416789,0.31729715548000004,3.860792573333333,0.15132833555555558,0.31244855348,0.32665574248
2023,16,lanjian,input-mattcl,rust,0.044068815847647054,0.0011613131435069769,0.04390352348,0.0429924605882353,0.00101754,0.042516233480000006,0.04745558348
2023,16,mattcl,input-mattcl,rust,0.00543087761,0.0005796045595070056,0.00525608448,0.06003352879999997,0.0019007977999999997,0.00482973148,0.00865084048
2023,16,mattcl-py,input-mattcl,python,0.26603861493454545,0.0054238172593617795,0.26597698748000004,3.1797095127272725,0.1618086890909091,0.25836459648000004,0.27744472148000004
2023,16,pting,input-mattcl,python,0.25853366475272727,0.004762527287835438,0.25818625348,3.0281269672727267,0.11306023454545454,0.25280850248000003,0.26704895348
2023,16,lanjian,input-pting,rust,0.03348310748,0.0009925905960899394,0.033127089480000003,0.03220528494382022,0.0011947761797752806,0.032053219480000006,0.03660793048
2023,16,mattcl,input-pting,rust,0.004379504675,0.0005704075120540364,0.0042635074799999995,0.04237746559999997,0.004487029399999999,0.00342045548,0.00873161148
2023,16,mattcl-py,input-pting,python,0.20388049098000002,0.0024750195765946706,0.20393529048000003,2.300100882857143,0.14576613714285713,0.19994760448,0.20946176248
2023,16,pting,input-pting,python,0.20155201848,0.003249103815489576,0.20105773698,2.2018095971428564,0.14371820857142859,0.19765368248,0.20724779148000003
