year,day,participant,input,language,mean,stddev,median,user,system,min,max
2023,16,mattcl,input-mattcl,rust,0.0053763206499999995,0.000651130963562322,0.00523239666,0.0594489628,0.0023534088,0.00473001166,0.01059862866
2023,16,mattcl-py,input-mattcl,python,0.2708374522054546,0.012862160251346696,0.26676736766000003,3.1639619854545455,0.15248061090909087,0.25754829166000004,0.30727241866000005
2023,16,pting,input-mattcl,python,0.2558032471145455,0.00372258284449671,0.25367078066000004,2.9576275309090905,0.13366233818181816,0.25092642766000006,0.26199976866
2023,16,mattcl,input-pting,rust,0.004184249364999997,0.00041742442928135174,0.00416846166,0.038846044400000015,0.006732929799999998,0.0034748546600000007,0.00676132166
2023,16,mattcl-py,input-pting,python,0.20915524508857142,0.0056689130878807645,0.20781237466000002,2.341681368571429,0.1278997342857143,0.20209109366,0.22225351666
2023,16,pting,input-pting,python,0.20418477744571426,0.005653730386918905,0.20278716466000002,2.2289320114285713,0.12115144857142855,0.19932009966,0.21962722366
