year,day,participant,input,language,mean,stddev,median,user,system,min,max
2023,16,lanjian,input-lanjian,rust,0.050789574837288146,0.0009556021004948397,0.0506785536,0.049771211186440685,0.0010105816949152542,0.0490498846,0.0532778686
2023,16,mattcl,input-lanjian,rust,0.006232513344999999,0.0004541247475918448,0.0061284366,0.07551049499999997,0.0019431383999999998,0.0057740186,0.0088810226
2023,16,mattcl-py,input-lanjian,python,0.3316436476,0.004237529104640645,0.3304570751,4.170116315,0.16723005999999999,0.32535526060000003,0.3383269796
2023,16,pting,input-lanjian,python,0.31920739482222227,0.0035709065977690487,0.3182262986,3.868857717777778,0.1418824488888889,0.3168657616,0.32843472260000006
2023,16,lanjian,input-mattcl,rust,0.043142132030555565,0.006344021517108571,0.04191311760000001,0.04136132888888888,0.000775535,0.040400374600000004,0.0920268426
2023,16,mattcl,input-mattcl,rust,0.005750504140000001,0.0043421093680807,0.0051918336,0.06048612500000001,0.0018572192,0.0047123606,0.0577152126
2023,16,mattcl-py,input-mattcl,python,0.26676122032727273,0.00347732099388262,0.2669700326,3.2123053036363642,0.15297455999999998,0.26111177760000004,0.27189589160000005
2023,16,pting,input-mattcl,python,0.26097642914545455,0.00605998312758459,0.2626387356,3.051858758181818,0.11801310545454545,0.25010347260000004,0.27132898060000005
2023,16,lanjian,input-pting,rust,0.031806447642105266,0.0009430919607913173,0.031574266600000005,0.030580729473684194,0.0011983166315789476,0.0304097766,0.035170085600000005
2023,16,mattcl,input-pting,rust,0.004208985915000001,0.0004804779807680477,0.0041278816,0.0405224663,0.0066504818,0.0036402946,0.0075944046
2023,16,mattcl-py,input-pting,python,0.20603701552857143,0.002864794661857084,0.20634715610000004,2.321846082857143,0.14060613142857142,0.20082817660000002,0.21076375160000002
2023,16,pting,input-pting,python,0.20179753474285717,0.0025514412713238646,0.20145873060000002,2.2321023685714283,0.11818205999999999,0.19909533360000004,0.20837416960000002
