year,day,participant,input,language,mean,stddev,median,user,system,min,max
2023,16,lanjian,input-lanjian,rust,0.05263017520000003,0.001283707390947979,0.052346054600000004,0.05112230181818183,0.001437592727272727,0.050349949600000006,0.055749361600000005
2023,16,mattcl,input-lanjian,rust,0.007183358670000003,0.0060371104426489046,0.006428917100000001,0.075272465,0.0027338728000000007,0.005828834600000001,0.0735227836
2023,16,mattcl-py,input-lanjian,python,0.3297817216,0.0022502793629720196,0.33027713160000005,4.146205675555555,0.18035360888888888,0.3255656476,0.3328452666
2023,16,pting,input-lanjian,python,0.31789196415555554,0.0043927264467666545,0.31863917760000005,3.874138786666667,0.15412527555555558,0.3113361236,0.3259594536
2023,16,lanjian,input-mattcl,rust,0.0432231225710145,0.0008592822262649345,0.043142005600000005,0.042103091014492756,0.001082784347826087,0.041378875600000004,0.0454755806
2023,16,mattcl,input-mattcl,rust,0.0052982018849999975,0.000478012113065433,0.0051599631000000005,0.060303959999999976,0.0019871754,0.0047808436,0.008337057600000001
2023,16,mattcl-py,input-mattcl,python,0.2694604136,0.003387529136465521,0.2698057646,3.181988483636364,0.16426871999999998,0.2636160636,0.27510886560000003
2023,16,pting,input-mattcl,python,0.2629494529636364,0.0038224358298506794,0.26145557160000005,3.054525029090909,0.12981944727272726,0.25729628060000004,0.26952657160000004
2023,16,lanjian,input-pting,rust,0.03251882166593408,0.0010547976349199327,0.032231290600000004,0.031345878241758246,0.0011092738461538462,0.031041955600000004,0.0356626206
2023,16,mattcl,input-pting,rust,0.004233426125,0.0003890261287194365,0.004145455100000001,0.0398156454,0.0069958924,0.0036394886,0.006797947600000001
2023,16,mattcl-py,input-pting,python,0.20381741252857144,0.002075095095902893,0.20337317410000003,2.2898824771428568,0.14949443428571427,0.2001168926,0.20880622960000003
2023,16,pting,input-pting,python,0.2023285411,0.002756193859432821,0.2022748836,2.2316195485714285,0.11677914857142857,0.19835205960000002,0.20887548760000002
