year,day,participant,input,language,mean,stddev,median,user,system,min,max
2023,16,lanjian,input-lanjian,rust,0.05133229585636363,0.0009347981299497526,0.05120710382,0.05060236909090909,0.0006680843636363635,0.049803647820000005,0.053823087820000004
2023,16,mattcl,input-lanjian,rust,0.0064105170300000035,0.0006365438912894188,0.0062399358200000005,0.07453599999999999,0.0027978828000000005,0.00579078582,0.010213970820000001
2023,16,mattcl-py,input-lanjian,python,0.3338237870422222,0.00457068755679694,0.33226965982,4.204606771111111,0.1526828311111111,0.33022862282000004,0.34423951382
2023,16,pting,input-lanjian,python,0.3195493984866667,0.0026734384488479473,0.31998822282,3.8818285488888886,0.15035349777777776,0.31430769582,0.32316825382000003
2023,16,lanjian,input-mattcl,rust,0.042620253277142854,0.0011368505733623912,0.04227254282000001,0.041951217142857135,0.0006093405714285713,0.040977353820000006,0.04663182382
2023,16,mattcl,input-mattcl,rust,0.0053742109350000036,0.00047360382611836194,0.00523952932,0.059741326699999965,0.0027464754,0.00485660782,0.00755710082
2023,16,mattcl-py,input-mattcl,python,0.2684802260018182,0.004755367251806197,0.26810653082,3.1965245690909088,0.16250790181818178,0.25891927182,0.27557416182000005
2023,16,pting,input-mattcl,python,0.26187469372909083,0.005927052804815998,0.26300569782000005,3.0499622963636357,0.12888017454545453,0.25475429982000003,0.27063857882000003
2023,16,lanjian,input-pting,rust,0.03233136497053763,0.0009513886901269633,0.03206233682,0.03136265999999999,0.0008564197849462365,0.03118909282,0.03551956482
2023,16,mattcl,input-pting,rust,0.004327191579999999,0.0005772879506227576,0.004219817319999999,0.040535800600000005,0.006707611599999999,0.00358670282,0.00944811782
2023,16,mattcl-py,input-pting,python,0.2062033522485715,0.002161054538348193,0.20572837982000003,2.338143088571429,0.12852729142857144,0.20359401782000003,0.21105582682000001
2023,16,pting,input-pting,python,0.20301927103428571,0.00287951550805869,0.20208459282000002,2.2226128742857143,0.1386164342857143,0.19849964582000001,0.20868773682000002
