year,day,participant,input,language,mean,stddev,median,user,system,min,max
2023,16,lanjian,input-lanjian,rust,0.052201890333793105,0.000960942535469561,0.05206879142,0.05113707034482759,0.0009802413793103448,0.050338179920000004,0.05478435392000001
2023,16,mattcl,input-lanjian,rust,0.006368338320000001,0.0005400168306337019,0.00621409042,0.07519972500000001,0.0024105849999999994,0.00574888492,0.00942136392
2023,16,mattcl-py,input-lanjian,python,0.33393630617000003,0.004686520973197052,0.33409106292,4.157077135,0.169273375,0.32727728092,0.34223175592
2023,16,pting,input-lanjian,python,0.3185644754755556,0.004696098401425008,0.31722924992,3.8759987044444446,0.15809355555555557,0.31409419792000004,0.32933946792
2023,16,lanjian,input-mattcl,rust,0.043429842874545446,0.001160366059065493,0.043243817420000004,0.04275007818181817,0.0005953333333333332,0.041673375920000005,0.046349680920000004
2023,16,mattcl,input-mattcl,rust,0.005307604285000001,0.000566789048213793,0.005181228919999999,0.060691995,0.0016290400000000002,0.00479141492,0.01054856092
2023,16,mattcl-py,input-mattcl,python,0.2658006504654546,0.00461340027431343,0.26513602392,3.1927082600000003,0.15831536363636364,0.25638070092000004,0.27380454492
2023,16,pting,input-mattcl,python,0.2607153800109091,0.0034816440632312014,0.26172640792,3.04156126,0.13241854545454546,0.25439218292,0.26575209592
2023,16,lanjian,input-pting,rust,0.032427441100851065,0.0009844630237212935,0.032263003420000005,0.031458079148936176,0.0008935851063829789,0.030873108920000003,0.035486325920000006
2023,16,mattcl,input-pting,rust,0.00433516957,0.0006199720358644792,0.004221775420000001,0.0414757303,0.0062213849999999985,0.00379700592,0.01041601392
2023,16,mattcl-py,input-pting,python,0.2043325604914286,0.0017945900695515926,0.20435758642000001,2.2881536171428567,0.1550162857142857,0.20137269292,0.20701355392
2023,16,pting,input-pting,python,0.20175517441999996,0.0019914694172017714,0.20148396692,2.2334616885714285,0.11774428571428572,0.19944597092000002,0.20538573892
