year,day,participant,input,language,mean,stddev,median,user,system,min,max
2023,16,lanjian,input-lanjian,rust,0.05113115914827587,0.0009297170963173572,0.0510551687,0.05043542551724138,0.000636595172413793,0.04908872970000001,0.05473350070000001
2023,16,mattcl,input-lanjian,rust,0.006387919119999999,0.0005119728633592161,0.006253649700000001,0.07565647000000003,0.0018339996000000009,0.0058887417,0.0086061877
2023,16,mattcl-py,input-lanjian,python,0.33023579914444445,0.0023484426684365323,0.3301170217,4.166849071111111,0.15039827555555554,0.3273619867,0.33401009470000004
2023,16,pting,input-lanjian,python,0.32060633481111117,0.00352952951956339,0.32033674170000004,3.9046665155555553,0.13563938666666664,0.3165959237,0.3285289297
2023,16,lanjian,input-mattcl,rust,0.042562241742253516,0.001232059010288752,0.042121583700000007,0.04127739661971832,0.0011402698591549297,0.0408779177,0.046077876700000006
2023,16,mattcl,input-mattcl,rust,0.005402534690000003,0.0006419581724412819,0.0052373082000000005,0.06003000520000005,0.0021480816,0.004747226700000001,0.010849644700000001
2023,16,mattcl-py,input-mattcl,python,0.26871059080000004,0.0027081260971258464,0.2680678232,3.2086217599999998,0.16471632,0.2646626777,0.2729900877
2023,16,pting,input-mattcl,python,0.2600604708818182,0.0053262407481763805,0.26159699070000003,3.055711778181819,0.13359262909090908,0.25150995870000004,0.2690515797
2023,16,lanjian,input-pting,rust,0.031915440051648356,0.000997136934302432,0.031610968700000006,0.030826553406593404,0.001027077802197802,0.030744828700000004,0.035676445700000003
2023,16,mattcl,input-pting,rust,0.004335002810000002,0.000475867262811286,0.0042208067,0.042844852199999985,0.004552594199999998,0.0037522457000000006,0.006759661700000001
2023,16,mattcl-py,input-pting,python,0.20530820455714285,0.0019272975380986354,0.2055504487,2.314644674285714,0.13211493428571427,0.2025931657,0.2103621317
2023,16,pting,input-pting,python,0.2019255484142857,0.003716633639356608,0.20048882769999998,2.231047745714286,0.12673964857142855,0.1965643447,0.2084386117
