year,day,participant,input,language,mean,stddev,median,user,system,min,max
2023,16,mattcl,input-mattcl,rust,0.005283066989999999,0.0004763276578581063,0.0051608812,0.05961545499999999,0.0022883427999999995,0.004617665700000001,0.0078227707
2023,16,mattcl-py,input-mattcl,python,0.2659167537909091,0.003802310508640124,0.26617237270000005,3.1699996963636363,0.16008103999999998,0.26120967870000006,0.27326507070000006
2023,16,pting,input-mattcl,python,0.2558359479727273,0.003444287219940323,0.25601553070000005,2.9865694236363636,0.13350067636363636,0.2511080197,0.26111100370000007
2023,16,mattcl,input-pting,rust,0.004158842500000001,0.0006664910451947303,0.0040528432000000005,0.0373732875,0.0078983918,0.0032680197000000003,0.0090858837
2023,16,mattcl-py,input-pting,python,0.2075254274142857,0.003023924803389499,0.2062612462,2.331764488571428,0.1358536114285714,0.2025983087,0.2129845787
2023,16,pting,input-pting,python,0.2023648204142857,0.0019117671520894517,0.2018823837,2.232643702857143,0.11976861142857141,0.2003302657,0.2059338997
