year,day,participant,input,language,mean,stddev,median,user,system,min,max
2023,16,lanjian,input-lanjian,rust,0.051216629262456154,0.0011986238483522095,0.05095704228,0.050605231228070174,0.0005338799999999998,0.04943157728000001,0.05454875328
2023,16,mattcl,input-lanjian,rust,0.006490988224999999,0.0007226308448327614,0.00630403728,0.07527744499999996,0.0023132320000000006,0.00577755728,0.011263883280000001
2023,16,mattcl-py,input-lanjian,python,0.3319086637244445,0.003197450528459362,0.33177723528,4.148821073333333,0.17709644,0.32774471828,0.33737718428
2023,16,pting,input-lanjian,python,0.32113143450222226,0.002468550777518557,0.32051888528000005,3.9007231844444448,0.15531377333333332,0.31745639528,0.32659368328000005
2023,16,lanjian,input-mattcl,rust,0.0423268580546479,0.0009126514626387411,0.04204648728,0.04148713436619718,0.0007541115492957746,0.04066841828,0.04501332928
2023,16,mattcl,input-mattcl,rust,0.005395129940000003,0.0003355944619542704,0.00532280028,0.06067586500000001,0.002051432800000001,0.00498478328,0.00705016828
2023,16,mattcl-py,input-mattcl,python,0.2703998229800001,0.002448119602863756,0.27019927178,3.2302246400000003,0.15209244,0.26604130128000003,0.27462942228000004
2023,16,pting,input-mattcl,python,0.26091862809818184,0.004647187997648755,0.25990217228,3.021543194545455,0.14207625818181815,0.25453660128,0.26976983728000004
2023,16,lanjian,input-pting,rust,0.03225752729086957,0.0009635311325945486,0.03200879328,0.031107620434782608,0.0010643704347826084,0.03092221028,0.03517745228
2023,16,mattcl,input-pting,rust,0.00442488671,0.0004768658975845207,0.00430774628,0.04013009410000001,0.006819270399999999,0.00392174428,0.00702266628
2023,16,mattcl-py,input-pting,python,0.20522293228000002,0.0021511393954041754,0.20497828728,2.3117634542857144,0.14086958285714285,0.20220066428000003,0.21003997428
2023,16,pting,input-pting,python,0.20233928470857143,0.0035697435421394013,0.20107451678000002,2.2107341685714283,0.1410158685714286,0.19899463428000003,0.21025362328000002
