year,day,participant,input,language,mean,stddev,median,user,system,min,max
2023,16,mattcl,input-mattcl,rust,0.005219684465000005,0.0004521107890479841,0.005124644880000001,0.059468799999999995,0.002264662,0.004396652880000001,0.007898605880000001
2023,16,mattcl-py,input-mattcl,python,0.26347326351636363,0.0045365039091569215,0.26086355888,3.2094968854545454,0.1293105818181818,0.25816429688000003,0.27020116288
2023,16,pting,input-mattcl,python,0.25358052124363634,0.0027487600669487793,0.25336300288,2.9645534309090906,0.13789476363636363,0.24774861588000002,0.25774328888000003
2023,16,mattcl,input-pting,rust,0.004052309415000002,0.0005665139959875732,0.003970950880000001,0.037695509200000005,0.007204013999999997,0.00315169288,0.007898925880000001
2023,16,mattcl-py,input-pting,python,0.20726351888000002,0.003658983934260187,0.20634502988000003,2.327951697142857,0.12883782857142856,0.20199119788,0.21343161588
2023,16,pting,input-pting,python,0.20222165630857145,0.0029002535197367924,0.20125118738000003,2.2228929828571427,0.12139932857142854,0.19822025988,0.20736065588000002
