year,day,participant,input,language,mean,stddev,median,user,system,min,max
2025,12,mattcl,input-mattcl,rust,0.0009128306000000003,0.0002192984884455717,0.0009743290000000002,0.0007465481999999999,0.00019513219999999997,0.00024842850000000014,0.0012984245000000002
2025,12,whyando,input-mattcl,rust,0.0015038287150000002,0.0003824857437986083,0.0016037020000000003,0.0012376200000000003,0.0002945331999999999,0.0005665045000000002,0.0020349945
2025,12,mattcl,input-whyando,rust,0.0009095595649999999,0.00021172199119847234,0.0009862505000000003,0.0007524880000000002,0.00019012079999999995,0.00021212050000000017,0.0011885895000000003
2025,12,whyando,input-whyando,rust,0.0017966151550000006,0.00020844536685222048,0.0018756315000000002,0.0014278650000000002,0.00036001480000000003,0.0007218455000000002,0.0020205185000000004
