year,day,participant,input,language,mean,stddev,median,user,system,min,max
2025,12,mattcl,input-mattcl,rust,0.0005357920433999995,0.0001806356581096143,0.0005620794399999997,0.0005140573999999999,0.00018678180000000007,0.0,0.0012359964399999998
2025,12,whyando,input-mattcl,rust,0.0013716617500000002,0.00019376059032421382,0.0014104984399999998,0.0011044346000000003,0.00033548879999999984,0.0002246224399999996,0.0021994704400000002
2025,12,mattcl,input-whyando,rust,0.0004961565390000002,0.00016964783590533612,0.0005503074399999997,0.0005239906000000001,0.00014470479999999998,0.0,0.0008596224399999998
2025,12,whyando,input-whyando,rust,0.0013894271749999995,0.00017196449672345605,0.0014250309399999996,0.0010938088000000006,0.00036021999999999985,0.0006693654399999997,0.00210350144
