year,day,participant,input,language,mean,stddev,median,user,system,min,max
2025,12,mattcl,input-mattcl,rust,0.0005185349274999998,0.00016699929957780324,0.0005545533999999999,0.0005621825999999998,0.0001700204,0.0,0.0010952469
2025,12,mattcl,input-whyando,rust,0.00048736653999999983,0.0001926832924899816,0.0005487568999999998,0.0005530616000000002,0.00013921119999999997,0.0,0.0009608848999999998
