year,day,participant,input,language,mean,stddev,median,user,system,min,max
2025,12,mattcl,input-mattcl,rust,0.0005795775290000001,0.00014465585201748517,0.0005929990999999997,0.0005155142000000002,0.0002191787,0.0,0.0012583450999999997
2025,12,whyando,input-mattcl,rust,0.0014023819,0.00020372188990371088,0.0014469490999999997,0.0010572608000000002,0.0003736624,0.0007183740999999998,0.0020980290999999996
2025,12,mattcl,input-whyando,rust,0.0005600824234999998,0.00018020173141454685,0.0005918875999999997,0.0005241434000000004,0.0001846085,0.0,0.0010400170999999999
2025,12,whyando,input-whyando,rust,0.0013954721449999992,0.00020706925308834669,0.0014432625999999996,0.001095898,0.00034316559999999997,0.0005970260999999998,0.0021065851
