year,day,participant,input,language,mean,stddev,median,user,system,min,max
2025,12,mattcl,input-mattcl,rust,0.0005261560005999995,0.00015990130746534504,0.0005578614599999998,0.0005750800000000001,0.00014565999999999998,0.0,0.0009602709599999997
2025,12,mattcl,input-whyando,rust,0.0005335108650000001,0.00015463610283454268,0.0005513289599999998,0.0005555300000000003,0.000179946,0.0000765549599999998,0.0009397229599999997
