year,day,participant,input,language,mean,stddev,median,user,system,min,max
2025,12,mattcl,input-mattcl,rust,0.0005255308649999998,0.00013189548724684786,0.0005454486599999999,0.0005187244000000001,0.0001892727,2.25065999999983e-6,0.0008729426599999999
2025,12,whyando,input-mattcl,rust,0.0013651884949999998,0.00019510656975196833,0.00139669866,0.0011344073999999997,0.00030673149999999993,0.00025260965999999985,0.00208040466
2025,12,mattcl,input-whyando,rust,0.00047639027840000014,0.0001494460960039971,0.0005252911599999999,0.0005083495999999999,0.00015413219999999998,0.0,0.00071219066
2025,12,whyando,input-whyando,rust,0.0013670881499999999,0.0001713604939248271,0.00140535016,0.0010880750000000006,0.00035487030000000007,0.0004781616599999998,0.00205027866
