year,day,participant,input,language,mean,stddev,median,user,system,min,max
2025,12,mattcl,input-mattcl,rust,0.0005397288970000004,0.0001489594378792984,0.0005633808000000001,0.0004947652000000003,0.00019292839999999998,0.0,0.0010470268000000002
2025,12,whyando,input-mattcl,rust,0.0013833141649999994,0.00017265685118758492,0.0014200658000000001,0.0010195181000000005,0.0003872635999999999,0.0005953198000000001,0.0017094777999999999
2025,12,mattcl,input-whyando,rust,0.0005114330799999999,0.00016516133207333607,0.0005503313000000001,0.0004825878000000002,0.00018402719999999995,0.0,0.0010839358000000001
2025,12,whyando,input-whyando,rust,0.0013733334599999995,0.000177140094380011,0.0014143493000000002,0.0010265730999999994,0.0004140283999999999,0.0005031378,0.0021256268
