year,day,participant,input,language,mean,stddev,median,user,system,min,max
2025,12,mattcl,input-mattcl,rust,0.0005136138289999997,0.00016289277601579759,0.0005470460999999997,0.0005369719999999997,0.00016975159999999998,0.0,0.0010283825999999998
2025,12,mattcl,input-whyando,rust,0.0005067658389999997,0.00017599018899585117,0.0005423570999999999,0.000567913,0.0001330218,0.0,0.0013159805999999998
