year,day,participant,input,language,mean,stddev,median,user,system,min,max
2023,8,kcen,input-kcen,python,0.033260520711011245,0.0009494409689050383,0.033006602520000004,0.030723862247191022,0.0024318426966292135,0.03182220552,0.036939192520000004
2023,8,mattcl,input-kcen,rust,0.0012217641499999996,0.0002490932579426539,0.0011637740199999997,0.0028392507999999987,0.0007819470000000001,0.0008935225199999998,0.0019851565199999997
2023,8,mattcl-py,input-kcen,python,0.022786077050769217,0.000783034592392719,0.022606113520000002,0.01911057538461538,0.0035497492307692323,0.02149456852,0.02564791052
2023,8,pting,input-kcen,python,0.03831436848153846,0.0011192127004108036,0.03805203052,0.03453426256410256,0.003641348717948719,0.03654501452,0.042386627520000004
2023,8,kcen,input-mattcl,python,0.032056079275319144,0.0008539808583183866,0.03185001252,0.02862571319148935,0.003316453191489361,0.030504609520000003,0.03476703652
2023,8,mattcl,input-mattcl,rust,0.00116741573,0.00023996333725209297,0.0011034765199999998,0.0028865903999999998,0.0006586209999999998,0.0008309865199999998,0.0018703615199999997
2023,8,mattcl-py,input-mattcl,python,0.022228409153587807,0.0005535814984273592,0.022175843520000002,0.019034583664122143,0.0030776916030534358,0.02124045252,0.02491877652
2023,8,pting,input-mattcl,python,0.03779486994500001,0.0012246199925060278,0.03745578402000001,0.033951822500000006,0.0037458325,0.035452700520000005,0.041886891520000004
2023,8,kcen,input-pting,python,0.03386113259058824,0.0009402725627315503,0.03364337352,0.03079622470588236,0.002934068235294118,0.032335065520000005,0.03657454952
2023,8,mattcl,input-pting,rust,0.0012338944900000008,0.0002544100410802044,0.00117774052,0.0030616721999999984,0.0005710950000000002,0.0009181195199999999,0.0019231005199999997
2023,8,mattcl-py,input-pting,python,0.023191147612307682,0.0007612605399296968,0.023017317520000004,0.019984244615384613,0.003093383076923076,0.02200600452,0.026476972520000003
2023,8,pting,input-pting,python,0.03952487516864865,0.0011748230910853922,0.03918059652,0.036109673513513504,0.0033165000000000004,0.03737057952,0.04249717352
