year,day,participant,input,language,mean,stddev,median,user,system,min,max
2023,8,kcen,input-kcen,python,0.03338921208197803,0.0025367962028469476,0.03293692706,0.029943635164835156,0.003090890329670329,0.031714339060000006,0.05576292706000001
2023,8,mattcl,input-kcen,rust,0.001272892265,0.00029006497323756544,0.0011976700599999998,0.0029518749999999983,0.0007069802,0.0009359440599999999,0.00339275306
2023,8,mattcl-py,input-kcen,python,0.023425145666299215,0.005858908369294441,0.02236338806,0.019324831496062986,0.0031474990551181095,0.02130161106,0.07107311206
2023,8,pting,input-kcen,python,0.038021181940000016,0.0011359046057373492,0.03765274306000001,0.035032573333333344,0.002855074133333333,0.036499444060000004,0.04372147106
2023,8,kcen,input-mattcl,python,0.031609096325957445,0.0008610479188269746,0.03130142156000001,0.028621257446808504,0.002895550212765957,0.03056449706,0.03431113906
2023,8,mattcl,input-mattcl,rust,0.0011708309249999996,0.0002395663605836665,0.0011017495599999999,0.002842429,0.0006956900999999998,0.0008549930599999998,0.00198004906
2023,8,mattcl-py,input-mattcl,python,0.02190688202296296,0.0005872551860130315,0.02181830806,0.01843655555555556,0.003373939555555556,0.02104262606,0.02452101606
2023,8,pting,input-mattcl,python,0.037555114705569624,0.0009109123984004823,0.037329939060000004,0.034029508860759485,0.003406823037974683,0.03557686806,0.03949947006000001
2023,8,kcen,input-pting,python,0.03363534017235956,0.0010803143314234399,0.03328325506,0.030379991011235962,0.003137170337078652,0.03213977606000001,0.036914121060000006
2023,8,mattcl,input-pting,rust,0.00121799871,0.0002453407936623706,0.00117410506,0.0028429940000000015,0.0007326108999999998,0.0009052670599999999,0.0019372590600000002
2023,8,mattcl-py,input-pting,python,0.022701545817812502,0.0006882458299580822,0.02249366706,0.020209112500000005,0.002401925625,0.02187382106,0.02547200606
2023,8,pting,input-pting,python,0.03913316120666666,0.0009736860547997654,0.038919203060000004,0.036538133333333306,0.0024552511999999995,0.03778380806000001,0.041901465060000004
