year,day,participant,input,language,mean,stddev,median,user,system,min,max
2023,8,kcen,input-kcen,python,0.025288672911666654,0.0014412779892862492,0.024859667020000004,0.022578350000000004,0.0025786876666666664,0.02404517352,0.03743858352
2023,8,mattcl,input-kcen,rust,0.0012040928799999997,0.00022188297519083817,0.0011494475200000001,0.0030010304999999998,0.0005793324,0.0008914495200000002,0.0018434905200000002
2023,8,pting,input-kcen,python,0.03823537138666667,0.0011919221764663717,0.03791844052,0.03526354,0.002849944533333333,0.03656936652,0.04211684652
2023,8,kcen,input-mattcl,python,0.024606501372459,0.0008214173578226793,0.02439055852,0.02119017049180328,0.003315106229508197,0.023429530520000002,0.02754375852
2023,8,mattcl,input-mattcl,rust,0.0011673969300000004,0.0002434445066394733,0.00111225252,0.0029361645000000004,0.0005859658000000001,0.0008153275200000001,0.0018357865200000004
2023,8,pting,input-mattcl,python,0.037346903519999995,0.0012441606984514865,0.03690225952,0.03446176250000001,0.002771087499999999,0.03559476352,0.04434661852
2023,8,kcen,input-pting,python,0.02566144864727273,0.0011188698327543579,0.02526605652,0.02279838181818181,0.002725957818181817,0.02436590252,0.030645252520000003
2023,8,mattcl,input-pting,rust,0.0012427362849999999,0.0002394730856185684,0.00117072152,0.002888837,0.000762196,0.0008823525200000002,0.0018955785200000003
2023,8,pting,input-pting,python,0.03905480380947369,0.0010446846945462004,0.03870981652,0.03620434736842106,0.0027337821052631577,0.037246734520000005,0.04170597852
