year,day,participant,input,language,mean,stddev,median,user,system,min,max
2025,9,mattcl,input-mattcl,rust,0.0009084848649999999,0.00014485313971205864,0.0009270182200000001,0.0008692699999999998,0.00018855739999999995,0.0002510612200000001,0.0013527862200000003
2025,9,whyando,input-mattcl,rust,0.0012893012450000004,0.00019456053828785194,0.0013253792200000002,0.001115605,0.00027332059999999995,0.0006463322200000001,0.00203740722
2025,9,mattcl,input-whyando,rust,0.0008626482400000003,0.00013788116712305443,0.0009091347200000002,0.0008313549999999999,0.0002083771999999999,0.0003071872200000002,0.0014171762200000004
2025,9,whyando,input-whyando,rust,0.0013045446050000005,0.0001940962667085013,0.0013492337200000004,0.0010837899999999994,0.00032675759999999994,0.0006616012200000001,0.0019456162200000003
