year,day,participant,input,language,mean,stddev,median,user,system,min,max
2025,9,mattcl,input-mattcl,rust,0.0009267144150000007,0.0001484294463292978,0.0009470732000000002,0.0009112961,0.00018236599999999991,0.0003490727000000002,0.0014749217000000002
2025,9,whyando,input-mattcl,rust,0.0010295749350000011,0.0002344676216085359,0.0010338102000000003,0.0008902538000000003,0.00027303299999999995,0.0005136707000000002,0.0024784627000000005
2025,9,mattcl,input-whyando,rust,0.0008890723449999999,0.00016074961499200975,0.0009231882000000002,0.0008742555000000001,0.000212158,0.0003293157000000002,0.0014522297000000002
2025,9,whyando,input-whyando,rust,0.0010174146299999996,0.00019232806594957647,0.0010486727,0.0009307777000000003,0.00025245499999999995,0.0003803407000000001,0.0017253807000000003
