year,day,participant,input,language,mean,stddev,median,user,system,min,max
2025,9,mattcl,input-mattcl,rust,0.0009576006408999993,0.00020003623620723347,0.0009608218200000002,0.0009954767999999998,0.00011049949999999998,0.0,0.0016394328200000003
2025,9,whyando,input-mattcl,rust,0.0013824225700000004,0.00021860634782095331,0.0014012873200000002,0.0012141634,0.0002602844999999999,0.0005143558200000004,0.00248117982
2025,9,mattcl,input-whyando,rust,0.0009366386599999997,0.00016498855520988615,0.0009650353200000004,0.0008954336,0.00019613299999999992,0.00036993582000000025,0.0015583708200000005
2025,9,whyando,input-whyando,rust,0.0013882259600000017,0.00015211557661308739,0.0014195168200000002,0.0012350368000000002,0.000302157,0.0006954348200000004,0.0021122678200000003
