year,day,participant,input,language,mean,stddev,median,user,system,min,max
2025,9,mattcl,input-mattcl,rust,0.0008681435784000005,0.0001796206854551228,0.0009193883200000004,0.0008073128000000004,0.00021357209999999993,0.0,0.0015636213200000003
2025,9,whyando,input-mattcl,rust,0.0013384446849999997,0.0002327979377075023,0.0013705488200000005,0.0011624177999999996,0.00026295299999999996,0.0007002523200000004,0.0026126463200000006
2025,9,mattcl,input-whyando,rust,0.0009098787900000009,0.0001433999978465518,0.0009423563200000003,0.0008185763999999999,0.0002366989,0.00036775032000000026,0.0015797813200000006
2025,9,whyando,input-whyando,rust,0.0013399069900000015,0.00019782662706864786,0.0013902703200000003,0.0011322764000000001,0.00029366009999999993,0.0003831283200000004,0.0021304023200000004
