year,day,participant,input,language,mean,stddev,median,user,system,min,max
2025,9,mattcl,input-mattcl,rust,0.0009319201700000001,0.00018049516287259868,0.0009691984800000001,0.0009206454000000002,0.00015934340000000002,0.00005974898000000019,0.0015779939800000002
2025,9,whyando,input-mattcl,rust,0.0007711381453000002,0.0003741694336422143,0.0008415289800000002,0.0007009257999999999,0.0002143928,0.0,0.00288100698
2025,9,mattcl,input-whyando,rust,0.0009403518800000008,0.0001354581676231044,0.0009646594800000002,0.0008696103999999999,0.00022004429999999988,0.00041429298000000023,0.0013954319800000003
2025,9,whyando,input-whyando,rust,0.0010997294199999999,0.00023078787281054978,0.00111026748,0.0009194527999999998,0.0002718032,0.0001559189800000002,0.0019209979800000002
