year,day,participant,input,language,mean,stddev,median,user,system,min,max
2025,9,mattcl,input-mattcl,rust,0.0008934421349999996,0.00016568472869948545,0.0009322865400000001,0.0008748829999999998,0.0001951278,0.00023091654000000007,0.0015356215400000003
2025,9,whyando,input-mattcl,rust,0.0009499746523000006,0.00024340056496101269,0.0010078280400000002,0.0008901899999999997,0.00022378519999999996,0.0,0.00167328954
2025,9,mattcl,input-whyando,rust,0.0005638030993000005,0.0003908660419591654,0.00068528304,0.0005928150000000001,0.00014767159999999998,0.0,0.0013396745400000001
2025,9,whyando,input-whyando,rust,0.0009993877500000005,0.00019559597831019307,0.00104760704,0.0008745669999999997,0.0002802016000000001,0.0004338065399999999,0.0017968515400000001
