year,day,participant,input,language,mean,stddev,median,user,system,min,max
2025,9,mattcl,input-mattcl,rust,0.0008989905749999998,0.0001371374411824258,0.0009211692799999996,0.0008900479999999996,0.00017370960000000001,0.0003795047799999996,0.0013897967799999997
2025,9,whyando,input-mattcl,rust,0.0009951107949999996,0.00015894337663658077,0.0010226342799999997,0.0008272444999999997,0.0003011368000000001,0.00043764477999999954,0.00164977378
2025,9,mattcl,input-whyando,rust,0.0008876136460999994,0.000214636098183141,0.0009416677799999997,0.0008586289999999995,0.00017728639999999997,0.0,0.0015388267799999998
2025,9,whyando,input-whyando,rust,0.0010484892849999998,0.0001853303714465401,0.0010671127799999995,0.000955924499999999,0.00022962900000000002,0.0005161907799999996,0.0018933307799999996
