year,day,participant,input,language,mean,stddev,median,user,system,min,max
2025,9,mattcl,input-mattcl,rust,0.0008758947223999996,0.00018303554542396244,0.00094909252,0.0008437996000000002,0.00019836099999999995,0.0,0.00141983952
2025,9,whyando,input-mattcl,rust,0.0010070274200000005,0.00016623262150671568,0.00104822802,0.0009846706000000002,0.00018141300000000006,0.00030027251999999996,0.0016015595199999999
2025,9,mattcl,input-whyando,rust,0.0008976296399999998,0.00017066982899641028,0.00095086052,0.0009149252,0.000162881,0.00019142851999999987,0.0014938975200000002
2025,9,whyando,input-whyando,rust,0.0010291231200000007,0.00021770928071170983,0.00109842702,0.0008669173999999993,0.00029402500000000006,0.00005437151999999998,0.00205177252
