year,day,participant,input,language,mean,stddev,median,user,system,min,max
2025,9,mattcl,input-mattcl,rust,0.0008667229400000001,0.00015068680086221902,0.0009085389600000004,0.0008073541999999993,0.00021379299999999994,0.0002784589600000004,0.0014104099600000006
2025,9,whyando,input-mattcl,rust,0.0009854348850000005,0.00020427944959275512,0.0010253979600000004,0.0007981327999999994,0.00027168079999999995,0.0003371079600000004,0.0017433029600000005
2025,9,mattcl,input-whyando,rust,0.000869271655000001,0.00016903849663852036,0.0009012654600000004,0.0007934773999999992,0.00022194039999999998,7.230960000000281e-6,0.0014511049600000004
2025,9,whyando,input-whyando,rust,0.0009829271250000003,0.0001945971227676685,0.0010465474600000004,0.0008934996000000001,0.0002303092,0.00010999296000000023,0.0016650459600000005
