year,day,participant,input,language,mean,stddev,median,user,system,min,max
2025,9,mattcl,input-mattcl,rust,0.0009306464249999999,0.0001234155487454872,0.0009571743200000003,0.0008712045999999994,0.00020530340000000002,0.00048759482000000024,0.0014013968200000005
2025,9,whyando,input-mattcl,rust,0.0010371935050000004,0.00017515995360650483,0.0010756513200000004,0.000873331,0.0002613098,0.00042721182000000023,0.0018117948200000002
2025,9,mattcl,input-whyando,rust,0.0009017751000000003,0.00019262334757705403,0.0009519793200000004,0.0008404145999999996,0.0001920206,0.00015597382000000042,0.0015776668200000005
2025,9,whyando,input-whyando,rust,0.001030928305000001,0.0002012747950868315,0.0010789768200000003,0.0009473059999999995,0.00020861840000000007,0.00042610982000000045,0.0018448068200000005
