year,day,participant,input,language,mean,stddev,median,user,system,min,max
2025,9,mattcl,input-mattcl,rust,0.0009525953016999998,0.00015287616593587133,0.0009710066600000002,0.0009088950000000002,0.0001525122,0.0,0.0014963856600000004
2025,9,mattcl,input-whyando,rust,0.0009347719200000007,0.00018823169140372168,0.0009608826600000002,0.0008456900000000006,0.0002023884,0.00026903766000000015,0.0015549946600000003
