year,day,participant,input,language,mean,stddev,median,user,system,min,max
2025,9,mattcl,input-mattcl,rust,0.0009808305015000002,0.00019427958775090443,0.0010024237000000004,0.0009352206000000003,0.00012460099999999998,0.0,0.0015909457000000005
2025,9,whyando,input-mattcl,rust,0.0010208802950000006,0.00017698456505015045,0.0010574662000000005,0.0009420905999999997,0.00020874649999999998,5.215700000000276e-6,0.0015833407000000006
2025,9,mattcl,input-whyando,rust,0.0010047127800000008,0.00018476428593711748,0.0010127977000000004,0.0009419411999999998,0.00014575399999999997,0.0003634767000000003,0.0016258207000000003
2025,9,whyando,input-whyando,rust,0.0011058395800000005,0.00021393985273578334,0.0011300372000000003,0.0009383254000000001,0.0002420305,0.00028526970000000023,0.0021384017000000005
