year,day,participant,input,language,mean,stddev,median,user,system,min,max
2025,9,mattcl,input-mattcl,rust,0.0009559307450000003,0.00015355271129741056,0.00097936194,0.0009422009999999996,0.000188815,0.00047937144,0.0016253274400000002
2025,9,whyando,input-mattcl,rust,0.0010908463,0.00020981543405363678,0.0011102329400000002,0.0009220286000000008,0.00027821199999999996,0.00039471343999999996,0.0018935294400000001
2025,9,mattcl,input-whyando,rust,0.00095285222,0.00014682527502453988,0.00098165144,0.0009370547999999995,0.00018701100000000003,0.00043101044,0.0014884614400000004
2025,9,whyando,input-whyando,rust,0.0010674739850000006,0.00014506891423383194,0.00111175544,0.0009913874,0.00024164000000000005,0.00054896144,0.00175052144
