year,day,participant,input,language,mean,stddev,median,user,system,min,max
2025,9,mattcl,input-mattcl,rust,0.0009145071749999999,0.00015414071014709655,0.00094963722,0.0009492360000000002,0.00015183099999999998,0.00032859872,0.0014603887200000001
2025,9,whyando,input-mattcl,rust,0.000989275855,0.00016178183682726187,0.0010365652200000001,0.000898003999999999,0.00026212349999999996,0.00040789672,0.0017020417200000002
2025,9,mattcl,input-whyando,rust,0.0009534734550000006,0.00017711324670996667,0.00096844722,0.00082117,0.0002608411,0.00037369371999999997,0.00154477772
2025,9,whyando,input-whyando,rust,0.0010279395850000001,0.00018786746371466149,0.00108793122,0.0008918719999999999,0.00028303180000000005,0.0004463987199999999,0.0017798577199999999
