year,day,participant,input,language,mean,stddev,median,user,system,min,max
2025,9,mattcl,input-mattcl,rust,0.0009591017650000003,0.00015802547445823898,0.0009875096,0.0008275427999999999,0.0002099911,0.0005133810999999996,0.0017924661
2025,9,mattcl,input-whyando,rust,0.0009338135899999994,0.00019022946421883445,0.0009716645999999997,0.0007862863999999997,0.00023626570000000004,0.00040823409999999976,0.0020127290999999996
