year,day,participant,input,language,mean,stddev,median,user,system,min,max
2025,9,mattcl,input-mattcl,rust,0.0010376254800000002,0.00015451064626229464,0.0010951971800000002,0.0008816875000000001,0.00026185380000000004,0.00012984868,0.0012539746800000002
2025,9,whyando,input-mattcl,rust,0.0010900580499999999,0.00016070400030363606,0.0011464226800000001,0.0009039804999999997,0.0002958503000000001,0.00042303668,0.0012965546800000002
2025,9,mattcl,input-whyando,rust,0.0010025193350000005,0.00015508469494403824,0.00105759168,0.0008608384999999998,0.00027028170000000006,0.0004528026800000001,0.0012101216799999999
2025,9,whyando,input-whyando,rust,0.0011174711850000004,0.00019679469348529152,0.00119298968,0.0009742764999999995,0.0002672959,0.00030260268,0.0013638196800000002
