year,day,participant,input,language,mean,stddev,median,user,system,min,max
2025,9,mattcl,input-mattcl,rust,0.0008808664151000004,0.0001703552709287226,0.0009279854800000001,0.0008373006999999997,0.00018219499999999996,0.0,0.0013707939800000003
2025,9,whyando,input-mattcl,rust,0.019355328500270257,0.0007683826013973659,0.01918049998,0.01829337189189188,0.0010364717567567568,0.01838225098,0.02276966298
2025,9,mattcl,input-whyando,rust,0.0008852910950000008,0.00016640466087165605,0.0009300394800000002,0.0008183806999999993,0.00020211890000000005,0.0002283859800000001,0.0014496419800000002
2025,9,whyando,input-whyando,rust,0.01937780730885906,0.0006531855314141121,0.01927924098,0.018293235033557044,0.0010579304697986576,0.01841662598,0.02199189698
