year,day,participant,input,language,mean,stddev,median,user,system,min,max
2025,9,mattcl,input-mattcl,rust,0.0009571676941999998,0.0001948235202568295,0.0010113761600000003,0.0008918054000000002,0.00018149799999999996,0.0,0.00122695116
2025,9,whyando,input-mattcl,rust,0.0010408898900000005,0.0001667355200347346,0.0010899386600000001,0.0009061738999999998,0.0002378001999999999,0.00042480816000000005,0.00131054716
2025,9,mattcl,input-whyando,rust,0.0009458834149999999,0.000152809819595713,0.0010081106600000002,0.0009313651999999995,0.00015761480000000001,0.00010953716000000006,0.00114932516
2025,9,whyando,input-whyando,rust,0.001066001315,0.0001927161644185352,0.0011367666600000002,0.0008972615000000005,0.00027756600000000003,0.0002880621600000002,0.0013991021600000002
