year,day,participant,input,language,mean,stddev,median,user,system,min,max
2025,9,mattcl,input-mattcl,rust,0.0009019200099999999,0.0002099742807830265,0.0009429394599999998,0.0008442387999999994,0.00019162,0.00004029395999999969,0.00175329296
2025,9,whyando,input-mattcl,rust,0.0009839173099999996,0.00015079975293572222,0.0010255089599999997,0.0008416290999999995,0.000266652,0.00038367695999999975,0.0016781719599999999
2025,9,mattcl,input-whyando,rust,0.0009442442449999995,0.00014070517136201445,0.0009605774599999998,0.0009088634999999996,0.00016980600000000002,0.00034656795999999973,0.0014080959599999997
2025,9,whyando,input-whyando,rust,0.0010558514699999997,0.00017413001607234952,0.0010944429599999998,0.0008935332,0.00028662849999999993,0.0004376879599999998,0.00175769096
