year,day,participant,input,language,mean,stddev,median,user,system,min,max
2025,9,mattcl,input-mattcl,rust,0.0009131462450000002,0.00013976105681256924,0.0009606347200000002,0.0008570127999999997,0.00020249650000000002,0.0003708647200000002,0.0013838327200000004
2025,9,whyando,input-mattcl,rust,0.0009903156964,0.00021579773539739299,0.0010389562200000002,0.0008516679999999989,0.00028175539999999993,0.0,0.0017120877200000003
2025,9,mattcl,input-whyando,rust,0.0009211359100000003,0.00016063164101230313,0.0009546582200000001,0.0008468179999999997,0.0002197315,0.00041357572000000017,0.0016717517200000001
2025,9,whyando,input-whyando,rust,0.001137510705,0.00022908896979848556,0.0011438387200000003,0.0009259153999999996,0.00029682070000000007,0.00021009372000000011,0.00185437372
