year,day,participant,input,language,mean,stddev,median,user,system,min,max
2024,22,mattcl,input-mattcl,rust,0.010214342775000003,0.0014761883410646217,0.00961865294,0.02214179500000001,0.01453644,0.008701160440000001,0.014355695440000002
2024,22,mattcl-py,input-mattcl,python,0.5019933482400001,0.018969934094554386,0.51221919544,2.05863594,0.11542048,0.48074387644,0.51752315144
