year,day,participant,input,language,mean,stddev,median,user,system,min,max
2024,22,mattcl,input-mattcl,rust,0.008056452592352943,0.0018326366456604697,0.007258604460000001,0.02057632882352941,0.01773734117647059,0.006176843960000002,0.017009504960000005
2024,22,mattcl-py,input-mattcl,python,0.4967251645600001,0.014803653149272141,0.5033151599600001,2.02212122,0.12643923999999998,0.47760325296000006,0.51174648596
