year,day,participant,input,language,mean,stddev,median,user,system,min,max
2024,22,mattcl,input-mattcl,rust,0.011768434600000002,0.0013254240117048879,0.011308351280000002,0.020194419999999987,0.017402735,0.010059927280000002,0.015559950280000002
2024,22,mattcl-py,input-mattcl,python,0.5244780034800001,0.0037887721395771573,0.5239775242800001,2.11547806,0.10340757999999999,0.5192523932800001,0.52985108528
