year,day,participant,input,language,mean,stddev,median,user,system,min,max
2024,22,mattcl,input-mattcl,rust,0.010038826010000002,0.0012918093503987615,0.00956870084,0.022186125000000008,0.014517396799999997,0.00870359934,0.013640205340000001
2024,22,mattcl-py,input-mattcl,python,0.50698291654,0.012714039408100793,0.50868106434,2.07537854,0.11454681999999998,0.48622165434,0.51828878834
