year,day,participant,input,language,mean,stddev,median,user,system,min,max
2024,22,mattcl,input-mattcl,rust,0.009931855369999998,0.001438209440754177,0.00935663938,0.022475645000000006,0.013889401,0.00836442588,0.013590343880000001
2024,22,mattcl-py,input-mattcl,python,0.49863647608000006,0.018133554870482255,0.5051020018800001,2.05654796,0.09707239999999999,0.47491128488000006,0.5168202298800001
