year,day,participant,input,language,mean,stddev,median,user,system,min,max
2024,22,mattcl,input-mattcl,rust,0.011518861505000007,0.0014105583541815766,0.011051853740000001,0.019620044999999996,0.017350880000000003,0.00978636674,0.01615534374
2024,22,mattcl-py,input-mattcl,python,0.50649556354,0.013322647628414952,0.51095870874,2.0322929999999997,0.10540153999999999,0.48287662274000004,0.51509231374
