year,day,participant,input,language,mean,stddev,median,user,system,min,max
2024,22,mattcl,input-mattcl,rust,0.011601510949999998,0.001301285122874392,0.01116717498,0.019781855000000004,0.017670135000000007,0.00993818348,0.015525648480000001
2024,22,mattcl-py,input-mattcl,python,0.50659981108,0.01683771413851437,0.50921615648,2.0869122399999993,0.11890495999999999,0.47940426748000003,0.52577581248
