year,day,participant,input,language,mean,stddev,median,user,system,min,max
2024,22,mattcl,input-mattcl,rust,0.0574194249775,0.0653606984306548,0.01766020054,0.039795622499999996,0.015885506249999997,0.010811856540000001,0.18305840454000002
2024,22,mattcl-py,input-mattcl,python,0.5337231693400001,0.036300710572229986,0.52009879254,2.2254771599999996,0.10584334,0.5095645445400001,0.5979198815400001
