year,day,participant,input,language,mean,stddev,median,user,system,min,max
2024,22,mattcl,input-mattcl,rust,0.011591844139999991,0.0013571429943554257,0.01118272536,0.020170744999999993,0.017018604999999996,0.00990294986,0.01520522586
2024,22,mattcl-py,input-mattcl,python,0.50598527506,0.011303916879989998,0.51105741186,2.03704934,0.11138622000000001,0.48629019786,0.51367399086
