year,day,participant,input,language,mean,stddev,median,user,system,min,max
2024,22,mattcl,input-mattcl,rust,0.016528820039558013,0.0014268545904133829,0.01603523336,0.02284659082872929,0.029523779779005523,0.01449476736,0.02030543036
2024,22,mattcl-py,input-mattcl,python,0.5501046785600001,0.019267912838116463,0.54338377536,3.25124034,0.06159474,0.53665195636,0.58412839636
