year,day,participant,input,language,mean,stddev,median,user,system,min,max
2024,22,mattcl,input-mattcl,rust,0.010017624109999998,0.0014046054992476501,0.00947077486,0.022746839999999994,0.013955993900000003,0.00848804486,0.01451039786
2024,22,mattcl-py,input-mattcl,python,0.50250356986,0.01106208263212057,0.50644089786,2.0462375266666664,0.12262155333333331,0.48389145086,0.51231603486
