year,day,participant,input,language,mean,stddev,median,user,system,min,max
2024,22,mattcl,input-mattcl,rust,0.011651979369999994,0.001315311406707701,0.01121305874,0.020351300000000003,0.016918139999999998,0.00986692674,0.01546913074
2024,22,mattcl-py,input-mattcl,python,0.51170623094,0.017615668536183855,0.51132242374,2.0714744799999996,0.11868581999999998,0.48448878174000004,0.5328819477400001
