year,day,participant,input,language,mean,stddev,median,user,system,min,max
2024,22,mattcl,input-mattcl,rust,0.006804272919999998,0.001180046234551711,0.0062716767,0.01989193,0.0043260120000000015,0.0055030112,0.010280896200000002
2024,22,mattcl-py,input-mattcl,python,0.31989515986666667,0.01552598024617847,0.3107423692,1.8427147333333334,0.04179537777777778,0.3042259562,0.3423408102
