year,day,participant,input,language,mean,stddev,median,user,system,min,max
2024,22,mattcl,input-mattcl,rust,0.016502231852620324,0.0015205923247093064,0.01603953112,0.023449468128342244,0.02895552352941177,0.014477581120000001,0.02124697612
