year,day,participant,input,language,mean,stddev,median,user,system,min,max
2024,22,mattcl,input-mattcl,rust,0.011692285865000002,0.0014124316541802191,0.01114922258,0.020315435000000003,0.01723586500000001,0.00981564008,0.01539422008
2024,22,mattcl-py,input-mattcl,python,0.5020062452799999,0.014654619694863175,0.5038745410800001,2.0560803,0.10920502000000001,0.47781893708000006,0.51437765508
