year,day,participant,input,language,mean,stddev,median,user,system,min,max
2024,22,mattcl,input-mattcl,rust,0.011542303875000003,0.001381439270519795,0.01114371682,0.019854794999999998,0.017322855000000005,0.009843533820000002,0.015437501820000001
2024,22,mattcl-py,input-mattcl,python,0.49919207641999996,0.010560872844483806,0.5006633258200001,2.0180129599999996,0.11152367999999999,0.48157426382,0.50925298882
