year,day,participant,input,language,mean,stddev,median,user,system,min,max
2024,22,mattcl,input-mattcl,rust,0.009962698415000002,0.0014496384642028297,0.009370980600000002,0.023247419999999998,0.013302736299999998,0.008403859100000001,0.015708045099999998
2024,22,mattcl-py,input-mattcl,python,0.5063511873000001,0.019158719412095928,0.5127947841,2.0442558599999994,0.10968014,0.4730159811,0.5217954051
