year,day,participant,input,language,mean,stddev,median,user,system,min,max
2024,22,mattcl,input-mattcl,rust,0.01172411591,0.0014136845978689144,0.01125885498,0.019997389999999997,0.01763677,0.010003385480000002,0.01541282148
2024,22,mattcl-py,input-mattcl,python,0.49881219548000005,0.016989041415188436,0.50601363948,2.05508278,0.1197231,0.47994078848000005,0.5168921954800001
