year,day,participant,input,language,mean,stddev,median,user,system,min,max
2024,22,mattcl,input-mattcl,rust,0.011544032004999998,0.0013390811186498603,0.01106422922,0.019417925,0.017571770000000014,0.00989945622,0.01519993622
2024,22,mattcl-py,input-mattcl,python,0.54524445962,0.006013276078082441,0.54400600722,3.2420554200000007,0.06281502,0.53796713522,0.55437094322
