year,day,participant,input,language,mean,stddev,median,user,system,min,max
2024,22,mattcl,input-mattcl,rust,0.012571317405245901,0.0015173667749360496,0.012142330520000001,0.02231384415300547,0.018548258688524586,0.010928969520000002,0.017496153520000002
2024,22,mattcl-py,input-mattcl,python,0.5409481553200001,0.003053285274876752,0.53962490352,3.2469367599999996,0.056774939999999996,0.5378479475200001,0.5451309925200001
