year,day,participant,input,language,mean,stddev,median,user,system,min,max
2024,22,mattcl,input-mattcl,rust,0.006522831964999998,0.0009412244062188967,0.00624209536,0.019306064999999994,0.004450498400000001,0.00572527886,0.010536308860000001
2024,22,mattcl-py,input-mattcl,python,0.34866925028857143,0.034196119427149806,0.34940966986000005,1.8532235828571426,0.05073311142857143,0.30380587786,0.39120735086
