year,day,participant,input,language,mean,stddev,median,user,system,min,max
2024,22,mattcl,input-mattcl,rust,0.01180172479999999,0.0014406487269083023,0.011313775160000001,0.020427860000000016,0.01734624,0.009966663660000001,0.01614276366
2024,22,mattcl-py,input-mattcl,python,0.50751385886,0.01732079487449915,0.51089267466,2.07367182,0.11466524,0.48007652366000003,0.52277113966
