year,day,participant,input,language,mean,stddev,median,user,system,min,max
2024,22,mattcl,input-mattcl,rust,0.011955592535811514,0.0015466534650224542,0.011344976740000002,0.02013661821989528,0.01775952638743455,0.01005868774,0.01640138274
2024,22,mattcl-py,input-mattcl,python,0.4939076200733334,0.02481904029174691,0.48077862624000006,2.041344713333333,0.11235444,0.47452016474000003,0.53557329874
