year,day,participant,input,language,mean,stddev,median,user,system,min,max
2024,22,mattcl,input-mattcl,rust,0.01657815561777777,0.0014797425725596046,0.016158552040000003,0.023481165555555558,0.029039091111111102,0.01447433404,0.021488463040000003
