year,day,participant,input,language,mean,stddev,median,user,system,min,max
2024,21,mattcl,input-mattcl,rust,0.00136894286,0.00021462281801726203,0.0013728506,0.0009362206000000002,0.0004608037000000001,0.0006689026000000001,0.0021269526
2024,21,mattcl-py,input-mattcl,python,0.01700792744883721,0.0006232760828128283,0.016898834600000003,0.012023192558139528,0.0049251389534883715,0.0159099136,0.020060522600000002
