year,day,participant,input,language,mean,stddev,median,user,system,min,max
2024,21,mattcl,input-mattcl,rust,0.0014176535899999994,0.00014708268604745342,0.0014394985599999997,0.0010358568000000002,0.0004206581999999999,0.0005374525599999999,0.00174534656
2024,21,mattcl-py,input-mattcl,python,0.016993520881428564,0.0005366844328645256,0.01692811106,0.012180747142857147,0.004716329285714286,0.01606927256,0.01959748356
