year,day,participant,input,language,mean,stddev,median,user,system,min,max
2024,21,mattcl,input-mattcl,rust,0.001401010570000001,0.0001634964742466163,0.0014043380400000005,0.0009898481999999994,0.00044839029999999995,0.0007478590400000005,0.0018122320400000005
2024,21,mattcl-py,input-mattcl,python,0.017035510525029933,0.0006815216920372996,0.016869144040000002,0.011741732215568857,0.005206887904191618,0.01593724804,0.020234164040000002
