year,day,participant,input,language,mean,stddev,median,user,system,min,max
2024,21,mattcl,input-mattcl,rust,0.001387951259999999,0.00016290787663504513,0.00140635562,0.0010740549999999993,0.0003790989999999999,0.00071889262,0.0017282526200000001
2024,21,mattcl-py,input-mattcl,python,0.016959190522857135,0.000568773388773744,0.016850256620000004,0.011783991428571429,0.005113596799999998,0.016116281620000002,0.019921518620000002
