year,day,participant,input,language,mean,stddev,median,user,system,min,max
2024,21,mattcl,input-mattcl,rust,0.0014203335850000005,0.00019246685871555637,0.00142924232,0.0010358586000000002,0.0004122646999999999,0.0006734923200000002,0.0025178553200000003
2024,21,mattcl-py,input-mattcl,python,0.017106538645581402,0.0006167088301569691,0.016978303320000002,0.012092017674418597,0.004924996511627909,0.01613493932,0.01966901632
