year,day,participant,input,language,mean,stddev,median,user,system,min,max
2024,21,mattcl,input-mattcl,rust,0.001405184725,0.0002039550696308907,0.0013913260399999999,0.0010700404000000003,0.00035459079999999974,0.0007453005399999997,0.0026574395399999997
2024,21,mattcl-py,input-mattcl,python,0.017253374063529406,0.0005197230955865112,0.01717311104,0.01254567882352941,0.004619581882352939,0.01626623354,0.020003378540000002
