year,day,participant,input,language,mean,stddev,median,user,system,min,max
2024,21,mattcl,input-mattcl,rust,0.0014010613050000002,0.00011038339158133694,0.00139654534,0.0009554876,0.0005067701000000001,0.0007323163399999999,0.00185731234
2024,21,mattcl-py,input-mattcl,python,0.017260500470952383,0.0007805801255385657,0.01706781384,0.01264771023809524,0.004542062380952382,0.01635013034,0.02053848034
