year,day,participant,input,language,mean,stddev,median,user,system,min,max
2024,21,mattcl,input-mattcl,rust,0.0013934440349999994,0.00016116939684722982,0.00140309266,0.0011197233999999997,0.00033332479999999997,0.0007660101599999999,0.0020617851600000002
2024,21,mattcl-py,input-mattcl,python,0.017082965105454546,0.0006408266414246435,0.01692475816,0.01280896848484849,0.004218070545454546,0.015918716160000002,0.019653437160000002
