year,day,participant,input,language,mean,stddev,median,user,system,min,max
2024,21,mattcl,input-mattcl,rust,0.0014038308950000001,0.0001781051262548359,0.0014062396599999998,0.0010605982000000006,0.0003945449999999998,0.00078400466,0.0020256996599999997
2024,21,mattcl-py,input-mattcl,python,0.017028989671904766,0.0006177203358950454,0.016914227160000003,0.012273703333333334,0.004641797619047618,0.015939582660000003,0.019923982660000002
