year,day,participant,input,language,mean,stddev,median,user,system,min,max
2024,21,mattcl,input-mattcl,rust,0.0013994211400000006,0.00018102690339299264,0.0014227340199999999,0.0009824134999999999,0.00044962160000000013,0.0007715865199999999,0.00190727952
2024,21,mattcl-py,input-mattcl,python,0.017148951502248523,0.0006759029729848652,0.017008900520000002,0.012163612662721892,0.004874944615384614,0.016160774520000004,0.020302908520000003
