year,day,participant,input,language,mean,stddev,median,user,system,min,max
2024,21,mattcl,input-mattcl,rust,0.0015450737550000001,0.0003473990665911488,0.0014004331800000001,0.001209516099999999,0.0005002992,0.0009645016800000003,0.0025739146800000004
