year,day,participant,input,language,mean,stddev,median,user,system,min,max
2024,21,mattcl,input-mattcl,rust,0.0016707935200000015,0.0003054827281125331,0.0015752253800000002,0.0013147350000000003,0.0004039294,0.0008655473799999999,0.00262426838
