year,day,participant,input,language,mean,stddev,median,user,system,min,max
2024,21,mattcl,input-mattcl,rust,0.0013732325450000005,0.00015872059465914988,0.0013967210200000004,0.00091783,0.0004808303999999999,0.0005643630200000004,0.0018256340200000004
2024,21,mattcl-py,input-mattcl,python,0.016951366240238092,0.00055678906921737,0.016854761520000004,0.012398066666666657,0.0044801854761904744,0.015860030020000002,0.020073504020000004
