year,day,participant,input,language,mean,stddev,median,user,system,min,max
2024,21,mattcl,input-mattcl,rust,0.0013973021050000009,0.00018169692190328273,0.0013989988000000003,0.0010324624000000002,0.00040448879999999983,0.0007376998000000002,0.0022485108000000003
2024,21,mattcl-py,input-mattcl,python,0.01710918735421688,0.0005868202245925948,0.017035211300000002,0.012375146506024098,0.004638971807228914,0.0163538308,0.020122097800000002
