year,day,participant,input,language,mean,stddev,median,user,system,min,max
2024,21,mattcl,input-mattcl,rust,0.0014193943500000004,0.0002059573089866271,0.0014479204600000002,0.0010813100000000003,0.0003710974999999999,0.0003728234600000002,0.0019698124600000004
2024,21,mattcl-py,input-mattcl,python,0.01727066284414634,0.0006734483830410419,0.01712371796,0.012396979634146342,0.004793159756097561,0.01610420046,0.02081581646
