year,day,participant,input,language,mean,stddev,median,user,system,min,max
2024,21,mattcl,input-mattcl,rust,0.001364138995,0.0002252849388732969,0.0013996522200000001,0.0010273177999999994,0.0003871322,0.00055536172,0.00224012472
2024,21,mattcl-py,input-mattcl,python,0.017022214596470582,0.0006635141451789368,0.01690134272,0.012483937647058818,0.004475714588235295,0.015984041719999998,0.02082595172
