year,day,participant,input,language,mean,stddev,median,user,system,min,max
2024,21,mattcl,input-mattcl,rust,0.0013735786599999996,0.0001812426873284508,0.0013974627000000002,0.0009508833999999998,0.00042333499999999994,0.0006414537000000002,0.0017765077000000003
2024,21,mattcl-py,input-mattcl,python,0.017012054474999996,0.0005995718506842659,0.0169101517,0.012355720000000002,0.004591301249999999,0.015581199700000003,0.020464356700000002
