year,day,participant,input,language,mean,stddev,median,user,system,min,max
2024,21,mattcl,input-mattcl,rust,0.0013700753949999996,0.00019390635934577667,0.0014079308800000003,0.0010436662,0.0004126083000000002,0.0005972978800000002,0.0021196788800000007
2024,21,mattcl-py,input-mattcl,python,0.01698649535904191,0.0004477392915707073,0.01694098288,0.012105954970059882,0.004810991856287424,0.01605101688,0.01947503888
