year,day,participant,input,language,mean,stddev,median,user,system,min,max
2024,21,mattcl,input-mattcl,rust,0.0014000830750000005,0.00013208314089786858,0.00140463772,0.0010067976,0.0004728098000000001,0.0007569057199999999,0.0021634587199999998
2024,21,mattcl-py,input-mattcl,python,0.016901948093563216,0.0006007640125645244,0.01688097022,0.011780873103448277,0.005060760229885056,0.015553147720000002,0.02013054872
