year,day,participant,input,language,mean,stddev,median,user,system,min,max
2024,21,mattcl,input-mattcl,rust,0.0011109601550000003,0.0003928617038671828,0.00131313094,0.000917209,0.0003296175,0.00010167993999999985,0.0019779989399999996
2024,21,mattcl-py,input-mattcl,python,0.016946066536385546,0.0005704780172223884,0.016858374440000004,0.01166873975903615,0.005205781445783136,0.01596607494,0.019506298940000003
