year,day,participant,input,language,mean,stddev,median,user,system,min,max
2024,21,mattcl,input-mattcl,rust,0.0013797698799999996,0.0001647702574448795,0.0013472414,0.0009653185999999998,0.00045173200000000004,0.0007053898999999999,0.0020788809
2024,21,mattcl-py,input-mattcl,python,0.01713207670346821,0.0005831950344514048,0.0170237139,0.011765308901734106,0.005285845086705201,0.0159978329,0.0203363439
