year,day,participant,input,language,mean,stddev,median,user,system,min,max
2024,21,mattcl,input-mattcl,rust,0.0014251625899999992,0.00019065711933756793,0.0014498045600000004,0.00100548,0.0004273971999999998,0.0004991195600000002,0.00217519756
2024,21,mattcl-py,input-mattcl,python,0.01709894802857142,0.0005800034118994949,0.01700640456,0.012481242857142858,0.004552559771428571,0.01599503056,0.020219910560000002
