year,day,participant,input,language,mean,stddev,median,user,system,min,max
2024,21,mattcl,input-mattcl,rust,0.0014107246249999996,0.00011787245058273232,0.0014108382399999999,0.0009750903999999999,0.000498891,0.0008175222399999999,0.0020836742399999997
2024,21,mattcl-py,input-mattcl,python,0.01713857677488371,0.0006597679057200635,0.01702599974,0.01244771581395349,0.004616031976744188,0.016057835240000002,0.02021270724
