year,day,participant,input,language,mean,stddev,median,user,system,min,max
2024,21,mattcl,input-mattcl,rust,0.0013866284800000002,0.00016485821521442247,0.0014086704200000002,0.0010446349999999995,0.00041274849999999995,0.00073700792,0.0016875479200000002
2024,21,mattcl-py,input-mattcl,python,0.017191021604523803,0.000690642340208456,0.01706257192,0.012308627976190475,0.004826352738095239,0.01583039892,0.02055632092
