year,day,participant,input,language,mean,stddev,median,user,system,min,max
2024,21,mattcl,input-mattcl,rust,0.0013903657050000002,0.0001416052280549921,0.00141011342,0.0010101939999999998,0.0004580349999999998,0.0007821284199999999,0.00179171742
2024,21,mattcl-py,input-mattcl,python,0.017056385402142854,0.0005538785658307247,0.01695743492,0.012083379761904761,0.004866823809523808,0.016058943420000003,0.020298187420000002
