year,day,participant,input,language,mean,stddev,median,user,system,min,max
2024,21,mattcl,input-mattcl,rust,0.0013775839649999982,0.00017705821053312645,0.0014114576599999998,0.0009974577999999996,0.00043980450000000003,0.0005570431599999995,0.0017411001599999996
2024,21,mattcl-py,input-mattcl,python,0.017121779034251505,0.0006857791850571793,0.01695624516,0.012140293892215567,0.004895176407185629,0.01633658516,0.01998232116
