year,day,participant,input,language,mean,stddev,median,user,system,min,max
2024,21,mattcl,input-mattcl,rust,0.001368392475,0.00015563852852612322,0.0013928721800000002,0.0010203948000000003,0.0004762460000000001,0.0005657301800000001,0.0017532431800000002
2024,21,mattcl-py,input-mattcl,python,0.0170531279682353,0.0005280819848603077,0.01693275168,0.012413648235294117,0.004623214117647058,0.01606922018,0.020015667180000002
