year,day,participant,input,language,mean,stddev,median,user,system,min,max
2024,21,mattcl,input-mattcl,rust,0.0013626719050000013,0.0001710805831712026,0.0013612648199999998,0.0009188071999999995,0.00047208409999999993,0.0007240208199999999,0.00174542482
2024,21,mattcl-py,input-mattcl,python,0.017114708337647055,0.000554297935924944,0.01701651082,0.012334903529411764,0.004722164588235296,0.01590763282,0.01986621782
