year,day,participant,input,language,mean,stddev,median,user,system,min,max
2024,21,mattcl,input-mattcl,rust,0.0014075061750000006,0.00016952799509079106,0.00139178636,0.00105231,0.00040721940000000003,0.00057680486,0.00200811486
2024,21,mattcl-py,input-mattcl,python,0.017166803919880236,0.0006193821988738874,0.017039445860000002,0.01274878215568862,0.00433471760479042,0.016317804860000003,0.02003430386
