year,day,participant,input,language,mean,stddev,median,user,system,min,max
2024,18,lanjian,input-mattcl,rust,0.0018828135450000007,0.00035532107673170006,0.0018421394800000003,0.0013396355999999992,0.0005809571999999999,0.0008841069800000004,0.00299423498
2024,18,mattcl,input-mattcl,rust,0.002043207085,0.0003245460961488542,0.0020514854800000003,0.0014507349999999999,0.0006285290000000001,0.0014269529800000004,0.003079844980000001
2024,18,mattcl-py,input-mattcl,python,0.030124181382061858,0.0009337490109656037,0.02986437498,0.024938849072164943,0.005098727835051545,0.02880075498,0.03310829598
