year,day,participant,input,language,mean,stddev,median,user,system,min,max
2024,18,mattcl,input-mattcl,rust,0.0021732669399999994,0.00039903968616804405,0.00221424332,0.0015358436999999996,0.0006699284,0.00122279382,0.00391128582
2024,18,mattcl-py,input-mattcl,python,0.03063433394371133,0.0009345301098944199,0.03039542882,0.025263373402061858,0.005247699793814434,0.02945718282,0.033934763820000005
