year,day,participant,input,language,mean,stddev,median,user,system,min,max
2024,18,lanjian,input-lanjian,rust,0.0019654477449999996,0.00035103755056801507,0.0019160195800000002,0.001370495,0.0006369399999999997,0.0007260925800000001,0.00304800758
2024,18,mattcl,input-lanjian,rust,0.002086609255,0.0003417423386068836,0.00218569908,0.0016347357999999992,0.0005372694000000001,0.0011706745799999999,0.00285108958
2024,18,mattcl-py,input-lanjian,python,0.029497583600618573,0.0008247859606157046,0.02932374258,0.023646809072164945,0.005737110515463919,0.02852158058,0.03307298058
2024,18,lanjian,input-mattcl,rust,0.002004894524999999,0.0003621565671240512,0.00203586858,0.0014487500000000004,0.0005974362000000001,0.00099417358,0.0033057705800000003
2024,18,mattcl,input-mattcl,rust,0.0020206096600000013,0.00031562493877336766,0.0020887875800000002,0.0015194350000000004,0.0005694874,0.00124770758,0.00282991058
2024,18,mattcl-py,input-mattcl,python,0.030208395940824737,0.0008978861413795525,0.029981412580000002,0.02462005649484536,0.005512530103092783,0.02892534658,0.03360162058
