year,day,participant,input,language,mean,stddev,median,user,system,min,max
2024,18,mattcl,input-mattcl,rust,0.001998531870000001,0.0003483274171129496,0.0019075656599999997,0.0013843050000000002,0.0006273008000000001,0.0012774861599999998,0.00273288216
2024,18,mattcl-py,input-mattcl,python,0.030002799628750007,0.0008493643803407967,0.02984310416,0.024744450833333338,0.005181019166666666,0.02871955016,0.03289838516
