year,day,participant,input,language,mean,stddev,median,user,system,min,max
2024,18,mattcl,input-mattcl,rust,0.0020492496999999998,0.00035364162233626783,0.00211211886,0.00154563,0.0005530162999999998,0.0012816038600000001,0.00325970686
2024,18,mattcl-py,input-mattcl,python,0.029962367880408167,0.0005762930948952794,0.02987133436,0.02416310530612244,0.005723780408163266,0.028589164860000002,0.032009565860000005
