year,day,participant,input,language,mean,stddev,median,user,system,min,max
2024,18,mattcl,input-mattcl,rust,0.002357707695000001,0.0003456229256021641,0.00241945344,0.001700689999999998,0.0006585114999999999,0.0013774124400000006,0.0035683854400000003
2024,18,mattcl-py,input-mattcl,python,0.02998708222787878,0.0007225176570085518,0.02988717344,0.024992021616161614,0.00488751616161616,0.028780952440000004,0.03263202244
