year,day,participant,input,language,mean,stddev,median,user,system,min,max
2024,18,mattcl,input-mattcl,rust,0.001962891280000001,0.0003690427916635381,0.0018774418600000001,0.0014774072000000005,0.0005367988000000001,0.0010993893600000004,0.00336753836
2024,18,mattcl-py,input-mattcl,python,0.03012859600285715,0.0009062536859868579,0.02992322336,0.02477104530612246,0.005285258775510203,0.028843590360000004,0.03355888336
