year,day,participant,input,language,mean,stddev,median,user,system,min,max
2024,18,mattcl,input-mattcl,rust,0.0024374301900000005,0.0003142871497824322,0.00250835356,0.001774755000000001,0.0006770139999999995,0.0015324015599999996,0.00375199756
2024,18,mattcl-py,input-mattcl,python,0.030116818398383826,0.0009292688804088957,0.02985850056,0.025136008888888887,0.0048913802020202025,0.02906757956,0.03346156756
