year,day,participant,input,language,mean,stddev,median,user,system,min,max
2024,18,lanjian,input-mattcl,rust,0.0020216096449999993,0.0003379238160360724,0.0021192847200000005,0.0012811100000000002,0.0007289733999999999,0.00121678072,0.0028746747200000004
2024,18,mattcl,input-mattcl,rust,0.0020733629049999995,0.000327006298862114,0.0022053462200000004,0.0014630450000000014,0.0006403178000000001,0.0012833157200000003,0.00289801872
2024,18,mattcl-py,input-mattcl,python,0.030138294379793817,0.0008344248930977341,0.03001192872,0.024601716701030937,0.005451735670103091,0.028405722720000002,0.033091041720000006
