year,day,participant,input,language,mean,stddev,median,user,system,min,max
2024,18,mattcl,input-mattcl,rust,0.0020038358950000006,0.00034155920119550336,0.0020108001800000002,0.0014632650000000003,0.0005835367999999999,0.0012401781800000003,0.0030832971800000006
2024,18,mattcl-py,input-mattcl,python,0.029972381149072153,0.0006473455701858943,0.029819164180000003,0.024554873814432988,0.005350400206185565,0.028987046180000003,0.03251241318
