year,day,participant,input,language,mean,stddev,median,user,system,min,max
2024,18,mattcl,input-mattcl,rust,0.0020239905899999983,0.0003817349113286829,0.0020740905,0.0015358549999999998,0.0005550649999999998,0.0012208185,0.0036181255000000004
2024,18,mattcl-py,input-mattcl,python,0.030105237269999988,0.0009000363816881963,0.029928193999999998,0.02470263,0.005323844000000002,0.028911284500000002,0.033262018500000004
