year,day,participant,input,language,mean,stddev,median,user,system,min,max
2024,18,lanjian,input-lanjian,rust,0.001903665850000001,0.0003552185721651292,0.0017867954599999998,0.0013817936,0.0005658018999999998,0.00100635296,0.0026639589599999998
2024,18,mattcl,input-lanjian,rust,0.0020988997500000005,0.0003325398762691346,0.00218673946,0.001551595,0.0005883450999999999,0.00142392596,0.0035883219600000003
2024,18,mattcl-py,input-lanjian,python,0.029423388384242424,0.0008193317489611246,0.02918184596,0.024159594545454535,0.0051886105050505055,0.028298159960000003,0.032152391960000005
2024,18,lanjian,input-mattcl,rust,0.0019014719399999996,0.0003397745605453541,0.00173541446,0.0012759149999999988,0.0006459828999999999,0.0012610599599999998,0.00265733696
2024,18,mattcl,input-mattcl,rust,0.0020460924649999992,0.0003715201492756604,0.0021581559599999998,0.001575025000000001,0.0005045417000000001,0.0011044959599999997,0.0035192119599999996
2024,18,mattcl-py,input-mattcl,python,0.0302998548156701,0.0010581226355245782,0.029891874960000002,0.024044737938144323,0.006157091340206184,0.02895710396,0.03289805996
