year,day,participant,input,language,mean,stddev,median,user,system,min,max
2024,18,mattcl,input-mattcl,rust,0.0016935955399999994,0.0003841599064517504,0.0016927747800000003,0.0013966918000000005,0.00038832459999999983,0.0009090732800000002,0.0027794132800000003
2024,18,mattcl-py,input-mattcl,python,0.030075410896161614,0.0007819075810575697,0.029959659280000002,0.024571064848484845,0.005405714545454546,0.028793177280000002,0.03395836328
