year,day,participant,input,language,mean,stddev,median,user,system,min,max
2024,18,mattcl,input-mattcl,rust,0.0020197882649999983,0.00032324791509034527,0.00203050948,0.0014246649999999994,0.0006528450000000001,0.0012871979799999997,0.0034026579800000003
2024,18,mattcl-py,input-mattcl,python,0.03041767130291666,0.0009457200888337732,0.03014380898,0.025467487916666667,0.004871611458333332,0.02886623198,0.03375932198000001
