year,day,participant,input,language,mean,stddev,median,user,system,min,max
2024,18,mattcl,input-mattcl,rust,0.0019041456449999988,0.0003589488537295482,0.0017919085600000004,0.0014142150000000001,0.0005555668999999999,0.0008084305600000001,0.00291661256
2024,18,mattcl-py,input-mattcl,python,0.029869244599603946,0.0008150594159275743,0.02968114956,0.024082021188118807,0.005706598217821782,0.028651173560000003,0.03270493456
