year,day,participant,input,language,mean,stddev,median,user,system,min,max
2024,18,mattcl,input-mattcl,rust,0.001964020900000002,0.0003495602291974396,0.0018394594800000001,0.0015066699999999986,0.0005293881,0.00128017698,0.00288209698
2024,18,mattcl-py,input-mattcl,python,0.030064430608865985,0.0009396937004613352,0.029794619980000003,0.024668136082474226,0.005290044536082473,0.02871100098,0.033363863980000005
