year,day,participant,input,language,mean,stddev,median,user,system,min,max
2024,18,mattcl,input-mattcl,rust,0.0020960721250000017,0.00034633704087921245,0.0022020623000000004,0.0016113450000000008,0.00052998,0.0011935433000000001,0.0033061033
2024,18,mattcl-py,input-mattcl,python,0.029922015017171705,0.0006668818500044123,0.0298593843,0.02467557212121212,0.005187017171717171,0.028795901300000003,0.03378646330000001
