year,day,participant,input,language,mean,stddev,median,user,system,min,max
2024,18,mattcl,input-mattcl,rust,0.0019665394500000006,0.00035892551544590217,0.00188708424,0.0013838543999999983,0.0006202451999999997,0.0012657872400000001,0.0031658302399999996
2024,18,mattcl-py,input-mattcl,python,0.029667183370000013,0.0008114110067611269,0.02944808074,0.024289050000000003,0.0053019694,0.02865950124,0.032762224240000005
