year,day,participant,input,language,mean,stddev,median,user,system,min,max
2024,18,mattcl,input-mattcl,rust,0.00202452913,0.0003512977488914298,0.0019971740600000006,0.00149437,0.0005493039999999999,0.0011668700600000006,0.003447379060000001
2024,18,mattcl-py,input-mattcl,python,0.030049331231717186,0.0006783924379748266,0.029967538060000003,0.024997090505050504,0.0049379939393939375,0.02875426806,0.03241021006
