year,day,participant,input,language,mean,stddev,median,user,system,min,max
2024,18,lanjian,input-lanjian,rust,0.0019183417500000003,0.00036332051689639053,0.0018484510799999998,0.0013435500000000009,0.0005877609999999999,0.00110903708,0.00317908308
2024,18,mattcl,input-lanjian,rust,0.00203226996,0.00033215719269829414,0.00203019658,0.0014673885,0.0006031224999999999,0.0013031000799999999,0.0030458940799999996
2024,18,mattcl-py,input-lanjian,python,0.02960520285777779,0.0007045476454622643,0.02948610608,0.024414734343434337,0.005099619191919192,0.02844986608,0.03237294208
2024,18,lanjian,input-mattcl,rust,0.001980593395,0.00036523154810902685,0.0019290525799999997,0.0014209099999999994,0.0005858514999999999,0.0013662790799999999,0.0030915500799999994
2024,18,mattcl,input-mattcl,rust,0.002079223690000001,0.0003397605945887108,0.00214723608,0.0014476249999999997,0.0006606394999999999,0.0011114710799999998,0.00331933608
2024,18,mattcl-py,input-mattcl,python,0.030292774003913045,0.0008372896107005008,0.030071062080000002,0.02538538695652174,0.004846208695652173,0.029078884080000002,0.032834045080000006
