year,day,participant,input,language,mean,stddev,median,user,system,min,max
2024,18,mattcl,input-mattcl,rust,0.001964207640000001,0.00037614801507466545,0.0019115764600000004,0.0015448999999999997,0.0005071869000000001,0.0011674584600000005,0.0034348224600000005
2024,18,mattcl-py,input-mattcl,python,0.030042851480000007,0.0008807564996992892,0.029766935960000004,0.024914109999999993,0.005048784000000001,0.028370422460000003,0.03272719746
