year,day,participant,input,language,mean,stddev,median,user,system,min,max
2024,18,mattcl,input-mattcl,rust,0.00185383245,0.00046621214671809506,0.0017979596800000006,0.0013495672,0.0005907664999999999,0.0007982721800000004,0.0029388611800000002
2024,18,mattcl-py,input-mattcl,python,0.03045899507473684,0.0010293404933280324,0.030204731180000003,0.025014707368421058,0.005334015789473685,0.02908420218,0.034464891180000005
