year,day,participant,input,language,mean,stddev,median,user,system,min,max
2024,18,lanjian,input-lanjian,rust,0.0020029960399999993,0.0003785962192069267,0.0019267919,0.0014495448000000001,0.0005875049999999999,0.0008889443999999999,0.0030045744000000004
2024,18,mattcl,input-lanjian,rust,0.00220273606,0.0003512447997500628,0.0022566244,0.001556624999999999,0.000672257,0.0012906864000000002,0.0034210144
2024,18,mattcl-py,input-lanjian,python,0.02975835419207921,0.0008754612487411914,0.0295284734,0.02365007940594059,0.006007265346534654,0.0286147824,0.0326160834
2024,18,lanjian,input-mattcl,rust,0.002041019500000001,0.0003403469120467066,0.0020294039000000002,0.00143557,0.0006311169999999998,0.0012556304,0.0031994794
2024,18,mattcl,input-mattcl,rust,0.002139153605000001,0.0003600373638697859,0.0022110239,0.0015519600000000009,0.0006131829999999997,0.0011037564000000001,0.0036858694000000006
2024,18,mattcl-py,input-mattcl,python,0.030402063952083332,0.0008579544185458542,0.0303247889,0.02452947833333334,0.005753733333333333,0.0284782774,0.0333077374
