year,day,participant,input,language,mean,stddev,median,user,system,min,max
2024,18,mattcl,input-mattcl,rust,0.0020368996850000007,0.00037535621970999746,0.0020937694399999996,0.0014379682999999996,0.0006499634,0.00134166944,0.00371709044
2024,18,mattcl-py,input-mattcl,python,0.030184443377500005,0.0008232141872610105,0.030043640440000005,0.024446215000000007,0.005636185208333334,0.02888745444,0.03370867644
