year,day,participant,input,language,mean,stddev,median,user,system,min,max
2024,18,lanjian,input-lanjian,rust,0.0019444545349999998,0.00034550103853096104,0.0018620777000000002,0.0014137706999999998,0.0005630589999999999,0.0012133932000000002,0.0029120942
2024,18,mattcl,input-lanjian,rust,0.002061009709999999,0.0003629690532889786,0.0021479127000000003,0.0016449200000000002,0.00048659390000000004,0.0011864932000000003,0.0034138032000000005
2024,18,mattcl-py,input-lanjian,python,0.029453395950000003,0.000787256332531339,0.0293208192,0.023880199999999983,0.0054877013999999995,0.028381591200000004,0.0324326552
2024,18,lanjian,input-mattcl,rust,0.0019722448499999994,0.0003688846321711542,0.0018741302000000002,0.0014874099999999996,0.0004993529999999999,0.0011247072,0.0029741302000000007
2024,18,mattcl,input-mattcl,rust,0.002066583085000001,0.00038656069036176785,0.0021815712000000003,0.0016037450000000004,0.0004958907000000002,0.0011579202000000003,0.0034493592000000004
2024,18,mattcl-py,input-mattcl,python,0.030361032402127654,0.000966158897464122,0.030029155700000004,0.024830328085106376,0.005431782978723402,0.0287500902,0.033406007200000004
