year,day,participant,input,language,mean,stddev,median,user,system,min,max
2024,18,mattcl,input-mattcl,rust,0.0023549057900000008,0.0003295887341823344,0.00241075248,0.0018452550000000018,0.0005832190999999999,0.00130866398,0.003782424980000001
