year,day,participant,input,language,mean,stddev,median,user,system,min,max
2024,18,mattcl,input-mattcl,rust,0.0019225802050000004,0.00037952223853183104,0.0017681448599999997,0.0014562600000000009,0.0005099858,0.0008313323599999996,0.0033543233599999996
2024,18,mattcl-py,input-mattcl,python,0.02963909821714286,0.000851026570478703,0.029413617359999998,0.024931146530612253,0.00463305469387755,0.028520646360000002,0.03242639336
