year,day,participant,input,language,mean,stddev,median,user,system,min,max
2024,18,mattcl,input-mattcl,rust,0.0020324889400000004,0.00035803303371329215,0.0020622085200000004,0.001461899999999999,0.0006394895999999998,0.00121733202,0.00299451902
2024,18,mattcl-py,input-mattcl,python,0.030029796856734698,0.0008193747028648115,0.02980818902,0.0241446093877551,0.0058180902040816315,0.02888169402,0.03282193202
