year,day,participant,input,language,mean,stddev,median,user,system,min,max
2024,18,mattcl,input-mattcl,rust,0.00208633187,0.00032500222702986975,0.0020905722399999997,0.0015802750000000008,0.0005318079999999998,0.0015602497399999997,0.00331051674
2024,18,mattcl-py,input-mattcl,python,0.030506506646250004,0.0008184239158745245,0.03030055074,0.025413167916666674,0.005028942083333332,0.02925034974,0.03381210874
