year,day,participant,input,language,mean,stddev,median,user,system,min,max
2024,18,mattcl,input-mattcl,rust,0.0019930213000000003,0.0003921747475997483,0.00201404652,0.0014788033000000004,0.000544442,0.00113269152,0.0037255765199999996
2024,18,mattcl-py,input-mattcl,python,0.029993977407755095,0.0008664235044521654,0.029805173020000006,0.02448044204081632,0.005414026530612244,0.028753995520000002,0.03324976252
