year,day,participant,input,language,mean,stddev,median,user,system,min,max
2024,18,lanjian,input-lanjian,rust,0.0018804148499999996,0.00036096552291806864,0.0017384650800000001,0.0013624765000000002,0.0005943747999999999,0.0010902960800000003,0.00316091408
2024,18,mattcl,input-lanjian,rust,0.0020619401650000006,0.00035880249160504397,0.00214855308,0.001533045,0.0006147143999999997,0.0011477240800000003,0.0030324520800000007
2024,18,mattcl-py,input-lanjian,python,0.029305320958787885,0.0006652776923049941,0.02921348308,0.023726760606060618,0.005486179393939393,0.02842387408,0.03190512208
2024,18,lanjian,input-mattcl,rust,0.0019320133800000007,0.00033814567793581706,0.0018617060800000004,0.0013871949999999995,0.0006061598,0.0011893220800000001,0.00267271908
2024,18,mattcl,input-mattcl,rust,0.00200177444,0.0003515468689169154,0.0020109105800000006,0.0016132750000000004,0.00048608259999999986,0.0012727580800000002,0.0029283680800000008
2024,18,mattcl-py,input-mattcl,python,0.030107061406530616,0.0007771542388150516,0.029897303580000003,0.024525342857142862,0.0055282151020408146,0.029038826080000003,0.03296294308
