year,day,participant,input,language,mean,stddev,median,user,system,min,max
2024,18,mattcl,input-mattcl,rust,0.0019476615599999998,0.00034090486562328003,0.0018928040200000002,0.0014228649999999997,0.0005553456000000002,0.0010556770200000004,0.00281773702
2024,18,mattcl-py,input-mattcl,python,0.0303145704575,0.0010122255406270898,0.03010038602,0.024673644166666675,0.005550491666666667,0.02869329602,0.03337721602
