year,day,participant,input,language,mean,stddev,median,user,system,min,max
2024,18,mattcl,input-mattcl,rust,0.0020688488349999996,0.0003369356145792605,0.00209416266,0.001434889999999999,0.0006532953999999996,0.0011020396600000002,0.0030626416600000005
2024,18,mattcl-py,input-mattcl,python,0.030627486831717177,0.0018694050972733309,0.03018894566,0.025618963838383833,0.004893937373737373,0.02909493566,0.04683190066
