year,day,participant,input,language,mean,stddev,median,user,system,min,max
2024,18,mattcl,input-mattcl,rust,0.001976998910000001,0.0003333025864649813,0.0019249974800000002,0.0015306169999999997,0.0005265444999999999,0.00088994148,0.00269882548
2024,18,mattcl-py,input-mattcl,python,0.030446576926808494,0.0009683427055344046,0.030320427480000002,0.024406282978723406,0.005941239361702129,0.029051017480000003,0.034211562480000006
