year,day,participant,input,language,mean,stddev,median,user,system,min,max
2024,18,mattcl,input-mattcl,rust,0.002482496464999998,0.00037307106510855797,0.0025050442999999998,0.0018039350000000004,0.0006390172,0.0011993533,0.0037158863000000004
2024,18,mattcl-py,input-mattcl,python,0.030846225881632664,0.0009460714211908531,0.0305820148,0.025366109387755093,0.005350348367346936,0.029622453300000004,0.033865750300000004
