year,day,participant,input,language,mean,stddev,median,user,system,min,max
2024,18,mattcl,input-mattcl,rust,0.0020748114250000007,0.0003565657170730926,0.0021946035,0.0015326318000000005,0.000609446,0.0010958125000000002,0.0029819315
2024,18,mattcl-py,input-mattcl,python,0.030037750447368422,0.0008272214238119409,0.029940088500000003,0.02440473578947368,0.005552923157894736,0.028465238500000004,0.032640481500000006
