year,day,participant,input,language,mean,stddev,median,user,system,min,max
2024,18,mattcl,input-mattcl,rust,0.0020214106550000017,0.00034611879702221247,0.0020748852000000003,0.0016100186,0.0005040282,0.0011416777000000003,0.003103141700000001
2024,18,mattcl-py,input-mattcl,python,0.030133665689795922,0.0008424014847856708,0.029917825200000005,0.025290024897959198,0.004785545306122447,0.028545764700000004,0.033379638700000006
