year,day,participant,input,language,mean,stddev,median,user,system,min,max
2024,18,mattcl,input-mattcl,rust,0.0021523713800000004,0.0003394114202053945,0.00226985696,0.0015512892000000003,0.000660008,0.00130601696,0.0030009519600000005
2024,18,mattcl-py,input-mattcl,python,0.030349610300206196,0.000703637611523516,0.03022434196,0.02453436618556701,0.005745193402061856,0.029105086960000002,0.03290798996
