year,day,participant,input,language,mean,stddev,median,user,system,min,max
2024,18,lanjian,input-lanjian,rust,0.0018491554949999988,0.0003378806116619661,0.0017335226400000002,0.0014465599999999997,0.000487211,0.0011822511400000001,0.0026628621400000005
2024,18,mattcl,input-lanjian,rust,0.002041398250000002,0.00034787237646131394,0.00202594464,0.0014070899999999989,0.0006902813999999998,0.00110947514,0.0028975901400000005
2024,18,mattcl-py,input-lanjian,python,0.029401887507346954,0.000674600138751463,0.029249127140000004,0.02408331551020407,0.00524146612244898,0.02822955414,0.032005289140000004
2024,18,lanjian,input-mattcl,rust,0.001956030135,0.0003933109367190788,0.0018760191400000001,0.0014197896,0.0006032666,0.00120899114,0.0038655411400000004
2024,18,mattcl,input-mattcl,rust,0.002016417319999999,0.00034781878797532015,0.0020867931400000003,0.0014899150000000005,0.0005893531999999999,0.0011487681400000002,0.00299504214
2024,18,mattcl-py,input-mattcl,python,0.030147571701224493,0.0008144039056099025,0.02993331214,0.025221988979591846,0.004842315918367347,0.029114230140000003,0.03283378914000001
