year,day,participant,input,language,mean,stddev,median,user,system,min,max
2024,18,mattcl,input-mattcl,rust,0.0020122874500000006,0.00032633064624900846,0.00200354798,0.0014980699999999994,0.0005869351000000002,0.00112623548,0.00292049548
2024,18,mattcl-py,input-mattcl,python,0.03016615730474225,0.0009251267513554,0.02995412948,0.0251398744329897,0.0049570931958762875,0.028882243480000003,0.033239390480000006
