year,day,participant,input,language,mean,stddev,median,user,system,min,max
2024,18,mattcl,input-mattcl,rust,0.001968586350000001,0.00035057475034120056,0.0018943780199999999,0.0015731699999999996,0.00044278530000000006,0.00104910702,0.00286048502
2024,18,mattcl-py,input-mattcl,python,0.02990772645298969,0.0008312541121975603,0.02966824102,0.0243793230927835,0.0054421983505154635,0.02883521302,0.03271251402000001
