year,day,participant,input,language,mean,stddev,median,user,system,min,max
2024,18,mattcl,input-mattcl,rust,0.0020493459949999997,0.0003220864119409952,0.0021287178199999998,0.0014886349999999999,0.0005935841999999999,0.00118160432,0.00277551932
2024,18,mattcl-py,input-mattcl,python,0.03027711310787878,0.0010140778685850233,0.030094169320000003,0.024861939191919195,0.005325863030303029,0.02873367032,0.03371475132
