year,day,participant,input,language,mean,stddev,median,user,system,min,max
2024,18,mattcl,input-mattcl,rust,0.0019186521,0.00035617582637660194,0.0018129325000000001,0.0014233090000000006,0.0005314584999999999,0.0012148435,0.0027978855
2024,18,mattcl-py,input-mattcl,python,0.029996390005154625,0.0007891202564263038,0.0298767025,0.0248731412371134,0.005049570103092784,0.0287005125,0.0325286965
