year,day,participant,input,language,mean,stddev,median,user,system,min,max
2024,18,mattcl,input-mattcl,rust,0.0019140141700000005,0.0003436193569304799,0.0017607366599999997,0.0014734100000000007,0.0004884202999999999,0.0011103186599999999,0.0026091646599999997
2024,18,mattcl-py,input-mattcl,python,0.03015821658783506,0.0010744382798509996,0.02974390266,0.025572389278350503,0.004463482268041236,0.028752263660000003,0.033197487660000004
