year,day,participant,input,language,mean,stddev,median,user,system,min,max
2023,24,lanjian,input-lanjian,rust,0.0018435584350000001,0.0001066973101203275,0.0018388399000000002,0.0016282200000000003,0.00020487919999999997,0.0010628979,0.0025197249
2023,24,mattcl,input-lanjian,rust,0.0017888208150000006,0.00016771400562511733,0.0018341414000000002,0.0015183649999999994,0.00026072499999999995,0.0010073549000000001,0.0020459479
2023,24,mattcl-py,input-lanjian,python,0.24773368756666667,0.0021993136013623744,0.2473830729,0.2198807,0.027648646666666662,0.24421128690000002,0.2509925069
2023,24,lanjian,input-mattcl,rust,0.0018742841750000005,0.00022239677266470793,0.0018396364,0.0015240649999999998,0.00030476660000000003,0.0010421289000000001,0.0032051869000000004
2023,24,mattcl,input-mattcl,rust,0.0017728360699999996,0.0002168652491336732,0.0017939414000000002,0.00141541,0.00029730499999999993,0.0008026209000000002,0.0022220169
2023,24,mattcl-py,input-mattcl,python,0.25007739973333337,0.0027143743829121025,0.2492003184,0.22636211666666664,0.023532646666666667,0.2461605239,0.2554696939
