year,day,participant,input,language,mean,stddev,median,user,system,min,max
2023,24,lanjian,input-lanjian,rust,0.0018475689900000006,0.0001735884642221392,0.00181890078,0.0016032649999999996,0.00023036309999999987,0.00126663778,0.0028283097800000006
2023,24,mattcl,input-lanjian,rust,0.001763263745,0.00021359320638054814,0.0017942297800000002,0.001520655,0.00023123010000000003,0.0005761847800000001,0.00234076778
2023,24,mattcl-py,input-lanjian,python,0.2522105465981819,0.003480670202251957,0.25263303178,0.23027576181818182,0.02175595818181818,0.24618873978,0.25899089178000007
2023,24,lanjian,input-mattcl,rust,0.001829952545,0.00018984041987046057,0.0018171077800000002,0.0015355571000000001,0.00029853999999999997,0.00094520478,0.0027570057800000002
2023,24,mattcl,input-mattcl,rust,0.0017800237249999999,0.00018177557719215108,0.0017930577800000002,0.0015036000000000006,0.00024560510000000007,0.00086857178,0.0022714377799999998
2023,24,mattcl-py,input-mattcl,python,0.2524975558709091,0.002414537714096623,0.25338136178000004,0.22576121636363633,0.026590503636363637,0.24764723778,0.25543666778
