year,day,participant,input,language,mean,stddev,median,user,system,min,max
2023,24,mattcl,input-mattcl,rust,0.0018268971100000011,0.00016548429102815335,0.0018521386800000002,0.0015437150000000008,0.00023757339999999996,0.0009159731800000002,0.0022016471800000003
2023,24,mattcl-py,input-mattcl,python,0.15862412323263161,0.0010076430594712629,0.15904011218000003,0.4063708010526315,1.0138587599999997,0.15626300818000002,0.16001086918000001
