year,day,participant,input,language,mean,stddev,median,user,system,min,max
2023,24,lanjian,input-lanjian,rust,0.0019247055399999992,0.00013168031483636654,0.00192406586,0.001758785,0.0001507186,0.00108218536,0.00314804136
2023,24,mattcl,input-lanjian,rust,0.0018649725499999992,0.00019507514705777352,0.00189829236,0.0015752449999999996,0.00024273459999999997,0.00101259436,0.00236966436
2023,24,mattcl-py,input-lanjian,python,0.2458208566933333,0.002873746380496705,0.24511373036,0.2238592233333333,0.021813786666666668,0.24311479936,0.25217633036000003
2023,24,lanjian,input-mattcl,rust,0.001930474585,0.00014774143328994486,0.0019196823599999999,0.0015075350000000015,0.0003783871999999999,0.00131673436,0.00302154436
2023,24,mattcl,input-mattcl,rust,0.0018229531799999995,0.0002232050624414128,0.0018967543600000001,0.0015037399999999997,0.0002847132,0.00091880836,0.0022150053600000002
2023,24,mattcl-py,input-mattcl,python,0.24732527761000003,0.0012038193525902277,0.24716455336,0.22345322333333328,0.023702120000000004,0.24599600136,0.24987775836
