year,day,participant,input,language,mean,stddev,median,user,system,min,max
2023,24,lanjian,input-lanjian,rust,0.0018140128749999996,0.0001507308174296112,0.00178498316,0.0015016299999999995,0.0003118464,0.00143698216,0.00270806016
2023,24,mattcl,input-lanjian,rust,0.0017518524700000004,0.00016535863778966052,0.00176225616,0.0015034489999999996,0.00022936259999999992,0.0008001801600000001,0.00212575016
2023,24,mattcl-py,input-lanjian,python,0.2544675335766667,0.003921129593512043,0.25589875566,0.22695943333333327,0.027317029999999996,0.24736978816,0.25845839416
2023,24,lanjian,input-mattcl,rust,0.0017993431049999997,0.00014265241999741033,0.00178614066,0.0014506349999999998,0.00033863919999999997,0.0011818551600000001,0.0025529311600000003
2023,24,mattcl,input-mattcl,rust,0.0017515860800000008,0.00017302038298209246,0.00176930416,0.0013925170000000007,0.00033067680000000007,0.00093221816,0.00215897316
2023,24,mattcl-py,input-mattcl,python,0.25124608470545456,0.003452072628007738,0.25072450416000003,0.22743905454545457,0.02363828,0.24750611316,0.25886010616
