year,day,participant,input,language,mean,stddev,median,user,system,min,max
2023,24,mattcl,input-mattcl,rust,0.0018650655700000005,0.00020798501456166548,0.0019139441400000002,0.0014847507999999994,0.0003178222,0.0010115161400000002,0.0021847501400000004
