year,day,participant,input,language,mean,stddev,median,user,system,min,max
2023,24,mattcl,input-mattcl,rust,0.001797907714999999,0.00021058552080423468,0.00185205468,0.0014416599999999991,0.00030117349999999997,0.00098441018,0.00232953818
2023,24,mattcl-py,input-mattcl,python,0.15613645612736846,0.0007164596836455596,0.15589167718000002,0.40575351684210514,1.0132870578947368,0.15524211218000003,0.15762426118000003
