year,day,participant,input,language,mean,stddev,median,user,system,min,max
2023,24,mattcl,input-mattcl,rust,0.0017550685900000007,0.00018396404710599071,0.00178603936,0.0014182649999999997,0.0003029885,0.00087818036,0.0022287773600000002
