year,day,participant,input,language,mean,stddev,median,user,system,min,max
2023,24,lanjian,input-lanjian,rust,0.0018441428250000008,0.0003102244510553508,0.0019589446400000003,0.0015616868000000006,0.0002795629999999999,0.0009728366400000001,0.0023737856400000003
2023,24,mattcl,input-lanjian,rust,0.001719606595,0.000388314935502919,0.0018918596400000001,0.0014542650000000004,0.0002586805999999999,0.00070453564,0.00239790164
2023,24,mattcl-py,input-lanjian,python,0.25320774045818184,0.002824479461768523,0.25399779064000005,0.21728022909090905,0.03577721090909091,0.24763110964,0.25704984664
2023,24,lanjian,input-mattcl,rust,0.001979625460000001,0.00010852995044991456,0.0019823286400000003,0.00172462,0.00023211580000000002,0.0013659526400000002,0.0025161716400000003
2023,24,mattcl,input-mattcl,rust,0.0019393354599999998,0.00019127744823248046,0.0019499381400000003,0.0016833050000000008,0.00020727960000000003,0.0010116086400000003,0.00239469464
2023,24,mattcl-py,input-mattcl,python,0.2528452184581818,0.002498264591440712,0.25324031564000005,0.22550504727272724,0.027135210909090903,0.24837595264,0.25616537364
