year,day,participant,input,language,mean,stddev,median,user,system,min,max
2023,24,mattcl,input-mattcl,rust,0.0018538173599999999,0.00018450751185236267,0.00187746276,0.001478204,0.00033951440000000015,0.0008810072600000002,0.00223381026
2023,24,mattcl-py,input-mattcl,python,0.15715181257578945,0.0015837685318620055,0.15713480226,0.4000393894736842,1.0179277936842104,0.15484056726,0.16021905526000002
