year,day,participant,input,language,mean,stddev,median,user,system,min,max
2023,24,mattcl,input-mattcl,rust,0.0017634742949999994,0.00019998502660042533,0.0018264032000000002,0.0013982250000000001,0.0003430693,0.0008927367000000001,0.0021147927
2023,24,mattcl-py,input-mattcl,python,0.15670794006842106,0.000959701416280617,0.1565601737,0.41464461052631585,1.0045889610526315,0.1551228137,0.1587211767
