year,day,participant,input,language,mean,stddev,median,user,system,min,max
2023,24,mattcl,input-mattcl,rust,0.0018603046049999999,0.0001850113633957182,0.00187960812,0.0015752828999999996,0.0002437114,0.00118344962,0.00231094962
