year,day,participant,input,language,mean,stddev,median,user,system,min,max
2023,24,mattcl,input-mattcl,rust,0.001786529265000001,0.00018395106907793165,0.00182612744,0.00153857,0.00022104500000000006,0.00100243194,0.00218090594
2023,24,mattcl-py,input-mattcl,python,0.15792843515052632,0.0011921970324120805,0.15797225894000003,0.40278579684210525,1.0161394778947368,0.15624281494000003,0.16030776794
