year,day,participant,input,language,mean,stddev,median,user,system,min,max
2023,24,mattcl,input-mattcl,rust,0.001843479375,0.00022951409550093002,0.0018911433200000003,0.0014311549999999995,0.00037090819999999994,0.0010133773200000002,0.0023109733200000005
