year,day,participant,input,language,mean,stddev,median,user,system,min,max
2023,24,mattcl,input-mattcl,rust,0.001784273400000001,0.00014028862646384404,0.0018104893400000004,0.00148749,0.0002884685,0.0012143528400000003,0.0021273518400000005
