year,day,participant,input,language,mean,stddev,median,user,system,min,max
2023,24,lanjian,input-lanjian,rust,0.0019195713299999997,0.000137946086169476,0.00190468136,0.0015122349000000006,0.00037108419999999995,0.0013369643600000002,0.00263744836
2023,24,mattcl,input-lanjian,rust,0.0018475799650000003,0.0002122165390399141,0.00188426386,0.001446319999999999,0.0003596138,0.0009775403600000001,0.00221962636
2023,24,mattcl-py,input-lanjian,python,0.24759358844333337,0.002464561949796179,0.24697223686000003,0.2205098533333333,0.02688239666666666,0.24442898536000002,0.25149250936
2023,24,lanjian,input-mattcl,rust,0.001886643005000001,0.0002262005110403457,0.00190687086,0.0016391849999999996,0.0002339858000000001,0.00119997736,0.00278336136
2023,24,mattcl,input-mattcl,rust,0.0018474121000000008,0.00019681950893736145,0.00188606086,0.001493215,0.0003258264000000001,0.0009965063600000002,0.00228827436
2023,24,mattcl-py,input-mattcl,python,0.24826574361,0.002079683482566135,0.24790640536000003,0.22695576999999997,0.02110473,0.24481830336000002,0.25150005336000003
