year,day,participant,input,language,mean,stddev,median,user,system,min,max
2023,24,lanjian,input-lanjian,rust,0.0018699921650000004,0.00013370179001280467,0.0018900751600000002,0.0016172800000000013,0.0002606538,0.0009863491599999999,0.00223906416
2023,24,mattcl,input-lanjian,rust,0.0017909867599999998,0.0002248572968078391,0.00185713416,0.0014629349999999994,0.00031646820000000005,0.00094798816,0.0022955101600000004
2023,24,mattcl-py,input-lanjian,python,0.24324776740999998,0.0014852030036060988,0.24258995416,0.22307712999999998,0.019991493333333332,0.24204444416,0.24671164616000002
2023,24,lanjian,input-mattcl,rust,0.0018798819299999992,0.00013218969797959592,0.00187947016,0.0015504430999999986,0.0003096747999999999,0.00110845816,0.0024561601600000004
2023,24,mattcl,input-mattcl,rust,0.0017577957949999996,0.00027101973250588153,0.0018395106600000001,0.0014012612000000003,0.0003329937999999999,0.0007841011600000001,0.0024744641600000002
2023,24,mattcl-py,input-mattcl,python,0.24436751091,0.002164527677466761,0.24452618666,0.21884379666666667,0.02537107666666667,0.24165934316,0.24767392616
