year,day,participant,input,language,mean,stddev,median,user,system,min,max
2023,24,mattcl,input-mattcl,rust,0.001731465065,0.00018113202709162446,0.0017601468399999997,0.0014526419,0.0002656230000000001,0.0008267503399999997,0.0021540143399999996
2023,24,mattcl-py,input-mattcl,python,0.1562084488136842,0.000826196650626589,0.15649048433999999,0.41693130421052627,1.000579126315789,0.15461090734,0.15732908334
