year,day,participant,input,language,mean,stddev,median,user,system,min,max
2023,24,mattcl,input-mattcl,rust,0.0019134276650000011,0.000163794807965286,0.0019125546200000002,0.0015554486999999997,0.0003054780000000001,0.00111814762,0.0023434116200000002
