year,day,participant,input,language,mean,stddev,median,user,system,min,max
2023,24,lanjian,input-lanjian,rust,0.0020035439550000005,0.00012691485878245238,0.0019931768,0.0016665200000000008,0.0003084719999999999,0.0014170718,0.0029372898
2023,24,mattcl,input-lanjian,rust,0.0019523389800000007,0.00019033131466196607,0.0019688258,0.0015796352000000014,0.00032206799999999995,0.0011564648000000001,0.0024097518
2023,24,mattcl-py,input-lanjian,python,0.24917979754999997,0.0022699881020752342,0.24900451830000003,0.22696931333333334,0.022061099999999997,0.24616179880000003,0.2535308928
2023,24,lanjian,input-mattcl,rust,0.0020130024900000005,0.0001358532346853628,0.0020046077999999997,0.001812824999999999,0.000170792,0.0011950268000000001,0.0028249998
2023,24,mattcl,input-mattcl,rust,0.0019385379899999997,0.00017799715940374698,0.0019840743,0.0016435000000000002,0.00025391899999999997,0.0011087248,0.0023437778
2023,24,mattcl-py,input-mattcl,python,0.2506701820727273,0.00193112023548168,0.2501456978,0.2169181618181818,0.033575963636363636,0.24764529480000003,0.2538948408
