year,day,participant,input,language,mean,stddev,median,user,system,min,max
2023,24,lanjian,input-lanjian,rust,0.0017804024350000015,0.00013725968077436725,0.0017853269200000003,0.0014028600000000006,0.0003748298,0.0008432949200000001,0.0022206719200000002
2023,24,mattcl,input-lanjian,rust,0.0017555629499999992,0.0001667346381851798,0.00177280392,0.0013827399999999997,0.00035008909999999997,0.0009137469200000002,0.00230046992
2023,24,mattcl-py,input-lanjian,python,0.25087237146545466,0.0012780020385628915,0.25095850992,0.22806769090909096,0.022646503636363637,0.24879783892000001,0.25321294592000004
2023,24,lanjian,input-mattcl,rust,0.0018035440550000005,0.00013060095934723786,0.0017980304200000002,0.0015323649999999997,0.00026042720000000005,0.0012271929200000002,0.0025811259200000003
2023,24,mattcl,input-mattcl,rust,0.0017687851500000013,0.00017704280036009323,0.0017848559200000001,0.0014184769999999994,0.00029457349999999997,0.0008630319200000002,0.0024897649200000004
2023,24,mattcl-py,input-mattcl,python,0.25016247455636365,0.0029759765690088856,0.25071274992000003,0.22652814545454544,0.02348968545454545,0.24573710292,0.25609144092
