year,day,participant,input,language,mean,stddev,median,user,system,min,max
2023,24,mattcl,input-mattcl,rust,0.0018797037999999996,0.0001738762627225516,0.0018769083,0.0015746350000000004,0.00024051839999999998,0.0011929843,0.0024562272999999997
2023,24,mattcl-py,input-mattcl,python,0.15727120874444445,0.0010789304243305179,0.15724883630000003,0.3972112022222222,1.0219553866666666,0.1552736963,0.16019205830000002
