year,day,participant,input,language,mean,stddev,median,user,system,min,max
2023,24,lanjian,input-lanjian,rust,0.0019669735600000003,0.00017512789180448618,0.0019532639,0.0017442714999999997,0.00022908510000000003,0.0013388249,0.0029433159
2023,24,mattcl,input-lanjian,rust,0.001906453505,0.00019146775573146305,0.0019221014000000002,0.0016121949999999996,0.00024892580000000005,0.0009863059000000001,0.0025375679
2023,24,mattcl-py,input-lanjian,python,0.1566706858473684,0.0013334791238010283,0.15637186090000002,0.4196908578947368,0.9949501968421052,0.1552986919,0.1615079989
2023,24,lanjian,input-mattcl,rust,0.0019475270800000002,0.00012124565304765512,0.0019524524,0.0016444599999999993,0.00029165380000000006,0.0013633409,0.0024444329
2023,24,mattcl,input-mattcl,rust,0.001840495900000001,0.0002741490961629544,0.0019235084,0.0014564164999999987,0.0003464976000000002,0.0007639899000000001,0.0022641859
2023,24,mattcl-py,input-mattcl,python,0.15877313134444448,0.0033306134396576454,0.1584320099,0.3927874222222221,1.0228404044444446,0.15624414190000002,0.1714966749
