year,day,participant,input,language,mean,stddev,median,user,system,min,max
2023,24,mattcl,input-mattcl,rust,0.0016977735300000001,0.00021651089896441942,0.0017252345600000001,0.0013699285,0.00029099099999999994,0.0009609280600000001,0.00217318806
2023,24,mattcl-py,input-mattcl,python,0.15813066021789474,0.0036132649060805016,0.15733551206000002,0.4013385631578947,1.0062172926315789,0.15617077106000002,0.17274703606000003
