year,day,participant,input,language,mean,stddev,median,user,system,min,max
2023,24,mattcl,input-mattcl,rust,0.0017966435350000004,0.0002053094571344388,0.001837961,0.0015426150000000002,0.00019221650000000003,0.0010051585,0.0021475655
2023,24,mattcl-py,input-mattcl,python,0.15576224660526317,0.000963241697756182,0.15559946750000003,0.41058592947368416,1.0072067315789475,0.1535169325,0.15748217050000002
