year,day,participant,input,language,mean,stddev,median,user,system,min,max
2023,24,mattcl,input-mattcl,rust,0.0017619668600000005,0.00018151314645072566,0.00180608722,0.0014305050000000005,0.00031343919999999995,0.0008383162200000002,0.00207812522
2023,24,mattcl-py,input-mattcl,python,0.15673713832526318,0.0012269024129879962,0.15677411722,0.40628684210526306,1.0121471357894736,0.15456877122,0.15912423322000002
