year,day,participant,input,language,mean,stddev,median,user,system,min,max
2023,24,mattcl,input-mattcl,rust,0.0019125275200000008,0.00019678761963511999,0.0019433400600000002,0.0015950349999999999,0.00023387299999999997,0.00109259756,0.00246594756
2023,24,mattcl-py,input-mattcl,python,0.15750470745473688,0.0017173056446901523,0.15714243156000002,0.4192328189473684,0.9974735431578946,0.15499355956000002,0.16286157456000003
