year,day,participant,input,language,mean,stddev,median,user,system,min,max
2023,24,lanjian,input-lanjian,rust,0.001855584975000001,0.00014478586402599718,0.0018696396600000006,0.0015078894999999992,0.00032932769999999994,0.0011678866600000003,0.0022303256600000004
2023,24,mattcl,input-lanjian,rust,0.0018352145600000005,0.00017770023070868426,0.0018584686600000005,0.0013978094999999994,0.0003768977999999999,0.0010312006600000003,0.0022083336600000007
2023,24,mattcl-py,input-lanjian,python,0.24683734938727273,0.003425688756995016,0.24633629266,0.21908119090909087,0.02757536545454545,0.24268334566,0.25397430766
2023,24,lanjian,input-mattcl,rust,0.0018724348400000006,0.0001527417155767022,0.0018698896600000004,0.0016288499999999994,0.0002185354,0.0012358036600000001,0.0025476886600000006
2023,24,mattcl,input-mattcl,rust,0.0017877359150000017,0.00022060444820934318,0.0018520016600000004,0.0014752500000000002,0.00027555050000000006,0.0009105356600000004,0.0023647066600000007
2023,24,mattcl-py,input-mattcl,python,0.25286719999333335,0.009258444973758306,0.25008863716,0.22844826666666665,0.022654486666666668,0.24206395566,0.27766945766
