year,day,participant,input,language,mean,stddev,median,user,system,min,max
2023,24,lanjian,input-lanjian,rust,0.00182799326,0.00014488781353685706,0.00181179934,0.0015865531000000001,0.0002216013999999999,0.0012382308399999998,0.00268147184
2023,24,mattcl,input-lanjian,rust,0.00180455351,0.00009899784080408247,0.00181307184,0.001549970000000001,0.00023928599999999993,0.0010171668399999998,0.00206534884
2023,24,mattcl-py,input-lanjian,python,0.2513851531127273,0.0018628577251821464,0.25045553184,0.22902347090909095,0.022219287272727272,0.24988539484,0.25596101684
2023,24,lanjian,input-mattcl,rust,0.001819354345,0.0001234083934673853,0.0018015603399999997,0.0015366550000000007,0.0002469688,0.00162092684,0.0023794868399999998
2023,24,mattcl,input-mattcl,rust,0.001751172814999998,0.00020623473608876464,0.0017899538399999998,0.0014603400000000012,0.00023820980000000002,0.0007883588399999998,0.00219711484
2023,24,mattcl-py,input-mattcl,python,0.2524321289309091,0.002855514324008355,0.25169356784,0.22630519818181816,0.02599619636363636,0.24917458284000002,0.25775680684
