year,day,participant,input,language,mean,stddev,median,user,system,min,max
2023,24,mattcl,input-mattcl,rust,0.0018041937849999994,0.00016471776572140977,0.0018395439800000001,0.0015470600000000003,0.00021231620000000003,0.0007156814800000002,0.00202107448
2023,24,mattcl-py,input-mattcl,python,0.15715338853263158,0.0022218449893248284,0.15694186848000002,0.38999027052631574,1.0265061663157895,0.15519751448000002,0.16568175548000003
