year,day,participant,input,language,mean,stddev,median,user,system,min,max
2023,24,mattcl,input-mattcl,rust,0.0018428172950000002,0.000210477226963359,0.0018807865200000003,0.0015096449999999998,0.000297448,0.0010598425200000002,0.0023664655200000004
