year,day,participant,input,language,mean,stddev,median,user,system,min,max
2023,24,mattcl,input-mattcl,rust,0.0018024367349999998,0.00018446155079267104,0.0018275329400000001,0.0014852249999999997,0.00025543730000000006,0.0008778609400000002,0.00217089094
2023,24,mattcl-py,input-mattcl,python,0.1582716368288889,0.002459369608220391,0.15812688544000003,0.3983126311111111,1.0152985155555554,0.15505886694,0.16355999694000004
