year,day,participant,input,language,mean,stddev,median,user,system,min,max
2023,24,lanjian,input-lanjian,rust,0.0017809852199999995,0.00013388214046142476,0.0017815576200000001,0.0014323699999999997,0.00035372050000000003,0.00114167562,0.00228988362
2023,24,mattcl,input-lanjian,rust,0.0017663199750000004,0.00016161449406286235,0.0017731516200000003,0.0014017249999999995,0.00033727369999999994,0.00081070562,0.00210415662
2023,24,mattcl-py,input-lanjian,python,0.2503044852866667,0.0040013856364665805,0.24959050712,0.22476013000000003,0.025368589999999996,0.24277159462,0.25677021262000005
2023,24,lanjian,input-mattcl,rust,0.0017895585649999998,0.00015357197653591542,0.00177948862,0.0015715899999999997,0.0002188264,0.00099386862,0.0025942136200000003
2023,24,mattcl,input-mattcl,rust,0.0017127295850000003,0.00022447199333655457,0.00175932112,0.0014775155999999991,0.00022036990000000003,0.00087261162,0.00246560262
2023,24,mattcl-py,input-mattcl,python,0.2502538659836364,0.0020897716950072074,0.24970673562000004,0.22761688,0.022448612727272724,0.24684085062000002,0.25436239662000004
