year,day,participant,input,language,mean,stddev,median,user,system,min,max
2023,24,mattcl,input-mattcl,rust,0.0017173154349999996,0.00025635020085660725,0.0017777807999999997,0.001406849999999999,0.00029662049999999994,0.0008219322999999998,0.0026627062999999996
