year,day,participant,input,language,mean,stddev,median,user,system,min,max
2023,24,mattcl,input-mattcl,rust,0.001778725115,0.0002233852097914737,0.0018172927000000003,0.0014573700000000006,0.00027812849999999994,0.0006479827,0.0022281837
2023,24,mattcl-py,input-mattcl,python,0.15723400506842108,0.0007102028948446278,0.1572601857,0.4091597294736842,1.0101296157894737,0.1560385577,0.1584346357
