year,day,participant,input,language,mean,stddev,median,user,system,min,max
2023,24,mattcl,input-mattcl,rust,0.0017396322499999984,0.00021100452796490312,0.0017818588800000003,0.0014620974999999996,0.0002622882,0.00090933688,0.00215229188
