year,day,participant,input,language,mean,stddev,median,user,system,min,max
2023,24,mattcl,input-mattcl,rust,0.0021541694100000006,0.004912109307570978,0.0019617935000000005,0.0014996499999999995,0.0002565084,0.0006909815,0.0710735705
2023,24,mattcl-py,input-mattcl,python,0.1565465455,0.0007285083080378881,0.1566274595,0.4147828421052631,1.0034761863157895,0.1552451345,0.1581331265
