year,day,participant,input,language,mean,stddev,median,user,system,min,max
2023,24,lanjian,input-lanjian,rust,0.0018237635599999988,0.00012384731501959747,0.00182463344,0.0014994299999999989,0.00034710399999999993,0.0010982034400000003,0.00233815444
2023,24,mattcl,input-lanjian,rust,0.0017678701950000007,0.00021419786372228573,0.00180764194,0.00142288,0.00033311660000000004,0.00080432444,0.00213889144
2023,24,mattcl-py,input-lanjian,python,0.24680964719,0.002584691766020081,0.24623470794000002,0.2228962866666667,0.023747479999999998,0.24385381644000004,0.25311375844
2023,24,lanjian,input-mattcl,rust,0.0018193191999999999,0.00015499854511533896,0.0018214779399999999,0.0016574649999999997,0.00017917880000000005,0.00102344444,0.00222236844
2023,24,mattcl,input-mattcl,rust,0.0017283312299999985,0.00023217118348561568,0.0017918674400000001,0.0014888449999999993,0.0002485726,0.00092560044,0.00218846444
2023,24,mattcl-py,input-mattcl,python,0.2487467188566667,0.0021406490591722805,0.24830224744,0.22698537,0.021630896666666666,0.24529424244000003,0.25242289544
