year,day,participant,input,language,mean,stddev,median,user,system,min,max
2023,24,mattcl,input-mattcl,rust,0.001767893155000001,0.003132300571566035,0.0017640880200000002,0.0013453469999999998,0.00020589819999999992,0.00057784452,0.04541756552
2023,24,mattcl-py,input-mattcl,python,0.15764699773052637,0.0010239079087763366,0.15784702552000002,0.4096564631578946,1.0100599726315789,0.15547017752,0.15948418752000001
