year,day,participant,input,language,mean,stddev,median,user,system,min,max
2023,24,mattcl,input-mattcl,rust,0.0017311098100000004,0.0001955841220015846,0.0017743852400000002,0.0013840998999999998,0.0003257537999999999,0.0008776122400000001,0.00216136424
2023,24,mattcl-py,input-mattcl,python,0.15553018050315787,0.0007078773840561712,0.15543556724000002,0.41374796736842107,1.0027585389473683,0.15456964824000002,0.15722744124000002
