year,day,participant,input,language,mean,stddev,median,user,system,min,max
2023,24,mattcl,input-mattcl,rust,0.0018131267700000001,0.00020750850829870786,0.0018718519000000002,0.0014756802999999997,0.0003233707999999999,0.0009466704000000002,0.0022791744000000003
2023,24,mattcl-py,input-mattcl,python,0.15591532592631582,0.0006271516723123285,0.15587362040000002,0.41599930842105265,1.000110965263158,0.1547568404,0.1570316974
