year,day,participant,input,language,mean,stddev,median,user,system,min,max
2023,24,mattcl,input-mattcl,rust,0.0016948531200000002,0.0002439621166754161,0.001768691,0.0014668668999999997,0.00024231539999999995,0.000702818,0.002203414
