year,day,participant,input,language,mean,stddev,median,user,system,min,max
2023,24,mattcl,input-mattcl,rust,0.00181822856,0.00017157941335561465,0.0018269920800000003,0.0014893549999999986,0.00028176200000000007,0.00102795458,0.00245067158
2023,24,mattcl-py,input-mattcl,python,0.15935955174666666,0.0015439070773591895,0.15920807808,0.406556611111111,1.0144603444444447,0.15685856258,0.16232435058
