year,day,participant,input,language,mean,stddev,median,user,system,min,max
2023,24,mattcl,input-mattcl,rust,0.0018651489449999991,0.00020629746869102502,0.0019107858600000002,0.0014474000000000006,0.00037373259999999987,0.00107129636,0.00224708536
2023,24,mattcl-py,input-mattcl,python,0.1558610638863158,0.0009505029237880334,0.15588477436,0.4331630568421053,0.9841368610526317,0.15437212636,0.15785741436
