year,day,participant,input,language,mean,stddev,median,user,system,min,max
2023,24,mattcl,input-mattcl,rust,0.0018430060999999997,0.00017368576337027734,0.0018816361400000002,0.0015578850000000002,0.0002634356000000001,0.00101138214,0.0022004981400000003
2023,24,mattcl-py,input-mattcl,python,0.15722892161368424,0.001367377884428823,0.15722208414000002,0.4174574105263157,1.0015665694736842,0.15545827414000002,0.16182232214000003
