year,day,participant,input,language,mean,stddev,median,user,system,min,max
2023,24,mattcl,input-mattcl,rust,0.001729214744999999,0.00019551133642561403,0.0017810202399999996,0.0014774709999999993,0.00023034869999999998,0.0009066317399999999,0.0020168327399999997
2023,24,mattcl-py,input-mattcl,python,0.15443427173999996,0.000845566092189136,0.15466193874,0.42109134736842097,0.9940465021052631,0.15243622773999999,0.15573708374
