year,day,participant,input,language,mean,stddev,median,user,system,min,max
2023,24,mattcl,input-mattcl,rust,0.00192892271,0.0001695942728742863,0.0019565387400000004,0.001590764999999999,0.0002694487,0.00092789824,0.00231397224
2023,24,mattcl-py,input-mattcl,python,0.1578260042926316,0.001035407574375396,0.15786564124000002,0.41199165052631576,1.0084668242105264,0.15581679624000003,0.15950570124000002
