year,day,participant,input,language,mean,stddev,median,user,system,min,max
2023,24,mattcl,input-mattcl,rust,0.0017416387500000005,0.00024867725749762516,0.0018313117000000002,0.0014846817000000003,0.00023878600000000003,0.0005498847000000003,0.0022082767
2023,24,mattcl-py,input-mattcl,python,0.15572884585789476,0.0007714982043999612,0.1556209017,0.401732167368421,1.0145953168421051,0.1543834477,0.15828698870000002
