year,day,participant,input,language,mean,stddev,median,user,system,min,max
2023,24,mattcl,input-mattcl,rust,0.0018268656200000003,0.00019584342949853376,0.0018663691600000001,0.0014236199999999998,0.00035434520000000006,0.00090882316,0.00217952016
2023,24,mattcl-py,input-mattcl,python,0.15607030279157896,0.0008495852487008142,0.15612304816000003,0.42935975578947366,0.989162132631579,0.15417713016,0.15816615916
