year,day,participant,input,language,mean,stddev,median,user,system,min,max
2024,16,mattcl,input-mattcl,rust,0.004029603805000001,0.0003913800594381796,0.00392793902,0.0024326777999999997,0.0016127297000000005,0.0033543845200000003,0.007134383520000001
