year,day,participant,input,language,mean,stddev,median,user,system,min,max
2024,16,lanjian,input-lanjian,rust,0.00598132235,0.0004422428370003161,0.005971005800000002,0.003374381,0.002670048,0.005070389300000001,0.009482599300000002
2024,16,mattcl,input-lanjian,rust,0.002293647394999999,0.00037565281335389934,0.0023492858000000003,0.001647613499999999,0.0006811325000000002,0.0012640343000000006,0.003633599300000001
2024,16,mattcl-py,input-lanjian,python,0.03435154402839507,0.0008107359228762317,0.0342000843,0.02888726296296297,0.005381244444444443,0.032657037300000004,0.0370055683
2024,16,lanjian,input-mattcl,rust,0.013780769047368418,0.0004771468001572094,0.013759915300000002,0.009162568421052631,0.004556013684210524,0.012466525300000001,0.016104974299999998
2024,16,mattcl,input-mattcl,rust,0.002752026780000001,0.000376511837157877,0.0027030078000000006,0.0017490349999999988,0.0009782609999999996,0.0019349403000000003,0.005404184300000001
2024,16,mattcl-py,input-mattcl,python,0.04369332499696971,0.0008829899453292153,0.0437155523,0.03713842121212121,0.006473378787878787,0.0418119753,0.0472797103
