year,day,participant,input,language,mean,stddev,median,user,system,min,max
2024,16,mattcl,input-mattcl,rust,0.0026582755400000003,0.00020119080053245184,0.0026292882000000005,0.0018658169,0.0007980824000000004,0.0019569502000000003,0.004411903200000001
2024,16,mattcl-py,input-mattcl,python,0.043607906641176475,0.001077026960318056,0.04333737470000001,0.037430987647058815,0.006119947058823528,0.041920308200000006,0.048847199200000004
