year,day,participant,input,language,mean,stddev,median,user,system,min,max
2024,16,lanjian,input-lanjian,rust,0.006002447819999996,0.0006306206310665102,0.0059634573400000005,0.0032614124999999984,0.002783817400000001,0.00500865034,0.009536591340000001
2024,16,mattcl,input-lanjian,rust,0.0022313963500000004,0.000317761089607084,0.00232046634,0.0015205449999999999,0.0007247347999999998,0.0015831623399999999,0.00297438534
2024,16,mattcl-py,input-lanjian,python,0.03402259738705881,0.0006981853555655119,0.03391518334,0.02892526235294117,0.005006053176470587,0.03296108834,0.03628030934
2024,16,lanjian,input-mattcl,rust,0.013518576609999992,0.00043925690819417824,0.01346285384,0.008888833100000004,0.004540062999999999,0.012431038340000002,0.01580871734
2024,16,mattcl,input-mattcl,rust,0.0026573550500000004,0.0002182919622128805,0.00262605834,0.0018065249999999996,0.0008463344000000002,0.0018305443400000003,0.0040203513400000005
2024,16,mattcl-py,input-mattcl,python,0.04351941349942029,0.0008407056686450205,0.04332975834,0.03615362637681159,0.007280093913043477,0.04245284734,0.04633169434
