year,day,participant,input,language,mean,stddev,median,user,system,min,max
2024,16,lanjian,input-mattcl,rust,0.013610690285000003,0.0006189937421713329,0.01349348686,0.008970621000000003,0.004550818799999998,0.01258935786,0.01658114486
2024,16,mattcl,input-mattcl,rust,0.0026656832349999993,0.0002585280078682114,0.0026432293600000003,0.0018660714999999997,0.0008049156000000003,0.0019238528600000002,0.005103647860000001
2024,16,mattcl-py,input-mattcl,python,0.04377075433692308,0.001127212186265053,0.04345111186,0.036328361538461536,0.007371966153846152,0.04224763686000001,0.04691681386
