year,day,participant,input,language,mean,stddev,median,user,system,min,max
2024,16,mattcl,input-mattcl,rust,0.0026003193250000007,0.00027942005498418794,0.0026103275600000003,0.0018262096000000005,0.0007891738,0.00185454856,0.00493468956
2024,16,mattcl-py,input-mattcl,python,0.048270740805901664,0.0011540226287735096,0.04792372056000001,0.04218705639344261,0.0059961022950819655,0.04639754656,0.05136428556
