year,day,participant,input,language,mean,stddev,median,user,system,min,max
2024,16,mattcl,input-mattcl,rust,0.004038188360000001,0.0003830037223627891,0.00394632478,0.0025950587999999998,0.0014727434999999996,0.0032995652799999997,0.00584265228
2024,16,mattcl-py,input-mattcl,python,0.04790117224610169,0.0009413219848610372,0.047662438280000004,0.04268551254237289,0.005169558305084747,0.046459748280000004,0.050442297280000006
