year,day,participant,input,language,mean,stddev,median,user,system,min,max
2024,16,mattcl,input-mattcl,rust,0.004077985115000003,0.0003785287312963245,0.00398854502,0.0025454728000000003,0.0015702440999999998,0.0032934985200000007,0.0071740645200000005
2024,16,mattcl-py,input-mattcl,python,0.04847149463475408,0.0009982145176158797,0.04835842952,0.04240752655737706,0.00598325213114754,0.046641975520000004,0.05135602352000001
