year,day,participant,input,language,mean,stddev,median,user,system,min,max
2024,16,mattcl,input-mattcl,rust,0.002732287165000001,0.00028770831819058463,0.00267415424,0.0018240100000000003,0.0008851021000000005,0.0019627427400000005,0.00411227874
2024,16,mattcl-py,input-mattcl,python,0.04936293802333335,0.0011502205719715734,0.04897002224,0.04306662999999999,0.006222583333333333,0.047629276740000004,0.052475372740000005
