year,day,participant,input,language,mean,stddev,median,user,system,min,max
2024,16,lanjian,input-lanjian,rust,0.005756990614999998,0.0003103116958150139,0.0057793545,0.003410532,0.002415422700000001,0.0048441625,0.0065001355
2024,16,mattcl,input-lanjian,rust,0.002255123994999999,0.00035487786195634053,0.0023250115,0.0014805530000000008,0.0008040215000000002,0.0013205494999999996,0.0035904225
2024,16,mattcl-py,input-lanjian,python,0.03411486623563219,0.001049964724688987,0.033824821500000005,0.028896377011494254,0.005167468045977012,0.0322977105,0.0381342275
2024,16,lanjian,input-mattcl,rust,0.013567899785000002,0.0006792144367066912,0.013425899000000002,0.008784773000000004,0.0046897671,0.0125346135,0.0168383885
2024,16,mattcl,input-mattcl,rust,0.0026315601299999993,0.00025777540270544225,0.002583055,0.0018476400000000007,0.0007844673999999999,0.0019132294999999995,0.0051888975
2024,16,mattcl-py,input-mattcl,python,0.043493939058823546,0.0007800999448684779,0.04324027,0.036778267647058834,0.006616310588235292,0.0424612055,0.0467752195
