year,day,participant,input,language,mean,stddev,median,user,system,min,max
2024,16,mattcl,input-mattcl,rust,0.004228505015000001,0.0003308574170102057,0.0041583254,0.0025509344999999992,0.001678611399999999,0.0033570099,0.005521761900000001
2024,16,mattcl-py,input-mattcl,python,0.04907942924482758,0.0012131844470920409,0.04881264340000001,0.043138796551724125,0.00582685068965517,0.0469654259,0.05215225490000001
