year,day,participant,input,language,mean,stddev,median,user,system,min,max
2024,16,mattcl,input-mattcl,rust,0.002600523900000002,0.0003508887051028061,0.00259134976,0.0018852190999999999,0.0007440492,0.00138405926,0.0038471022600000005
2024,16,mattcl-py,input-mattcl,python,0.04922271777666668,0.0011584564624721586,0.04906777476,0.04152844333333334,0.007604932,0.047434881260000006,0.05288129426
