year,day,participant,input,language,mean,stddev,median,user,system,min,max
2024,16,mattcl,input-mattcl,rust,0.00649357032,0.0004449188560347064,0.00639258194,0.0044548475,0.0020619286000000004,0.00565187944,0.00913912044
