year,day,participant,input,language,mean,stddev,median,user,system,min,max
2024,16,mattcl,input-mattcl,rust,0.004210913194999998,0.00039432276711593367,0.0041052375,0.0028345684000000006,0.0013792950000000007,0.003422128,0.007204419
2024,16,mattcl-py,input-mattcl,python,0.04901695324561404,0.00125695862876675,0.048793914,0.04196712315789473,0.006945719298245613,0.047025825,0.054860650999999996
