year,day,participant,input,language,mean,stddev,median,user,system,min,max
2024,16,mattcl,input-mattcl,rust,0.004082560365000001,0.0004599413184642876,0.00398644676,0.002863374999999998,0.0012645400000000002,0.0033744662600000003,0.00756116126
2024,16,mattcl-py,input-mattcl,python,0.04831329329225807,0.0009898388730283153,0.048131849260000005,0.04166495161290321,0.006541696451612905,0.04694117926000001,0.051673406260000006
