year,day,participant,input,language,mean,stddev,median,user,system,min,max
2024,16,mattcl,input-mattcl,rust,0.002697272214999999,0.000317484190097552,0.0026306503199999996,0.001664855,0.0010027784000000003,0.0018998768199999998,0.00448455782
2024,16,mattcl-py,input-mattcl,python,0.04906092982000001,0.0012657596353925383,0.04879560132000001,0.04238499666666666,0.006579725999999999,0.04712220282,0.05252597382
