year,day,participant,input,language,mean,stddev,median,user,system,min,max
2024,16,mattcl,input-mattcl,rust,0.0042543085400000005,0.00041278114948437044,0.00414077354,0.0027854250000000002,0.001500525,0.00342372754,0.00746085954
2024,16,mattcl-py,input-mattcl,python,0.049130057917049164,0.000977715084281496,0.04900319254,0.042792863934426224,0.006270316721311471,0.04709839954,0.05160021154
