year,day,participant,input,language,mean,stddev,median,user,system,min,max
2024,16,mattcl,input-mattcl,rust,0.004090906649999998,0.0004012252854011763,0.00399202362,0.0026094649999999996,0.0015435481999999993,0.00332216462,0.006558512620000001
2024,16,mattcl-py,input-mattcl,python,0.048401043308524606,0.0009877715765965924,0.04829755362,0.04299871311475408,0.005330571803278688,0.046915347620000006,0.05232414962
