year,day,participant,input,language,mean,stddev,median,user,system,min,max
2024,16,mattcl,input-mattcl,rust,0.0026457400750000003,0.00022950190579608385,0.0026267184000000007,0.0017785660999999995,0.0008520929999999998,0.0018609849000000007,0.003198488900000001
2024,16,mattcl-py,input-mattcl,python,0.04868543978333335,0.0010270856327942721,0.0484218059,0.04196836333333334,0.006628129333333334,0.0470368129,0.051386386900000004
