year,day,participant,input,language,mean,stddev,median,user,system,min,max
2024,16,mattcl,input-mattcl,rust,0.0040941404300000065,0.00030166750219170194,0.004021382180000001,0.0025454523999999985,0.0015486867999999993,0.0034062046800000007,0.005715138680000001
2024,16,mattcl-py,input-mattcl,python,0.04832414253245902,0.0008337530676257777,0.04807662468,0.042420579344262285,0.005799546885245902,0.04705298768,0.05059503068
