year,day,participant,input,language,mean,stddev,median,user,system,min,max
2024,16,mattcl,input-mattcl,rust,0.00262245781,0.00029689683056334217,0.0025731237400000006,0.0017643599999999998,0.0008303853999999998,0.0018946217400000005,0.005432122740000001
2024,16,mattcl-py,input-mattcl,python,0.04949918307333333,0.0013356981755468522,0.049113022740000005,0.04234087929824561,0.007055258245614034,0.04706296974,0.055690430740000005
