year,day,participant,input,language,mean,stddev,median,user,system,min,max
2024,16,mattcl,input-mattcl,rust,0.0026435418400000007,0.000227632306967202,0.0026331116800000004,0.0018512368000000016,0.0008116164999999999,0.00193743868,0.005025512680000001
2024,16,mattcl-py,input-mattcl,python,0.049093289430000006,0.0010991791313983118,0.04888819718,0.04251162333333333,0.006509536666666666,0.04746460068,0.052232441680000005
