year,day,participant,input,language,mean,stddev,median,user,system,min,max
2024,16,mattcl,input-mattcl,rust,0.0027219031,0.00028953749251047037,0.0026630394400000003,0.001986670000000001,0.0007158338999999998,0.0018454589399999998,0.00399315994
2024,16,mattcl-py,input-mattcl,python,0.04909149024645161,0.001122883168449505,0.04875695344,0.042060253548387085,0.006952708064516129,0.04732618494,0.05211940794
