year,day,participant,input,language,mean,stddev,median,user,system,min,max
2024,16,mattcl,input-mattcl,rust,0.0027109889499999985,0.00025837802144678963,0.0026636127600000005,0.0017035999999999996,0.0009722894999999999,0.0018874302600000005,0.0033969252600000006
2024,16,mattcl-py,input-mattcl,python,0.04917736794852459,0.0009857797549031012,0.04895618626,0.042265665573770476,0.006783172786885246,0.04724455226,0.05196074926
