year,day,participant,input,language,mean,stddev,median,user,system,min,max
2024,16,mattcl,input-mattcl,rust,0.004261928815,0.0004261090255716442,0.004151213860000001,0.002877112699999999,0.0013971089999999997,0.00345160936,0.00670200436
2024,16,mattcl-py,input-mattcl,python,0.04874077272065573,0.0010374238643166068,0.04872855536,0.042895042295081974,0.005740701639344262,0.046952851360000006,0.051400578360000004
