year,day,participant,input,language,mean,stddev,median,user,system,min,max
2024,16,lanjian,input-lanjian,rust,0.005716543324999998,0.00047991883785829947,0.005712509399999999,0.0031562149999999995,0.0026527389999999994,0.0050003669,0.0087710669
2024,16,mattcl,input-lanjian,rust,0.0022097970000000016,0.00032755344789534826,0.0023113114,0.001616105000000001,0.0006528917999999999,0.0014163259000000003,0.0030035179
2024,16,mattcl-py,input-lanjian,python,0.03411682631860464,0.0008525732273440206,0.0339381734,0.02824278604651163,0.005777479069767444,0.0327781459,0.0361957849
2024,16,lanjian,input-mattcl,rust,0.013320401905000006,0.0005985292594474295,0.013207357900000001,0.008894604000000002,0.004353063200000001,0.0123571409,0.016778889900000003
2024,16,mattcl,input-mattcl,rust,0.002629551645,0.00024052966481011924,0.0025962349,0.00192498,0.0007075264000000002,0.0017972079000000002,0.0043644959
2024,16,mattcl-py,input-mattcl,python,0.04348110039230768,0.0009870947866572916,0.0431638419,0.03794290769230769,0.005471366153846154,0.0421442329,0.0469133619
