year,day,participant,input,language,mean,stddev,median,user,system,min,max
2024,16,mattcl,input-mattcl,rust,0.002635453015000001,0.0002539564353468745,0.0026116157,0.0016885950000000013,0.0009341300000000002,0.0018082861999999997,0.0042893722000000006
2024,16,mattcl-py,input-mattcl,python,0.04415105254848486,0.0011383884508965561,0.0439193692,0.038113590909090916,0.005969060606060607,0.0424167852,0.0472784262
