year,day,participant,input,language,mean,stddev,median,user,system,min,max
2024,16,mattcl,input-mattcl,rust,0.0025965416650000008,0.00033188705379955504,0.00258141216,0.001907443399999998,0.0007163717999999998,0.00188499816,0.00511127816
2024,16,mattcl-py,input-mattcl,python,0.043571879069090914,0.0009138867332088425,0.04319885066,0.037234516969696964,0.006293658181818182,0.04236415316,0.04638436916
