year,day,participant,input,language,mean,stddev,median,user,system,min,max
2024,16,mattcl,input-mattcl,rust,0.004196983370000001,0.0005002597272465063,0.00405174294,0.0025737994000000004,0.0016378062000000004,0.0033358024399999997,0.0072519744399999995
2024,16,mattcl-py,input-mattcl,python,0.0483992030957377,0.0010830212804223945,0.04816234844000001,0.04230079475409836,0.00599350819672131,0.046838991440000005,0.051072837440000005
