year,day,participant,input,language,mean,stddev,median,user,system,min,max
2024,16,mattcl,input-mattcl,rust,0.004141407349999998,0.00034535723575946704,0.00407911448,0.0028179557999999994,0.0013576349999999996,0.0031459309800000008,0.00573822698
2024,16,mattcl-py,input-mattcl,python,0.04861302789666667,0.0011105795551361235,0.048396923480000006,0.041869939999999994,0.006656904666666665,0.046522397980000005,0.05131980498
