year,day,participant,input,language,mean,stddev,median,user,system,min,max
2024,16,lanjian,input-lanjian,rust,0.005863521140000002,0.0004923252707031137,0.005840922940000001,0.003506441199999999,0.002373142200000001,0.00488547844,0.008849210440000001
2024,16,mattcl,input-lanjian,rust,0.0022551172399999982,0.00033198498936869224,0.00235681344,0.0016187185999999994,0.0006611986,0.0014427734399999996,0.00363078944
2024,16,mattcl-py,input-lanjian,python,0.03424784073069768,0.0009181298776527257,0.033993051940000005,0.028915442790697667,0.0052531539534883724,0.03319959144,0.03713028044
2024,16,lanjian,input-mattcl,rust,0.013661131575,0.0007332854457188496,0.013520731440000001,0.008492988599999996,0.005068567399999999,0.01235129744,0.01735357344
2024,16,mattcl,input-mattcl,rust,0.0026626774399999996,0.00021548779598562823,0.00263434844,0.00193727,0.0007010641999999999,0.0019253864399999998,0.00336858844
2024,16,mattcl-py,input-mattcl,python,0.043658653324057974,0.000831902123938029,0.043416871440000004,0.03775297565217391,0.005769794782608695,0.04224139044,0.04667674444
