year,day,participant,input,language,mean,stddev,median,user,system,min,max
2024,16,mattcl,input-mattcl,rust,0.004152374745,0.00035877176468419587,0.0040480321399999995,0.0025591587000000004,0.0015971580000000002,0.00333853914,0.00564644214
2024,16,mattcl-py,input-mattcl,python,0.04814105912387097,0.0011238036933993627,0.04780677514000001,0.0410601477419355,0.0069891516129032254,0.04614612014,0.05077548014
