year,day,participant,input,language,mean,stddev,median,user,system,min,max
2024,16,mattcl,input-mattcl,rust,0.006625498615000003,0.0005594941236255999,0.0064897101200000005,0.004439822199999998,0.0021684637000000005,0.00566183412,0.009759089120000002
