year,day,participant,input,language,mean,stddev,median,user,system,min,max
2024,16,mattcl,input-mattcl,rust,0.0026584270549999994,0.0003914984452046556,0.00270683628,0.0020435149999999992,0.0006307969,0.0018343372799999999,0.0034740482799999997
2024,16,mattcl-py,input-mattcl,python,0.04909796359147541,0.0011684650931262997,0.04872717428,0.04428138327868852,0.004721055081967214,0.04721729628,0.052369916280000005
