year,day,participant,input,language,mean,stddev,median,user,system,min,max
2024,16,mattcl,input-mattcl,rust,0.004126533704999998,0.00048794290914259383,0.0040023357,0.0027462376000000005,0.0014105466000000004,0.0032489467,0.0072359126999999995
2024,16,mattcl-py,input-mattcl,python,0.048351207587096774,0.0010858379622398471,0.0478999982,0.04253608000000001,0.00576187129032258,0.046997885700000006,0.051521835700000004
