year,day,participant,input,language,mean,stddev,median,user,system,min,max
2024,16,lanjian,input-mattcl,rust,0.013610927359999995,0.0006326174398692796,0.013505319540000001,0.008944439999999994,0.004558019199999998,0.01257534754,0.01674389354
2024,16,mattcl,input-mattcl,rust,0.0026336470199999993,0.0002602246842123296,0.0025953075400000003,0.0017895400000000005,0.0008176922,0.0018849465400000004,0.00423755354
2024,16,mattcl-py,input-mattcl,python,0.0436212814355224,0.0011125552591590355,0.04356591554000001,0.036787936119402995,0.006743765373134327,0.041767296540000005,0.04706642054000001
