year,day,participant,input,language,mean,stddev,median,user,system,min,max
2024,16,mattcl,input-mattcl,rust,0.004205598090000001,0.00040278107226542103,0.00408812788,0.0028521028000000003,0.0013676944999999993,0.00342302838,0.00675721038
