year,day,participant,input,language,mean,stddev,median,user,system,min,max
2024,16,lanjian,input-mattcl,rust,0.013705858290000001,0.0005834626684875671,0.01361122526,0.009056204800000002,0.004546257500000001,0.01270332126,0.016482154260000003
2024,16,mattcl,input-mattcl,rust,0.0027629940550000015,0.000361557900139854,0.00268128176,0.00196629,0.0007530149999999996,0.0018492142600000003,0.00491890126
2024,16,mattcl-py,input-mattcl,python,0.04346488845402986,0.0008356091923818622,0.04327968326,0.037256248955223885,0.006114052238805974,0.04198515926,0.04661955326
