year,day,participant,input,language,mean,stddev,median,user,system,min,max
2024,16,mattcl,input-mattcl,rust,0.002654548420000003,0.0003129546069437982,0.00260435456,0.0017144399999999996,0.0008969545,0.00181857406,0.00554936506
2024,16,mattcl-py,input-mattcl,python,0.04384511544235296,0.001160124814989743,0.04354289806,0.037620434705882354,0.006125995588235295,0.04171300806,0.047710572060000005
