year,day,participant,input,language,mean,stddev,median,user,system,min,max
2024,16,mattcl,input-mattcl,rust,0.0026838863450000007,0.00030747775224266287,0.00263259372,0.0018730496,0.0007911195000000002,0.0018507752199999998,0.0037616462200000004
2024,16,mattcl-py,input-mattcl,python,0.043698051757313436,0.0010402455017210976,0.043489343220000004,0.0377647814925373,0.005859222985074627,0.04223676022,0.046367063220000004
