year,day,participant,input,language,mean,stddev,median,user,system,min,max
2024,16,mattcl,input-mattcl,rust,0.004138476769999999,0.00045200730883059677,0.0040233635,0.0026036586999999994,0.0015657904,0.0034062275,0.007266555500000001
2024,16,mattcl-py,input-mattcl,python,0.04852200958196722,0.0008959370850030019,0.0485148835,0.041343639016393444,0.007096661639344262,0.0471539055,0.0514375855
