year,day,participant,input,language,mean,stddev,median,user,system,min,max
2024,16,mattcl,input-mattcl,rust,0.004155894080000001,0.0004707999525285063,0.0040517120600000005,0.0028081182000000006,0.0013974966000000002,0.0033821730600000002,0.007166814060000001
2024,16,mattcl-py,input-mattcl,python,0.04834205517290323,0.0008466785944918486,0.04821099006,0.04175844129032257,0.006471285161290321,0.04684753106,0.05096230006000001
