year,day,participant,input,language,mean,stddev,median,user,system,min,max
2024,16,mattcl,input-mattcl,rust,0.00266756969,0.0002894199765920011,0.00261017378,0.0018371931,0.0008181435999999998,0.00175817678,0.00485948378
2024,16,mattcl-py,input-mattcl,python,0.04843855213,0.00108885048503803,0.04823725828,0.04170826333333334,0.006626912,0.046508866780000005,0.051658013780000005
