year,day,participant,input,language,mean,stddev,median,user,system,min,max
2024,16,mattcl,input-mattcl,rust,0.004037595675000001,0.00038410796863915414,0.003942881620000001,0.0025359072,0.0015408992,0.0033325161200000006,0.007187216120000001
2024,16,mattcl-py,input-mattcl,python,0.04817211550709678,0.0012203678308222545,0.04781919012000001,0.04166332387096775,0.006426914193548385,0.04612225612,0.051071624120000006
