year,day,participant,input,language,mean,stddev,median,user,system,min,max
2024,16,mattcl,input-mattcl,rust,0.004042762889999998,0.0004073657275181035,0.003923766300000001,0.0025452934,0.0015380011999999992,0.0033484148000000004,0.007229409800000001
2024,16,mattcl-py,input-mattcl,python,0.04857687554137932,0.0011064989632568148,0.0481753028,0.0427126351724138,0.005776655172413792,0.0470082828,0.0513373488
