year,day,participant,input,language,mean,stddev,median,user,system,min,max
2024,16,mattcl,input-mattcl,rust,0.0025452830699999986,0.0003927450995976947,0.0025976212,0.0018065862000000003,0.0007727545000000001,0.0014724087000000002,0.0035600787
2024,16,mattcl-py,input-mattcl,python,0.04937479723448275,0.0009294642033116698,0.0491282912,0.042792526206896546,0.006499313793103445,0.0479348157,0.051553383700000004
