year,day,participant,input,language,mean,stddev,median,user,system,min,max
2024,16,mattcl,input-mattcl,rust,0.004116819640000001,0.0003729784278234308,0.004017572640000001,0.0028894388999999993,0.0013189226000000001,0.003390743640000001,0.007167916640000001
2024,16,mattcl-py,input-mattcl,python,0.048425876267118646,0.0010972065944666333,0.04817066264,0.04252120711864405,0.005849157966101695,0.04657120764,0.05195896564000001
