year,day,participant,input,language,mean,stddev,median,user,system,min,max
2024,2,kcen,input-mattcl,nim,0.0019756491649999997,0.0003838917127709402,0.00184783492,0.0016924844000000023,0.0003122893,0.0010705199199999998,0.00319059892
2024,2,mattcl,input-mattcl,rust,0.0013646816350000007,0.00021953442798666219,0.0014034884199999999,0.0009988243999999996,0.0003920970999999999,0.00039465491999999994,0.00222883892
2024,2,mattcl-py,input-mattcl,python,0.018449970048205123,0.0007334378995375022,0.018289172920000003,0.013559017435897434,0.004804619230769231,0.017673649920000003,0.021664380920000004
