year,day,participant,input,language,mean,stddev,median,user,system,min,max
2024,2,kcen,input-kcen,nim,0.001704141785,0.00035009317042641733,0.0015737299600000001,0.0013994100000000005,0.00035816659999999987,0.0008135609600000002,0.0028294849600000002
2024,2,mattcl,input-kcen,rust,0.0013370883699999998,0.00020136458434385062,0.00137901496,0.0010340181999999995,0.00036353499999999995,0.0004970899600000002,0.0020385949600000004
2024,2,mattcl-py,input-kcen,python,0.018787368196842107,0.0007134096590853588,0.01865279146,0.014014017894736844,0.004673942368421054,0.017746539960000002,0.02189890296
2024,2,kcen,input-mattcl,nim,0.0019624477849999994,0.0003733169711940268,0.0018498019600000002,0.0015845781999999987,0.00043524780000000004,0.0011530269600000002,0.00317009296
2024,2,mattcl,input-mattcl,rust,0.0012993225400000003,0.00019927436791510202,0.00133260396,0.0010108782000000005,0.0003761071999999999,0.0005267849600000002,0.00236407396
2024,2,mattcl-py,input-mattcl,python,0.01837545992875,0.0006228378272900795,0.01823314096,0.013997153749999991,0.004289300249999998,0.017461636960000002,0.02176923096
