year,day,participant,input,language,mean,stddev,median,user,system,min,max
2024,2,kcen,input-kcen,nim,0.0015920038599999994,0.0002657070410285931,0.00150470234,0.0012991116,0.0003545419999999999,0.0008697883400000003,0.0026009583400000004
2024,2,lanjian,input-kcen,rust,0.001393469725,0.00015642882033347098,0.00142694584,0.0010931023999999998,0.000344785,0.0007367093400000004,0.0019599993400000004
2024,2,mattcl,input-kcen,rust,0.0013624775050000003,0.00019789177986903966,0.0013896763400000002,0.0010501207999999997,0.00036087500000000003,0.00042291134000000026,0.0024933573400000002
2024,2,mattcl-py,input-kcen,python,0.018758127411895427,0.0005674432248159875,0.018642858340000002,0.014160042614379087,0.004517473202614378,0.01773831534,0.021655717340000002
2024,2,kcen,input-lanjian,nim,0.001774755700000001,0.0003553229629258888,0.00161801384,0.0015184649999999999,0.000318437,0.0011762713400000004,0.0028584703400000005
2024,2,lanjian,input-lanjian,rust,0.00137799238,0.00017590120030734933,0.0014233843400000001,0.0010287848,0.000401589,0.0005086623400000003,0.0016870073400000003
2024,2,mattcl,input-lanjian,rust,0.0013505304049999996,0.00020242585067721153,0.00139557684,0.0010310581999999997,0.00036325600000000006,0.0006630413400000003,0.0021037183400000005
2024,2,mattcl-py,input-lanjian,python,0.01873986489345912,0.0006345915340010995,0.01863907134,0.013998657610062899,0.004646958490566039,0.017851997340000002,0.02252277134
2024,2,kcen,input-mattcl,nim,0.0019755979849999995,0.00036738377476374387,0.0019170283400000003,0.0016007716,0.00043105800000000006,0.0008853873400000003,0.0027035303400000004
2024,2,lanjian,input-mattcl,rust,0.0013832352450000008,0.0001768389666852515,0.0014207843400000002,0.0010543782000000006,0.000376327,0.0003274223400000002,0.00174319334
2024,2,mattcl,input-mattcl,rust,0.0013476835999999995,0.00020431712575244668,0.0013824233400000002,0.0010059858000000003,0.00039590499999999994,0.0006819473400000003,0.00207136734
2024,2,mattcl-py,input-mattcl,python,0.018421757534630868,0.0006352946082412803,0.01830596734,0.013442967516778523,0.0048784818791946325,0.017509346340000002,0.02143387234
