year,day,participant,input,language,mean,stddev,median,user,system,min,max
2024,2,kcen,input-mattcl,nim,0.001999148079999999,0.0003375485929449852,0.0019840851600000002,0.001654090000000001,0.0004075971999999999,0.0012476076600000004,0.003194789660000001
2024,2,mattcl,input-mattcl,rust,0.00133410161,0.00017346868699846772,0.0013653976600000001,0.0010151523999999996,0.0003961263999999998,0.0005387006600000003,0.0020809456600000002
2024,2,mattcl-py,input-mattcl,python,0.018641730341818187,0.0007709037681288362,0.01851551216,0.013744669090909089,0.004795728831168831,0.01719385566,0.022190841660000002
