year,day,participant,input,language,mean,stddev,median,user,system,min,max
2024,2,mattcl,input-mattcl,rust,0.0013598786199999998,0.00022660442147379154,0.0013883857800000001,0.0009558936000000004,0.00042739550000000023,0.00051628928,0.00213220428
2024,2,mattcl-py,input-mattcl,python,0.01861663143686275,0.0007664056973119901,0.01841627628,0.013951692287581694,0.004564574901960785,0.01723538528,0.02188300928
