year,day,participant,input,language,mean,stddev,median,user,system,min,max
2024,2,kcen,input-mattcl,nim,0.0019467355899999996,0.00040548984529833527,0.0017900866400000002,0.0016002090999999996,0.000416829,0.0010803121400000002,0.0033621731400000007
2024,2,mattcl,input-mattcl,rust,0.0013025707299999998,0.00025543588214852836,0.0013807146400000002,0.0010461195999999994,0.00032959309999999997,0.0001536391400000002,0.00212004814
2024,2,mattcl-py,input-mattcl,python,0.01846751029923567,0.0007518523793350674,0.018319035140000002,0.01379425643312102,0.004569968662420379,0.01725657614,0.02166575814
