year,day,participant,input,language,mean,stddev,median,user,system,min,max
2024,2,kcen,input-kcen,nim,0.0016930096450000003,0.0003471201174547086,0.0015624087600000002,0.0014227400000000007,0.00030484680000000006,0.0008099837600000002,0.00272996976
2024,2,lanjian,input-kcen,rust,0.00137143829,0.000197329876851709,0.0014096827600000002,0.0010622470000000005,0.0003415236,0.00049096676,0.0020938087600000004
2024,2,mattcl,input-kcen,rust,0.0013598580700000002,0.00020732616198034775,0.00139574576,0.0009755808000000006,0.00040533379999999996,0.0004966977600000002,0.0020950217600000003
2024,2,mattcl-py,input-kcen,python,0.01871919263974683,0.0005248355947087901,0.018659436760000002,0.013759654177215195,0.004883019746835443,0.017628511760000003,0.021536470760000002
2024,2,kcen,input-lanjian,nim,0.0018751781949999991,0.0003476636463260421,0.0017275677600000002,0.0016399600000000006,0.0002752892,0.00127261976,0.00278681676
2024,2,lanjian,input-lanjian,rust,0.0014074311499999998,0.00014237714133420574,0.00142091826,0.0009838062000000003,0.00044321639999999994,0.0006446037600000001,0.0017376417600000003
2024,2,mattcl,input-lanjian,rust,0.0013240689950000004,0.00023349462972486437,0.00136533426,0.0009624311999999998,0.0004159417999999998,0.0005283057600000002,0.0024581907600000003
2024,2,mattcl-py,input-lanjian,python,0.018887580475231796,0.0006621928143644305,0.018749320760000004,0.014313218013245038,0.004433131390728479,0.01783085976,0.02164713676
2024,2,kcen,input-mattcl,nim,0.002103211565000002,0.00038582666290773584,0.0021808712600000003,0.0016464804000000004,0.00047570120000000015,0.00112582576,0.0037657497600000005
2024,2,lanjian,input-mattcl,rust,0.0013745906899999996,0.00020168532785357025,0.0014059802600000003,0.0010351353999999999,0.000356192,0.0005294087600000001,0.0020433637600000003
2024,2,mattcl,input-mattcl,rust,0.00137192959,0.00021523050134618412,0.00139279526,0.0010404407999999995,0.0003692904000000001,0.00051235676,0.00269938276
2024,2,mattcl-py,input-mattcl,python,0.018567944682077932,0.0007917978089828034,0.018405111260000002,0.013988978441558435,0.004481351168831168,0.01727346676,0.021883238760000003
