year,day,participant,input,language,mean,stddev,median,user,system,min,max
2024,2,kcen,input-kcen,nim,0.0016261811249999997,0.00031175448366474755,0.0015272715799999998,0.0013967799999999992,0.0002998563000000001,0.0006787075799999999,0.0026945615799999997
2024,2,lanjian,input-kcen,rust,0.00137345462,0.00020198494430202435,0.0014170450799999997,0.0010987502,0.0003083014,0.0005697935799999998,0.00195784158
2024,2,mattcl,input-kcen,rust,0.0012846399749999995,0.00024079518286501062,0.0013453410799999998,0.000996808,0.0003734227000000002,0.0005619195799999999,0.00203068858
2024,2,mattcl-py,input-kcen,python,0.018677233030331124,0.0005559776574671287,0.01858228458,0.013803433642384105,0.004752070066225166,0.01774805258,0.02156468758
2024,2,kcen,input-mattcl,nim,0.0020090046550000013,0.000357964144700717,0.0018759040799999998,0.001723400000000001,0.0003529813,0.00126065758,0.00285107558
2024,2,lanjian,input-mattcl,rust,0.0013930441650000002,0.00016343109510721164,0.0014287520799999996,0.0010882675999999995,0.0003770828999999999,0.00065854058,0.00180648958
2024,2,mattcl,input-mattcl,rust,0.0013742408600000012,0.000213406169952842,0.0013874545799999998,0.0010483150000000004,0.000377408,0.00065574458,0.0025463535799999997
2024,2,mattcl-py,input-mattcl,python,0.018485342450967734,0.0007549519016455913,0.01829623958,0.013990338064516127,0.004397377806451614,0.01726941658,0.02156228258
