year,day,participant,input,language,mean,stddev,median,user,system,min,max
2024,2,kcen,input-kcen,nim,0.0015795342949999993,0.0002895056202128329,0.0014628975,0.0013832929999999994,0.00028417599999999997,0.0011368415,0.0026717755
2024,2,mattcl,input-kcen,rust,0.00132455913,0.00022058758838290523,0.001372173,0.001029515000000001,0.0003541280000000001,0.0006059085,0.0020962985000000005
2024,2,mattcl-py,input-kcen,python,0.01868756059032257,0.0006760877569281962,0.0185603395,0.014070474838709676,0.004517971612903227,0.0176900305,0.0217040145
2024,2,kcen,input-mattcl,nim,0.0019599696749999997,0.000377394474676746,0.001897807,0.0016382449999999995,0.000385626,0.0011158035000000002,0.0032569605000000003
2024,2,mattcl,input-mattcl,rust,0.0012888512050000004,0.00021952064981331545,0.0013242080000000001,0.0010166009999999998,0.0003627679999999999,0.0006189425000000001,0.0023125425000000005
2024,2,mattcl-py,input-mattcl,python,0.018345689251592353,0.0005793078674245634,0.0182610285,0.01403132993630573,0.004250970700636945,0.0174955565,0.0216133045
