year,day,participant,input,language,mean,stddev,median,user,system,min,max
2024,2,kcen,input-kcen,nim,0.0017294593649999988,0.0003450365203357742,0.0015842040600000003,0.0014666350000000006,0.0003173021999999999,0.0011243680600000003,0.0027814610600000005
2024,2,mattcl,input-kcen,rust,0.0013563352700000004,0.00018472699025461487,0.0013821460600000003,0.0010992237000000008,0.0003502044000000001,0.0005963500600000001,0.00207811306
2024,2,mattcl-py,input-kcen,python,0.018863388961960787,0.0006560737230130825,0.018751696060000003,0.014549246928104578,0.004242763398692812,0.017533335060000002,0.022300028060000004
2024,2,kcen,input-mattcl,nim,0.0020640569950000002,0.0003246707405333952,0.0021399845600000005,0.0017356800000000003,0.00038045279999999993,0.0015473900600000002,0.00339762306
2024,2,mattcl,input-mattcl,rust,0.0013565033600000003,0.00022278186357655604,0.0013806180600000003,0.0009919335000000008,0.00042322700000000003,0.00066649106,0.0025488050600000005
2024,2,mattcl-py,input-mattcl,python,0.01859466602129032,0.0007413986415084815,0.018451515060000003,0.01407160025806451,0.004423315612903224,0.01752068106,0.021943912060000004
