year,day,participant,input,language,mean,stddev,median,user,system,min,max
2025,2,kcen,input-mattcl,nim,0.0009036001000000001,0.00016134793087754147,0.0009018818799999998,0.0007565715000000003,0.00023094849999999982,0.0003029148799999997,0.0013878078799999995
2025,2,mattcl,input-mattcl,rust,0.0009549587649999997,0.0001867552262679784,0.0010175293799999997,0.0007993387999999999,0.00028134040000000007,0.00003416187999999974,0.0015157478799999995
2025,2,mattcl-py,input-mattcl,python,0.020515800606027396,0.0006710852613526997,0.02031980438,0.014905382465753418,0.005516026438356164,0.01947046288,0.023511103880000002
2025,2,whyando,input-mattcl,rust,0.08272555385222222,0.0021912187590605423,0.08267554638000002,0.08211162333333336,0.0006647883333333333,0.07953939488000002,0.09075568188000001
2025,2,kcen,input-whyando,nim,0.0008410214855999996,0.00021925712039730366,0.0008790043799999997,0.0007436538000000001,0.00020246609999999992,0.0,0.0015049678799999998
2025,2,mattcl,input-whyando,rust,0.0005656379552000002,0.00039048291671307355,0.0006964223799999998,0.0005700421999999996,0.00016102110000000002,0.0,0.0011166798799999997
2025,2,mattcl-py,input-whyando,python,0.02042661783744682,0.0007121761745472804,0.02029205288,0.015585696028368793,0.004778422978723406,0.01895660988,0.02336623288
2025,2,whyando,input-whyando,rust,0.10972172627285716,0.0019409701576186126,0.10967154688000001,0.1089498257142857,0.0007995135714285713,0.10596276788000002,0.11371590588000001
