year,day,participant,input,language,mean,stddev,median,user,system,min,max
2025,2,kcen,input-lanjian,nim,0.00094820058,0.0001972079948193423,0.00093417884,0.0006980891999999998,0.00026324819999999996,0.00037464583999999995,0.0015331948400000002
2025,2,lanjian,input-lanjian,rust,0.0006841864758,0.00015016608471695396,0.0007207793400000001,0.0005870190000000003,0.00022524579999999998,0.0,0.00123021784
2025,2,mattcl,input-lanjian,rust,0.00068974332,0.00020121400998292005,0.0007150833400000001,0.0005559266000000004,0.00023833279999999996,0.000019641839999999934,0.00126538384
2025,2,mattcl-py,input-lanjian,python,0.020752273088226955,0.0006232840024110102,0.02064690084,0.01586119687943262,0.004784033758865249,0.01913817784,0.02392578884
2025,2,whyando,input-lanjian,rust,0.00042422072800000024,0.00016681201116067773,0.00045980584,0.0004412162,0.00015909339999999996,0.0,0.00102711784
2025,2,kcen,input-mattcl,nim,0.0008315529808000006,0.00014617013563826247,0.00085760034,0.0006623706000000003,0.0002698548000000001,0.0,0.00126382084
2025,2,lanjian,input-mattcl,rust,0.000713112595,0.00014282405493454078,0.00073377884,0.0006130298,0.00021720400000000003,0.00006719084000000007,0.00115862384
2025,2,mattcl,input-mattcl,rust,0.0006681025108000002,0.0001636485466952097,0.0007116323400000001,0.0005900075999999998,0.00020963080000000007,0.0,0.0011004348399999999
2025,2,mattcl-py,input-mattcl,python,0.02070034420956522,0.000575993381483519,0.02061591384,0.015262062898550722,0.00533095536231884,0.01988968484,0.02309488384
2025,2,whyando,input-mattcl,rust,0.0004073160954,0.0001687704909493215,0.00046037684,0.0004252758000000002,0.00015611859999999997,0.0,0.00074185284
2025,2,kcen,input-whyando,nim,0.0008558586457999994,0.00015406643866487405,0.0008653448400000001,0.0006809796000000003,0.0002681397999999999,0.0,0.00128736484
2025,2,lanjian,input-whyando,rust,0.0007149196400000003,0.00014336216096467818,0.0007384218400000001,0.0005984312000000002,0.00022877759999999998,0.00026870884,0.0012377718400000003
2025,2,mattcl,input-whyando,rust,0.0006988304323999998,0.00017267119290449335,0.00071818434,0.0006010598000000004,0.0002132326,0.0,0.00128161384
2025,2,mattcl-py,input-whyando,python,0.020457430077762257,0.0005971352268536169,0.02040603084,0.015168471888111885,0.005166345734265735,0.01942729884,0.02420847884
2025,2,whyando,input-whyando,rust,0.00041461168679999985,0.00019471177819106795,0.00046606733999999996,0.00042012220000000016,0.000158267,0.0,0.0010282398400000001
