year,day,participant,input,language,mean,stddev,median,user,system,min,max
2025,2,kcen,input-mattcl,nim,0.0008573730200000003,0.00012948831451317498,0.0008837746400000001,0.0007019635999999991,0.0002771369999999999,0.0003959366400000002,0.0014292916400000001
2025,2,mattcl,input-mattcl,rust,0.0011717235450000002,0.00022694883777933948,0.0012016501400000002,0.0009207136000000001,0.0003262670000000001,0.0003787136400000002,0.00226684964
2025,2,mattcl-py,input-mattcl,python,0.02038363578184397,0.0006445506403214191,0.02031637164,0.015208334184397163,0.005120309929078012,0.01932987464,0.02339214464
2025,2,kcen,input-whyando,nim,0.0007780659470000001,0.00033637552319712904,0.0009133601400000001,0.0006537108000000004,0.00023800349999999999,0.0,0.0016826766400000002
2025,2,mattcl,input-whyando,rust,0.0010465058550000004,0.000286153210118205,0.0011522781400000002,0.0008455304000000001,0.00030913199999999994,0.00005521864000000015,0.0019914146400000004
2025,2,mattcl-py,input-whyando,python,0.02016958859652175,0.0006029521756121534,0.02005923064,0.015442885217391306,0.004641754347826086,0.01886664664,0.023082724640000003
