year,day,participant,input,language,mean,stddev,median,user,system,min,max
2025,2,kcen,input-mattcl,nim,0.0009267362529999994,0.00018893433967505867,0.0009442128999999997,0.0007684962000000003,0.0002491524,0.0,0.0016419753999999996
2025,2,mattcl,input-mattcl,rust,0.0011828809999999993,0.0002201678028853374,0.0012102568999999997,0.0008576230999999996,0.0003808744000000001,0.0001150233999999995,0.0021287973999999997
2025,2,mattcl-py,input-mattcl,python,0.020790590584397164,0.000543060567847857,0.020765860400000002,0.015640162127659576,0.0050747028368794325,0.019420850400000002,0.0229027844
