year,day,participant,input,language,mean,stddev,median,user,system,min,max
2025,2,kcen,input-mattcl,nim,0.0008040813131999995,0.00018015657606910694,0.0008554966800000001,0.0006885042000000005,0.00023809359999999992,0.0,0.00134131718
2025,2,mattcl,input-mattcl,rust,0.00103838595,0.00017918723435528713,0.0010425676800000002,0.0008071325999999997,0.0003124002,0.0005491031800000002,0.00243958418
2025,2,mattcl-py,input-mattcl,python,0.020354174967671244,0.0005591328865958398,0.020272338180000002,0.015307751780821917,0.004964857808219178,0.018984461180000002,0.022522187180000004
2025,2,whyando,input-mattcl,rust,0.0005518668141000001,0.00015765100574580934,0.0005842791800000001,0.0005171295999999998,0.00019906429999999996,0.0,0.0010376281800000002
2025,2,kcen,input-whyando,nim,0.0007953587541,0.00018434652026735787,0.0008411851800000001,0.0006811263999999995,0.00023551050000000003,0.0,0.00145341618
2025,2,mattcl,input-whyando,rust,0.0006126487587000003,0.00031218767047587215,0.0007539016800000001,0.0005867779999999999,0.00017108390000000002,0.0,0.0010954171800000002
2025,2,mattcl-py,input-whyando,python,0.020265817762733816,0.0008183765384971242,0.020197643180000002,0.01495603482014388,0.005254309496402879,0.018666876180000003,0.02647373718
2025,2,whyando,input-whyando,rust,0.0005676210690999997,0.000165645729529901,0.0006011806800000001,0.0005241417999999997,0.00020079469999999998,0.0,0.0009815131800000002
