year,day,participant,input,language,mean,stddev,median,user,system,min,max
2025,2,kcen,input-mattcl,nim,0.000753666335,0.00012220274188172632,0.0007858675999999998,0.0007506068000000003,0.00019844959999999997,0.0002840575999999999,0.0012769366
2025,2,mattcl,input-mattcl,rust,0.0009253805449999998,0.0001284106070180955,0.0009550240999999998,0.0008086438000000002,0.0002801608000000001,0.0004267635999999999,0.0014349936
2025,2,mattcl-py,input-mattcl,python,0.020469349963636363,0.0006098168511604275,0.0204242456,0.01490540867132867,0.005525694825174824,0.0193051376,0.0232890906
2025,2,whyando,input-mattcl,rust,0.08211467154444443,0.0014220228356404312,0.0820725576,0.0814056911111111,0.0008181566666666668,0.0791635696,0.0847457756
2025,2,kcen,input-whyando,nim,0.0006796939429999997,0.0002548170458890232,0.0007704335999999998,0.0006766955999999999,0.00019234540000000002,0.0,0.0012665975999999997
2025,2,mattcl,input-whyando,rust,0.0007999706680000003,0.0002874960428048616,0.0009082165999999999,0.0006966990000000002,0.000279148,0.0,0.0014983025999999997
2025,2,mattcl-py,input-whyando,python,0.020185838046043167,0.0005655415791263,0.020090018600000002,0.01516469151079136,0.004965633669064749,0.019222343600000004,0.022446513600000002
2025,2,whyando,input-whyando,rust,0.10966872622962959,0.0018216399660213882,0.1094281526,0.1088218948148148,0.0009246266666666668,0.1065571536,0.1141132286
