year,day,participant,input,language,mean,stddev,median,user,system,min,max
2025,2,kcen,input-lanjian,nim,0.0007774736499999997,0.00012658008573698714,0.00080798188,0.0006624115,0.00024547500000000015,0.00037249538000000003,0.00116735538
2025,2,lanjian,input-lanjian,rust,0.0011170325650000004,0.00020547733660350266,0.00115941988,0.0008659275000000001,0.0003611750000000002,0.0005565913799999999,0.00201574338
2025,2,mattcl,input-lanjian,rust,0.0006574455149999996,0.0001993796246154701,0.00067236788,0.0006098895,0.00018682,0.00009358337999999995,0.00240382038
2025,2,mattcl-py,input-lanjian,python,0.020717255301985815,0.0006521423083425895,0.02060425338,0.015230682978723402,0.005369709219858154,0.01976685338,0.02347792538
2025,2,whyando,input-lanjian,rust,0.0003574264663,0.00017473797055137611,0.00041024138,0.0004122335000000004,0.00013358500000000003,0.0,0.0011123523799999998
2025,2,kcen,input-mattcl,nim,0.0007744483499999996,0.00014695540907349718,0.00080573238,0.0006500714999999998,0.00025424000000000014,0.00019252837999999997,0.00124782538
2025,2,lanjian,input-mattcl,rust,0.0011497539449999998,0.0002093455351207682,0.00118813838,0.0008484709999999998,0.00037357499999999996,0.00053158338,0.0018417183800000002
2025,2,mattcl,input-mattcl,rust,0.0006527826130999999,0.00015055732166806868,0.00066885088,0.0006074765000000002,0.000196955,0.0,0.0011606323800000002
2025,2,mattcl-py,input-mattcl,python,0.02073394825142857,0.000831755079916812,0.02056647688,0.015858435714285714,0.004796021428571429,0.019401178380000002,0.02617454638
2025,2,whyando,input-mattcl,rust,0.00039792937289999977,0.0001637641118586196,0.00042369638,0.0004425625000000002,0.00017655,0.0,0.0010475603800000001
2025,2,kcen,input-whyando,nim,0.0007854906731000004,0.0001345389575245056,0.00080621288,0.0006899005000000004,0.00022705,0.0,0.00127282238
2025,2,lanjian,input-whyando,rust,0.001109836115,0.00018831797474050803,0.00116521538,0.0008772505000000003,0.0003493849999999999,0.00041602738,0.0018336123799999999
2025,2,mattcl,input-whyando,rust,0.0006146872631,0.00014384990554347607,0.00064354888,0.000564167,0.00021084500000000006,0.0,0.0010978143800000001
2025,2,mattcl-py,input-whyando,python,0.02048962072532374,0.0006622233729171151,0.02043136938,0.014999817985611508,0.00539798561151079,0.01925067738,0.02319198938
2025,2,whyando,input-whyando,rust,0.00023577325039999986,0.0001925997975562746,0.00021722037999999996,0.0003065145,0.00013920000000000002,0.0,0.0010002623799999998
