year,day,participant,input,language,mean,stddev,median,user,system,min,max
2025,2,kcen,input-mattcl,nim,0.0007534376000000003,0.00011485657157496119,0.0007947009400000003,0.0006752113999999998,0.000246495,0.0002670374400000003,0.0009247094400000003
2025,2,mattcl,input-mattcl,rust,0.0010899817050000005,0.00022043375333476278,0.0011268524400000004,0.0009469590999999991,0.00028969599999999993,0.0004522044400000003,0.0017889784400000003
2025,2,mattcl-py,input-mattcl,python,0.020296498454084495,0.0005613772548134385,0.02024380344,0.015631313521126754,0.004604915492957748,0.01917278244,0.022508210440000002
2025,2,whyando,input-mattcl,rust,0.08212707126857141,0.0024393067645250765,0.08154521044,0.08140348857142857,0.0007477142857142856,0.07942075044000001,0.09219747444000001
2025,2,kcen,input-whyando,nim,0.0007755756049999991,0.00011346319697446448,0.0008045839400000004,0.0007041729,0.00023167299999999995,0.0002700724400000003,0.0011897464400000004
2025,2,mattcl,input-whyando,rust,0.0011301380800000011,0.00022394974979770055,0.0011576304400000004,0.0009014188,0.0003331480000000001,0.0004474754400000003,0.0019359134400000002
2025,2,mattcl-py,input-whyando,python,0.020186208338648655,0.000616132539930311,0.020081419439999998,0.015227755945945946,0.004881314864864864,0.01893378444,0.02233978444
2025,2,whyando,input-whyando,rust,0.10921377920923077,0.0011168187616931685,0.10905469194,0.1082782523076923,0.0009872384615384614,0.10738968344000001,0.11170707044
