year,day,participant,input,language,mean,stddev,median,user,system,min,max
2025,2,kcen,input-lanjian,nim,0.0007621130174000002,0.00020921425073698667,0.00083121934,0.0006758662000000004,0.0002273463999999999,0.0,0.00106461584
2025,2,lanjian,input-lanjian,rust,0.0008221457358,0.00017173885575665074,0.00088211434,0.0007025313999999999,0.0002570408,0.0,0.0015157808399999999
2025,2,mattcl,input-lanjian,rust,0.0006088255323999998,0.0001834686929928469,0.00066823384,0.0005612184,0.00021635220000000005,0.0,0.0008565158399999999
2025,2,mattcl-py,input-lanjian,python,0.02099970846500001,0.0004797162975489814,0.02099443334,0.01569488411764706,0.005189089999999998,0.01997745984,0.02363000984
2025,2,whyando,input-lanjian,rust,0.0003473769067999999,0.00016911877806839718,0.0003916858399999999,0.00041912350000000015,0.0001461432,0.0,0.0006284488399999999
2025,2,kcen,input-mattcl,nim,0.0007957679015999995,0.00017975799486361042,0.00085253934,0.0006900865000000001,0.0002356756,0.0,0.0010955648400000002
2025,2,lanjian,input-mattcl,rust,0.0007975927158,0.00018598456426662985,0.00087554234,0.0006853113000000001,0.000263365,0.0,0.0010187298399999998
2025,2,mattcl,input-mattcl,rust,0.0006156359682,0.00018550522011912741,0.00067994584,0.0005648319000000005,0.00021582060000000005,0.0,0.0008506548399999998
2025,2,mattcl-py,input-mattcl,python,0.02306911924145984,0.0037374638147461446,0.02150420784,0.01716208452554744,0.0057322207299270065,0.02001242384,0.039841271840000005
2025,2,whyando,input-mattcl,rust,0.0004021437196000002,0.0001596943223017944,0.00044988433999999984,0.00044950860000000025,0.00016848939999999997,0.0,0.0006830218399999999
2025,2,kcen,input-whyando,nim,0.0008278315758000005,0.00014161249165823046,0.0008789033399999999,0.0006966547,0.00027415920000000007,0.0,0.00100241984
2025,2,lanjian,input-whyando,rust,0.0008123715565999998,0.00019175046838433688,0.00086565834,0.0006898680000000002,0.0002676,0.0,0.0010662598399999999
2025,2,mattcl,input-whyando,rust,0.000513102842,0.00025738558838835556,0.0005878328399999999,0.0005133085000000001,0.00017458519999999998,0.0,0.00084347184
2025,2,mattcl-py,input-whyando,python,0.022239496488854957,0.0004916950986634506,0.02223800284,0.016789691145038164,0.005360149312977101,0.021388901840000002,0.024254208840000003
2025,2,whyando,input-whyando,rust,0.0004310999455999999,0.00015221984287171368,0.0004725423399999999,0.00046819359999999993,0.00016830699999999995,0.0,0.00065696284
