year,day,participant,input,language,mean,stddev,median,user,system,min,max
2025,2,kcen,input-mattcl,nim,0.0008105234050000007,0.0001348528280309453,0.0008505783000000005,0.000680339,0.00025459129999999997,0.00032294430000000035,0.0013675913000000006
2025,2,mattcl,input-mattcl,rust,0.0011169532349999999,0.00021479672294242487,0.0011577043000000006,0.0009179678000000004,0.0002786098000000001,0.00037004330000000045,0.0019058093000000006
2025,2,mattcl-py,input-mattcl,python,0.020409379712587414,0.0006122442037062892,0.020315562300000003,0.015371366853146853,0.0049188104895104895,0.019053518300000002,0.024075667300000003
2025,2,whyando,input-mattcl,rust,0.08203658971176472,0.0012694270034291687,0.0820281708,0.08160592588235292,0.00046557294117647056,0.0799633473,0.0851888683
2025,2,kcen,input-whyando,nim,0.0008725803450000002,0.00016444938275403742,0.0008676903000000004,0.0007112967000000001,0.0002440307,0.0003805323000000005,0.0015790683000000004
2025,2,mattcl,input-whyando,rust,0.0010804310850000016,0.00015317702126994918,0.0011195173000000005,0.0008270117000000001,0.0003548598999999999,0.0005474453000000003,0.0018357383000000005
2025,2,mattcl-py,input-whyando,python,0.020172832688489212,0.00047318910397049367,0.020096681300000002,0.014795112086330931,0.005270821870503596,0.018879261300000002,0.022225170300000003
2025,2,whyando,input-whyando,rust,0.10973082248518519,0.004913951292910948,0.1085058733,0.1093224422222222,0.0004420918518518519,0.1056784863,0.1331860733
