year,day,participant,input,language,mean,stddev,median,user,system,min,max
2025,2,kcen,input-mattcl,nim,0.0008853043609000008,0.00017649870138833674,0.0008887618200000001,0.0007026510000000001,0.0002677812999999999,0.0,0.0014376248200000004
2025,2,lanjian,input-mattcl,rust,0.0010881648400000007,0.00015355598194016293,0.0011441608200000004,0.0008490134999999995,0.00033831230000000017,0.00041241482000000014,0.0017649688200000002
2025,2,mattcl,input-mattcl,rust,0.0010398148200000006,0.00019757561035547053,0.0010634443200000002,0.0008547364999999999,0.0002753295999999999,0.00040702482000000006,0.0017320558200000003
2025,2,mattcl-py,input-mattcl,python,0.020458751957681168,0.0005997813843984026,0.020415073820000004,0.015358266666666663,0.004996187101449276,0.019261431820000004,0.023136250820000002
2025,2,whyando,input-mattcl,rust,0.0005877065750000002,0.0001389853256663013,0.0006203343200000002,0.0005393730000000004,0.0002083791,0.000038503820000000146,0.0009469258200000002
2025,2,kcen,input-whyando,nim,0.0008209116349999998,0.0001242907699074299,0.0008636048200000001,0.000691151,0.0002390939,0.00027192182000000014,0.0010387478200000002
2025,2,lanjian,input-whyando,rust,0.0011462959650000003,0.0001954880417267378,0.0011673588200000003,0.0008479425000000001,0.0003658604,0.00047772682,0.00180551382
2025,2,mattcl,input-whyando,rust,0.0010273744200000007,0.00014287787202373279,0.0010500593200000003,0.0007858984999999995,0.00033855039999999983,0.00041256582,0.0015763948200000003
2025,2,mattcl-py,input-whyando,python,0.020172061422836885,0.00048265586850606206,0.020093800820000004,0.01537805744680851,0.004705900425531915,0.019009830820000004,0.02172559782
2025,2,whyando,input-whyando,rust,0.0006050344768000004,0.0001491077963575836,0.0006232998200000002,0.0005553634999999996,0.0001999379,0.0,0.0011753748200000005
