year,day,participant,input,language,mean,stddev,median,user,system,min,max
2025,2,kcen,input-lanjian,nim,0.0007804314349999998,0.00017004616625618618,0.0008427923600000001,0.0006956705999999993,0.00022722710000000007,0.000010864860000000002,0.00102022386
2025,2,lanjian,input-lanjian,rust,0.0006642422906999997,0.00018719028555017913,0.00074038536,0.0005885077999999995,0.00022748400000000005,0.0,0.00087285886
2025,2,mattcl,input-lanjian,rust,0.0006670685813999999,0.00017317527176947497,0.00071681186,0.0006189219999999996,0.00018997019999999993,0.0,0.00093704886
2025,2,mattcl-py,input-lanjian,python,0.021065164553430663,0.0005482475360738811,0.02094811286,0.01597973810218978,0.0049850127007299285,0.019941105860000002,0.02314879286
2025,2,whyando,input-lanjian,rust,0.00036993625469999977,0.00019725929192894668,0.0004278958599999999,0.0004044527999999998,0.0001594951999999999,0.0,0.00065858786
2025,2,kcen,input-mattcl,nim,0.0005996015832,0.0005245320752793701,0.00065248136,0.0005035712,0.00022865559999999993,0.0,0.00598895986
2025,2,lanjian,input-mattcl,rust,0.0006833832856999998,0.00017643750132915068,0.00075143636,0.0006188732000000002,0.00021106709999999998,0.0,0.00090126186
2025,2,mattcl,input-mattcl,rust,0.0007025940856999997,0.00013558090836373766,0.00073024186,0.0006136691999999998,0.00022982390000000005,0.0,0.00091292386
2025,2,mattcl-py,input-mattcl,python,0.021209644482222213,0.0005983709424752587,0.02108518886,0.016837241481481482,0.0042887137777777775,0.020348298860000003,0.02409817086
2025,2,whyando,input-mattcl,rust,0.0006289802777,0.002117269610827936,0.0,0.00020055139999999993,0.00008677290000000001,0.0,0.01900063486
2025,2,kcen,input-whyando,nim,0.0012796862314000007,0.0030753089094068264,0.00032096085999999994,0.0004499071999999999,0.00013612819999999997,0.0,0.022324058860000003
2025,2,lanjian,input-whyando,rust,0.0006798160556999999,0.0001909646787218545,0.00074344586,0.0005748478,0.00024431740000000005,0.0,0.00093976386
2025,2,mattcl,input-whyando,rust,0.0006418535306999996,0.0001627876671011883,0.00069377886,0.0005819165999999998,0.00021821549999999996,0.0,0.00091743186
2025,2,mattcl-py,input-whyando,python,0.020877804996690643,0.00039933675228451986,0.02082378986,0.014969134100719426,0.005800966762589931,0.02001335086,0.02329408486
2025,2,whyando,input-whyando,rust,0.0003948346498000001,0.00019179160884747457,0.00045923435999999996,0.00043679559999999985,0.000143115,0.0,0.00111895986
