year,day,participant,input,language,mean,stddev,median,user,system,min,max
2025,8,lanjian,input-lanjian,rust,0.01457948255,0.0005154615013606727,0.014516556360000002,0.009316169499999995,0.005162302799999999,0.013755310360000002,0.017106725360000002
2025,8,mattcl,input-lanjian,rust,0.0024673143199999996,0.0002850062761483476,0.0025200638600000004,0.00197684,0.0005572457999999999,0.0014867793599999998,0.00431256036
2025,8,whyando,input-lanjian,rust,0.012400850654999991,0.000631724228380217,0.012303887860000001,0.009226800000000002,0.003114533800000001,0.011190648360000001,0.01583730836
2025,8,lanjian,input-mattcl,rust,0.014592468800000006,0.0005483828852074147,0.014517287360000002,0.009460339499999993,0.005019627800000002,0.013597415360000002,0.017293406360000003
2025,8,mattcl,input-mattcl,rust,0.0025086253749999994,0.00022661637566152322,0.00253927436,0.002061844999999999,0.0005084941999999999,0.0016891773600000001,0.0032893433599999996
2025,8,whyando,input-mattcl,rust,0.012315591639999995,0.0004268741515927992,0.012260877860000002,0.008893150000000002,0.003346040800000002,0.01123090336,0.01394741036
2025,8,lanjian,input-whyando,rust,0.014632947390674843,0.0004688814862586983,0.014584432360000002,0.009504320245398774,0.005028158773006135,0.013732828360000001,0.017341525360000002
2025,8,mattcl,input-whyando,rust,0.002545317784999999,0.00022703590174472313,0.00255308586,0.0018615699999999992,0.0007220638000000002,0.0016447253600000002,0.00316942936
2025,8,whyando,input-whyando,rust,0.012477048245,0.000511381641625469,0.012408573860000001,0.00920657,0.0031801961999999963,0.011349054360000001,0.01607173836
