year,day,participant,input,language,mean,stddev,median,user,system,min,max
2025,8,lanjian,input-lanjian,rust,0.01459204539898991,0.0005492212447096649,0.014532991500000002,0.00924987171717172,0.005241300202020204,0.013580854000000002,0.017061501
2025,8,mattcl,input-lanjian,rust,0.002519595840000001,0.00022277725998802775,0.0025412795,0.0019426250000000001,0.0006392944000000003,0.001669598,0.003244257
2025,8,whyando,input-lanjian,rust,0.007185755004999996,0.00046219370824899814,0.007211966500000001,0.003257993499999998,0.0040240219999999995,0.005999807000000001,0.009966414000000002
2025,8,lanjian,input-mattcl,rust,0.014582059460732983,0.0006037813385135795,0.014508781000000002,0.009141407853403139,0.005338223769633506,0.013642189,0.017850769
2025,8,mattcl,input-mattcl,rust,0.002577260235,0.0002335262897003157,0.002566352,0.0020300355,0.0006223759999999998,0.00174068,0.004399099
2025,8,whyando,input-mattcl,rust,0.007150311879999999,0.0004923685709821871,0.007164212500000001,0.0034436465,0.0037888867000000015,0.0059459660000000004,0.010106437000000001
2025,8,lanjian,input-whyando,rust,0.01463043126395939,0.0005285640126058635,0.014591195000000001,0.009145902538071066,0.005365514822335024,0.013630557000000001,0.017888861
2025,8,mattcl,input-whyando,rust,0.0025540256949999995,0.00023998695986823118,0.00254674,0.001966415,0.0006154692,0.001648067,0.003217977
2025,8,whyando,input-whyando,rust,0.007154936464999996,0.0004962887372042082,0.007174146,0.0033871349999999995,0.0038773615999999995,0.005849605000000001,0.010047917000000002
