year,day,participant,input,language,mean,stddev,median,user,system,min,max
2025,8,lanjian,input-lanjian,rust,0.01706335451431472,0.002618443569206426,0.016772286560000002,0.010976194619289344,0.005778609137055833,0.01389125956,0.02535611856
2025,8,mattcl,input-lanjian,rust,0.0018363745100000003,0.00018465736740844806,0.00181956956,0.0016819964000000004,0.0003305149999999999,0.0013060515599999998,0.00275688956
2025,8,whyando,input-lanjian,rust,0.00803625976,0.00035487800800902306,0.008046675560000001,0.0046507751999999986,0.0034696499999999986,0.0065424025600000005,0.00939868256
2025,8,lanjian,input-mattcl,rust,0.019013418879018407,0.0009427197239564312,0.01913426156,0.010746967116564421,0.00824252147239263,0.016189915560000004,0.022739154560000002
2025,8,mattcl,input-mattcl,rust,0.0018320401300000006,0.00010614463633149267,0.00181925256,0.0016291331000000005,0.00037667,0.00153125456,0.00229955356
2025,8,whyando,input-mattcl,rust,0.008127205315000004,0.0005682356631466064,0.00806361206,0.0046627384999999985,0.0035258649999999996,0.007047458560000001,0.01413191056
2025,8,lanjian,input-whyando,rust,0.01903721383131783,0.001858905605449787,0.019438101560000004,0.012017103720930237,0.0068968759689922495,0.014014670560000001,0.023736933560000003
2025,8,mattcl,input-whyando,rust,0.0024708702149999996,0.00023473112227377413,0.00253962806,0.0019382349999999987,0.0005793749999999997,0.0016738015599999999,0.00279000256
2025,8,whyando,input-whyando,rust,0.0072213340100000046,0.0003956666333158318,0.00731934706,0.0031545411000000008,0.004192835,0.00606788256,0.00944972756
