year,day,participant,input,language,mean,stddev,median,user,system,min,max
2025,8,lanjian,input-lanjian,rust,0.01465904744564103,0.0003522249880800892,0.01465538902,0.009286588102564101,0.005268365333333334,0.01392781602,0.015998343020000003
2025,8,mattcl,input-lanjian,rust,0.002676189490000001,0.0002794688142043276,0.00266860702,0.0019814572999999995,0.0007014415999999998,0.00173207902,0.00436839502
2025,8,lanjian,input-mattcl,rust,0.0146177318231088,0.00038439003292759253,0.01460981402,0.00864522352331606,0.005818510362694303,0.01386406702,0.017308236020000003
2025,8,mattcl,input-mattcl,rust,0.002616103285000001,0.00030305002761470113,0.00264485252,0.0021153672999999983,0.0005052561000000001,0.00170317402,0.004957048019999999
2025,8,lanjian,input-whyando,rust,0.014841540883157884,0.0005695114601718955,0.01480310552,0.009068563473684213,0.005630959157894738,0.01386520902,0.01754613202
2025,8,mattcl,input-whyando,rust,0.0024515549649999995,0.0004170059702290067,0.00257846902,0.001895884999999999,0.0005926560999999999,0.00133289102,0.00359702102
