year,day,participant,input,language,mean,stddev,median,user,system,min,max
2025,8,kcen,input-lanjian,nim,0.056451424998518525,0.0009970113354089193,0.056246126980000005,0.04524549555555554,0.011042854814814816,0.054504693480000005,0.059505545480000005
2025,8,lanjian,input-lanjian,rust,0.014680910982617803,0.0006133638253878776,0.01461470448,0.009275914764397908,0.0052969354973822005,0.013885217480000002,0.01775983148
2025,8,mattcl,input-lanjian,rust,0.002647972454999999,0.00020122813884726465,0.00264909348,0.0019791403,0.0007000727999999999,0.0017861304800000002,0.0033634264800000003
2025,8,whyando,input-lanjian,rust,0.007169013380000001,0.0005116009906762247,0.007166224480000001,0.0032884555000000006,0.003917487800000003,0.005986403480000001,0.009990938480000001
2025,8,kcen,input-mattcl,nim,0.05637726878188681,0.0012109340758403215,0.056094802480000004,0.04573582679245284,0.010455455094339622,0.05467022248,0.05936059448000001
2025,8,lanjian,input-mattcl,rust,0.014589826414131736,0.0005751035586208688,0.014476817480000001,0.008673850179640718,0.005761693413173651,0.013790700480000001,0.01716714948
2025,8,mattcl,input-mattcl,rust,0.0026142355700000007,0.00026099747266891243,0.00263446048,0.0020600552999999995,0.0005768966,0.0016808334800000003,0.00343977948
2025,8,whyando,input-mattcl,rust,0.007195712049999996,0.0005406106940543675,0.007136748980000001,0.003488497000000002,0.003762765,0.005817385480000001,0.009880992480000001
2025,8,kcen,input-whyando,nim,0.05668032689509434,0.0013644562176085505,0.05633207548000001,0.046200015471698115,0.010343378867924526,0.05408661748000001,0.059513008480000004
2025,8,lanjian,input-whyando,rust,0.014654478562901564,0.00042262847372012604,0.014588446480000001,0.009773318549222794,0.004743965595854919,0.013742239480000001,0.01658518748
2025,8,mattcl,input-whyando,rust,0.0026383929949999997,0.00024740231610587756,0.00266303448,0.0020075850000000005,0.0006328009999999998,0.0017160484800000002,0.0038162254800000006
2025,8,whyando,input-whyando,rust,0.007144729890000002,0.0004986930175438967,0.00715724248,0.0037903224999999985,0.0033842686,0.00603989248,0.010107737480000002
