year,day,participant,input,language,mean,stddev,median,user,system,min,max
2025,8,mattcl,input-mattcl,rust,0.00857755988,0.00032555466499832136,0.008587600840000001,0.015292959699999997,0.015310732999999998,0.00786894134,0.00969144334
