year,day,participant,input,language,mean,stddev,median,user,system,min,max
2025,8,kcen,input-lanjian,nim,0.055166314329629644,0.0010324152790536594,0.05498166820000001,0.045699800000000006,0.009354759629629629,0.053477795700000004,0.0575761647
2025,8,lanjian,input-lanjian,rust,0.014650426135233163,0.0005567687415208262,0.014583585700000002,0.009691722279792753,0.004835495958549224,0.0137273727,0.0173644657
2025,8,mattcl,input-lanjian,rust,0.0025456322749999997,0.00026091998316055994,0.0025537622000000003,0.00205953,0.0005258439999999999,0.0015736317,0.0044770507000000005
2025,8,whyando,input-lanjian,rust,0.007032243390000003,0.0004978084946868385,0.0070129772,0.0040170679999999995,0.0030040699000000006,0.0060721087,0.010105465700000002
2025,8,kcen,input-mattcl,nim,0.055117464624528295,0.0010288736890752255,0.0549412167,0.04436683773584905,0.010608623018867922,0.0537748117,0.058554486700000005
2025,8,lanjian,input-mattcl,rust,0.014502426405000008,0.0005586033428307841,0.0144446307,0.009349356999999999,0.005053139,0.0134157087,0.0171517477
2025,8,mattcl,input-mattcl,rust,0.002582552370000002,0.0002430180797416887,0.0025713757,0.0020410360000000004,0.0006066743000000001,0.0017502317000000003,0.0041951427
2025,8,whyando,input-mattcl,rust,0.006985065870000004,0.0003723149162161603,0.0069967517000000005,0.0034272320000000027,0.0035899750999999996,0.0059246027,0.0086170667
2025,8,kcen,input-whyando,nim,0.05594263855185185,0.0023411341988365977,0.05540825220000001,0.04587168888888888,0.00995972259259259,0.0536137797,0.0695430737
2025,8,lanjian,input-whyando,rust,0.014762802750251254,0.0005885702077233202,0.014644389700000001,0.009715048241206035,0.004972062613065328,0.013785029700000001,0.018135240700000003
2025,8,mattcl,input-whyando,rust,0.002245620055,0.000541517257016953,0.0025145137,0.0017860030000000002,0.0005624794,0.0010812787,0.004589390700000001
2025,8,whyando,input-whyando,rust,0.0071648763399999975,0.0004148085543896784,0.007160032200000001,0.003501961999999998,0.0037293947999999994,0.0060530837,0.009451720700000001
