year,day,participant,input,language,mean,stddev,median,user,system,min,max
2025,8,lanjian,input-lanjian,rust,0.014692130139999995,0.0005526070485229316,0.01463918664,0.009001819795918362,0.005551067755102042,0.01397669164,0.01811949064
2025,8,mattcl,input-lanjian,rust,0.002574557015000001,0.000248113977987716,0.00258666564,0.001876259999999999,0.0007150379999999998,0.0016397976399999997,0.00375092064
2025,8,whyando,input-lanjian,rust,0.012314051400000008,0.000462042465861613,0.01227895264,0.009215964999999996,0.0030229165,0.01107928664,0.014825561640000002
2025,8,lanjian,input-mattcl,rust,0.014706143450650883,0.0006754568951797067,0.01459639264,0.009270777751479284,0.005284002840236683,0.01376756064,0.01797127364
2025,8,mattcl,input-mattcl,rust,0.002543024075000001,0.0002761774450951821,0.00258049414,0.0019493811999999986,0.0006052723,0.0012885996399999997,0.00391001864
2025,8,whyando,input-mattcl,rust,0.012417978999999999,0.0005848344262318443,0.01231474464,0.009081089999999993,0.0032298560999999997,0.01125134764,0.01564056864
2025,8,lanjian,input-whyando,rust,0.014719358122142853,0.00044729069695018163,0.01466587764,0.009314033809523803,0.005277604761904761,0.013947035640000001,0.01715390264
2025,8,mattcl,input-whyando,rust,0.0025450710849999995,0.00031193393917675684,0.00257647664,0.001963244999999998,0.0006041034000000001,0.00165339364,0.00417855164
2025,8,whyando,input-whyando,rust,0.012564966589999997,0.0005297685330483195,0.01246817664,0.008878859999999999,0.0035695542000000013,0.01147438564,0.015253182640000001
