year,day,participant,input,language,mean,stddev,median,user,system,min,max
2025,8,lanjian,input-lanjian,rust,0.014683385756530611,0.000545334417209956,0.014613835180000001,0.009371399387755103,0.0052255981632653055,0.013578180680000001,0.017365785680000002
2025,8,mattcl,input-lanjian,rust,0.0023578086349999986,0.0004353083097209881,0.00250008418,0.0018501620000000007,0.0005744560999999999,0.0011812286799999998,0.004368408680000001
2025,8,whyando,input-lanjian,rust,0.006968908395000009,0.00043667245182967354,0.0069672121800000006,0.0039342028,0.0030335807999999987,0.005784501680000001,0.010207676680000001
2025,8,lanjian,input-mattcl,rust,0.014527794574472364,0.0005375552069520457,0.014465501680000001,0.009061486834170851,0.005357354974874373,0.013567840680000002,0.017453609680000003
2025,8,mattcl,input-mattcl,rust,0.0025807611599999976,0.00025850469344482826,0.00259390018,0.0019085000000000007,0.0007044808999999998,0.00164228268,0.0048292316800000006
2025,8,whyando,input-mattcl,rust,0.00694692992,0.0005018309435602544,0.006939615180000001,0.0035595362000000004,0.0034093685999999996,0.005679143680000001,0.009908566680000001
2025,8,lanjian,input-whyando,rust,0.014618127903404261,0.0005354314662763157,0.014553177180000001,0.008958569574468087,0.005553388085106381,0.013610310680000001,0.017767797680000003
2025,8,mattcl,input-whyando,rust,0.002606102310000002,0.00030761218859120734,0.00260576218,0.0020270999999999987,0.0005886725999999998,0.0017722756799999997,0.0049613096800000004
2025,8,whyando,input-whyando,rust,0.007101519920000001,0.0005280795303697447,0.00704308868,0.004425203999999999,0.002683311,0.006177737680000001,0.01058519368
