year,day,participant,input,language,mean,stddev,median,user,system,min,max
2025,8,lanjian,input-lanjian,rust,0.014540358682564094,0.0004432784800557454,0.01450172178,0.009107486666666666,0.005305557743589744,0.013581258780000001,0.01686317278
2025,8,mattcl,input-lanjian,rust,0.002534427514999999,0.00023421406360133026,0.00256090278,0.002020824999999999,0.0006032979999999997,0.00176531878,0.00329463078
2025,8,whyando,input-lanjian,rust,0.012361124035000004,0.0005172723263395053,0.01229464478,0.009262535000000002,0.0030672185999999994,0.011388763780000002,0.01518437978
2025,8,lanjian,input-mattcl,rust,0.014615697190256412,0.0004987159205141381,0.014543339780000001,0.00922892256410256,0.005276328410256411,0.013610983780000002,0.01702830178
2025,8,mattcl,input-mattcl,rust,0.0025572015100000013,0.0003261940936415777,0.00256192978,0.0021031587999999985,0.0005527664000000001,0.0016355057800000001,0.00465829378
2025,8,whyando,input-mattcl,rust,0.012471519095000003,0.0006581989015464404,0.012392197280000001,0.009138019999999995,0.0032582611999999998,0.011384946780000002,0.016223985780000002
2025,8,lanjian,input-whyando,rust,0.014617946925000009,0.0004299231972764627,0.01459758628,0.009274238799999996,0.005243721800000004,0.013650909780000001,0.016911833780000003
2025,8,mattcl,input-whyando,rust,0.0025582330149999982,0.00024307412920718016,0.00257973278,0.00208814,0.0005534547999999998,0.00141818778,0.00321000378
2025,8,whyando,input-whyando,rust,0.012562592709999995,0.0005746902672478385,0.01247030378,0.009222460000000004,0.0032759229999999996,0.01115694078,0.01607423578
