year,day,participant,input,language,mean,stddev,median,user,system,min,max
2025,8,kcen,input-lanjian,nim,0.05624483626181817,0.0013964139440936728,0.05609441348,0.04498189818181817,0.01111867818181818,0.05362429548,0.05964952448000001
2025,8,lanjian,input-lanjian,rust,0.014739114599791672,0.0005713164770824089,0.014663986980000002,0.009287510833333337,0.005298577395833333,0.013603073480000002,0.01727259948
2025,8,mattcl,input-lanjian,rust,0.0026508059350000015,0.00025601105434585117,0.0026617704800000006,0.0019008700000000007,0.0007562112999999997,0.0017269344800000005,0.004697179480000001
2025,8,whyando,input-lanjian,rust,0.007257446395000002,0.0005132028512887985,0.007247676980000001,0.003998170999999998,0.0033276392,0.00591387748,0.01014448448
2025,8,kcen,input-mattcl,nim,0.05549797571636365,0.001211223694386414,0.05532644448,0.04611395272727272,0.009250732727272726,0.05328528148,0.058492045480000004
2025,8,lanjian,input-mattcl,rust,0.014663976835000007,0.000540454289930174,0.014607080480000001,0.0091840406,0.005339902299999999,0.013574701480000001,0.017759131480000002
2025,8,mattcl,input-mattcl,rust,0.0026468412250000004,0.0002047312352853057,0.0026690239800000004,0.0019859750000000005,0.0006803929000000001,0.0017993994800000004,0.0032048534800000004
2025,8,whyando,input-mattcl,rust,0.007085452934999998,0.0005171227576922274,0.00715324598,0.0033887664000000002,0.003784721500000001,0.005758387480000001,0.009788808480000001
2025,8,kcen,input-whyando,nim,0.05539370659111111,0.0010064826786021965,0.055312142980000006,0.045481102222222215,0.00976313037037037,0.05327650448,0.058089862480000004
2025,8,lanjian,input-whyando,rust,0.014718334861443307,0.0005417967897461481,0.014642446980000001,0.009550263298969072,0.005049910103092785,0.01389334948,0.01815745648
2025,8,mattcl,input-whyando,rust,0.00267259898,0.0003325943627477893,0.0026659234800000004,0.002175049999999999,0.0005089118999999998,0.0017798624800000004,0.004468901480000001
2025,8,whyando,input-whyando,rust,0.007299198775000001,0.0005575499316718679,0.00730613648,0.003467335800000001,0.0038875126,0.0058935904800000005,0.01048745648
