year,day,participant,input,language,mean,stddev,median,user,system,min,max
2025,8,lanjian,input-lanjian,rust,0.014634699072727266,0.0005350744023770375,0.014589354799999999,0.009311824242424242,0.005201549797979799,0.0136722218,0.017508259800000002
2025,8,mattcl,input-lanjian,rust,0.0026013764049999982,0.00020086549926671661,0.0026082088,0.002036980000000001,0.000577679,0.0016198268000000003,0.0030602658000000007
2025,8,whyando,input-lanjian,rust,0.007155859264999997,0.0004969251864967937,0.007134059800000001,0.0036670579999999995,0.003550405299999999,0.006005454800000001,0.0103196388
2025,8,lanjian,input-mattcl,rust,0.014543575602030458,0.0004904988410053154,0.0144906958,0.008959011167512692,0.005456030355329949,0.0137039108,0.0172920948
2025,8,mattcl,input-mattcl,rust,0.0026140825149999986,0.0001746564347963816,0.0026327093,0.0020296199999999998,0.0006167403999999999,0.0017629748000000003,0.0031978038
2025,8,whyando,input-mattcl,rust,0.007117065724999999,0.0004481249799228038,0.0070925918,0.003891483999999998,0.0032747377,0.0058121118,0.0100451428
2025,8,lanjian,input-whyando,rust,0.014682985555319146,0.000624086892536706,0.0146111658,0.009320875531914893,0.005254155744680852,0.0137305998,0.018013214800000003
2025,8,mattcl,input-whyando,rust,0.0025920930900000024,0.0002572701438794339,0.0026014408000000003,0.0019532819999999993,0.0006589209999999999,0.0016573368,0.0032830028000000004
2025,8,whyando,input-whyando,rust,0.007091478645,0.0005198279588977877,0.0071486413,0.002998675000000002,0.004175563999999998,0.0060136088,0.0098135098
