year,day,participant,input,language,mean,stddev,median,user,system,min,max
2025,8,mattcl,input-lanjian,rust,0.002548207919999999,0.00021729466017416694,0.00259134154,0.0019618609000000005,0.000618278,0.0012698515399999998,0.0031372195399999997
2025,8,mattcl,input-mattcl,rust,0.00252250428,0.00024908902727998445,0.00258181354,0.00194894,0.0006042285999999997,0.00173561454,0.0038523275399999996
