year,day,participant,input,language,mean,stddev,median,user,system,min,max
2025,8,mattcl,input-mattcl,rust,0.0026055631550000002,0.00033107542912923937,0.00261252098,0.0019519121000000008,0.0006987190000000001,0.00162270098,0.00436978698
