year,day,participant,input,language,mean,stddev,median,user,system,min,max
2025,8,lanjian,input-lanjian,rust,0.014730252945000012,0.0005195859566371449,0.01466803734,0.009396853400000002,0.0051937209999999975,0.01364094784,0.01715985084
2025,8,mattcl,input-lanjian,rust,0.0025228257349999995,0.00027027471137562955,0.00258529784,0.001750576700000001,0.0007887149999999998,0.00119763884,0.00322839284
2025,8,whyando,input-lanjian,rust,0.00726785067,0.0004396329003488099,0.00728857284,0.002860238400000001,0.004527098400000002,0.005914854840000001,0.01005287684
2025,8,lanjian,input-mattcl,rust,0.014498781917720227,0.0003755385365658637,0.014484358840000001,0.008311126321243527,0.006063547772020723,0.01337136384,0.016337108840000003
2025,8,mattcl,input-mattcl,rust,0.002627659229999999,0.00027400974226226166,0.00261377584,0.0019569749999999997,0.0006547364000000001,0.0018402218400000003,0.004246409840000001
2025,8,whyando,input-mattcl,rust,0.006961403515000001,0.0005389739359692826,0.007111686840000001,0.0029595583000000007,0.004124600600000001,0.0058645098400000005,0.00894261684
2025,8,lanjian,input-whyando,rust,0.0146448825837186,0.00047581450849721273,0.01462150484,0.009792559497487432,0.004758579497487437,0.01369447884,0.01778305884
2025,8,mattcl,input-whyando,rust,0.0026047416700000015,0.00020854584859529755,0.0026222718400000004,0.0018126850000000003,0.0007734825999999999,0.0017518858400000002,0.0033100748400000006
2025,8,whyando,input-whyando,rust,0.007308939044999997,0.0005128572800375171,0.007285737840000001,0.0034988132,0.003901968200000001,0.00610649384,0.01061243484
