year,day,participant,input,language,mean,stddev,median,user,system,min,max
2025,8,lanjian,input-lanjian,rust,0.01475290066231156,0.00040045322946576794,0.014708859199999999,0.009403638090452256,0.005205907738693468,0.0138928112,0.016788412200000002
2025,8,mattcl,input-lanjian,rust,0.00258403983,0.0003681829069770943,0.0025452867,0.0018071650000000001,0.0007206698000000001,0.0016582712,0.0034293972000000008
2025,8,whyando,input-lanjian,rust,0.007220670474999996,0.0005108060520901146,0.007276446200000001,0.0030261716000000017,0.0043176401,0.006067136200000001,0.0096126562
2025,8,lanjian,input-mattcl,rust,0.015299917082352937,0.0014455792328353044,0.0147345172,0.009630158074866307,0.0055626648128342246,0.0138048052,0.018867947200000002
2025,8,mattcl,input-mattcl,rust,0.002508080825000001,0.0003117958966997294,0.0025406482000000005,0.0020781949999999997,0.0004477064999999999,0.0016631502000000002,0.0043836142
2025,8,whyando,input-mattcl,rust,0.007154368399999996,0.00046151474683748985,0.007267715200000001,0.0031526448999999986,0.004109542199999997,0.0060528102000000005,0.0101921812
2025,8,lanjian,input-whyando,rust,0.014849906866666669,0.00047185977647945976,0.014817171200000001,0.009513163278688527,0.0052310563934426235,0.0138861782,0.0171635252
2025,8,mattcl,input-whyando,rust,0.0024806796899999994,0.00037241619334975985,0.0025399917000000004,0.0019068932999999999,0.0005950646999999999,0.0016413492000000001,0.0033434762000000007
2025,8,whyando,input-whyando,rust,0.007791999570000005,0.002070731892561553,0.0073681882,0.0034973402,0.0041305145,0.0061167392000000004,0.023121412200000004
