year,day,participant,input,language,mean,stddev,median,user,system,min,max
2025,8,lanjian,input-lanjian,rust,0.014831583553617016,0.0006546371191115075,0.014675604160000001,0.009240796489361701,0.005513094680851067,0.01363825116,0.01793193416
2025,8,mattcl,input-lanjian,rust,0.002574988389999999,0.00025784455125415064,0.00256752866,0.0019431999999999997,0.0006676312000000001,0.0018277371599999999,0.00498543216
2025,8,whyando,input-lanjian,rust,0.007137214675,0.00038541887530139555,0.0071160986599999995,0.003685390300000001,0.003471036999999999,0.0059721611599999995,0.00995824716
2025,8,lanjian,input-mattcl,rust,0.014530521322436547,0.0005296572168088701,0.01446760516,0.009273556649746195,0.005129061522842636,0.01361036916,0.01786053916
2025,8,mattcl,input-mattcl,rust,0.002573842215000001,0.0002525417587849442,0.00256861566,0.0019589750000000004,0.0006569489999999999,0.00173673716,0.00394713716
2025,8,whyando,input-mattcl,rust,0.007135954114999995,0.0004889307308089563,0.00713229916,0.0026835211,0.004553388600000002,0.00580137116,0.01005816416
2025,8,lanjian,input-whyando,rust,0.014613745255238089,0.0004329481518457621,0.01458268016,0.009267587724867726,0.00522591619047619,0.013712900160000001,0.01702731016
2025,8,mattcl,input-whyando,rust,0.0025834191649999993,0.00021695602365059228,0.00258382816,0.0020865261,0.0005484954,0.0017625651599999998,0.00442949116
2025,8,whyando,input-whyando,rust,0.0071212780200000025,0.0003916855165856343,0.0071502321600000005,0.0034341834,0.0037801588000000007,0.00582607716,0.00881491616
