year,day,participant,input,language,mean,stddev,median,user,system,min,max
2025,8,lanjian,input-lanjian,rust,0.014648167748844223,0.00043094407253117513,0.01459362298,0.009242702110552763,0.0052624367839195964,0.01389142598,0.017179330980000004
2025,8,mattcl,input-lanjian,rust,0.0025908425250000004,0.0002519605177116757,0.00261925698,0.0020038423999999997,0.0006115864999999997,0.00152199898,0.00338793798
2025,8,lanjian,input-mattcl,rust,0.014588784194659692,0.000556887062637027,0.01451562598,0.008880007329842935,0.005554302931937174,0.01365561298,0.017206821980000002
2025,8,mattcl,input-mattcl,rust,0.002474019999999999,0.0003439968958411711,0.0026002014799999997,0.001966552399999999,0.0005634246000000001,0.00109403698,0.00315542198
