year,day,participant,input,language,mean,stddev,median,user,system,min,max
2025,8,kcen,input-lanjian,nim,0.05658502356792451,0.001167408141636355,0.0562584797,0.0460785041509434,0.010378097358490565,0.0548090927,0.0593528277
2025,8,lanjian,input-lanjian,rust,0.01458609479473685,0.0003701109479304412,0.0145636192,0.00892942842105263,0.005536987894736842,0.0136750887,0.0159726157
2025,8,mattcl,input-lanjian,rust,0.002579796800000001,0.00021856020392766959,0.0025941347000000003,0.002086419999999999,0.000544063,0.0017618447,0.0038894717000000005
2025,8,whyando,input-lanjian,rust,0.007310163035,0.0005187348395376617,0.007293039700000001,0.003630217200000001,0.0037616934,0.006039601700000001,0.0097216807
2025,8,kcen,input-mattcl,nim,0.05670467714000001,0.0009708989053221141,0.0564562597,0.04542331999999999,0.01114368,0.0553050517,0.0590921697
2025,8,lanjian,input-mattcl,rust,0.014595459308040206,0.0006177683977937555,0.0144990627,0.008714817889447229,0.00575639366834171,0.013604637700000002,0.017398206700000002
2025,8,mattcl,input-mattcl,rust,0.0025991398799999994,0.00027465749139659197,0.0025983867,0.0019758837999999997,0.0006471075000000002,0.0017928627,0.0048940937
2025,8,whyando,input-mattcl,rust,0.007238030560000002,0.0005179650720618144,0.007219517200000001,0.003187784599999999,0.004121531099999997,0.0059744497,0.010182443700000002
2025,8,kcen,input-whyando,nim,0.05678608760566037,0.001017018607815686,0.0567605187,0.04583935320754716,0.010777995094339628,0.0548285487,0.0593438607
2025,8,lanjian,input-whyando,rust,0.014566323494999995,0.0005303164956834293,0.014524776700000002,0.0092934402,0.005153418799999997,0.013616960700000002,0.018017807700000003
2025,8,mattcl,input-whyando,rust,0.0026090083399999985,0.00025596748873039547,0.0025968992,0.002009155000000001,0.0006298457,0.0016055116999999998,0.0044509637
2025,8,whyando,input-whyando,rust,0.007291866105000001,0.0005567788440966476,0.007268182200000001,0.0031192473999999996,0.004245733499999999,0.005957597700000001,0.0104914827
