year,day,participant,input,language,mean,stddev,median,user,system,min,max
2025,8,lanjian,input-lanjian,rust,0.014655370875,0.0005883766025681403,0.01458407116,0.00889953,0.005614465999999999,0.01371408266,0.018063282660000003
2025,8,mattcl,input-lanjian,rust,0.0025708102800000004,0.00024989744127532673,0.0025946176600000004,0.002012135,0.0005925024999999999,0.0015514496600000003,0.00377518266
2025,8,whyando,input-lanjian,rust,0.007241171550000003,0.000546093277314672,0.007214398160000001,0.0040768961999999975,0.0032199032000000006,0.00590080066,0.01032643266
2025,8,lanjian,input-mattcl,rust,0.014562221881649488,0.0005147453185327133,0.014477858159999999,0.008939187835051548,0.005506482783505156,0.013797699660000001,0.017531748660000002
2025,8,mattcl,input-mattcl,rust,0.0025827917700000013,0.0002829746339862394,0.0025858111600000006,0.0019237236999999996,0.000695633,0.0017194636600000005,0.004562875660000001
2025,8,whyando,input-mattcl,rust,0.0072300450149999996,0.00042792114118938196,0.007209684660000001,0.004147151200000001,0.003130042400000001,0.005984326660000001,0.00928378166
2025,8,lanjian,input-whyando,rust,0.014612689556373046,0.0004494693145537951,0.01458479366,0.009332895958549225,0.005146816269430052,0.01365750766,0.017300926660000004
2025,8,mattcl,input-whyando,rust,0.002570758335,0.00026749750532953956,0.00259395066,0.002033585000000001,0.0005622639999999999,0.0018481056600000005,0.004765485660000001
2025,8,whyando,input-whyando,rust,0.00721135975,0.0004678372616219571,0.00723163566,0.0032428691000000016,0.0040462777999999994,0.005970510660000001,0.00962450966
