year,day,participant,input,language,mean,stddev,median,user,system,min,max
2025,8,lanjian,input-lanjian,rust,0.01469558044,0.0005903433827576998,0.0145963601,0.009481341800000005,0.0051157126,0.0137842941,0.017584293100000002
2025,8,mattcl,input-lanjian,rust,0.0025789083000000014,0.00032138044196759454,0.0025746906000000003,0.0018175300000000006,0.0007747103000000001,0.0017657991,0.0046305171
2025,8,whyando,input-lanjian,rust,0.006951026719999998,0.0004265258923709201,0.0069601451000000005,0.0034468104000000017,0.0035842100999999987,0.0059612001,0.0095190241
2025,8,lanjian,input-mattcl,rust,0.014518749220603014,0.0004894919156387082,0.014467024100000002,0.009371182713567839,0.005061671356783918,0.0134754461,0.017392153100000002
2025,8,mattcl,input-mattcl,rust,0.002590803495,0.000244159689169827,0.0025904446,0.002049469999999999,0.0005924026,0.0017248341,0.0042031261
2025,8,whyando,input-mattcl,rust,0.007100116630000005,0.0005210809578891677,0.0070374961,0.003978738399999999,0.0031752956,0.0058323171000000005,0.0098823441
2025,8,lanjian,input-whyando,rust,0.014718480421052638,0.0005616820219274566,0.0146389601,0.009674707368421052,0.004954293052631578,0.0137655191,0.018237867100000003
2025,8,mattcl,input-whyando,rust,0.0020560840750000003,0.00048257518156417137,0.0021174291,0.0017326902,0.0004680576,0.0011360801,0.0031810911
2025,8,whyando,input-whyando,rust,0.006824210620000001,0.0006741204923257617,0.0068712241,0.0038017958,0.003103481099999999,0.0053573981,0.010575955100000001
