year,day,participant,input,language,mean,stddev,median,user,system,min,max
2025,8,mattcl,input-mattcl,rust,0.008843167144999999,0.0002990291519726319,0.008831404040000001,0.016565522200000002,0.014492891099999995,0.008177449040000001,0.009613449040000001
