year,day,participant,input,language,mean,stddev,median,user,system,min,max
2025,8,mattcl,input-lanjian,rust,0.0024878237549999993,0.0002690547428249556,0.0025184597600000002,0.002009585,0.0005414188,0.00142803226,0.0032772052600000003
2025,8,mattcl,input-mattcl,rust,0.0025169181650000006,0.00028412215925853907,0.00254036076,0.0019885600000000003,0.0005880880000000002,0.0016084402600000003,0.00424179226
