year,day,participant,input,language,mean,stddev,median,user,system,min,max
2025,8,lanjian,input-lanjian,rust,0.014613535481020413,0.0005390077157585475,0.014514016180000002,0.009325001020408166,0.005172839795918368,0.013660438180000001,0.01737839118
2025,8,mattcl,input-lanjian,rust,0.00257795617,0.000206745713059746,0.0026106431800000003,0.0019228949999999998,0.0006965752000000001,0.0016923131800000001,0.00319043818
2025,8,whyando,input-lanjian,rust,0.007181098305000003,0.00043050428745645643,0.007193281180000001,0.0035934135,0.003669478899999999,0.005855270180000001,0.009216826180000002
2025,8,lanjian,input-mattcl,rust,0.014588280672063502,0.0005357018998389294,0.014532331180000002,0.00917157301587301,0.0053027647619047595,0.013582783180000002,0.01827866718
2025,8,mattcl,input-mattcl,rust,0.0025831201900000014,0.00020809116412721368,0.0025965121800000006,0.0020033665000000005,0.0006054941,0.0017442911800000004,0.0033101331800000004
2025,8,whyando,input-mattcl,rust,0.007227770189999998,0.0004766353731165151,0.007239723180000001,0.003781849500000002,0.003515444699999999,0.006044143180000001,0.01008142518
2025,8,lanjian,input-whyando,rust,0.014758692789375007,0.0005862355443600452,0.014663180680000002,0.010075572916666666,0.004586797187500001,0.013756408180000002,0.01762140618
2025,8,mattcl,input-whyando,rust,0.0026258960100000012,0.00020239947125003208,0.0026270441800000004,0.0019515165,0.0007077478,0.0018452001800000001,0.004314704180000001
2025,8,whyando,input-whyando,rust,0.007193544684999998,0.00048207075892100457,0.0071705681800000014,0.0035055220000000014,0.0037797313,0.005887881180000001,0.010142740180000002
