year,day,participant,input,language,mean,stddev,median,user,system,min,max
2025,8,mattcl,input-mattcl,rust,0.0023491776200000006,0.00038936174410521333,0.00238575598,0.0019022361999999995,0.0004989328000000001,0.00136363148,0.004347751479999999
