year,day,participant,input,language,mean,stddev,median,user,system,min,max
2025,8,lanjian,input-lanjian,rust,0.014727898444897957,0.0003600818590603892,0.0147503782,0.00922123775510204,0.005368296428571429,0.0138604757,0.0174784927
2025,8,mattcl,input-lanjian,rust,0.0027873004949999993,0.00021519547481778804,0.0028065102,0.002063595,0.0006650187000000002,0.0018739986999999998,0.0039207017
2025,8,whyando,input-lanjian,rust,0.007522161499999997,0.0005909486275636883,0.0074706607,0.0033456004,0.004208961599999998,0.006152511700000001,0.0107836547
2025,8,lanjian,input-mattcl,rust,0.014746809408333325,0.0006595160090587122,0.0146743102,0.008964296250000005,0.005613137916666667,0.0135724067,0.0181173487
2025,8,mattcl,input-mattcl,rust,0.0028340733049999987,0.0003070106718175418,0.0028190337,0.0020895116000000016,0.0006818482999999996,0.0018874946999999998,0.004879998700000001
2025,8,whyando,input-mattcl,rust,0.007649489634999998,0.0004787118171241253,0.0075965262,0.003350767199999999,0.004285751999999999,0.0062943077000000005,0.0100577757
2025,8,lanjian,input-whyando,rust,0.014675423586597947,0.000537325349786244,0.0146174787,0.009246124948453605,0.005291677731958761,0.0136320587,0.017903407700000002
2025,8,mattcl,input-whyando,rust,0.002790829925,0.0002971589719922688,0.0028131727,0.0020537600000000013,0.0006886976,0.0019570346999999997,0.0047228347
2025,8,whyando,input-whyando,rust,0.00748618765,0.0005771159990723473,0.0074650892,0.0034514706,0.004058470800000002,0.0061468807,0.0108332177
