year,day,participant,input,language,mean,stddev,median,user,system,min,max
2025,8,lanjian,input-lanjian,rust,0.01471314812924622,0.0005278331231123653,0.01464742328,0.009572956281407035,0.0050134326633165804,0.013846584280000001,0.01724947728
2025,8,mattcl,input-lanjian,rust,0.00262921914,0.00020665274719199934,0.00266423328,0.0019962700000000005,0.000650868,0.00178575328,0.00337471928
2025,8,whyando,input-lanjian,rust,0.007194921685000002,0.0005273605454334637,0.00713903028,0.0037282418999999988,0.0034895365000000007,0.00586210828,0.01030778528
2025,8,lanjian,input-mattcl,rust,0.014560948751502592,0.0005764257234630014,0.01447213628,0.008903370362694304,0.005543782901554405,0.01354760428,0.017530494280000003
2025,8,mattcl,input-mattcl,rust,0.002642367495,0.0003062168635238115,0.00264757728,0.0020899599999999996,0.0005745399999999999,0.00133161228,0.00477052328
2025,8,whyando,input-mattcl,rust,0.0072553983450000005,0.0005666139871077325,0.00722079878,0.0038897425000000013,0.0033965475,0.0059534192799999995,0.00998888928
2025,8,lanjian,input-whyando,rust,0.01465232858051814,0.0004634032127204204,0.01463853728,0.008843106424870465,0.005663213989637304,0.01371749228,0.017409006280000004
2025,8,mattcl,input-whyando,rust,0.0026489257049999997,0.00024430098315867635,0.00265442028,0.0019011053000000011,0.0007432065000000001,0.0017698632800000002,0.00352690328
2025,8,whyando,input-whyando,rust,0.007231067955,0.0004267535833894168,0.00727544528,0.0038609757999999994,0.0034241799999999985,0.00590780428,0.01015683228
