year,day,participant,input,language,mean,stddev,median,user,system,min,max
2025,8,lanjian,input-lanjian,rust,0.014645775864999998,0.0004659679796710076,0.014593927420000001,0.009031599399999998,0.0055080804,0.01358031942,0.01747692542
2025,8,mattcl,input-lanjian,rust,0.0023026792750000004,0.0004511024800399072,0.0024574874199999996,0.0018597765999999998,0.0005197498,0.0011018234199999997,0.00317200042
2025,8,whyando,input-lanjian,rust,0.007037304764999998,0.0006177656623879107,0.00707697742,0.003990529999999997,0.0031073538,0.005779844419999999,0.01065909942
2025,8,lanjian,input-mattcl,rust,0.0146916826556021,0.0005897921357752389,0.01462045642,0.009339690890052356,0.0052318441884816715,0.01362355042,0.01791084842
2025,8,mattcl,input-mattcl,rust,0.0025678161699999994,0.00021773793917502862,0.0025878414199999996,0.001994332199999999,0.0005985572000000001,0.0017802654199999997,0.0032885594199999995
2025,8,whyando,input-mattcl,rust,0.007093364334999999,0.0005188304344111419,0.00705603292,0.0042839156,0.0028765246000000007,0.006325465420000001,0.010371601420000001
2025,8,lanjian,input-whyando,rust,0.014646271761968912,0.00038180113082356533,0.01462579642,0.009334292849740931,0.0052146026943005195,0.013848250420000001,0.01720862342
2025,8,mattcl,input-whyando,rust,0.0025487702149999984,0.0002341533962801965,0.0025854774199999993,0.0018648221999999991,0.0007095243999999998,0.0015552734199999994,0.0032132074199999997
2025,8,whyando,input-whyando,rust,0.007188974899999999,0.0004919493570902469,0.00716386542,0.0036226226000000005,0.0036376500000000005,0.005915447419999999,0.010144005420000001
