year,day,participant,input,language,mean,stddev,median,user,system,min,max
2025,8,lanjian,input-lanjian,rust,0.014635590496580315,0.00045508963374180257,0.014573265880000002,0.009469711502590678,0.00506919274611399,0.01382318088,0.01788546988
2025,8,mattcl,input-lanjian,rust,0.0025636274249999998,0.00028359644070699553,0.00256991388,0.0018623576999999994,0.0007349080999999998,0.0011370598800000003,0.00428062788
2025,8,whyando,input-lanjian,rust,0.012632250735,0.0005257485154798827,0.012575945380000002,0.009111445000000003,0.0034301709999999984,0.011498586880000002,0.01561868488
2025,8,lanjian,input-mattcl,rust,0.014578878395000001,0.0005029882266026355,0.01452686438,0.009228582699999998,0.0052099207000000005,0.013581909880000001,0.017734246880000002
2025,8,mattcl,input-mattcl,rust,0.0025364804799999996,0.0002292321588836793,0.0025621343800000004,0.0018813750000000015,0.0006886166999999999,0.0016483678800000001,0.0031623738800000004
2025,8,whyando,input-mattcl,rust,0.012538636709999993,0.00039053451359002337,0.01251253088,0.00888288,0.0035950601,0.011504047880000002,0.015219365880000002
2025,8,lanjian,input-whyando,rust,0.01468162381782384,0.0006616357046714685,0.014585809880000002,0.009408307772020728,0.0051739379274611365,0.013635920880000001,0.01760457488
2025,8,mattcl,input-whyando,rust,0.0025248308299999998,0.00027117621626193217,0.00253416238,0.0019577350000000004,0.0005849216000000001,0.0016490688800000002,0.0034626058800000005
2025,8,whyando,input-whyando,rust,0.012750114535000006,0.0004848004034123113,0.012681682880000001,0.009132305000000002,0.0035163051000000013,0.01155738788,0.01496220488
