year,day,participant,input,language,mean,stddev,median,user,system,min,max
2025,8,kcen,input-lanjian,nim,0.05598184509509435,0.0011371989958485285,0.05567140668,0.045509680377358475,0.01034828603773585,0.05386650768,0.058901194680000005
2025,8,lanjian,input-lanjian,rust,0.014402707779999992,0.00047821573387216626,0.014415581680000001,0.008978129799999996,0.005337026399999999,0.013523211680000001,0.01724521068
2025,8,mattcl,input-lanjian,rust,0.002579067505000001,0.0002819860335570727,0.0025880911800000004,0.0018809848,0.0007152031999999996,0.0016082816800000001,0.0044623056800000005
2025,8,whyando,input-lanjian,rust,0.007282599984999999,0.0004894151077231786,0.00724469018,0.003644956799999999,0.0037140527999999996,0.005883246680000001,0.010058093680000001
2025,8,kcen,input-mattcl,nim,0.05601248952313726,0.0009358669056147968,0.05592019368,0.04549774549019608,0.010410680784313725,0.054099865680000005,0.05834059468
2025,8,lanjian,input-mattcl,rust,0.014416256491224497,0.0005119686702578788,0.014346733180000001,0.008575525,0.00573857142857143,0.01350547768,0.01704001568
2025,8,mattcl,input-mattcl,rust,0.0025684635450000017,0.0002798463397411863,0.0025696866800000006,0.0019434949999999997,0.0006555930000000001,0.0016653986800000003,0.00448816468
2025,8,whyando,input-mattcl,rust,0.007323614410000001,0.0005115188626264825,0.00730654118,0.003579511399999997,0.003833814200000001,0.005900247680000001,0.01110372068
2025,8,kcen,input-whyando,nim,0.05632010507622641,0.0011003363812510552,0.056085512680000005,0.04581447283018867,0.010396286037735849,0.05455741268,0.05955479868000001
2025,8,lanjian,input-whyando,rust,0.014492659476954307,0.00049431021333975,0.01444746168,0.009083319289340103,0.005340823756345176,0.013604232680000002,0.01727860268
2025,8,mattcl,input-whyando,rust,0.0024362963950000007,0.0003703386294194073,0.0025321166800000004,0.0018813197999999994,0.00063526,0.00125018168,0.00449985668
2025,8,whyando,input-whyando,rust,0.007287119739999997,0.000546672879314519,0.007232978180000001,0.0033167860999999965,0.004063094000000001,0.005931736680000001,0.010343697680000001
