year,day,participant,input,language,mean,stddev,median,user,system,min,max
2023,20,lanjian,input-lanjian,rust,0.0068181128900000046,0.0005118014545283302,0.006729500500000001,0.006167070000000001,0.0005390036000000001,0.0060649965,0.0096467395
2023,20,mattcl,input-lanjian,rust,0.0035370939099999966,0.00038179679979844454,0.0034356065,0.0027798717000000017,0.00062299,0.0027597415,0.0054701135
2023,20,mattcl-py,input-lanjian,python,0.12506924080434784,0.0026401298892392753,0.12461320150000002,0.1227474808695652,0.0022471043478260867,0.12049819150000002,0.13100854950000002
2023,20,lanjian,input-mattcl,rust,0.0066341564249999966,0.0005105054283730006,0.006551958,0.00614402,0.0003673148,0.0057161835,0.0095623305
2023,20,mattcl,input-mattcl,rust,0.003458511504999999,0.00030901070210611725,0.0033734055,0.0029221549999999983,0.00040498259999999995,0.0026988075000000003,0.0052477685000000005
2023,20,mattcl-py,input-mattcl,python,0.12099848342000002,0.0020951310332723216,0.12078484750000001,0.11875365999999998,0.0021435767999999997,0.1177840925,0.12558835650000003
