year,day,participant,input,language,mean,stddev,median,user,system,min,max
2023,20,lanjian,input-lanjian,rust,0.006551893239999995,0.0004424060761505825,0.0064899304400000005,0.005966599999999999,0.0005200402,0.0056835854400000005,0.00960764044
2023,20,mattcl,input-lanjian,rust,0.0035055214249999993,0.0003173033980499975,0.00346387594,0.0031391850000000005,0.0003532978,0.00275596644,0.00502169744
2023,20,mattcl-py,input-lanjian,python,0.12417120318999998,0.0017540891316181416,0.12397903694000001,0.11999206166666669,0.004124213333333334,0.12021496244,0.12990242444
2023,20,lanjian,input-mattcl,rust,0.006250284104999999,0.000646368209447475,0.00613688894,0.0055473,0.0006255319999999999,0.00530271144,0.00919212244
2023,20,mattcl,input-mattcl,rust,0.003440800135,0.00034174359425834906,0.00333420294,0.0031289200000000016,0.0002637416,0.00294722344,0.00504648344
2023,20,mattcl-py,input-mattcl,python,0.12112664394000001,0.003329896863230049,0.12031545444000001,0.11822079272727272,0.0028605345454545458,0.11722304144000001,0.13114246444000002
