year,day,participant,input,language,mean,stddev,median,user,system,min,max
2023,20,lanjian,input-lanjian,rust,0.006650431600000003,0.0004327678105711729,0.006586712520000001,0.0060169749999999965,0.0005403892000000001,0.00585122552,0.009734824520000001
2023,20,mattcl,input-lanjian,rust,0.003482361735000001,0.0002967569166436192,0.00338961852,0.0033333050000000004,0.00010750099999999999,0.0030434905200000003,0.0049690555200000005
2023,20,mattcl-py,input-lanjian,python,0.12685518469391302,0.0022839524707665877,0.12675833352000002,0.12353557043478261,0.0032504313043478263,0.12317228252000001,0.13099056452000002
2023,20,lanjian,input-mattcl,rust,0.00623261162,0.0005566130225665614,0.00616366552,0.00557552,0.0005497642,0.00533599052,0.00931539952
2023,20,mattcl,input-mattcl,rust,0.0034292295799999988,0.0003638287535846517,0.0033588305200000007,0.0030616799999999993,0.0002860386,0.00276835652,0.0051113815200000004
2023,20,mattcl-py,input-mattcl,python,0.12274190760333335,0.0023657140218562938,0.12240171902000001,0.11935723166666667,0.0033115016666666673,0.11827424352,0.12767628152000002
