year,day,participant,input,language,mean,stddev,median,user,system,min,max
2023,20,mattcl,input-mattcl,rust,0.0034102987349999996,0.0003614217402659351,0.00335669732,0.0032411480999999993,0.0001378628,0.0025968563200000003,0.00580107032
2023,20,mattcl-py,input-mattcl,python,0.12054471319499999,0.0026340634458170346,0.12033996882,0.11789983833333335,0.0025814949999999996,0.11693723932,0.12677096432
