year,day,participant,input,language,mean,stddev,median,user,system,min,max
2023,20,mattcl,input-mattcl,rust,0.0034980256449999984,0.00035120163922628636,0.0034646496200000003,0.0030746207000000012,0.0002652125,0.00266362162,0.0060992376200000005
2023,20,mattcl-py,input-mattcl,python,0.11981671445333336,0.0017072858805411053,0.11986232662000001,0.11596102666666665,0.0037629358333333327,0.11556542862000001,0.12264775762000002
