year,day,participant,input,language,mean,stddev,median,user,system,min,max
2023,20,mattcl,input-mattcl,rust,0.0032891237950000013,0.0004496875135474668,0.0031535093600000004,0.0027467599999999987,0.0004295825000000001,0.0025990728600000005,0.0059719288600000005
2023,20,mattcl-py,input-mattcl,python,0.11962418734000002,0.005058135141481051,0.11875579186000002,0.11708777999999997,0.00243864,0.11485473886000001,0.14074362886000003
