year,day,participant,input,language,mean,stddev,median,user,system,min,max
2023,20,lanjian,input-lanjian,rust,0.006550086639999999,0.0006011549456649647,0.006486214160000001,0.006079175000000001,0.0003490879,0.00558509366,0.01082227266
2023,20,mattcl,input-lanjian,rust,0.003514968449999999,0.0003430119675277997,0.00341833916,0.003179609999999999,0.0002704281,0.00296471966,0.00516466566
2023,20,mattcl-py,input-lanjian,python,0.12545855639913042,0.0019800674560136004,0.12488853166000001,0.12306936608695655,0.002298899130434782,0.12161178066000002,0.12891311266
2023,20,lanjian,input-mattcl,rust,0.006070243780000003,0.0005368908572623538,0.005998641160000001,0.005474234999999998,0.00048201210000000023,0.00526096566,0.008983612660000001
2023,20,mattcl,input-mattcl,rust,0.00343160049,0.0003836125211307925,0.00335062266,0.0029271600000000016,0.0003479601,0.0027369336600000004,0.00569415666
2023,20,mattcl-py,input-mattcl,python,0.12181701278,0.001971582346691069,0.12142534166,0.11854414,0.0031857807999999994,0.11890516566,0.12677873866
