year,day,participant,input,language,mean,stddev,median,user,system,min,max
2023,20,lanjian,input-lanjian,rust,0.006688612649999998,0.000368658048434689,0.00666000972,0.005949969999999999,0.0006302006,0.00584289622,0.00989281222
2023,20,mattcl,input-lanjian,rust,0.003515019250000003,0.0003220506550858968,0.00344414922,0.002952736399999999,0.0005114809000000001,0.0028341882200000005,0.00518847222
2023,20,mattcl-py,input-lanjian,python,0.12645246113304348,0.002627372860765019,0.12626136622,0.12289201217391306,0.003492526086956521,0.12210586322,0.13366753122000002
2023,20,lanjian,input-mattcl,rust,0.006361124145000003,0.0004322061619116291,0.00632518422,0.005700899999999997,0.0005586835,0.00553407922,0.00830033422
2023,20,mattcl,input-mattcl,rust,0.003453471340000002,0.0004182109229791362,0.0033461357200000002,0.0032237549999999987,0.0001429491,0.0026688682200000004,0.00687950522
2023,20,mattcl-py,input-mattcl,python,0.12355149904608698,0.0028503022700949545,0.12323582822,0.1208089252173913,0.0026523834782608696,0.11779058122,0.12840972722000002
