year,day,participant,input,language,mean,stddev,median,user,system,min,max
2023,20,mattcl,input-mattcl,rust,0.003269297164999998,0.0003588824336819886,0.00316217534,0.0027951299999999994,0.0003704001999999999,0.00256542284,0.004751766840000001
2023,20,mattcl-py,input-mattcl,python,0.11986683103047621,0.004358313355896195,0.11908260084000001,0.11711105428571426,0.0027009485714285706,0.11469898384,0.13664046184
