year,day,participant,input,language,mean,stddev,median,user,system,min,max
2023,20,mattcl,input-mattcl,rust,0.0033812153099999987,0.0004881717930794238,0.0032102122000000006,0.002813920000000001,0.0004258523999999999,0.0026236442000000006,0.0064108302
2023,20,mattcl-py,input-mattcl,python,0.12023142316000002,0.0024092992906243433,0.1204365302,0.11652668000000001,0.003609816,0.11556296220000001,0.12407700120000001
