year,day,participant,input,language,mean,stddev,median,user,system,min,max
2023,20,lanjian,input-lanjian,rust,0.0065830976799999994,0.0005269013966095894,0.00651613958,0.005914675,0.0005575391999999999,0.00565760758,0.009697090580000001
2023,20,mattcl,input-lanjian,rust,0.0034197296849999975,0.0003636722972834349,0.0033395365800000004,0.0030280979999999986,0.0003202779999999999,0.0026886975799999997,0.00522798258
2023,20,mattcl-py,input-lanjian,python,0.1250844134930435,0.0021907033670998236,0.12475723558,0.12276279130434782,0.002255012173913044,0.12063638958000002,0.12837072157999999
2023,20,lanjian,input-mattcl,rust,0.006332661954999998,0.0006670792614548593,0.00624928458,0.00579781,0.0004470454,0.00542020258,0.009932290580000001
2023,20,mattcl,input-mattcl,rust,0.003354235490000001,0.0004691478678659937,0.0032198970800000003,0.0026918199999999993,0.0005410255999999998,0.0025649765800000003,0.00581639358
2023,20,mattcl-py,input-mattcl,python,0.12129254249666667,0.0022089549214169856,0.12100389108000001,0.1182724833333333,0.0029379016666666665,0.11797411258000001,0.12627126857999998
