year,day,participant,input,language,mean,stddev,median,user,system,min,max
2023,20,mattcl,input-mattcl,rust,0.0035015052850000013,0.00038396336835452757,0.0034480125,0.0028251100000000013,0.0005853088,0.002748689,0.006005063
2023,20,mattcl-py,input-mattcl,python,0.11965556960869567,0.001959814034390223,0.11987072300000001,0.1163132356521739,0.003239147826086956,0.11643096600000001,0.124563884
