year,day,participant,input,language,mean,stddev,median,user,system,min,max
2023,20,lanjian,input-lanjian,rust,0.00634025719,0.000531787320959322,0.006259262640000001,0.005787315,0.0004969435000000001,0.00543636764,0.00931368464
2023,20,mattcl,input-lanjian,rust,0.0033821326100000023,0.00034599504763939035,0.00336156914,0.003006114999999998,0.00027375470000000004,0.0025206306400000003,0.004925090640000001
2023,20,mattcl-py,input-lanjian,python,0.12417931411826089,0.003077989461272714,0.12448920364000002,0.12130887826086954,0.0028157547826086955,0.11942493464000001,0.12925611564
2023,20,lanjian,input-mattcl,rust,0.005974139289999997,0.0005392008871091309,0.00590746864,0.005427035000000001,0.0004791002000000001,0.00517340564,0.00978358364
2023,20,mattcl,input-mattcl,rust,0.0033725548050000027,0.0003099575206998854,0.00336389314,0.0030127650000000006,0.000227924,0.00284761164,0.00539198364
2023,20,mattcl-py,input-mattcl,python,0.12167623796000003,0.004127702783273574,0.12156842664000002,0.1188546,0.002769364,0.11702883964,0.13738316664000003
