year,day,participant,input,language,mean,stddev,median,user,system,min,max
2023,20,mattcl,input-mattcl,rust,0.0034231849349999994,0.0003066519497021246,0.00342791772,0.002909040000000002,0.00038945999999999995,0.0027169672200000002,0.00558082622
2023,20,mattcl-py,input-mattcl,python,0.12044360893999997,0.002194950250926024,0.12075307122000001,0.11745931999999999,0.00290188,0.11657259022,0.12529530922
