year,day,participant,input,language,mean,stddev,median,user,system,min,max
2023,20,mattcl,input-mattcl,rust,0.0033331935400000017,0.0003349417933501628,0.00334196424,0.002685804999999999,0.0005721098999999999,0.00254031924,0.0050590322400000005
2023,20,mattcl-py,input-mattcl,python,0.11772107832000003,0.002008967964221595,0.11747764624000001,0.11453622,0.0031174928000000006,0.11473061824000001,0.12237848524000002
