year,day,participant,input,language,mean,stddev,median,user,system,min,max
2023,20,mattcl,input-mattcl,rust,0.004314761705,0.0022533027678121897,0.00380679218,0.0034734274000000004,0.0004086994,0.00271241568,0.02264235968
2023,20,mattcl-py,input-mattcl,python,0.12153823505500004,0.0021785186989314326,0.12116456718000002,0.11836706166666668,0.0030456175000000006,0.11769817268,0.12604554468
