year,day,participant,input,language,mean,stddev,median,user,system,min,max
2023,20,lanjian,input-lanjian,rust,0.006648184435000001,0.00041511358525368747,0.00658974346,0.006078839999999995,0.0004730349999999999,0.00577106796,0.008840447960000001
2023,20,mattcl,input-lanjian,rust,0.0035020769050000023,0.00043107512933591026,0.0033996384600000003,0.0029032800000000016,0.0005143903000000001,0.0027525829600000004,0.0059386909600000004
2023,20,mattcl-py,input-lanjian,python,0.125116270085,0.0025109187164062156,0.12429317646000002,0.12279105166666666,0.0022409891666666667,0.12212212596000001,0.13334674495999999
2023,20,lanjian,input-mattcl,rust,0.006258842309999998,0.0006291333094888713,0.00616233446,0.005565804999999999,0.0005837241,0.00544120096,0.009666971960000001
2023,20,mattcl,input-mattcl,rust,0.003397790184999999,0.0003380660203923843,0.00331975396,0.0026300662000000013,0.0006303939,0.00267954696,0.00460091996
2023,20,mattcl-py,input-mattcl,python,0.12237897087666667,0.0022852734112832605,0.12223203246000001,0.11924671833333333,0.0030446125,0.11789615496000001,0.12772122696
