year,day,participant,input,language,mean,stddev,median,user,system,min,max
2023,20,lanjian,input-lanjian,rust,0.006406303305000002,0.00043127139959956443,0.006366089880000001,0.0058815099999999995,0.0004559315000000001,0.00570543288,0.00916658088
2023,20,mattcl,input-lanjian,rust,0.003423581475000002,0.000269346463740474,0.0033773903800000003,0.003259820000000002,0.000114869,0.00278726088,0.00506897188
2023,20,mattcl-py,input-lanjian,python,0.12428893414086958,0.001967860074787848,0.12386141988,0.12055600086956522,0.0036728913043478253,0.12153077788000001,0.12897127488000001
2023,20,lanjian,input-mattcl,rust,0.005967027830000003,0.0004463370939100264,0.0059493893800000005,0.005436094999999999,0.00045048899999999994,0.005147929880000001,0.00895019588
2023,20,mattcl,input-mattcl,rust,0.00341858462,0.0004089873012316105,0.0033300218800000002,0.0029492763,0.00038655399999999994,0.0027400318800000004,0.006633509880000001
2023,20,mattcl-py,input-mattcl,python,0.12136824550499999,0.0026466334789620708,0.12177583138,0.11878969833333332,0.0025064249999999996,0.11609148688,0.12638453288
