year,day,participant,input,language,mean,stddev,median,user,system,min,max
2023,20,lanjian,input-lanjian,rust,0.006542338624999996,0.0005358712358142781,0.00646336378,0.005924949999999997,0.0005202384,0.00552945628,0.009335996280000002
2023,20,mattcl,input-lanjian,rust,0.0035107250800000002,0.0003966979587363388,0.00339126078,0.0032021950000000027,0.0002704691,0.0030370432800000003,0.0056016202800000005
2023,20,mattcl-py,input-lanjian,python,0.12470620398833333,0.002349870786251893,0.12380978128,0.12195046,0.0026876483333333335,0.12035308428000001,0.12881324228
2023,20,lanjian,input-mattcl,rust,0.006062795930000001,0.0004142136799071934,0.00607366428,0.00545153,0.0005357389,0.00522330328,0.00881595328
2023,20,mattcl,input-mattcl,rust,0.003439820135000002,0.00032876247441864984,0.00335196228,0.003179245000000001,0.0002020133,0.00270790728,0.004851017280000001
2023,20,mattcl-py,input-mattcl,python,0.12057364296,0.0027119045312172926,0.12021141928000001,0.11718005999999997,0.0033000288,0.11580569828000001,0.12788506628
