year,day,participant,input,language,mean,stddev,median,user,system,min,max
2023,20,lanjian,input-lanjian,rust,0.006785442895,0.00048395220959324554,0.00669971718,0.006176190000000001,0.00047564090000000003,0.0057826171800000005,0.00923097718
2023,20,mattcl,input-lanjian,rust,0.0035831418050000026,0.00039386405116168183,0.00349403168,0.003038964999999998,0.0004270553000000001,0.00267826018,0.00507624518
2023,20,mattcl-py,input-lanjian,python,0.1275312764843478,0.0026469498783644354,0.12688151418,0.12294571130434784,0.004479546956521738,0.12420930518000001,0.13608171218
2023,20,lanjian,input-mattcl,rust,0.006484589635000002,0.0006195024464352295,0.006358419180000001,0.005845559999999999,0.0004875846,0.0055368071800000005,0.00956555218
2023,20,mattcl,input-mattcl,rust,0.0035299849950000007,0.00034128216588482334,0.00349656068,0.003096181799999998,0.0003322753,0.00266988418,0.0054713441800000005
2023,20,mattcl-py,input-mattcl,python,0.12216383776333334,0.0021510219024751067,0.12142974118000001,0.11861627833333332,0.0034413383333333335,0.11967732918000001,0.12769403418
