year,day,participant,input,language,mean,stddev,median,user,system,min,max
2023,20,lanjian,input-lanjian,rust,0.006765877154999997,0.00047665454364521947,0.006674377180000001,0.0060796550000000015,0.000546259,0.00601122018,0.00952883418
2023,20,mattcl,input-lanjian,rust,0.0035534483649999997,0.00043984056409069293,0.0034587741800000005,0.0028319699999999996,0.0005723451999999998,0.0028422501800000003,0.00594015818
2023,20,mattcl-py,input-lanjian,python,0.12667513609666672,0.0035595410051949164,0.12651419868000002,0.12363178833333333,0.0029575183333333337,0.12084238418,0.13377070918000003
2023,20,lanjian,input-mattcl,rust,0.006340907539999996,0.00042321552406568387,0.00631792518,0.0057282999999999995,0.000511189,0.00555459618,0.00884293018
2023,20,mattcl,input-mattcl,rust,0.0033768461550000013,0.00044569289368638924,0.0033956456800000004,0.0030117321,0.00029493360000000003,0.0025353261800000002,0.005505805180000001
2023,20,mattcl-py,input-mattcl,python,0.12207601514000001,0.0030440358328557137,0.12203237318,0.12002309999999998,0.0019687008,0.11769839018,0.13148416118000003
