year,day,participant,input,language,mean,stddev,median,user,system,min,max
2023,20,mattcl,input-mattcl,rust,0.003498366285000001,0.00032691812219801493,0.0034030500000000003,0.0034430150000000002,0.000029940199999999995,0.0027628675,0.0059543395
2023,20,mattcl-py,input-mattcl,python,0.12116406337500002,0.005402235466826202,0.12005961100000001,0.11742481,0.0029120599999999997,0.1168717355,0.1445934225
