year,day,participant,input,language,mean,stddev,median,user,system,min,max
2023,20,lanjian,input-lanjian,rust,0.006528062820000001,0.0004211524983357571,0.0065115055000000005,0.005899669999999999,0.0005386410000000001,0.005603512,0.009128666
2023,20,mattcl,input-lanjian,rust,0.003511707210000002,0.00037791981266642395,0.0034008910000000005,0.003180882300000001,0.00027850080000000005,0.0028043050000000004,0.005223721
2023,20,mattcl-py,input-lanjian,python,0.123880429625,0.0031063174708876986,0.12288182100000002,0.12113945666666663,0.00265659,0.121168146,0.136245539
2023,20,lanjian,input-mattcl,rust,0.006194692045000003,0.0005896493788198169,0.006098512,0.005546095000000002,0.0005610148,0.005354737,0.00978333
2023,20,mattcl,input-mattcl,rust,0.003378988094999999,0.00032289752093706524,0.0033710560000000003,0.0031453123000000005,0.00021424139999999997,0.0023633000000000005,0.005062809
2023,20,mattcl-py,input-mattcl,python,0.12052387987500002,0.0021953150649044175,0.12025540800000001,0.1176799983333333,0.002765523333333334,0.11717930400000001,0.12483702900000002
