year,day,participant,input,language,mean,stddev,median,user,system,min,max
2023,20,lanjian,input-lanjian,rust,0.006697165650000002,0.00046390121905374527,0.006635982280000001,0.006241995000000001,0.00035202889999999987,0.0057376762799999995,0.01039137428
2023,20,mattcl,input-lanjian,rust,0.0036245334149999993,0.00046336354152119264,0.00350136728,0.003270975599999998,0.00026995670000000004,0.00302273628,0.00672682728
2023,20,mattcl-py,input-lanjian,python,0.12617357169666668,0.0025009878741276323,0.12558556578000002,0.12318512999999998,0.002889088333333333,0.12269193128000001,0.13129960728
2023,20,lanjian,input-mattcl,rust,0.006248642190000001,0.0005135861990406547,0.0062211767800000005,0.005735095,0.00042377079999999996,0.00533785828,0.00931270528
2023,20,mattcl,input-mattcl,rust,0.003561278114999998,0.00044905886445016765,0.0034331487800000004,0.0031641350000000006,0.0002817138,0.00283827128,0.00634439228
2023,20,mattcl-py,input-mattcl,python,0.12140684556000003,0.00255886365706063,0.12133444228000001,0.11685220000000002,0.0044698344,0.11633616828000001,0.12587829328
