year,day,participant,input,language,mean,stddev,median,user,system,min,max
2023,20,mattcl,input-mattcl,rust,0.0034165759850000015,0.0002786409851867186,0.0034013440800000003,0.003157474999999998,0.0001889477,0.00270073708,0.004993902080000001
2023,20,mattcl-py,input-mattcl,python,0.11966251799999998,0.0027636651858993035,0.11938455108,0.11700023999999998,0.0025608232,0.11459310408,0.12563221308
