year,day,participant,input,language,mean,stddev,median,user,system,min,max
2023,20,lanjian,input-lanjian,rust,0.00653134859,0.0004539179139896558,0.006495386860000001,0.005966155000000002,0.00046469409999999996,0.0055465513600000006,0.00941041136
2023,20,mattcl,input-lanjian,rust,0.003568304104999999,0.0003403950902868414,0.00345517386,0.0032201049999999996,0.00026119619999999996,0.0028733803600000003,0.00501788236
2023,20,mattcl-py,input-lanjian,python,0.12279018327666669,0.00252435165360089,0.12269282586000001,0.11854458666666663,0.004154642500000001,0.11821469236000001,0.12717208236
2023,20,lanjian,input-mattcl,rust,0.006171969635,0.0005472518696208143,0.00612473836,0.0055615,0.0005187126999999999,0.0052687813600000005,0.00917960036
2023,20,mattcl,input-mattcl,rust,0.0035780884300000006,0.0004969971436570346,0.00347450936,0.0028180500000000008,0.0006503890999999996,0.0027893423600000005,0.00592530036
2023,20,mattcl-py,input-mattcl,python,0.12025831715166667,0.003176759055933921,0.12051326786,0.11696304499999999,0.003222036666666666,0.11595289036,0.12995944736
