year,day,participant,input,language,mean,stddev,median,user,system,min,max
2023,20,mattcl,input-mattcl,rust,0.0033725388649999983,0.0002806388756775149,0.0033762919200000002,0.0031056000000000005,0.0002057426,0.0026931469200000002,0.005352796920000001
2023,20,mattcl-py,input-mattcl,python,0.12009539721166668,0.0025598377788233666,0.11992197892,0.11733723000000001,0.0027060791666666667,0.11602028792,0.12445180492
