year,day,participant,input,language,mean,stddev,median,user,system,min,max
2023,20,mattcl,input-mattcl,rust,0.0034782677900000005,0.0003259973576120174,0.00347349024,0.0029335664000000004,0.00044406799999999983,0.00278839324,0.00560342924
2023,20,mattcl-py,input-mattcl,python,0.11946640340000002,0.0016471724715164345,0.11938464724000002,0.11677299999999997,0.002598603999999999,0.11669449424000002,0.12214976924000001
