year,day,participant,input,language,mean,stddev,median,user,system,min,max
2023,20,lanjian,input-lanjian,rust,0.00667103308,0.00043275346321066456,0.006602681880000001,0.006119384999999998,0.00042262919999999995,0.0058451948800000006,0.00944556088
2023,20,mattcl,input-lanjian,rust,0.0037440323650000003,0.00037421020727263036,0.0037510768800000003,0.0033683899999999993,0.0002781721,0.00310248288,0.006003110880000001
2023,20,mattcl-py,input-lanjian,python,0.12252557587999997,0.0024548826666210086,0.12211700888,0.11899610956521739,0.003446288695652174,0.11900680088,0.13022057088
2023,20,lanjian,input-mattcl,rust,0.006286041714999993,0.00048633334353801204,0.0062345978800000005,0.0056790149999999965,0.00047835809999999983,0.005381416880000001,0.008922300880000001
2023,20,mattcl,input-mattcl,rust,0.0036112766599999996,0.0003611566691978456,0.0035399858800000002,0.0031780499999999995,0.0003372405999999999,0.0030908408800000005,0.005780673880000001
2023,20,mattcl-py,input-mattcl,python,0.1198016666626087,0.0026106083553531245,0.11952694288,0.11626015304347828,0.00345368,0.11531343088000001,0.12561365188
