year,day,participant,input,language,mean,stddev,median,user,system,min,max
2023,20,lanjian,input-lanjian,rust,0.006772477335,0.0004377714152271182,0.0066874976600000005,0.006122349999999999,0.0005031917,0.005856853160000001,0.00975829516
2023,20,mattcl,input-lanjian,rust,0.0036237318950000023,0.00036524007098867703,0.0035297001600000004,0.003310250000000001,0.00022982059999999998,0.0029255741600000005,0.00523403616
2023,20,mattcl-py,input-lanjian,python,0.12624496095166668,0.0022455177034913236,0.12575351466,0.12308502666666664,0.0030666841666666667,0.12293435816,0.13193791516
2023,20,lanjian,input-mattcl,rust,0.006464487789999997,0.00047458150662441816,0.0064212231600000004,0.00595116,0.00038559170000000004,0.00542280216,0.008886376159999999
2023,20,mattcl,input-mattcl,rust,0.0035119181500000013,0.0003637364286496391,0.0034278466600000004,0.0031472449999999964,0.0002085622,0.00285238416,0.005231148160000001
2023,20,mattcl-py,input-mattcl,python,0.12197193778499998,0.0025511752192843777,0.12150347666,0.11808456833333335,0.003778365833333333,0.11867443916,0.12742359216000002
