year,day,participant,input,language,mean,stddev,median,user,system,min,max
2023,20,lanjian,input-lanjian,rust,0.006757790989999996,0.0005635198376643911,0.006649787420000001,0.0061163649999999995,0.0004973940000000001,0.00584786992,0.00990952192
2023,20,mattcl,input-lanjian,rust,0.0034273591200000004,0.00042032264226771627,0.0033264084200000004,0.003100172699999998,0.00027237119999999994,0.00245642192,0.005089637920000001
2023,20,mattcl-py,input-lanjian,python,0.1274841374852174,0.00221627301116938,0.12710568392,0.12451959043478257,0.002902071304347826,0.12317548692000001,0.13180522392
2023,20,lanjian,input-mattcl,rust,0.006658913775000004,0.003924246320947856,0.006309764420000001,0.005819709999999998,0.0004205559999999998,0.0054359879199999996,0.05835347592000001
2023,20,mattcl,input-mattcl,rust,0.003643326769999999,0.003974763572649671,0.0032665104200000003,0.002852635,0.00037290459999999984,0.0023119409200000004,0.050597535920000006
2023,20,mattcl-py,input-mattcl,python,0.12313710126782607,0.002703809690995503,0.12221646792000002,0.12110293826086958,0.0019738956521739128,0.11949544592000001,0.12841454491999998
