year,day,participant,input,language,mean,stddev,median,user,system,min,max
2023,20,lanjian,input-lanjian,rust,0.006644410260000003,0.00044651372504582183,0.0065647936,0.005955045000000001,0.0005626801999999999,0.0060016616,0.0093499646
2023,20,mattcl,input-lanjian,rust,0.0034969520500000018,0.00027474769576873363,0.0034972961000000005,0.0031906057999999985,0.00020826170000000003,0.0029570756,0.005541238600000001
2023,20,mattcl-py,input-lanjian,python,0.12616418977391305,0.001843683623516433,0.1263274056,0.12247098521739132,0.0035900165217391303,0.12346122360000002,0.1298569166
2023,20,lanjian,input-mattcl,rust,0.006310727475000001,0.0007231535399490646,0.006168162600000001,0.005767589999999998,0.0004223698,0.005400967600000001,0.0098758576
2023,20,mattcl,input-mattcl,rust,0.003438489614999997,0.0002635948131450229,0.0034581681,0.0032058850000000003,0.0001230863,0.0027801946,0.0051832806
2023,20,mattcl-py,input-mattcl,python,0.12211781568000003,0.00221159951318037,0.12180741960000001,0.11923229999999997,0.0028031312000000004,0.11843527160000002,0.1259179486
