year,day,participant,input,language,mean,stddev,median,user,system,min,max
2023,20,lanjian,input-lanjian,rust,0.006576276939999999,0.0004913625661873123,0.006519902040000001,0.0059554149999999995,0.000539216,0.00564563204,0.00954245104
2023,20,mattcl,input-lanjian,rust,0.0035072344049999985,0.0003472664991751561,0.0034364045400000006,0.003044369999999998,0.0003910316,0.00278165404,0.005587913040000001
2023,20,mattcl-py,input-lanjian,python,0.12455742795304349,0.0034243460506741077,0.12356494404000001,0.12014607043478255,0.004330466086956523,0.12100534704000002,0.13625263704
2023,20,lanjian,input-mattcl,rust,0.006160891504999999,0.0004401027091164368,0.006088294540000001,0.005492654999999998,0.000591758,0.00537683904,0.007832963040000002
2023,20,mattcl,input-mattcl,rust,0.0035133221200000005,0.00040924786380651336,0.0034010335400000004,0.0027877753,0.0006213496,0.0028285130400000002,0.00512140104
2023,20,mattcl-py,input-mattcl,python,0.12167488828,0.0019351957332429215,0.12144126104000001,0.11800893999999999,0.0035576655999999996,0.11821618904000002,0.12559304804000002
