year,day,participant,input,language,mean,stddev,median,user,system,min,max
2023,20,lanjian,input-lanjian,rust,0.006707741755000001,0.0005020530306913551,0.0066402313000000004,0.006038014999999995,0.0005600004000000001,0.005722718800000001,0.0097429338
2023,20,mattcl,input-lanjian,rust,0.003553464579999999,0.0004270532075453426,0.0034796908,0.0030400999999999996,0.0004412406,0.0028400328,0.0059237048
2023,20,mattcl-py,input-lanjian,python,0.124701866175,0.005226050415342085,0.1239193148,0.1196747933333333,0.0039182133333333325,0.1203751108,0.1476584308
2023,20,lanjian,input-mattcl,rust,0.0062338116200000016,0.00043812260721152796,0.006230033300000001,0.005585775000000002,0.0005555152000000002,0.005362634800000001,0.0079340388
2023,20,mattcl,input-mattcl,rust,0.003530623120000001,0.0003432300889876939,0.0034636458,0.0030418549999999983,0.00035368199999999997,0.0028162488,0.005181976800000001
2023,20,mattcl-py,input-mattcl,python,0.11973381600000002,0.002526596884536392,0.1192526798,0.11618834,0.0034748447999999993,0.1153577188,0.1253053488
