year,day,participant,input,language,mean,stddev,median,user,system,min,max
2023,20,lanjian,input-lanjian,rust,0.006565543780000005,0.002235571466136333,0.006390489080000001,0.005818699999999997,0.0005069140999999999,0.005572383080000001,0.03742336908
2023,20,mattcl,input-lanjian,rust,0.003431057339999999,0.0004181651669004809,0.0032330685800000007,0.0031015949999999987,0.00013571989999999997,0.0027555350800000005,0.00544607708
2023,20,mattcl-py,input-lanjian,python,0.1256844049890909,0.004023503200468017,0.12528954808,0.12245697090909088,0.002770876363636363,0.12066727408000001,0.13778565808
2023,20,lanjian,input-mattcl,rust,0.006091632735000003,0.000528134297236083,0.006017580580000001,0.005562414999999999,0.00044847409999999985,0.005275738080000001,0.00897539808
2023,20,mattcl,input-mattcl,rust,0.0033977779350000004,0.0004239087205358196,0.0033487350800000004,0.002810729999999998,0.00046110149999999996,0.0025573550800000004,0.00564460808
2023,20,mattcl-py,input-mattcl,python,0.12109044484000002,0.002596641186846964,0.12074522008000001,0.11788993999999997,0.0031294415999999995,0.11633351008000001,0.12679294008
