year,day,participant,input,language,mean,stddev,median,user,system,min,max
2023,20,lanjian,input-lanjian,rust,0.006655062950000001,0.0023867340717764413,0.006452716440000001,0.005983589999999999,0.0003922108,0.00553409094,0.03904698294
2023,20,mattcl,input-lanjian,rust,0.0034872861800000015,0.00040319163418769895,0.00340291344,0.0030778150000000002,0.00027444000000000004,0.00277682094,0.0056020789400000005
2023,20,mattcl-py,input-lanjian,python,0.12500512924434787,0.002260253707848593,0.12462550594000002,0.12133742782608695,0.0035790208695652167,0.12138559194000001,0.13101652694000002
2023,20,lanjian,input-mattcl,rust,0.006389853090000004,0.0005576849546273561,0.00633047244,0.005764184999999998,0.0005216079999999999,0.00566062794,0.009991412940000001
2023,20,mattcl,input-mattcl,rust,0.0033852579500000006,0.00029587351233883454,0.0033867379399999996,0.0025884750000000002,0.0006923005999999998,0.00273364094,0.00513855094
2023,20,mattcl-py,input-mattcl,python,0.12165472194000004,0.002276548817658528,0.12177566194,0.11871678833333334,0.002837203333333333,0.11814891394000002,0.12654809294000002
