year,day,participant,input,language,mean,stddev,median,user,system,min,max
2023,20,lanjian,input-lanjian,rust,0.006505705564999996,0.00048439214999389783,0.00644608562,0.005947355000000004,0.00042413259999999996,0.00566228962,0.00872499862
2023,20,mattcl,input-lanjian,rust,0.003377895470000001,0.0003400511930562847,0.0033587556200000003,0.0031322299999999976,0.00016661339999999995,0.00252757562,0.0054839856199999995
2023,20,mattcl-py,input-lanjian,python,0.12555523805478264,0.0026808303900194373,0.12535695961999999,0.12207918869565218,0.0034003860869565223,0.12150423262000001,0.13048763861999998
2023,20,lanjian,input-mattcl,rust,0.006148134074999997,0.0004980043794224079,0.00612970962,0.005723285,0.0003375945999999999,0.00535029662,0.009379322620000002
2023,20,mattcl,input-mattcl,rust,0.0032807857050000016,0.00042275836278158545,0.0031516776200000004,0.0026063742000000025,0.0006152653999999997,0.00263586762,0.00623856762
2023,20,mattcl-py,input-mattcl,python,0.1216320535,0.0024563229239969323,0.12117901462000001,0.11805594,0.0035029968,0.11772624462000002,0.12647385862
