year,day,participant,input,language,mean,stddev,median,user,system,min,max
2023,20,lanjian,input-lanjian,rust,0.0065295489500000045,0.0004779214513647888,0.006464248820000001,0.00593994,0.00048112140000000007,0.0056838548200000005,0.010493658820000001
2023,20,mattcl,input-lanjian,rust,0.003473256689999999,0.0002558019948118106,0.0034856288200000004,0.0030777400000000007,0.00025640419999999997,0.0027770088200000003,0.00503430082
2023,20,mattcl-py,input-lanjian,python,0.12450829311166665,0.0019716893907494337,0.12452551232,0.12211857666666666,0.00231736,0.12103050682,0.12788644682
2023,20,lanjian,input-mattcl,rust,0.006198173810000002,0.0004859614536460882,0.00615473532,0.005670114999999996,0.00041856879999999997,0.005337787820000001,0.009256325820000001
2023,20,mattcl,input-mattcl,rust,0.003499354799999998,0.0003675100600645687,0.00349020782,0.002770879999999998,0.0006111036000000001,0.00267822382,0.006133335820000001
2023,20,mattcl-py,input-mattcl,python,0.12075184815333333,0.0016003955770637975,0.12082938132,0.11614682666666666,0.004511775,0.11795697882,0.12402383482
