year,day,participant,input,language,mean,stddev,median,user,system,min,max
2023,20,lanjian,input-lanjian,rust,0.006595333605,0.0005180545727895573,0.00652443984,0.006043445000000001,0.0004595413000000001,0.005752174840000001,0.009715212840000001
2023,20,mattcl,input-lanjian,rust,0.003512189970000002,0.0002698229652857985,0.00346094584,0.003271215,0.00015992729999999997,0.00308933084,0.0049821738400000004
2023,20,mattcl-py,input-lanjian,python,0.12564420127478265,0.002070667719569614,0.12533918984,0.12181966695652173,0.0037408321739130436,0.12159633384000001,0.13078903984
2023,20,lanjian,input-mattcl,rust,0.006230163025000001,0.0005810532293980739,0.006181422840000001,0.005552020000000002,0.0005475142,0.005303654840000001,0.009367130840000001
2023,20,mattcl,input-mattcl,rust,0.003528159045000001,0.00039464929421857464,0.00345595184,0.00282613,0.0005607402999999999,0.00277244784,0.00618087684
2023,20,mattcl-py,input-mattcl,python,0.12211257567333333,0.002325750058980576,0.12151920984,0.11917441333333333,0.0028384883333333333,0.11935756284000001,0.12758505384000002
