year,day,participant,input,language,mean,stddev,median,user,system,min,max
2023,20,mattcl,input-mattcl,rust,0.0035224352449999994,0.0003955249007814766,0.0033806776800000002,0.0030933600000000007,0.0002944992,0.0029142746800000004,0.00517211268
2023,20,mattcl-py,input-mattcl,python,0.12015255708,0.002392690690273695,0.11959967968,0.11701859999999999,0.003031916,0.11679895468000001,0.12488265368
