year,day,participant,input,language,mean,stddev,median,user,system,min,max
2023,20,mattcl,input-mattcl,rust,0.003408504360000001,0.0002452887359019372,0.00341173832,0.003118124999999997,0.0001427934,0.00291472282,0.00503021282
2023,20,mattcl-py,input-mattcl,python,0.11951676386000001,0.0029687727530144556,0.11890208582,0.11635006,0.003077465599999999,0.11479076282,0.12771903582
