year,day,participant,input,language,mean,stddev,median,user,system,min,max
2023,20,lanjian,input-lanjian,rust,0.006514658510000001,0.0004480229835608368,0.0064716705,0.006060825000000001,0.0003443271999999999,0.005740283,0.008935018
2023,20,mattcl,input-lanjian,rust,0.0035042455199999984,0.0003349091872299784,0.0034907490000000005,0.003220885,0.00019416199999999995,0.002830209,0.005242491
2023,20,mattcl-py,input-lanjian,python,0.12479561595652175,0.0025298375991916725,0.124249169,0.12090059478260869,0.0037886556521739127,0.120149922,0.130038748
2023,20,lanjian,input-mattcl,rust,0.006087320319999997,0.0004827582004414268,0.006000749,0.005556744999999998,0.000442627,0.00526834,0.009279182
2023,20,mattcl,input-mattcl,rust,0.0034744204050000016,0.0004524474129340274,0.0033603360000000002,0.0028287392,0.0004966547999999999,0.0028219430000000004,0.00684022
2023,20,mattcl-py,input-mattcl,python,0.12123261529166668,0.0024985338457777953,0.120948375,0.11882332666666662,0.0023371483333333334,0.117245558,0.12517276600000002
