year,day,participant,input,language,mean,stddev,median,user,system,min,max
2023,20,mattcl,input-mattcl,rust,0.003283254579999998,0.0003739498795416311,0.00317135242,0.0027828499999999995,0.0004103484000000001,0.00249399392,0.005728918920000001
2023,20,mattcl-py,input-mattcl,python,0.12038181592,0.0019462695101575926,0.12040149992000002,0.11717984000000001,0.003066192000000001,0.11723615592000002,0.12440376192000001
