year,day,participant,input,language,mean,stddev,median,user,system,min,max
2023,20,lanjian,input-lanjian,rust,0.006525749829999996,0.000546441373932937,0.0064503566,0.005856125,0.0005489454,0.0055705511000000004,0.0094843631
2023,20,mattcl,input-lanjian,rust,0.0036104047600000006,0.00043856766197536396,0.0034835921000000002,0.0028054493999999995,0.0006889218,0.0028387801,0.0061782781
2023,20,mattcl-py,input-lanjian,python,0.12422911436086957,0.003099008352119305,0.12331771810000001,0.12168064695652174,0.0024265965217391302,0.12033268310000002,0.13388872510000002
2023,20,lanjian,input-mattcl,rust,0.006115564289999999,0.000468188239922204,0.0060309771,0.005611750000000003,0.0003812696000000001,0.0053439571,0.0087263841
2023,20,mattcl,input-mattcl,rust,0.003597520630000002,0.0003997953792188483,0.0034952986,0.0029689822000000003,0.0004426082,0.0028631971,0.005790392100000001
2023,20,mattcl-py,input-mattcl,python,0.12000849258000003,0.0028995321539315934,0.11907470010000001,0.11763895999999997,0.0022779887999999997,0.11642741910000001,0.12765944110000002
