year,day,participant,input,language,mean,stddev,median,user,system,min,max
2023,20,lanjian,input-lanjian,rust,0.006690116719999999,0.0005986647457197812,0.006602103500000001,0.006158799999999999,0.0004188189999999999,0.0057039115000000005,0.0112259805
2023,20,mattcl,input-lanjian,rust,0.0035027241650000007,0.00035070358926957916,0.0033908820000000004,0.0033289719999999995,0.00010352199999999999,0.0028244115000000004,0.005054948500000001
2023,20,mattcl-py,input-lanjian,python,0.12448227302173913,0.002017767546193974,0.1244550925,0.1217366,0.002660137391304348,0.1204775065,0.1275432535
2023,20,lanjian,input-mattcl,rust,0.006294248175,0.00044498761517732774,0.006251202000000001,0.005743134999999998,0.0004658094,0.005518504500000001,0.0098207195
2023,20,mattcl,input-mattcl,rust,0.0035028669200000027,0.00028520898255661323,0.0034768685000000008,0.0032553699999999988,0.00017266079999999996,0.0030370395000000007,0.0057939905
2023,20,mattcl-py,input-mattcl,python,0.12167724895833332,0.004806010988581655,0.1202466135,0.11886822499999998,0.002720405,0.1180490095,0.1408190065
