year,day,participant,input,language,mean,stddev,median,user,system,min,max
2023,20,mattcl,input-mattcl,rust,0.0033691088649999996,0.0003724034746397565,0.00329131036,0.0027841199999999997,0.00039414360000000016,0.0025522828600000004,0.00463620986
2023,20,mattcl-py,input-mattcl,python,0.11856979023500001,0.0023849644954230284,0.11856025686,0.11623054666666667,0.002276576666666667,0.11471869486,0.12368889886000001
