year,day,participant,input,language,mean,stddev,median,user,system,min,max
2023,20,lanjian,input-lanjian,rust,0.006626132045000002,0.0003760493135116319,0.0065877936800000005,0.006130180000000001,0.00043870650000000003,0.00579002018,0.00926890018
2023,20,mattcl,input-lanjian,rust,0.003642973019999999,0.00043457942253924913,0.0036019771800000003,0.003196120000000002,0.00038579909999999996,0.0028554601800000004,0.0066762591800000005
2023,20,mattcl-py,input-lanjian,python,0.12354223109666669,0.0023450335560415408,0.12305703968000001,0.12068449999999999,0.002795126666666666,0.11988715918000001,0.12961901818
2023,20,lanjian,input-mattcl,rust,0.006504159365000004,0.0025428540928118266,0.0062619141800000005,0.0058385200000000016,0.00039509559999999997,0.0051342131800000005,0.041260597180000004
2023,20,mattcl,input-mattcl,rust,0.003458821945000001,0.002119321590550572,0.00330915968,0.002952489999999998,0.00031938619999999986,0.0023635101800000002,0.032606525180000005
2023,20,mattcl-py,input-mattcl,python,0.12128718901333331,0.002402646921828645,0.12098167718,0.11832466666666668,0.0028879066666666667,0.11515511518,0.12828025318
