year,day,participant,input,language,mean,stddev,median,user,system,min,max
2023,20,lanjian,input-lanjian,rust,0.006600437370000001,0.0005034817357448383,0.006532200460000001,0.005969935000000001,0.0005359286000000002,0.005583138460000001,0.009708629460000002
2023,20,mattcl,input-lanjian,rust,0.003553433035000001,0.0003875948827491807,0.00347124646,0.0031593349999999997,0.0003178756,0.00286128546,0.0051154734600000005
2023,20,mattcl-py,input-lanjian,python,0.12511314298173914,0.0024961688909511696,0.12472133646000001,0.12294316173913043,0.0020963999999999996,0.12125592246,0.12947432146
2023,20,lanjian,input-mattcl,rust,0.006085739019999998,0.0005666742349023177,0.0060137344600000005,0.005511979999999997,0.0004935485999999999,0.00503799846,0.00941088246
2023,20,mattcl,input-mattcl,rust,0.0034710527899999995,0.00037341283606947466,0.0033914524600000004,0.0029495767999999987,0.00040410279999999994,0.0026960254600000002,0.00513155346
2023,20,mattcl-py,input-mattcl,python,0.11973560070999999,0.0024160576651503507,0.11954409196,0.11739789,0.002255435,0.11533087346,0.12461642946
