year,day,participant,input,language,mean,stddev,median,user,system,min,max
2023,20,mattcl,input-mattcl,rust,0.0033120180100000003,0.0004712865053966695,0.00317940202,0.0028594299999999996,0.0003007316000000001,0.00264852352,0.0050065575200000005
2023,20,mattcl-py,input-mattcl,python,0.11956162908000001,0.0025743139850249457,0.11981685152,0.11710896000000001,0.0023901487999999998,0.11420067652,0.12438415052000001
