year,day,participant,input,language,mean,stddev,median,user,system,min,max
2023,20,mattcl,input-mattcl,rust,0.0033954208849999996,0.0003820960699463969,0.00338514596,0.0030670249999999993,0.00024523009999999996,0.00258625696,0.0054438839600000006
2023,20,mattcl-py,input-mattcl,python,0.12159657227818185,0.0033186234923671147,0.12080140496,0.1185681909090909,0.002953222727272728,0.11850857396,0.13400214696
