year,day,participant,input,language,mean,stddev,median,user,system,min,max
2023,20,lanjian,input-lanjian,rust,0.0064765799050000026,0.00047159695807093906,0.006438487180000001,0.005968745,0.00044426209999999994,0.00559544068,0.00977836468
2023,20,mattcl,input-lanjian,rust,0.003535948755,0.0004433677259765279,0.00341769618,0.0029207151999999987,0.0005446908000000002,0.0026748866800000003,0.00620225568
2023,20,mattcl-py,input-lanjian,python,0.12354981285391306,0.0029321093935846827,0.12277136368,0.12014456869565217,0.0032986330434782605,0.11788253768,0.12929170168
2023,20,lanjian,input-mattcl,rust,0.006179489980000001,0.0005437677455952946,0.006101281680000001,0.005673265,0.00043911789999999997,0.0052268706800000005,0.00958009468
2023,20,mattcl,input-mattcl,rust,0.0034240334600000007,0.00038845654712020805,0.00335722318,0.00302268,0.00035676400000000003,0.00271162568,0.00596163468
2023,20,mattcl-py,input-mattcl,python,0.11950437084666665,0.0022269081889547283,0.11909334367999999,0.11497595999999999,0.004453909166666667,0.11552901568,0.12401689368
