year,day,participant,input,language,mean,stddev,median,user,system,min,max
2023,20,mattcl,input-mattcl,rust,0.0034340541299999992,0.0004179162579727711,0.00336065394,0.0028146700000000013,0.00046672519999999993,0.0026333639400000003,0.00532505994
2023,20,mattcl-py,input-mattcl,python,0.11945887202000001,0.002318790296609078,0.11995063694000001,0.11569311999999998,0.0036814976,0.11537939494000002,0.12400705594000001
