year,day,participant,input,language,mean,stddev,median,user,system,min,max
2023,20,mattcl,input-mattcl,rust,0.0034988738549999988,0.00037911274217038615,0.0034355418600000003,0.0029378378000000007,0.0004909052999999999,0.00283366636,0.00597795736
