year,day,participant,input,language,mean,stddev,median,user,system,min,max
2023,20,lanjian,input-lanjian,rust,0.006764478139999999,0.0005643311445066141,0.0066495783,0.005991194999999994,0.0006287099999999998,0.005769592800000001,0.0103250528
2023,20,mattcl,input-lanjian,rust,0.0036822301449999967,0.0004127019106187269,0.0036384208000000006,0.0031281449999999993,0.000439615,0.0028509138000000003,0.0051753808000000005
2023,20,mattcl-py,input-lanjian,python,0.12484089575652174,0.0022112718608607767,0.12425362780000002,0.12266008695652174,0.0020766260869565212,0.12162097480000002,0.12937955580000002
2023,20,lanjian,input-mattcl,rust,0.006314587590000004,0.0004915102224152611,0.006285612800000001,0.005688355000000001,0.0005295429999999997,0.0056470237999999996,0.0095834758
2023,20,mattcl,input-mattcl,rust,0.0035513152249999984,0.00029370123824106717,0.0035018103000000003,0.0031758999999999997,0.00029183999999999997,0.0030100798,0.005144943800000001
2023,20,mattcl-py,input-mattcl,python,0.12161556676,0.0043176892831739856,0.12038638580000001,0.11887791999999996,0.0026484719999999994,0.1167351268,0.13885377680000002
