year,day,participant,input,language,mean,stddev,median,user,system,min,max
2023,20,lanjian,input-lanjian,rust,0.006506602350000001,0.0006848669773097992,0.00638162004,0.005936484999999999,0.0004797527999999998,0.005571267040000001,0.01038340004
2023,20,mattcl,input-lanjian,rust,0.0034491828049999984,0.0003589007258646751,0.00339566204,0.003054995000000001,0.00032715679999999994,0.00267007304,0.00548554704
2023,20,mattcl-py,input-lanjian,python,0.12588828234434785,0.002141865928506023,0.12561570204000003,0.12150375391304348,0.004305332173913043,0.12245149604000001,0.13031958204000002
2023,20,lanjian,input-mattcl,rust,0.006067174679999999,0.0006452933082328851,0.005969233040000001,0.005484125000000001,0.0004793695999999998,0.0052609150399999995,0.00987039904
2023,20,mattcl,input-mattcl,rust,0.0033780163000000007,0.000423558643282271,0.00332198404,0.0026776120999999985,0.0006239591999999998,0.00271936504,0.00637988204
2023,20,mattcl-py,input-mattcl,python,0.121529672915,0.0019412168868999222,0.12148125754,0.11902820499999998,0.00242741,0.11728761304,0.12485493604000002
