year,day,participant,input,language,mean,stddev,median,user,system,min,max
2023,20,lanjian,input-lanjian,rust,0.00663773346,0.0007026440474391272,0.006499636360000001,0.006072534999999997,0.00041724770000000006,0.00567536586,0.00994783286
2023,20,mattcl,input-lanjian,rust,0.0035372065749999983,0.0002988833703816378,0.0035194453600000002,0.002927790000000001,0.0004972307,0.00271982086,0.00549664186
2023,20,mattcl-py,input-lanjian,python,0.12428706069333333,0.0023979696502592534,0.12461421986,0.12135062333333331,0.0028425424999999997,0.11974449586000001,0.12846324486
2023,20,lanjian,input-mattcl,rust,0.0061280745000000005,0.0005283033333799838,0.006070038860000001,0.005468615000000002,0.0005527180999999999,0.005480049860000001,0.00923288686
2023,20,mattcl,input-mattcl,rust,0.0034287579900000005,0.00030843795918605323,0.00345854236,0.003179535,0.00015345130000000003,0.00264324786,0.005095461860000001
2023,20,mattcl-py,input-mattcl,python,0.12181230793999999,0.0038189896169297816,0.12074577886,0.11775638000000002,0.0039352136,0.11641550386,0.13135467086
