year,day,participant,input,language,mean,stddev,median,user,system,min,max
2023,20,lanjian,input-lanjian,rust,0.006547273749999998,0.0024160554555612323,0.006399103620000001,0.0058664500000000005,0.00046899999999999996,0.005423900620000001,0.04006737762
2023,20,mattcl,input-lanjian,rust,0.0033758477350000005,0.0004989771040125345,0.00329939212,0.002475215,0.0008411658000000003,0.00255726562,0.006531807620000001
2023,20,mattcl-py,input-lanjian,python,0.12307185396782608,0.002559633086228033,0.12287349862000001,0.11867584869565218,0.004331429565217391,0.11951990162000001,0.12914160862000001
2023,20,lanjian,input-mattcl,rust,0.0060475535500000045,0.0004859761995804613,0.00599851662,0.005564394999999999,0.0004349050999999999,0.00529434662,0.00910183362
2023,20,mattcl,input-mattcl,rust,0.0033292410199999996,0.0004542341221320294,0.00323392412,0.0028300588000000015,0.00038047699999999994,0.00248511962,0.00620842062
2023,20,mattcl-py,input-mattcl,python,0.12134469162000001,0.003120928108808243,0.12054475062,0.11814373999999998,0.00314087,0.11715924862,0.13182981262000001
