year,day,participant,input,language,mean,stddev,median,user,system,min,max
2023,20,lanjian,input-lanjian,rust,0.00657199567,0.0006653676568000864,0.00642250814,0.006001600000000004,0.00047996719999999994,0.00588202214,0.00978894314
2023,20,mattcl,input-lanjian,rust,0.003544821094999998,0.00041787995005852763,0.0034484921400000004,0.0030964193,0.00038181599999999994,0.0027713101400000002,0.00550384414
2023,20,mattcl-py,input-lanjian,python,0.12327759805304349,0.0024233448786672774,0.12362077914000001,0.11996240086956522,0.0032251460869565218,0.11853906014,0.12912989014
2023,20,lanjian,input-mattcl,rust,0.006122113765000001,0.0004610991494055995,0.00611250214,0.005529364999999998,0.0004831385,0.00530933014,0.009410264140000001
2023,20,mattcl,input-mattcl,rust,0.0034678524200000005,0.0004102559847727525,0.00338308964,0.0030251928999999998,0.0003683901999999999,0.00266482114,0.0055409831400000005
2023,20,mattcl-py,input-mattcl,python,0.11991381955666665,0.002026259455472827,0.12019001914,0.11701688999999998,0.0028187541666666663,0.11531735014000001,0.12291009914
