year,day,participant,input,language,mean,stddev,median,user,system,min,max
2025,10,lanjian,input-lanjian,rust,0.005461911999999997,0.0004543878024967758,0.00540647952,0.004887669999999998,0.000581499,0.00471506352,0.00895557752
2025,10,mattcl,input-lanjian,rust,0.005956063919999996,0.0005226301243012652,0.005919289520000001,0.0030571646000000004,0.0028785460000000014,0.00508171052,0.00905607452
2025,10,whyando,input-lanjian,rust,0.011813159904999999,0.0005499445434377742,0.01174174552,0.007394202,0.004364683000000004,0.01077649752,0.014944184520000002
2025,10,lanjian,input-mattcl,rust,0.006299165425,0.00042028430248400707,0.00622972602,0.005666555000000001,0.0006119,0.00551627552,0.00895587752
2025,10,mattcl,input-mattcl,rust,0.009027937279999997,0.00037206708465622887,0.00901567452,0.004368047599999998,0.004600392,0.00830806352,0.01077735952
2025,10,whyando,input-mattcl,rust,0.015132249412473125,0.0006240925327935773,0.01501387952,0.00908191182795699,0.005947908602150535,0.01430617952,0.01833023652
2025,10,lanjian,input-whyando,rust,0.005464849929999998,0.0004159721996903981,0.00540611352,0.004955845000000004,0.0005238320000000001,0.00467918752,0.00835073352
2025,10,mattcl,input-whyando,rust,0.006004636560000002,0.00046631899765871163,0.00599061802,0.003047840599999998,0.0029618,0.0050200355200000005,0.00885914652
2025,10,whyando,input-whyando,rust,0.011808391440000005,0.0005374549080470966,0.011716232520000001,0.0076984776,0.004075282000000001,0.01093336152,0.01485377452
