year,day,participant,input,language,mean,stddev,median,user,system,min,max
2025,10,lanjian,input-lanjian,rust,0.0054688115250000014,0.000427834338258192,0.005422719120000001,0.004885413199999999,0.0005841091,0.004340832120000001,0.00802557312
2025,10,mattcl,input-lanjian,rust,0.006012449725,0.0003407630146329374,0.006015603620000001,0.0027812951999999984,0.003238012100000001,0.00506185212,0.007173868120000001
2025,10,whyando,input-lanjian,rust,0.011768519039999996,0.0005754964410679209,0.01167595862,0.0074247278,0.0043322895,0.010820537120000001,0.01545455512
2025,10,lanjian,input-mattcl,rust,0.006277456895000002,0.0004747688048064567,0.00621184162,0.005568415,0.0007303420000000003,0.00543721612,0.00999151512
2025,10,mattcl,input-mattcl,rust,0.00923545868,0.0005392790900406409,0.009106583120000001,0.004472091000000001,0.004731650099999999,0.00839585612,0.01196913812
2025,10,whyando,input-mattcl,rust,0.015165526513442627,0.0006452146473111864,0.015001797120000002,0.009027690928961753,0.00607230841530055,0.01407228712,0.01817551012
2025,10,lanjian,input-whyando,rust,0.0054905847399999985,0.00040114136161567776,0.00541078162,0.004919565,0.0005805790999999997,0.004707590120000001,0.007984145120000001
2025,10,mattcl,input-whyando,rust,0.006071154355000005,0.00044634659398753236,0.00604940212,0.0031329752,0.0029692305000000004,0.00521174312,0.00969511912
2025,10,whyando,input-whyando,rust,0.011737903949999993,0.0004566993301029172,0.01172162962,0.007585726200000004,0.004158218699999997,0.010713366120000001,0.013321530120000001
