year,day,participant,input,language,mean,stddev,median,user,system,min,max
2025,10,lanjian,input-lanjian,rust,0.005514880334999996,0.0004303843750058545,0.00547131894,0.005028189799999998,0.0005472653999999998,0.00468320744,0.00845541544
2025,10,mattcl,input-lanjian,rust,0.005921010805000002,0.00038071581521776374,0.00593180644,0.0031194261999999977,0.0028328493,0.0050399554400000005,0.0076243084400000015
2025,10,whyando,input-lanjian,rust,0.011701626720000004,0.0006769080896796184,0.011592714940000002,0.0076747633999999995,0.004029760100000001,0.01062478044,0.015431369440000002
2025,10,lanjian,input-mattcl,rust,0.006183407479999997,0.00038406567153889416,0.00617146044,0.005599810000000002,0.0006683961,0.005302086439999999,0.008659828440000001
2025,10,mattcl,input-mattcl,rust,0.009008009249999997,0.000493344679840218,0.00895319844,0.0045844186,0.0044119183999999975,0.007786001440000001,0.01241888344
2025,10,whyando,input-mattcl,rust,0.015068197657616588,0.0004726304900066339,0.01497893044,0.0094519718134715,0.00557934694300518,0.013900700440000002,0.01793101344
2025,10,lanjian,input-whyando,rust,0.005553685350000001,0.000394597225089462,0.005493459940000001,0.005063619799999999,0.0005380518000000001,0.004770549440000001,0.00835584844
2025,10,mattcl,input-whyando,rust,0.0059320912350000025,0.00036341205563437923,0.00594372394,0.002822159800000001,0.003178296500000001,0.00506694544,0.007884255440000001
2025,10,whyando,input-whyando,rust,0.011830445134999996,0.0006250641780794213,0.011770097440000002,0.007677958399999995,0.0041454371,0.01089973644,0.01517627044
