year,day,participant,input,language,mean,stddev,median,user,system,min,max
2025,10,lanjian,input-lanjian,rust,0.005468367280000001,0.000441775684543426,0.005375759700000001,0.004941804999999999,0.0005847649999999997,0.0045537602000000005,0.007946725200000001
2025,10,mattcl,input-lanjian,rust,0.005921543460000001,0.0004555131301243144,0.0058947167,0.0026590694999999998,0.0032976049999999986,0.0051017372,0.0094491602
2025,10,whyando,input-lanjian,rust,0.011687591975000005,0.00045967083973377315,0.011611296200000001,0.007751406,0.003893554999999999,0.010745940200000002,0.0145646742
2025,10,lanjian,input-mattcl,rust,0.006333693575000001,0.0005675324474857628,0.006253724200000001,0.005791834999999996,0.0005878999999999999,0.0054739132000000005,0.009948045200000002
2025,10,mattcl,input-mattcl,rust,0.009056810814999998,0.0005504052652580057,0.0090180837,0.0045218075000000016,0.004460544999999998,0.0081582622,0.012328444200000002
2025,10,whyando,input-mattcl,rust,0.015066351142708339,0.0006122098200542529,0.0149658097,0.009636889062500003,0.0053452916666666675,0.013994625200000001,0.0183015932
2025,10,lanjian,input-whyando,rust,0.005474471125000002,0.00034046802698728173,0.0054143222,0.0049199,0.00060913,0.0047738522,0.007748033200000001
2025,10,mattcl,input-whyando,rust,0.005923851840000002,0.0004033421617403235,0.005922053200000001,0.002985565999999999,0.002953710000000001,0.005062843200000001,0.009672829200000002
2025,10,whyando,input-whyando,rust,0.011682432839999994,0.0004826705657276501,0.0116367582,0.0076402649999999985,0.004045940000000001,0.010724620200000002,0.014429189200000001
