year,day,participant,input,language,mean,stddev,median,user,system,min,max
2025,10,lanjian,input-lanjian,rust,0.005460129855000003,0.0005150493187638477,0.00532575056,0.004904315,0.0005963658000000002,0.00467771556,0.00858271556
2025,10,mattcl,input-lanjian,rust,0.005970489095,0.0005584339939044624,0.00593427606,0.0031024187999999986,0.0028806241999999992,0.00498880956,0.00881171456
2025,10,whyando,input-lanjian,rust,0.011742404685000003,0.0006863705371673059,0.01163027806,0.0076103763999999996,0.0040800878,0.01069813056,0.015323700560000002
2025,10,lanjian,input-mattcl,rust,0.006276630329999998,0.00039438547100734535,0.0062130740600000005,0.0055858850000000005,0.0006964504000000003,0.00558531756,0.00899973756
2025,10,mattcl,input-mattcl,rust,0.009076630504999999,0.00045588260082724935,0.00900628956,0.004522061799999999,0.004522867199999999,0.00829878256,0.012186730560000001
2025,10,whyando,input-mattcl,rust,0.01505096603916667,0.0004364143015523841,0.014974134560000001,0.009161304374999998,0.0058482343750000014,0.014386293560000001,0.018205902560000004
2025,10,lanjian,input-whyando,rust,0.0054847097799999986,0.00036556367704160996,0.0054243005599999995,0.005022099999999999,0.0005012555999999999,0.00470381456,0.007274292559999999
2025,10,mattcl,input-whyando,rust,0.0057830345900000005,0.00042992297601264213,0.00586412956,0.003159400200000001,0.0027052332000000005,0.00469585956,0.00772279356
2025,10,whyando,input-whyando,rust,0.011648423249999994,0.0004636989807031383,0.01162066456,0.007609180600000003,0.004009114999999999,0.01073245456,0.01459615656
