year,day,participant,input,language,mean,stddev,median,user,system,min,max
2025,10,lanjian,input-lanjian,rust,0.0054379451,0.0003954280368842613,0.005353537699999999,0.004846060000000001,0.0005994560000000001,0.004656587199999999,0.0083492822
2025,10,mattcl,input-lanjian,rust,0.005895647614999999,0.0004893723747795537,0.0058893452,0.0030001649999999986,0.0029270399999999984,0.0050290452,0.0089308912
2025,10,whyando,input-lanjian,rust,0.011898887969999999,0.0004902360202368707,0.0119094747,0.007564245000000004,0.004293944500000001,0.010930927200000001,0.014290699200000001
2025,10,lanjian,input-mattcl,rust,0.006277230195000003,0.00033149251806790446,0.0062197442,0.005719664999999998,0.0005835205000000002,0.0055700172,0.008872072200000001
2025,10,mattcl,input-mattcl,rust,0.008957930915,0.0005365440895776387,0.008866691700000002,0.00412011,0.004828031499999999,0.008088865200000002,0.012139610200000001
2025,10,whyando,input-mattcl,rust,0.015365604859459467,0.0006453314937004386,0.0152427722,0.00947224324324324,0.005825736756756762,0.0141545442,0.0183623132
2025,10,lanjian,input-whyando,rust,0.0054881621800000014,0.00040028908575148335,0.0054347547,0.00495633,0.0005380619999999997,0.0047114002,0.0086040092
2025,10,mattcl,input-whyando,rust,0.0059171765450000005,0.00047157763289811026,0.005900502199999999,0.0026526900000000005,0.0032689415000000006,0.0051084132,0.009676959200000002
2025,10,whyando,input-whyando,rust,0.011930195769999995,0.0005129405487980955,0.011882007700000002,0.007605829999999995,0.004266420499999999,0.010836600200000001,0.014777039200000001
