year,day,participant,input,language,mean,stddev,median,user,system,min,max
2025,10,lanjian,input-mattcl,rust,0.006253017805000002,0.0002896153542773237,0.0062379403399999995,0.005672735000000003,0.0005744764000000001,0.00562557784,0.00800030684
2025,10,mattcl,input-mattcl,rust,0.009154792790000001,0.0006185530516356835,0.009056680340000001,0.004796403000000001,0.004278132999999998,0.00831174984,0.012255687840000001
2025,10,whyando,input-mattcl,rust,0.01507039751914439,0.0006742153207171698,0.014928243840000003,0.009566009625668446,0.005423301604278075,0.013928401840000002,0.01764274884
2025,10,lanjian,input-whyando,rust,0.005546962174999996,0.0004462630946984098,0.005461481339999999,0.00499645,0.0005471364,0.00474404684,0.00891689384
2025,10,mattcl,input-whyando,rust,0.006063532054999995,0.0005142286668266077,0.00602156034,0.0030829807999999998,0.0029735148,0.00512496084,0.008974721840000002
2025,10,whyando,input-whyando,rust,0.011754926850000003,0.00042797149299357036,0.01175392234,0.007514517199999994,0.0041813416,0.010909546840000001,0.013477405840000001
