year,day,participant,input,language,mean,stddev,median,user,system,min,max
2025,10,lanjian,input-lanjian,rust,0.005400827655000001,0.00033285689830711427,0.0053387024800000005,0.0048109604,0.00064093,0.004624368980000001,0.007104042980000001
2025,10,mattcl,input-lanjian,rust,0.005814370129999999,0.00035445710175064174,0.005856832480000001,0.0029974882000000013,0.0028804144999999997,0.00501186598,0.007086710980000001
2025,10,whyando,input-lanjian,rust,0.01167184138,0.0005647761257394354,0.01158443348,0.008000489400000003,0.003669594,0.010684898980000001,0.015340175980000002
2025,10,lanjian,input-mattcl,rust,0.006160617969999999,0.0003301676650552566,0.00616081148,0.005723835000000003,0.0005079335,0.005458090980000001,0.008751086980000001
2025,10,mattcl,input-mattcl,rust,0.008973072594999994,0.0005750245826007989,0.00885697098,0.004631584000000002,0.0043186254999999975,0.00804035598,0.012066445980000002
2025,10,whyando,input-mattcl,rust,0.015104742183125004,0.0006821562256922813,0.014926365480000002,0.009405288125,0.005672815625000001,0.01396540098,0.01853872598
2025,10,lanjian,input-whyando,rust,0.005502557270000002,0.00043772906254796657,0.0054354434800000006,0.004982411800000001,0.0005662374999999999,0.004697966980000001,0.007999829980000001
2025,10,mattcl,input-whyando,rust,0.0059220796449999955,0.00043256728033982836,0.00590702148,0.002750265799999998,0.0032223984999999993,0.0051186949800000004,0.008846955980000001
2025,10,whyando,input-whyando,rust,0.011718583295000005,0.0005932453024393007,0.01162836498,0.007515420400000001,0.004185789999999998,0.01081180598,0.015208459980000002
