year,day,participant,input,language,mean,stddev,median,user,system,min,max
2025,10,lanjian,input-lanjian,rust,0.005392059130000001,0.00040329146550270036,0.00529309466,0.004849070000000002,0.0005489410000000001,0.00462910616,0.00820587316
2025,10,mattcl,input-lanjian,rust,0.005922895699999998,0.0004760036391920642,0.00591982316,0.0026549989000000003,0.0033064079999999994,0.00504193916,0.00901779316
2025,10,whyando,input-lanjian,rust,0.011599517540000001,0.00042808724291351185,0.011597253660000001,0.007271882199999999,0.004314977000000001,0.01067725016,0.014781664160000001
2025,10,lanjian,input-mattcl,rust,0.006208522194999998,0.0003102171251005528,0.0061947426600000004,0.00553921,0.0006931850000000004,0.00537736716,0.00879637916
2025,10,mattcl,input-mattcl,rust,0.008979257835000002,0.0004666219787026983,0.00889785366,0.004779280399999999,0.004145942999999998,0.00815747216,0.01210306016
2025,10,whyando,input-mattcl,rust,0.01498967225793815,0.0006933264180739398,0.01485168116,0.008919558041237109,0.005954516494845359,0.01395888516,0.018849511160000002
2025,10,lanjian,input-whyando,rust,0.005429197159999999,0.0004674728090299282,0.005351859160000001,0.004853809999999999,0.000594983,0.00464066816,0.00895882316
2025,10,mattcl,input-whyando,rust,0.005885185420000001,0.00041055938960182537,0.00590008166,0.0029763389000000006,0.0029347539999999995,0.005076624159999999,0.00842169716
2025,10,whyando,input-whyando,rust,0.01163932280000001,0.0005162419753648413,0.011546077160000001,0.007241354499999996,0.004357432999999997,0.01057653116,0.01426608016
