year,day,participant,input,language,mean,stddev,median,user,system,min,max
2025,10,mattcl,input-mattcl,rust,0.009072684239999998,0.0004653017544976297,0.008977257720000001,0.004314944200000001,0.004727940399999999,0.00849581022,0.011615055220000002
2025,10,mattcl,input-whyando,rust,0.005948517529999998,0.0005182303065853168,0.00593155572,0.0029988327999999997,0.003001659000000001,0.005090690220000001,0.00970329322
