year,day,participant,input,language,mean,stddev,median,user,system,min,max
2025,10,mattcl,input-mattcl,rust,0.009049924069999998,0.0005327970119223066,0.00895311348,0.0046108002,0.004409665,0.008262639980000002,0.012640129980000001
2025,10,mattcl,input-whyando,rust,0.005926951344999997,0.0003790174399402965,0.00594602048,0.003034024799999997,0.0029115199999999995,0.00505220598,0.00801243098
