year,day,participant,input,language,mean,stddev,median,user,system,min,max
2025,10,mattcl,input-mattcl,rust,0.009034137004999996,0.0005805944686495833,0.008944782880000002,0.004836018199999999,0.004152132999999999,0.00818893688,0.012336614880000001
2025,10,mattcl,input-whyando,rust,0.00596964309,0.000452099144582888,0.00592373438,0.003194499400000001,0.0027818366000000017,0.00500231988,0.008913604880000002
