year,day,participant,input,language,mean,stddev,median,user,system,min,max
2025,10,lanjian,input-lanjian,rust,0.005709930194999999,0.0003972524927281308,0.0057271092,0.005137634999999999,0.0006195695999999999,0.0049182927,0.0080404227
2025,10,mattcl,input-lanjian,rust,0.006793508424999996,0.0013270511082103663,0.0062285927000000005,0.0035386953,0.0032055634000000004,0.0052671567,0.0176009527
2025,10,whyando,input-lanjian,rust,0.012134981294999998,0.0004135549957220981,0.012149500200000002,0.007896800600000002,0.004197167199999999,0.011117226700000002,0.014290050700000001
2025,10,lanjian,input-mattcl,rust,0.006389557160000003,0.00029610937505145844,0.0062964502,0.0057414750000000046,0.0006646276,0.0057344637,0.0076737147
2025,10,mattcl,input-mattcl,rust,0.00930947708,0.0004779998589205712,0.009299776200000002,0.005011327299999999,0.004256326400000002,0.0084301227,0.012161923700000002
2025,10,whyando,input-mattcl,rust,0.016647375954054064,0.0031034855459217583,0.0155847667,0.010236120324324324,0.006120846918918923,0.014637701700000002,0.029988219700000002
2025,10,lanjian,input-whyando,rust,0.005678430735000005,0.00036171523341558095,0.0057301592,0.00527476,0.0004604532,0.0049034047,0.008089604700000001
2025,10,mattcl,input-whyando,rust,0.006183271810000002,0.00032709324251660736,0.006183243200000001,0.0031195184999999992,0.0030829349999999993,0.0052532507,0.0084577837
2025,10,whyando,input-whyando,rust,0.012142754040000004,0.0003977994646146257,0.012139702700000001,0.007697378399999999,0.004424424799999998,0.011336907700000001,0.014853746700000002
