year,day,participant,input,language,mean,stddev,median,user,system,min,max
2025,10,mattcl,input-mattcl,rust,0.00903965269,0.0004722454664624717,0.00899744648,0.0044001867,0.0045895522,0.00817731948,0.013030610480000001
2025,10,whyando,input-mattcl,rust,0.01504663783789475,0.0005733091955252116,0.01490914448,0.009063717789473682,0.0059349808421052625,0.01422182248,0.018013074480000002
2025,10,mattcl,input-whyando,rust,0.00597590203,0.00042796908331465183,0.00595461698,0.0031670747000000004,0.002828884000000001,0.00503587548,0.00853555148
2025,10,whyando,input-whyando,rust,0.011685051859999995,0.0006520072884225191,0.011555988980000001,0.007686814099999998,0.003974620000000002,0.01057799748,0.014734402480000002
