year,day,participant,input,language,mean,stddev,median,user,system,min,max
2025,10,lanjian,input-lanjian,rust,0.00563640322,0.00040301004025794697,0.005655459680000001,0.0049461650000000015,0.0007012306,0.00483416618,0.00800825218
2025,10,mattcl,input-lanjian,rust,0.006147524629999999,0.00030910885439450447,0.0061594681800000006,0.003143211400000001,0.0030303515000000016,0.00516807218,0.00838559818
2025,10,whyando,input-lanjian,rust,0.011855862665,0.0003868461341012797,0.011926360680000001,0.0078691234,0.0039524685,0.01076104818,0.013629551180000001
2025,10,lanjian,input-mattcl,rust,0.006264115775000003,0.00047394155670879806,0.00622298718,0.0056815099999999955,0.0006019387999999999,0.00540370318,0.009458447180000001
2025,10,mattcl,input-mattcl,rust,0.009004395490000004,0.0004523789583082797,0.00894528718,0.004626629599999997,0.004298894500000001,0.00811790718,0.01151678318
2025,10,whyando,input-mattcl,rust,0.015036094803036653,0.0005709750163004685,0.01495162718,0.009689003350785336,0.005294523769633507,0.01407348318,0.01784769218
2025,10,lanjian,input-whyando,rust,0.005492001690000003,0.00047028847276499135,0.00542814918,0.004963994999999999,0.0005682702999999999,0.00445383418,0.00849363118
2025,10,mattcl,input-whyando,rust,0.005807212785000001,0.0005560719605256983,0.00592393718,0.002894420199999999,0.002941992000000001,0.00460566718,0.00890754618
2025,10,whyando,input-whyando,rust,0.011646618100000004,0.00043245531972279684,0.01159914268,0.007578198599999999,0.0040198442999999995,0.01051823218,0.015099304180000002
