year,day,participant,input,language,mean,stddev,median,user,system,min,max
2025,10,lanjian,input-lanjian,rust,0.005445132459999997,0.00035335825007019113,0.0053850218,0.004783776000000001,0.0006608670000000003,0.0047090603,0.008031385299999999
2025,10,mattcl,input-lanjian,rust,0.005932374990000004,0.00046455362946821804,0.005929902799999999,0.0030180059999999993,0.0029260158999999996,0.0050454702999999995,0.0086957513
2025,10,whyando,input-lanjian,rust,0.01180375985,0.0006304697066805966,0.0117034523,0.007350509000000004,0.0044207193999999984,0.0105871353,0.0146175783
2025,10,lanjian,input-mattcl,rust,0.0062318390250000015,0.0003379678393666775,0.0062506188,0.005663855,0.0005702682,0.005145268299999999,0.0087292733
2025,10,mattcl,input-mattcl,rust,0.009018926535000006,0.0004881577820753074,0.0089114348,0.004344520000000004,0.0046117829000000025,0.0083579183,0.0117035773
2025,10,whyando,input-mattcl,rust,0.015186546097687855,0.0005738063312618925,0.0150669203,0.009819124855491329,0.005304434335260117,0.014419387300000001,0.018285751300000003
2025,10,lanjian,input-whyando,rust,0.005484505304999997,0.0003452376823652068,0.0054362778,0.004902830999999999,0.0005868233000000002,0.0047160023,0.0073472743
2025,10,mattcl,input-whyando,rust,0.0057717271450000015,0.0004822100653141142,0.0058534888,0.002711969,0.0031327250000000003,0.0047141603,0.0086811933
2025,10,whyando,input-whyando,rust,0.01173736063,0.0004802801452734964,0.0117475443,0.008130880000000002,0.003611415699999998,0.0108047933,0.0145855683
