year,day,participant,input,language,mean,stddev,median,user,system,min,max
2025,10,lanjian,input-lanjian,rust,0.0053647185149999985,0.0004385966887893887,0.00529223058,0.004845345,0.0005903949999999996,0.0043639255800000006,0.00859546458
2025,10,mattcl,input-lanjian,rust,0.005852477770000003,0.0004947185136468705,0.00585618258,0.002917149,0.0029836549999999996,0.00467428858,0.00898142658
2025,10,whyando,input-lanjian,rust,0.011721188284999993,0.0004934368902613505,0.011659108080000001,0.007706250999999997,0.0039830299999999985,0.01089219658,0.014584734580000001
2025,10,lanjian,input-mattcl,rust,0.006286978485,0.0005257988447441067,0.006199791080000001,0.005799855,0.0005409475,0.00550364158,0.009367149580000001
2025,10,mattcl,input-mattcl,rust,0.009002840595000004,0.00047336472505331317,0.008948575580000001,0.004520769000000002,0.004436084999999999,0.00828865858,0.012109176580000002
2025,10,whyando,input-mattcl,rust,0.015077326916898398,0.0006090726400158526,0.014957452579999999,0.008946188235294123,0.006023173796791443,0.014165789580000001,0.01878520458
2025,10,lanjian,input-whyando,rust,0.005475218765000001,0.0004242770612996254,0.00540249208,0.0050077899999999955,0.0005230199999999999,0.00468422758,0.008104904579999999
2025,10,mattcl,input-whyando,rust,0.005920732410000003,0.00047014156368824407,0.00591729158,0.0030133580000000003,0.0029321250000000003,0.00499318558,0.00970968158
2025,10,whyando,input-whyando,rust,0.011761254045000004,0.0005684554622137004,0.01166588608,0.007385801000000006,0.00433855,0.010735883580000001,0.014494945580000002
