year,day,participant,input,language,mean,stddev,median,user,system,min,max
2024,3,kcen,input-kcen,nim,0.001343955520000001,0.00019101248840430206,0.0013659907400000004,0.0010042549999999997,0.0003886021000000001,0.0006019427400000001,0.0020832517400000005
2024,3,lanjian,input-kcen,rust,0.0018277329650000001,0.00035115252092734935,0.0016863422400000003,0.0012693749999999995,0.0005964256,0.0010124027400000004,0.00288550474
2024,3,mattcl,input-kcen,rust,0.0012577400449999999,0.00020453615972769397,0.0012624067400000003,0.0009233348999999998,0.0003698516999999999,0.0007822207400000002,0.0020594557400000005
2024,3,mattcl-py,input-kcen,python,0.01690671390763006,0.000488715495880154,0.01685542474,0.011985465086705203,0.00484748774566474,0.01598277874,0.01990979374
2024,3,kcen,input-lanjian,nim,0.0013412234000000002,0.00018999201296606889,0.0013699127400000003,0.0009563395000000001,0.00043300089999999966,0.0006466967400000003,0.0019958067400000002
2024,3,lanjian,input-lanjian,rust,0.0018970492450000006,0.0003479648737173851,0.0018131542400000003,0.00138985,0.0005438613999999999,0.0007602097400000003,0.0027113387400000003
2024,3,mattcl,input-lanjian,rust,0.0011476361950000004,0.00017857225698439405,0.0012042122400000002,0.0009462249,0.0003253577,0.0003391597400000002,0.0019031027400000003
2024,3,mattcl-py,input-lanjian,python,0.016963607926046512,0.0007462487805857269,0.01681817024,0.012470025813953485,0.004424181860465113,0.01576626274,0.01998402174
2024,3,kcen,input-mattcl,nim,0.0012530114650000004,0.00027113429469811945,0.0013406182400000004,0.0009170743,0.00039972169999999993,0.00035359674000000015,0.0019710307400000004
2024,3,lanjian,input-mattcl,rust,0.0016907118749999986,0.00041078682780012213,0.0016235937400000003,0.0012299241000000003,0.0005397708999999999,0.0005543137400000002,0.0024735527400000005
2024,3,mattcl,input-mattcl,rust,0.001209431625000001,0.0002605479117547299,0.0012550172400000003,0.000978869699999999,0.00030676319999999995,0.000057601740000000085,0.00200584574
2024,3,mattcl-py,input-mattcl,python,0.016958860932982454,0.0005817920070496017,0.01687445074,0.012264733450292392,0.0046166568421052625,0.01586930574,0.01924559674
