year,day,participant,input,language,mean,stddev,median,user,system,min,max
2024,3,kcen,input-kcen,nim,0.001364312865000001,0.00017996617678572922,0.0013957541600000006,0.0010746954000000006,0.0003571788000000001,0.0004946321600000005,0.0021097651600000007
2024,3,lanjian,input-kcen,rust,0.0017985247650000005,0.00036548440022263543,0.0016579451600000005,0.0012247076999999992,0.0006257171999999997,0.0008329751600000006,0.0028143351600000005
2024,3,mattcl,input-kcen,rust,0.001269182425,0.00022125918404363023,0.0012815501600000007,0.0009712980999999998,0.0003631176,0.0006325501600000006,0.0024276511600000005
2024,3,mattcl-py,input-kcen,python,0.017044743261796415,0.0007504936844124241,0.016887012160000003,0.012435489940119756,0.0045045494610778435,0.015913509160000002,0.02053555316
2024,3,kcen,input-lanjian,nim,0.00137322796,0.00017909819822010622,0.0014013691600000004,0.0010444804,0.0003904977999999999,0.0005494851600000006,0.0020038281600000007
2024,3,lanjian,input-lanjian,rust,0.0019259776100000012,0.00034890479610278377,0.0018361036600000006,0.0013997226999999998,0.0005646593999999998,0.0010831441600000005,0.002696494160000001
2024,3,mattcl,input-lanjian,rust,0.0012184677850000003,0.0002003187392108123,0.0012544546600000005,0.0009556253999999996,0.00036012159999999996,0.0006020931600000006,0.0020400951600000007
2024,3,mattcl-py,input-lanjian,python,0.017090571852307706,0.0007494373591772904,0.016923560160000004,0.012057140473372781,0.0049121689940828375,0.015979593160000003,0.02030885916
2024,3,kcen,input-mattcl,nim,0.0013747095900000011,0.00022324241672349785,0.0013966456600000006,0.0010033976999999999,0.00041680300000000004,0.0006236741600000005,0.0025941131600000005
2024,3,lanjian,input-mattcl,rust,0.0018682423300000017,0.0003656884476563866,0.0017382801600000007,0.0012589299999999997,0.0006331225999999998,0.0010803291600000008,0.0029344201600000007
2024,3,mattcl,input-mattcl,rust,0.0012528285350000008,0.00025752801835894254,0.0012700236600000007,0.0009748157999999994,0.00034928520000000014,0.0005483031600000006,0.0025001571600000005
2024,3,mattcl-py,input-mattcl,python,0.016992477946127175,0.0006642255584027963,0.016893925160000003,0.01180773167630058,0.005079269364161851,0.015766314160000003,0.020252804160000002
