year,day,participant,input,language,mean,stddev,median,user,system,min,max
2024,3,kcen,input-kcen,nim,0.001407412224999999,0.00012364530275216755,0.0014226553399999998,0.0011070186999999996,0.00034202260000000003,0.0006242103399999998,0.0016492993399999998
2024,3,lanjian,input-kcen,rust,0.001850346055,0.0003570097803847897,0.0017146818399999997,0.0013245258,0.0005302948,0.0010026093399999997,0.0027184003399999997
2024,3,mattcl,input-kcen,rust,0.0012881817749999993,0.0002285334162095949,0.00129551234,0.0008990108000000006,0.00039898779999999995,0.0004707933399999997,0.0025912733399999998
2024,3,mattcl-py,input-kcen,python,0.016935395911428577,0.0005588945498423044,0.01686630284,0.01250680095238095,0.0043059959523809544,0.01578424834,0.019918175340000004
2024,3,kcen,input-lanjian,nim,0.0013973346999999994,0.00017616006472247209,0.0014079878399999998,0.0010795074,0.00034177759999999986,0.0006891933399999998,0.00180970034
2024,3,lanjian,input-lanjian,rust,0.0019302996700000016,0.00034864197389852596,0.0018326628399999998,0.001307415,0.0006188922000000001,0.00120652034,0.00274989934
2024,3,mattcl,input-lanjian,rust,0.0011650652749999992,0.00020523653384520697,0.0012364118399999999,0.0008673708000000004,0.00038083699999999997,0.0005387803399999997,0.0019713323399999996
2024,3,mattcl-py,input-lanjian,python,0.016920863179080457,0.0005078821433038478,0.016854390340000004,0.0122739832183908,0.004512113333333333,0.016037152340000003,0.01975479034
2024,3,kcen,input-mattcl,nim,0.001397011759999999,0.00019155725649820527,0.00142484934,0.0011464166000000001,0.0003005302,0.00029752933999999966,0.00215742134
2024,3,lanjian,input-mattcl,rust,0.001909246344999999,0.00035391646712270696,0.0017913608399999998,0.0011145179,0.0007708927999999995,0.0010554873399999999,0.00297131434
2024,3,mattcl,input-mattcl,rust,0.0012426454349999997,0.00023513529216883327,0.0012829938399999997,0.0008978245000000001,0.0003859828000000001,0.0005220403399999998,0.00201712834
2024,3,mattcl-py,input-mattcl,python,0.017077963045882355,0.000651012971095825,0.01695113334,0.011722423411764705,0.005275604235294116,0.016095580340000002,0.020204702340000002
