year,day,participant,input,language,mean,stddev,median,user,system,min,max
2024,3,kcen,input-kcen,nim,0.001422460370000001,0.00016990903795988067,0.0014487818799999999,0.0010098950000000002,0.0004419312000000001,0.0005404818799999999,0.00216203788
2024,3,lanjian,input-kcen,rust,0.001900139265000001,0.00034047840514254187,0.00178791738,0.0014321707000000002,0.0004944618000000003,0.00096515688,0.00285609788
2024,3,mattcl,input-kcen,rust,0.001289782225,0.00021865927129433791,0.00131392488,0.0009748627999999999,0.00035493960000000007,0.0004952258799999999,0.00216058488
2024,3,mattcl-py,input-kcen,python,0.017059494984046242,0.0007321016941626049,0.01690103888,0.01211702184971098,0.0048146464739884385,0.015585956880000001,0.020671109880000003
2024,3,kcen,input-lanjian,nim,0.0012408221,0.0003333551795672496,0.00136970438,0.0009514534000000001,0.0003844018000000001,0.0002371828799999998,0.00215916188
2024,3,lanjian,input-lanjian,rust,0.001968839139999999,0.00033344857628741343,0.00191555638,0.001286555,0.0006727271999999996,0.0012903158799999997,0.00298670188
2024,3,mattcl,input-lanjian,rust,0.0012150980000000002,0.0002075660476719068,0.00127167038,0.0008883278,0.0004178981999999999,0.00042978387999999994,0.00200696788
2024,3,mattcl-py,input-lanjian,python,0.016996074400000005,0.0006194081332764448,0.01688186388,0.012024185714285715,0.004880984685714283,0.01591043488,0.019850963880000003
2024,3,kcen,input-mattcl,nim,0.0013875053399999993,0.00018028663446744016,0.00144257588,0.0010476664000000008,0.0003978165999999998,0.0005643858799999999,0.0017618588799999998
2024,3,lanjian,input-mattcl,rust,0.0019313624399999985,0.00037629021772371286,0.0018669753799999999,0.0014103899999999994,0.0005405643999999999,0.00103472688,0.0027877698800000002
2024,3,mattcl,input-mattcl,rust,0.0013189222050000004,0.00023266182890114892,0.0013271943799999999,0.0009895071000000002,0.00038075959999999976,0.00059926188,0.00225363988
2024,3,mattcl-py,input-mattcl,python,0.01708146557822485,0.0005545367113088725,0.017017156880000002,0.012198291952662721,0.004764090414201184,0.01612099788,0.019845762880000003
