year,day,participant,input,language,mean,stddev,median,user,system,min,max
2023,18,mattcl,input-mattcl,rust,0.0008448232449999999,0.00013533857180335484,0.0008951275399999998,0.0007746235999999996,0.0001468085,0.00037920803999999975,0.0010209380399999997
2023,18,mattcl-py,input-mattcl,python,0.014767861895000001,0.0006003100004429987,0.014699607540000001,0.011833825000000003,0.0028567258999999978,0.013762290040000002,0.017495061040000003
2023,18,pting,input-mattcl,python,0.014931821560202032,0.0004929143304744272,0.014884613540000001,0.012106572525252518,0.002756996666666667,0.01370829804,0.017362883040000002
2023,18,mattcl,input-pting,rust,0.0008223106649999998,0.00017632058611157124,0.0008861710399999999,0.0007583535999999995,0.00013927080000000002,0.00012905003999999986,0.0010871620399999999
2023,18,mattcl-py,input-pting,python,0.014420517050000003,0.0005408926582047114,0.01435494704,0.011579275000000002,0.0027498787,0.01336017704,0.01760781204
2023,18,pting,input-pting,python,0.014643650773333334,0.00058898079945745,0.01454752804,0.01172333025641025,0.002830847589743589,0.013577113040000002,0.01784556704
