year,day,participant,input,language,mean,stddev,median,user,system,min,max
2023,18,mattcl,input-mattcl,rust,0.0009219739849999999,0.00015371337357153767,0.0009574566600000003,0.0008159533999999997,0.0001347849,0.0001440696600000001,0.0012953846600000003
2023,18,mattcl-py,input-mattcl,python,0.014708229825829144,0.000625492055147557,0.014576808660000003,0.011689494170854265,0.0029144287437185934,0.01367745566,0.01755329166
2023,18,pting,input-mattcl,python,0.014997756625000002,0.0006782107719103548,0.014817099160000001,0.01252715500000001,0.002368471,0.013831613660000002,0.01785341266
2023,18,mattcl,input-pting,rust,0.0008933840200000006,0.0001653302426956709,0.0009533946600000002,0.0007555218000000003,0.00016579909999999996,0.00037519066000000015,0.0012086626600000003
2023,18,mattcl-py,input-pting,python,0.014302568395,0.0006599989751195368,0.014148922660000002,0.011403925000000007,0.0027942902,0.013196915660000003,0.01738209166
2023,18,pting,input-pting,python,0.014508018167537697,0.0005957083694253698,0.01440464566,0.011523303216080397,0.002892821105527639,0.013371162660000002,0.01741596366
