year,day,participant,input,language,mean,stddev,median,user,system,min,max
2023,18,mattcl,input-mattcl,rust,0.0010623487050000007,0.0001245607098393203,0.0010974784,0.0008958174,0.00016730000000000003,0.0005453408999999999,0.0015076109
2023,18,mattcl-py,input-mattcl,python,0.014934843420408175,0.000542658446534357,0.014855162400000002,0.011709964081632659,0.0030829404081632638,0.0138567839,0.0175217909
2023,18,pting,input-mattcl,python,0.015301228588775516,0.0006584456790175888,0.015128753900000002,0.012326745918367346,0.002838473469387755,0.014171833900000002,0.018213494900000002
2023,18,mattcl,input-pting,rust,0.0010475450699999997,0.00014557343838426088,0.0010991519,0.0008895849999999998,0.000161015,0.00033518689999999994,0.0012321759
2023,18,mattcl-py,input-pting,python,0.014548481809999996,0.0005460153884014608,0.014478462400000001,0.011448270000000005,0.00297978,0.0136540349,0.0181356389
2023,18,pting,input-pting,python,0.014835952405000005,0.000590466386057325,0.0147366104,0.011979174999999995,0.002719123999999998,0.0135521639,0.0180458719
