year,day,participant,input,language,mean,stddev,median,user,system,min,max
2023,18,mattcl,input-mattcl,rust,0.0008537478250000005,0.0001822009323247497,0.0009199087800000002,0.0007355102000000006,0.00015350529999999995,0.00013721528000000018,0.0010611432800000003
2023,18,mattcl-py,input-mattcl,python,0.014920334659487182,0.0007099877516253284,0.01479995428,0.011844429743589738,0.0029627923076923084,0.014036705280000002,0.01924787428
2023,18,pting,input-mattcl,python,0.015301742182564103,0.0019951260100002275,0.015008564280000001,0.01234978235897435,0.0027064031794871795,0.014183280280000002,0.041737396280000005
2023,18,mattcl,input-pting,rust,0.0009005829050000005,0.0001337701919652374,0.0009371712800000003,0.0007983125999999999,0.0001394759,0.00029338728000000017,0.0016616472800000002
2023,18,mattcl-py,input-pting,python,0.014336958160000003,0.0004369005767228964,0.014255454780000001,0.011571569999999996,0.002659183200000002,0.01357250728,0.01727018628
2023,18,pting,input-pting,python,0.014678050759999998,0.0006589570763087274,0.014544341780000001,0.011166993799999995,0.0034056460000000018,0.01332080728,0.01785857528
