year,day,participant,input,language,mean,stddev,median,user,system,min,max
2023,18,mattcl,input-mattcl,rust,0.0008850742649999998,0.0001259105320460979,0.00092940258,0.0007673533000000002,0.00017789219999999998,0.00035635508000000005,0.00103081808
2023,18,mattcl-py,input-mattcl,python,0.01462827621775511,0.0005166486743333689,0.014556394580000001,0.011556620000000002,0.002988920714285713,0.01369278408,0.017521306080000004
2023,18,pting,input-mattcl,python,0.014999572296080408,0.0006431820491271289,0.014865187080000002,0.012093449145728637,0.002810207236180904,0.014039021080000002,0.018400942080000003
2023,18,mattcl,input-pting,rust,0.0008606035550000004,0.00014330521576715112,0.0009132675800000001,0.0007935113999999996,0.00012760909999999994,0.0001694260800000001,0.0010556640800000001
2023,18,mattcl-py,input-pting,python,0.014195049420000003,0.0005946652969502839,0.01402378908,0.011301869999999997,0.002796996199999999,0.013401781080000001,0.01765592808
2023,18,pting,input-pting,python,0.014399691297171712,0.0005966264389790659,0.01428118058,0.011370705858585857,0.002941016565656567,0.013513880080000002,0.01744037508
