year,day,participant,input,language,mean,stddev,median,user,system,min,max
2023,18,mattcl,input-mattcl,rust,0.0008789747650000001,0.00016481200769986418,0.0009417835,0.0007615185999999999,0.00018343439999999993,0.000152998,0.001076556
2023,18,mattcl-py,input-mattcl,python,0.01493820096791445,0.0005711174007055704,0.014875398,0.011870815401069525,0.00294825668449198,0.013965406,0.018060917
2023,18,pting,input-mattcl,python,0.015140812717277493,0.0007671684239612123,0.014995323,0.012449861989528804,0.002614999581151833,0.013920282,0.020737816
2023,18,mattcl,input-pting,rust,0.0008558909849999997,0.00019582626003786325,0.000916622,0.0007558736000000002,0.00016287,0.00015163599999999991,0.001434967
2023,18,mattcl-py,input-pting,python,0.01461077553030303,0.0006560278256168946,0.014485915000000002,0.0118835298989899,0.002638157171717172,0.013335087,0.017852829
2023,18,pting,input-pting,python,0.014754631041025645,0.0005800134144246713,0.014664785,0.011807029743589749,0.0028646467692307674,0.013629117,0.017478939
