year,day,participant,input,language,mean,stddev,median,user,system,min,max
2023,18,lanjian,input-lanjian,rust,0.0009880082699999999,0.00014920184575265512,0.0010472353000000002,0.0008269334000000004,0.00018557910000000004,0.00024227530000000007,0.0011814813
2023,18,mattcl,input-lanjian,rust,0.0010317548750000002,0.000166673092891578,0.0010875158000000001,0.0008717884000000001,0.0001801128,0.0002963453,0.0015131413
2023,18,mattcl-py,input-lanjian,python,0.014581933978756479,0.0005918223166953987,0.014506249300000001,0.011333394093264247,0.0031239400000000013,0.0135219373,0.0178590283
2023,18,pting,input-lanjian,python,0.014809826227461138,0.0006683088377728106,0.0146757663,0.012239209222797934,0.002459373471502591,0.013716551300000001,0.0181746593
2023,18,lanjian,input-mattcl,rust,0.0009601032800000001,0.00018291854116969072,0.0010054423,0.0008063534000000007,0.00017818779999999998,0.0003046213000000001,0.0012905353
2023,18,mattcl,input-mattcl,rust,0.00103639123,0.00015805253987048943,0.0010973593000000001,0.0009038650000000002,0.00015964609999999998,0.00034903430000000007,0.0017561163
2023,18,mattcl-py,input-mattcl,python,0.015553993619796955,0.0036349977563542215,0.015026041300000001,0.01256525898477157,0.00247832923857868,0.0140778373,0.05254453130000001
2023,18,pting,input-mattcl,python,0.015352166683419691,0.001760634734164034,0.0151682763,0.011900836165803105,0.003217745284974092,0.0141575463,0.0386675303
2023,18,lanjian,input-pting,rust,0.0009943376200000004,0.0001364721508302657,0.0010459778,0.0008728616999999996,0.00014672979999999999,0.0005681143000000001,0.0011839253
2023,18,mattcl,input-pting,rust,0.00102450012,0.00017047709698776104,0.0010828468,0.0008561316999999995,0.00018775649999999998,0.0002991213,0.0017425513000000003
2023,18,mattcl-py,input-pting,python,0.014602820548704655,0.0006549094347975006,0.014492783300000001,0.011580546010362697,0.0028962587564766848,0.0137845893,0.0186020683
2023,18,pting,input-pting,python,0.014894383340816325,0.0007012118644956204,0.0147334738,0.012017481428571427,0.0027436718367346933,0.0136935393,0.017993581300000002
