year,day,participant,input,language,mean,stddev,median,user,system,min,max
2023,18,mattcl,input-mattcl,rust,0.0009150182449999999,0.00019093863540371327,0.0009624137000000001,0.0007939714999999997,0.00015284250000000002,0.00022774420000000006,0.0011331682
2023,18,mattcl-py,input-mattcl,python,0.015000063368421048,0.0007140595560015614,0.0148793237,0.011770252631578952,0.003107205263157896,0.013667046200000001,0.018206427200000003
2023,18,pting,input-mattcl,python,0.015245746049462362,0.0007059407510410027,0.0151198437,0.012288690322580634,0.0028350833333333336,0.014131625200000001,0.018498905200000002
2023,18,mattcl,input-pting,rust,0.0009427714100000002,0.0001758803893815365,0.0010223052000000001,0.0008285919999999995,0.00015048000000000004,0.00020411920000000007,0.0011422742
2023,18,mattcl-py,input-pting,python,0.014516367988944711,0.0006268214465763653,0.0143824642,0.011319176884422116,0.0030957110552763826,0.0134347722,0.0178042862
2023,18,pting,input-pting,python,0.014951521370000007,0.0006484076918271672,0.014814087200000001,0.011820810000000006,0.0030129174999999992,0.013781500200000001,0.018697897200000004
