year,day,participant,input,language,mean,stddev,median,user,system,min,max
2023,18,mattcl,input-mattcl,rust,0.0008773478600000001,0.00021273330148088043,0.0009384515,0.0007665209999999996,0.0001328278,0.0001707815,0.0014326515000000002
2023,18,mattcl-py,input-mattcl,python,0.014617513726130646,0.0005604700911863978,0.014547341500000002,0.011795878894472362,0.0026997137688442208,0.013499410500000001,0.018291394500000002
2023,18,pting,input-mattcl,python,0.015169619897905752,0.0022669647103908137,0.014916943500000002,0.011912602617801044,0.003010369214659685,0.0138242485,0.0446372525
