year,day,participant,input,language,mean,stddev,median,user,system,min,max
2023,18,lanjian,input-lanjian,rust,0.0009423873749999993,0.00017237437199540083,0.0010079851399999997,0.0008166213999999998,0.00016607479999999997,0.00020773663999999986,0.00133045864
2023,18,mattcl,input-lanjian,rust,0.0010043430649999997,0.00013102763780584335,0.00104279964,0.0008736732,0.00017778780000000005,0.0005826586399999998,0.0016002536399999999
2023,18,mattcl-py,input-lanjian,python,0.014625372763076933,0.0005725706787142745,0.014569549640000002,0.011445868717948721,0.0030759308717948713,0.013357540640000002,0.01792157264
2023,18,pting,input-lanjian,python,0.014944901800000004,0.0007932300290626279,0.01475413914,0.011663855000000002,0.0031686121999999995,0.013636021639999999,0.01842385264
2023,18,lanjian,input-mattcl,rust,0.0009747848599999995,0.0001513847447526358,0.0010171766399999999,0.0008733844000000004,0.00014139839999999996,0.0001753066399999999,0.00116490864
2023,18,mattcl,input-mattcl,rust,0.0010000468000000002,0.00015971492457413937,0.00105884014,0.0009066793999999998,0.0001425158,0.0002567386399999999,0.0011879516399999999
2023,18,mattcl-py,input-mattcl,python,0.01509484080326531,0.0006790881237644126,0.01495185414,0.012486436326530608,0.0025126291836734694,0.01385530264,0.01842228964
2023,18,pting,input-mattcl,python,0.015239028042173917,0.0006174894023656533,0.015136159140000001,0.011963609130434785,0.0031688182608695646,0.01424100364,0.01897727864
2023,18,lanjian,input-pting,rust,0.0009133092850000003,0.00017021423239605985,0.0009657351399999999,0.0007990176000000003,0.0001616222,0.00026137663999999984,0.00126801164
2023,18,mattcl,input-pting,rust,0.0009700291499999999,0.00016413572953467295,0.00103958964,0.0008630732000000001,0.00015073559999999997,0.0002923656399999999,0.00118472564
2023,18,mattcl-py,input-pting,python,0.01467244751692308,0.0005720679566625517,0.01457002964,0.011415673230769228,0.003152536615384614,0.01361513264,0.01802226164
2023,18,pting,input-pting,python,0.014862686444020098,0.0005572253294733499,0.014779791640000001,0.012206913969849242,0.0025351597989949747,0.01359156864,0.01770272264
