year,day,participant,input,language,mean,stddev,median,user,system,min,max
2023,18,mattcl,input-mattcl,rust,0.000887951155,0.0001634778695965331,0.0009437439599999999,0.0007421240000000004,0.0001821446,0.00019505445999999985,0.0014822714599999997
2023,18,mattcl-py,input-mattcl,python,0.014803227136923077,0.00042639980689644175,0.01477542446,0.011666732307692312,0.0030307745641025645,0.01374651946,0.01741924946
2023,18,pting,input-mattcl,python,0.015126686986595738,0.0006137798711713308,0.015022155960000002,0.01227298255319149,0.002744711063829786,0.013727623460000001,0.01772785646
2023,18,mattcl,input-pting,rust,0.00088261882,0.00012692237360092536,0.0009275339599999999,0.0007655505999999999,0.0001537712,0.00041090846,0.00105451146
2023,18,mattcl-py,input-pting,python,0.014449387540000004,0.0005142636389386243,0.01434309546,0.011280107800000001,0.003076048600000002,0.01326263446,0.01682474746
2023,18,pting,input-pting,python,0.014662640380000007,0.000564671481047739,0.014612113460000001,0.011705134999999993,0.0028627636,0.013710232460000001,0.01803295646
