year,day,participant,input,language,mean,stddev,median,user,system,min,max
2023,18,mattcl,input-mattcl,rust,0.0009120884949999999,0.00014190504643451653,0.00096090982,0.0007788960999999997,0.00015645299999999995,0.00024963831999999997,0.00117186532
2023,18,mattcl-py,input-mattcl,python,0.014659298644873097,0.0004714367796894459,0.01459835032,0.011709042842639595,0.0028540121827411178,0.01403103932,0.01802645532
2023,18,pting,input-mattcl,python,0.015003855996923074,0.0006376126769846238,0.014912078320000001,0.01227351128205127,0.0026299661538461538,0.01385313632,0.01827471132
2023,18,mattcl,input-pting,rust,0.0008722248150000004,0.00016353433257282758,0.00094784532,0.0007357609000000002,0.000159803,0.00020891331999999994,0.00107152732
2023,18,mattcl-py,input-pting,python,0.014225436709999997,0.0005244144335975938,0.01408873682,0.011256880000000002,0.0028551039999999994,0.01338001032,0.01727308532
2023,18,pting,input-pting,python,0.01449551531,0.0006215358365167311,0.01439715882,0.011744295000000002,0.002624682000000001,0.01354034032,0.01759423632
