year,day,participant,input,language,mean,stddev,median,user,system,min,max
2023,18,lanjian,input-lanjian,rust,0.0009142042650000003,0.00013710777968857217,0.0009612439399999999,0.0007814762999999999,0.00014752279999999998,0.00026255043999999993,0.0011222304399999999
2023,18,mattcl,input-lanjian,rust,0.0009066962550000001,0.0001665641438985114,0.0009696449399999999,0.0007864978,0.00013573359999999998,0.0001825204399999999,0.0012348914399999999
2023,18,mattcl-py,input-lanjian,python,0.014428371795000006,0.0007505389101097237,0.014253193940000002,0.011516129999999989,0.002785052400000001,0.01334334044,0.01822503844
2023,18,pting,input-lanjian,python,0.014573244957587946,0.0005731330046146568,0.014482281440000001,0.011527393266331657,0.0029267441206030126,0.013509460440000001,0.01760701244
2023,18,lanjian,input-mattcl,rust,0.0008880152449999997,0.00020233987933803273,0.0009487199399999999,0.0007631930000000001,0.000136692,0.0001503704399999999,0.0015565734399999999
2023,18,mattcl,input-mattcl,rust,0.0008816415500000003,0.00021887321456603653,0.00094458744,0.0007394967,0.0001565896,0.00018581743999999988,0.0015371764399999999
2023,18,mattcl-py,input-mattcl,python,0.01474928352247423,0.0007376140227176072,0.014583285940000001,0.011918827628865975,0.0027333632989690717,0.013696660440000001,0.01799951644
2023,18,pting,input-mattcl,python,0.015022824726432153,0.0005673763343112112,0.014932324440000002,0.012378850552763825,0.0025476912562814075,0.013977517440000002,0.01839020844
2023,18,lanjian,input-pting,rust,0.0008874547149999998,0.0001652209938072418,0.0009402794399999999,0.0007460526000000001,0.00015403160000000002,0.0002017464399999999,0.00132121244
2023,18,mattcl,input-pting,rust,0.0008960016149999994,0.00015567784327462136,0.0009458349399999999,0.0007575638999999998,0.0001540154,0.0003453864399999999,0.00107108344
2023,18,mattcl-py,input-pting,python,0.014343343550000005,0.000627386100659219,0.014227474940000002,0.011686299999999993,0.0025372950000000006,0.013255846440000002,0.01734469044
2023,18,pting,input-pting,python,0.01459707317,0.0007665424030018994,0.014388641440000002,0.011759069999999993,0.0027181754,0.013618986440000001,0.01799320444
