year,day,participant,input,language,mean,stddev,median,user,system,min,max
2023,18,mattcl,input-mattcl,rust,0.0007198811050000005,0.0003115795127296805,0.0007923729200000001,0.0006517454000000003,0.000115074,0.00012310492000000008,0.0015541339200000003
2023,18,mattcl-py,input-mattcl,python,0.01562124862526315,0.004471147124764183,0.01497503342,0.011876835789473683,0.0031575686315789496,0.013954230920000001,0.05549446092
2023,18,pting,input-mattcl,python,0.01517616383005291,0.0005652513672236261,0.01508265492,0.01186849460317461,0.003206928042328044,0.013902474920000001,0.018386209920000004
2023,18,mattcl,input-pting,rust,0.0009073783849999999,0.0002007753731090148,0.0009976924200000002,0.0008078120000000001,0.00014816200000000002,0.00016609592,0.00113688392
2023,18,mattcl-py,input-pting,python,0.014531592429999997,0.0005699891906604536,0.014451402920000002,0.011682996799999998,0.0027505175999999994,0.01354524592,0.017713139920000003
2023,18,pting,input-pting,python,0.015023899550000008,0.0019994534262103465,0.01474339942,0.011973789999999998,0.0028086413999999986,0.01382637292,0.04148026992
