year,day,participant,input,language,mean,stddev,median,user,system,min,max
2023,18,lanjian,input-lanjian,rust,0.0008218919800000001,0.00016883531620071488,0.00087852422,0.0007152209999999999,0.00014774759999999998,0.00011311821999999993,0.00113918622
2023,18,mattcl,input-lanjian,rust,0.0008382547050000001,0.00015639497948717455,0.00090327622,0.0007408766000000003,0.00014046139999999998,0.00015142021999999997,0.0010154652199999999
2023,18,mattcl-py,input-lanjian,python,0.014187150899999994,0.0005296719729419226,0.014114652719999999,0.010996385000000003,0.0030946734999999993,0.01333846122,0.017544814220000003
2023,18,pting,input-lanjian,python,0.014491700525000008,0.0006054833211446406,0.014387798220000001,0.011869214999999999,0.0025189741,0.01352686422,0.01810129522
2023,18,lanjian,input-mattcl,rust,0.000827473195,0.00016407520988739389,0.00087336972,0.0007348954000000001,0.00012977209999999998,0.00013001021999999994,0.0013676532200000001
2023,18,mattcl,input-mattcl,rust,0.0008545792799999997,0.0001687302148646703,0.00090006422,0.0007508592000000003,0.00014841639999999998,0.00015960521999999993,0.0015997272200000002
2023,18,mattcl-py,input-mattcl,python,0.014586545482626275,0.0005363195732539241,0.01450236672,0.01179129737373738,0.0026934149494949483,0.01376886622,0.017555354220000003
2023,18,pting,input-mattcl,python,0.014868632130994774,0.0005037413038457421,0.01483239422,0.011946444816753924,0.0028220616753926696,0.01372965322,0.017758253220000002
2023,18,lanjian,input-pting,rust,0.0007993639899999999,0.0001690435414983626,0.00086345122,0.0006900248000000003,0.0001573481,0.00014236321999999994,0.00113888622
2023,18,mattcl,input-pting,rust,0.0008640686799999997,0.0001264044312804543,0.00091050872,0.0007284309999999997,0.0001787062,0.00038860321999999994,0.00106811322
2023,18,mattcl-py,input-pting,python,0.014523945085,0.002906359242347032,0.01418327122,0.01116055,0.0030179372999999993,0.01308451722,0.045626621220000003
2023,18,pting,input-pting,python,0.014406980525,0.0005929777622727369,0.01428278222,0.011490020000000005,0.0028203206000000014,0.01345920822,0.017554753220000004
