year,day,participant,input,language,mean,stddev,median,user,system,min,max
2023,18,lanjian,input-lanjian,rust,0.00088132547,0.00011078531114801598,0.00091814406,0.0007326386000000003,0.0001880925,0.00024119756,0.00102947256
2023,18,mattcl,input-lanjian,rust,0.0008399959400000004,0.0001960279275884657,0.0009297355599999999,0.0007444917999999997,0.000136075,0.00021427655999999994,0.00121928756
2023,18,mattcl-py,input-lanjian,python,0.014476192731717172,0.0005099446134992652,0.01438903706,0.011218607878787885,0.0031513646464646473,0.01364502956,0.017457774560000004
2023,18,pting,input-lanjian,python,0.014799345180689658,0.0005074181985132742,0.014719600560000002,0.012168900459770102,0.00252518275862069,0.013624831560000002,0.017027359560000004
2023,18,lanjian,input-mattcl,rust,0.000835408705,0.00017648505374026006,0.0009002905599999999,0.0007140899000000003,0.00016642900000000003,0.00015705055999999998,0.00103135556
2023,18,mattcl,input-mattcl,rust,0.0008543495750000006,0.00018433868606880283,0.0009293305600000001,0.0007260731000000006,0.000157954,0.00029778255999999995,0.00140618756
2023,18,mattcl-py,input-mattcl,python,0.01494052191353536,0.0006377755035494886,0.014837030560000002,0.011883320000000001,0.00293120303030303,0.01389891456,0.018401500560000002
2023,18,pting,input-mattcl,python,0.015190579291578946,0.0006002874346901716,0.015060003060000002,0.012143714736842112,0.0029524126315789456,0.01422640856,0.017655735560000003
2023,18,lanjian,input-pting,rust,0.0008583253649999996,0.00013923890554461886,0.00090416306,0.0007455781000000001,0.000156009,0.00025242856,0.00107352456
2023,18,mattcl,input-pting,rust,0.000873834575,0.00014096658088121977,0.0009250070599999999,0.0007649995,0.00014816749999999992,0.0003299435599999999,0.00127448156
2023,18,mattcl-py,input-pting,python,0.014644390183115573,0.0007418392552069445,0.014502424560000001,0.011445769748743725,0.003100199497487437,0.013564870560000001,0.017593449560000002
2023,18,pting,input-pting,python,0.014751923890000001,0.0006566801937688795,0.01462321056,0.011600755000000008,0.0030476705,0.01360009656,0.01822722556
