year,day,participant,input,language,mean,stddev,median,user,system,min,max
2023,18,mattcl,input-mattcl,rust,0.0009670736299999996,0.0001651894868251758,0.0010152038600000004,0.0008288689999999993,0.00016437,0.0002648098600000002,0.0014363428600000002
