year,day,participant,input,language,mean,stddev,median,user,system,min,max
2023,18,mattcl,input-mattcl,rust,0.0008756747550000005,0.0001404702013542213,0.0009159854599999999,0.0007432407000000005,0.00017107,0.0003473309599999998,0.00123658596
2023,18,mattcl-py,input-mattcl,python,0.014661768396548217,0.0005561737365111441,0.014579553960000002,0.012249873807106595,0.002331573604060914,0.013674438960000002,0.017550087960000002
2023,18,pting,input-mattcl,python,0.015036667788282826,0.0005611537683110905,0.014925090960000002,0.012219518989898991,0.002693689393939394,0.014004978960000001,0.01808985796
2023,18,mattcl,input-pting,rust,0.0008464102549999998,0.00016526973998096223,0.0009152589599999999,0.0007478225999999994,0.00014374749999999996,0.00017006895999999985,0.00105202996
2023,18,mattcl-py,input-pting,python,0.014308126964999996,0.00047835651928545897,0.014222159960000001,0.0113592588,0.002850429999999999,0.01362796196,0.017306190960000002
2023,18,pting,input-pting,python,0.01458796877,0.0006772731737708071,0.01445915296,0.011403540000000004,0.003083714999999998,0.01353809396,0.018203820960000002
