year,day,participant,input,language,mean,stddev,median,user,system,min,max
2023,18,lanjian,input-lanjian,rust,0.0010522947149999998,0.00013609826372258207,0.0010988639600000003,0.0009029446000000002,0.0001581362,0.00033724546000000013,0.0012741164600000004
2023,18,mattcl,input-lanjian,rust,0.0010580313450000006,0.00016914310377427082,0.00112470246,0.0009228588,0.0001480978,0.00033894846000000016,0.00126587046
2023,18,mattcl-py,input-lanjian,python,0.014753963521224489,0.0004914908304684642,0.014755396960000002,0.011912880612244901,0.0027260848979591837,0.013724759460000001,0.01745227746
2023,18,pting,input-lanjian,python,0.015216657184489807,0.001155332018500223,0.015012341960000002,0.012259886122448979,0.002828374489795917,0.013874489460000002,0.02282244546
2023,18,lanjian,input-mattcl,rust,0.0014131142897872344,0.003062741139366561,0.0006920084600000001,0.0005987870212765958,0.0000902204255319149,0.0003095834600000001,0.02356150746
2023,18,mattcl,input-mattcl,rust,0.0009003560949999999,0.0007556459990635535,0.0008223669600000002,0.0007007883999999996,0.00013924239999999998,0.00024281946000000013,0.010031406460000001
2023,18,mattcl-py,input-mattcl,python,0.01516455413,0.0004870458892288635,0.015086064960000001,0.01181606,0.0032215509999999996,0.014005825460000001,0.01749830346
2023,18,pting,input-mattcl,python,0.015233035481052627,0.00036065467617201364,0.015162232460000001,0.012091437894736849,0.003036136421052631,0.014398789460000002,0.01713216946
2023,18,lanjian,input-pting,rust,0.0010108209050000002,0.00016580672959973545,0.0010788669600000002,0.0009149296,0.000110366,0.00023634746000000015,0.0011991074600000004
2023,18,mattcl,input-pting,rust,0.00101452225,0.0001954534053894111,0.0010909189600000002,0.0008946884000000002,0.000136234,0.00030496446000000013,0.00122596746
2023,18,mattcl-py,input-pting,python,0.015036216242828285,0.0035268758987737543,0.014669520960000001,0.011642241616161614,0.0029559634343434343,0.013639550460000002,0.05708213546
2023,18,pting,input-pting,python,0.01588960764974359,0.0025613858938863263,0.014941023460000001,0.012504823589743601,0.003218159794871795,0.013880441460000002,0.02868114646
