year,day,participant,input,language,mean,stddev,median,user,system,min,max
2023,1,chancalan,input-mattcl,python,0.01572028133675675,0.000537857372173728,0.015621381380000002,0.012854962162162167,0.0027742071351351347,0.014696622380000001,0.01903115038
2023,1,mattcl,input-mattcl,rust,0.0011216241799999998,0.00016194527668121967,0.0011488723800000002,0.00095027,0.00021782319999999995,0.00056002538,0.00162303438
