year,day,participant,input,language,mean,stddev,median,user,system,min,max
2023,1,chancalan,input-chancalan,python,0.019485845828108098,0.0005514931521088121,0.01940638772,0.01629049891891891,0.003133662702702702,0.01856323972,0.02223768672
2023,1,lanjian,input-chancalan,rust,0.0018780889399999988,0.00026069041654619137,0.00179284022,0.0014965649999999996,0.0003828944999999999,0.00133469272,0.0027509237200000003
2023,1,mattcl,input-chancalan,rust,0.00106885387,0.00015372096375905453,0.0010912217200000002,0.0009405191999999996,0.0002031541999999999,0.00017047472000000015,0.0015873257200000003
2023,1,mattcl-py,input-chancalan,python,0.0339363405609091,0.001063837909547378,0.03348515272,0.030823534545454535,0.003056564545454546,0.03265327172,0.03700470572
2023,1,chancalan,input-lanjian,python,0.019789642812715225,0.0023059666651372556,0.01944977872,0.01635425218543046,0.0031986835761589408,0.01859248372,0.04623410972
2023,1,lanjian,input-lanjian,rust,0.0018265135950000005,0.00026417310593279604,0.00172017422,0.00158582,0.00025917539999999997,0.0011669687200000002,0.0029008337200000004
2023,1,mattcl,input-lanjian,rust,0.0010545842,0.00016598280541794584,0.00107070872,0.0009211991999999997,0.00021106610000000005,0.00048784772000000007,0.00176983672
2023,1,mattcl-py,input-lanjian,python,0.03423261694727275,0.0011572558264902276,0.033796300720000005,0.031036773181818186,0.003124103863636363,0.03291516072,0.03848464472
2023,1,chancalan,input-mattcl,python,0.019607531091621618,0.0006837777168949512,0.01946204672,0.01626324891891891,0.003270342972972974,0.01848694572,0.02202913572
2023,1,lanjian,input-mattcl,rust,0.0018639039749999992,0.00024462950798617445,0.0017779777200000002,0.0014829550000000002,0.00039088569999999996,0.0013139737200000001,0.00261370672
2023,1,mattcl,input-mattcl,rust,0.0010666879550000007,0.00016655747337108163,0.00109158822,0.0008989541999999995,0.00024232990000000007,0.00043780472000000024,0.0016810917200000002
2023,1,mattcl-py,input-mattcl,python,0.033787311915402296,0.0007905780877549515,0.033651027720000004,0.03139524091954023,0.0023158275862068963,0.03240667872,0.03695222772
