year,day,participant,input,language,mean,stddev,median,user,system,min,max
2023,1,chancalan,input-chancalan,python,0.019647358946666672,0.0008170116096975086,0.01938999682,0.016612179999999997,0.00293885,0.01854238082,0.02241157082
2023,1,lanjian,input-chancalan,rust,0.0018323596800000007,0.00024448748721261405,0.00173741832,0.0014898000000000003,0.00034029750000000005,0.0013231178199999997,0.0033303648200000003
2023,1,mattcl,input-chancalan,rust,0.00109098839,0.00011241422387908384,0.00111532932,0.0009312417000000001,0.00019467999999999992,0.00059751082,0.0015079838199999998
2023,1,mattcl-py,input-chancalan,python,0.025613559399831932,0.0007878877067738336,0.02541047382,0.022737329243697466,0.0027540882352941184,0.024526248820000002,0.02871010882
2023,1,chancalan,input-lanjian,python,0.01954415366868421,0.0007631492659307522,0.019355737820000003,0.016605364736842106,0.0028509802631578956,0.01850663382,0.022756807820000002
2023,1,lanjian,input-lanjian,rust,0.0019148556949999999,0.0002810039770945496,0.00180066182,0.00156707,0.00031571500000000005,0.00120740182,0.00316121782
2023,1,mattcl,input-lanjian,rust,0.0011326509299999998,0.00017171189878458897,0.00113942932,0.0009344039,0.00020576749999999988,0.00057633982,0.0018696408199999999
2023,1,mattcl-py,input-lanjian,python,0.025734813237391296,0.0008963676358220197,0.025469854820000002,0.022954150434782602,0.0026453217391304335,0.02475627882,0.02936885082
2023,1,chancalan,input-mattcl,python,0.01951234800666667,0.0005999138269704247,0.019394640820000003,0.016564026666666665,0.00284516,0.018400434820000002,0.02247735382
2023,1,lanjian,input-mattcl,rust,0.0018394945599999998,0.0002480499234735592,0.0017482338199999998,0.00144374,0.00037825499999999987,0.00127964682,0.00272336882
2023,1,mattcl,input-mattcl,rust,0.0010709222800000002,0.0001964731944149033,0.00110479432,0.0009003595,0.00020618750000000002,0.00014360082,0.00189770382
2023,1,mattcl-py,input-mattcl,python,0.025790485354482747,0.0009584621665541963,0.02548651532,0.022821788965517235,0.002850715517241378,0.02467039882,0.02908778482
