year,day,participant,input,language,mean,stddev,median,user,system,min,max
2023,1,chancalan,input-mattcl,python,0.01571054901837837,0.0006841657711550154,0.015554590440000002,0.012372643243243246,0.003244152432432432,0.01461504244,0.01897742444
2023,1,lanjian,input-mattcl,rust,0.0019021440450000021,0.00023510656199007485,0.0018355474400000003,0.001558635999999999,0.0003210795999999999,0.00103803544,0.00282480944
2023,1,mattcl,input-mattcl,rust,0.001120836465,0.00015120901858397875,0.00114665894,0.0009685719999999999,0.00018928860000000006,0.00026100143999999994,0.00173657244
2023,1,mattcl-py,input-mattcl,python,0.03382932614454547,0.0008269795282242782,0.03355269394,0.031117902272727274,0.002594114545454544,0.03276466444,0.03627901144
