year,day,participant,input,language,mean,stddev,median,user,system,min,max
2023,1,chancalan,input-mattcl,python,0.01601846640777777,0.0006265821386865903,0.01589949228,0.012803347777777767,0.0030854670000000006,0.014743439280000001,0.018634419279999998
2023,1,mattcl,input-mattcl,rust,0.0011386588600000003,0.0002107149186934174,0.0011748647799999998,0.0009710799999999997,0.000197795,0.00049771228,0.0017449562800000002
2023,1,mattcl-py,input-mattcl,python,0.03418478975126437,0.0008791047464354812,0.03392234628,0.03148427977011493,0.002583204367816092,0.03287679028,0.03728418628
