year,day,participant,input,language,mean,stddev,median,user,system,min,max
2023,1,chancalan,input-chancalan,python,0.019489585753333337,0.00048254955602818446,0.019386502800000004,0.01593257333333333,0.003459200000000001,0.0186935948,0.0228213448
2023,1,lanjian,input-chancalan,rust,0.001951458625,0.0002623919646281714,0.0018507728,0.0015664223999999993,0.00036492,0.0016629008,0.0027549358
2023,1,mattcl,input-chancalan,rust,0.0010650021599999991,0.000184855720261716,0.0011101058000000002,0.0009400722000000002,0.00018807999999999997,0.0005213428000000001,0.0015857068
2023,1,mattcl-py,input-chancalan,python,0.034149982593103444,0.0009982585199681158,0.0337449918,0.031078255632183905,0.0029531609195402302,0.032819397800000004,0.0370370368
2023,1,chancalan,input-lanjian,python,0.019517600082894725,0.0005991409609161622,0.019370883300000002,0.016652789736842106,0.00277220394736842,0.018666172800000002,0.0222864138
2023,1,lanjian,input-lanjian,rust,0.0018915267000000008,0.0002665527266365454,0.0018193588000000001,0.0015890024000000005,0.000302165,0.0012492568,0.0029294828
2023,1,mattcl,input-lanjian,rust,0.00106823533,0.0002081287885712106,0.0010903943,0.0009429297999999992,0.00018750499999999997,0.0001772688,0.0016916347999999999
2023,1,mattcl-py,input-lanjian,python,0.034088794369767444,0.0007766708709217449,0.0338367288,0.030932310697674423,0.0030678023255813953,0.0331766388,0.0369824338
2023,1,chancalan,input-mattcl,python,0.019687854153333333,0.0006929174420080809,0.0194865543,0.016184120000000003,0.0034125199999999996,0.0189645618,0.0222604738
2023,1,lanjian,input-mattcl,rust,0.001963361425,0.00031702524334085926,0.0018441808,0.0016682199999999993,0.000287485,0.0013914128000000001,0.0033153557999999997
2023,1,mattcl,input-mattcl,rust,0.0011208870750000002,0.00016675795974953792,0.0011486728000000002,0.0009766373999999995,0.00019128,0.0004697668000000001,0.0016030188000000002
2023,1,mattcl-py,input-mattcl,python,0.034002566182022485,0.0008891350543892297,0.0336631868,0.0312892391011236,0.0026154831460674165,0.0329000598,0.036512322800000004
