year,day,participant,input,language,mean,stddev,median,user,system,min,max
2023,1,chancalan,input-chancalan,python,0.01987693056666667,0.0007324423466296152,0.019699671840000002,0.016639966666666676,0.0031346387999999998,0.018817116340000002,0.022371256340000003
2023,1,lanjian,input-chancalan,rust,0.002057186225,0.0003035706365223996,0.0019819678400000004,0.0017734099999999998,0.0002609702,0.00142960934,0.00277980634
2023,1,mattcl,input-chancalan,rust,0.0011036808199999994,0.0001796949803355916,0.0011299383399999998,0.0010032199999999993,0.00015673199999999998,0.00021417433999999986,0.0018436243400000002
2023,1,mattcl-py,input-chancalan,python,0.03426346253540233,0.0009321111754985052,0.03408707834,0.03170105770114942,0.0024549944827586207,0.03279056334,0.03760271634
2023,1,chancalan,input-lanjian,python,0.01991853462947368,0.0008044096229080726,0.01969096034,0.016720841578947376,0.003077235131578947,0.018729019340000003,0.02298736834
2023,1,lanjian,input-lanjian,rust,0.0020769947149999997,0.000346417974187346,0.00194895034,0.0017629150000000005,0.00029424870000000007,0.00127820534,0.0033550413400000004
2023,1,mattcl,input-lanjian,rust,0.0011081400849999995,0.0001756353618611311,0.00113054934,0.0009538939000000002,0.00021241890000000003,0.0003450593399999998,0.00174393734
2023,1,mattcl-py,input-lanjian,python,0.03437836755176471,0.0010715588469418114,0.034109640340000004,0.03163627176470589,0.002663076235294118,0.032597281340000006,0.03756018734
2023,1,chancalan,input-mattcl,python,0.01978225793602649,0.000683878233178287,0.019676262340000004,0.01698122158940397,0.002712680397350992,0.01855415334,0.02302463734
2023,1,lanjian,input-mattcl,rust,0.002011452669999999,0.0003373976658037667,0.00190266434,0.001763835,0.0002536537,0.00145305334,0.00352358734
2023,1,mattcl,input-mattcl,rust,0.001081912375,0.0001599983790837298,0.0010800298399999998,0.0009658799999999999,0.00018127240000000004,0.0003346403399999998,0.00140863934
2023,1,mattcl-py,input-mattcl,python,0.034222123375294115,0.0009516754315922505,0.03406471734,0.03144370705882354,0.0027067171764705877,0.03243167134,0.03741225034
