year,day,participant,input,language,mean,stddev,median,user,system,min,max
2023,1,chancalan,input-chancalan,python,0.019700364871052634,0.0006421108344431219,0.019498488700000004,0.01672709289473683,0.002863882631578946,0.018649999700000003,0.022448959700000003
2023,1,lanjian,input-chancalan,rust,0.0019105037499999996,0.0002632014030471674,0.0018317277000000002,0.0015254972000000007,0.00038440560000000003,0.0012351867000000001,0.0029165737000000002
2023,1,mattcl,input-chancalan,rust,0.0011345425500000005,0.00014043562403037735,0.0011574757,0.0009791100000000007,0.00020794,0.0005868027,0.0017896237
2023,1,mattcl-py,input-chancalan,python,0.0339614823966292,0.0009115417104478249,0.0336330617,0.03078902067415729,0.0030681865168539317,0.032923724700000004,0.036747660700000004
2023,1,chancalan,input-lanjian,python,0.019573800693421045,0.0006888836546054224,0.019443480200000002,0.016808040263157895,0.002669864210526315,0.0186828817,0.0224928117
2023,1,lanjian,input-lanjian,rust,0.0018422731499999996,0.0002376019385554208,0.0017664602000000001,0.0015613249999999995,0.0003007282,0.0012542817000000001,0.0031669717000000004
2023,1,mattcl,input-lanjian,rust,0.0011159233900000002,0.0001747739002245541,0.0011472817000000002,0.0009507265999999997,0.00021338319999999997,0.0002944457000000001,0.0016167007000000002
2023,1,mattcl-py,input-lanjian,python,0.03416960794137932,0.0009747852733117865,0.033812528700000004,0.030998456551724136,0.003058939770114942,0.032960874700000004,0.0374119547
2023,1,chancalan,input-mattcl,python,0.01975021101788079,0.0006943834414736898,0.0196051167,0.016305970596026495,0.00335783046357616,0.018535995700000002,0.0222780407
2023,1,lanjian,input-mattcl,rust,0.0019283438699999986,0.0002908102985723681,0.0018235622000000002,0.0015296421999999993,0.00039137220000000014,0.0016102477000000002,0.0033213207000000002
2023,1,mattcl,input-mattcl,rust,0.00111433985,0.0001880668119672238,0.0011502522000000001,0.0009252199999999998,0.00024060639999999995,0.00023304070000000003,0.0016236527
2023,1,mattcl-py,input-mattcl,python,0.03390788564186046,0.000829694723655441,0.0336389277,0.03053266465116278,0.003280590232558139,0.033055210700000004,0.0373582847
