year,day,participant,input,language,mean,stddev,median,user,system,min,max
2024,10,kcen,input-kcen,nim,0.0014814439899999998,0.00018683014418100028,0.0014502484999999999,0.0011571550000000002,0.00037577339999999985,0.0006248785000000001,0.0023436355
2024,10,lanjian,input-kcen,rust,0.0014361696249999983,0.00020771768982755378,0.0014385015,0.002595822599999999,0.0013611526000000007,0.0009288565,0.0024746615
2024,10,mattcl,input-kcen,rust,0.0014394591450000009,0.00017023926339996838,0.001439107,0.0009991504,0.0004842744000000002,0.0007092254999999999,0.0019881895
2024,10,mattcl-py,input-kcen,python,0.018414403474358965,0.0006464188759759812,0.0183166725,0.013524645897435902,0.004800600256410256,0.0172172045,0.0208236355
2024,10,kcen,input-lanjian,nim,0.0014798459200000005,0.0001622717479801901,0.0014456995000000001,0.0010236302000000007,0.0005053526,0.0009808045,0.0023110855
2024,10,lanjian,input-lanjian,rust,0.0014324732999999997,0.00021708619240498565,0.0014144964999999998,0.003000389599999999,0.0013098259999999998,0.0009473615,0.0024005215
2024,10,mattcl,input-lanjian,rust,0.0014612346,0.00015575238070697175,0.0014394170000000001,0.0011103899999999995,0.00040190740000000004,0.0009565595,0.0022697984999999997
2024,10,mattcl-py,input-lanjian,python,0.01868787732236842,0.0005910299490238661,0.018596495499999997,0.013882821842105259,0.004712717105263159,0.0174902945,0.0220105375
2024,10,kcen,input-mattcl,nim,0.0014985889500000002,0.0001988227514180779,0.001465086,0.0010763300000000006,0.0004678878,0.0008275975,0.0023959335
2024,10,lanjian,input-mattcl,rust,0.00142638622,0.000262225935479602,0.001422757,0.0028367408000000006,0.0014178684,0.0009252905,0.0026435885000000003
2024,10,mattcl,input-mattcl,rust,0.0014806750700000013,0.00022621485263358665,0.001441407,0.0010471100000000006,0.00047060700000000006,0.0009363205,0.0028778765000000003
2024,10,mattcl-py,input-mattcl,python,0.018777227564935068,0.0006869506295188531,0.0186180465,0.01340984961038961,0.005232936883116883,0.0177026025,0.0223769835
