year,day,participant,input,language,mean,stddev,median,user,system,min,max
2024,10,kcen,input-kcen,nim,0.0014658911999999994,0.0002459544536765297,0.0014059871200000002,0.0011341044999999992,0.00038522839999999997,0.0009520826200000003,0.00250042162
2024,10,mattcl,input-kcen,rust,0.0014051533999999994,0.000198703445672925,0.0013930486200000004,0.0010717995,0.0003719452,0.0007749106200000001,0.0022256866200000003
2024,10,mattcl-py,input-kcen,python,0.01852889385178808,0.0006981270379007099,0.01840992562,0.012984384768211924,0.005440176158940398,0.01712671362,0.02145964862
2024,10,kcen,input-mattcl,nim,0.001481663470000001,0.00023789720161157977,0.0014298516200000001,0.0010346150000000004,0.0004897607999999998,0.0008460036200000002,0.0023143136200000003
2024,10,mattcl,input-mattcl,rust,0.0013770895050000008,0.0002111782661717306,0.0013856746200000003,0.0010538435000000002,0.00039859890000000004,0.00037458062000000013,0.0021791806200000003
2024,10,mattcl-py,input-mattcl,python,0.018939140780000002,0.0007583294177549523,0.018771047620000002,0.013535459999999994,0.005294683466666664,0.01773507262,0.02183123462
