year,day,participant,input,language,mean,stddev,median,user,system,min,max
2024,10,kcen,input-kcen,nim,0.0015512686600000014,0.00033246629905301755,0.0014515535200000003,0.0011715496999999996,0.0004396572,0.00069672452,0.00287489352
2024,10,lanjian,input-kcen,rust,0.0015168741350000004,0.0005409705069599444,0.0014301035200000002,0.002830808699999999,0.0014086667999999997,0.0009112265200000001,0.0049633145200000004
2024,10,mattcl,input-kcen,rust,0.0012659995999999996,0.00037591550473038097,0.00137719452,0.0010376884999999999,0.0003299848,0.00030137451999999996,0.0022439925200000003
2024,10,mattcl-py,input-kcen,python,0.01857888409999999,0.0006313387441886872,0.018433864020000003,0.013926973333333332,0.004566526133333334,0.017434167520000002,0.021546477520000003
2024,10,kcen,input-lanjian,nim,0.0015244689999999997,0.0002393031777432336,0.00144939452,0.0010085547,0.0005669404,0.00097248052,0.0025174445200000003
2024,10,lanjian,input-lanjian,rust,0.0014258196849999997,0.00027516694097260103,0.0014133570200000002,0.0029333651000000016,0.0014507917999999995,0.0009094735200000001,0.0026574865200000002
2024,10,mattcl,input-lanjian,rust,0.0014517995949999995,0.0001839909001491046,0.00142768852,0.0011169846999999997,0.00043342080000000017,0.0008254755200000001,0.0023465835200000003
2024,10,mattcl-py,input-lanjian,python,0.018977448314701998,0.0006385423899194822,0.01888259952,0.014026689139072845,0.004842514701986751,0.01794096652,0.02231974552
2024,10,kcen,input-mattcl,nim,0.0015390850700000007,0.000290550431688233,0.0014448960200000001,0.0011473347000000005,0.0004721425999999998,0.0009550385200000002,0.00277649952
2024,10,lanjian,input-mattcl,rust,0.001423274035,0.0002135398811897027,0.00142624102,0.0026675889,0.0016899155999999993,0.00088839352,0.0024401695200000004
2024,10,mattcl,input-mattcl,rust,0.0014414784850000006,0.00017413172775998395,0.00142596052,0.0010466047,0.0004683262,0.0008438705200000001,0.0023495595200000003
2024,10,mattcl-py,input-mattcl,python,0.019082578201818183,0.0006475542167180315,0.01897097952,0.014382871688311687,0.004623285974025975,0.01782504852,0.02210684652
