year,day,participant,input,language,mean,stddev,median,user,system,min,max
2024,10,kcen,input-kcen,nim,0.0014590119399999994,0.00018819738069878394,0.0014296068599999997,0.0010318262,0.0005127441999999998,0.0007273478599999997,0.0022649868599999997
2024,10,lanjian,input-kcen,rust,0.001411058384999999,0.00025154324973909736,0.00139970686,0.0027812954,0.0014504636999999993,0.0009160708599999998,0.00258432386
2024,10,mattcl,input-kcen,rust,0.0014452714149999998,0.0001705389242035657,0.0014151408599999999,0.0010607611999999995,0.0004380573000000001,0.0007309448599999997,0.00226014686
2024,10,mattcl-py,input-kcen,python,0.018587487454771248,0.0007091938086642118,0.018440339860000002,0.013323510718954244,0.005149074509803924,0.01749523086,0.02158568886
2024,10,kcen,input-lanjian,nim,0.0015708533149999993,0.00031424062319102767,0.0014436033599999998,0.0012245099999999998,0.0004138041,0.0012515988599999996,0.00280486686
2024,10,lanjian,input-lanjian,rust,0.00141272183,0.00019385391137258836,0.0014180808599999998,0.0030319909,0.0014530154999999997,0.0009106308599999998,0.0024732558599999998
2024,10,mattcl,input-lanjian,rust,0.0014920698200000008,0.00029721649131037915,0.0014429723599999997,0.0010839230999999997,0.0004443594000000004,0.0004935088599999997,0.0027002308599999997
2024,10,mattcl-py,input-lanjian,python,0.01881168638631578,0.0005581624176139846,0.01877824786,0.014099465526315788,0.004593231842105261,0.01744462486,0.02141465886
2024,10,kcen,input-mattcl,nim,0.0015085869950000014,0.00024896523881451127,0.0014393153599999997,0.0010450881000000003,0.0005044813000000001,0.0009598838599999997,0.00254109286
2024,10,lanjian,input-mattcl,rust,0.001412769644999999,0.00021618139881789805,0.0014148848599999997,0.0028047678000000004,0.0015447037000000008,0.0009295358599999998,0.00269788686
2024,10,mattcl,input-mattcl,rust,0.001477152984999999,0.00020537966588326354,0.0014283948599999997,0.0011464762000000003,0.00041649199999999986,0.0009328828599999997,0.00237962086
2024,10,mattcl-py,input-mattcl,python,0.01903421222241611,0.0008668473703368011,0.01882278586,0.014644514228187924,0.004272525369127518,0.01760009686,0.02229904286
