year,day,participant,input,language,mean,stddev,median,user,system,min,max
2024,10,kcen,input-kcen,nim,0.0014367451850000005,0.00018569402890813603,0.0014169756799999997,0.0011344165999999998,0.0003803767999999999,0.00056724418,0.00226944118
2024,10,lanjian,input-kcen,rust,0.0014124734600000001,0.00020519044264057912,0.0014113896799999998,0.0026431919000000016,0.0017001507000000001,0.0008845491799999999,0.00251253618
2024,10,mattcl,input-kcen,rust,0.0014314504749999995,0.0001797772358809729,0.00140825418,0.001043005,0.0004333539,0.00075373318,0.0022111531799999997
2024,10,mattcl-py,input-kcen,python,0.01846890893949366,0.0006272803902286392,0.018349955680000002,0.013442523544303796,0.004924194177215186,0.01748745518,0.021244840180000002
2024,10,kcen,input-lanjian,nim,0.0014532090999999996,0.00021907063206968351,0.0014221096799999996,0.0009867232999999998,0.0005230043000000002,0.0006835331799999999,0.0024602281799999998
2024,10,lanjian,input-lanjian,rust,0.0014156333700000012,0.00020904644685609865,0.0014285471799999998,0.002769841600000001,0.0017804126000000003,0.00093586518,0.00248675818
2024,10,mattcl,input-lanjian,rust,0.0014288947199999997,0.00019732477256025966,0.0014110291799999998,0.0010110200000000003,0.00045953719999999995,0.0007840811799999999,0.00351403218
2024,10,mattcl-py,input-lanjian,python,0.01877110122666667,0.0005591661361769911,0.01861907418,0.01399651333333334,0.004680193466666666,0.01731633518,0.02150647018
2024,10,kcen,input-mattcl,nim,0.001485595404999999,0.0002584825743918059,0.00143231418,0.0010709782999999999,0.00045641579999999995,0.0007324741799999999,0.00256195918
2024,10,lanjian,input-mattcl,rust,0.001418374315000001,0.00020188068864688237,0.0014090061799999997,0.002805556500000001,0.0017249587999999996,0.0009353631799999999,0.00247617818
2024,10,mattcl,input-mattcl,rust,0.0014452198700000004,0.00020789795428462633,0.0014156726799999999,0.0010245500000000002,0.0004529152999999999,0.0008583891799999998,0.00257974318
2024,10,mattcl-py,input-mattcl,python,0.019480701011168836,0.001127918082127797,0.018966835180000002,0.014448651688311685,0.004949655974025974,0.017562686180000002,0.02158463718
