year,day,participant,input,language,mean,stddev,median,user,system,min,max
2024,10,kcen,input-kcen,nim,0.0015092973700000006,0.00015139935271921102,0.0014846696000000003,0.0011264049999999992,0.0004374614,0.0010799826000000004,0.0027388456000000004
2024,10,lanjian,input-kcen,rust,0.0014361065799999998,0.00025450325188249246,0.0014369251000000004,0.0027585323999999994,0.0013603057999999999,0.0009259946000000002,0.0024208306000000003
2024,10,mattcl,input-kcen,rust,0.0014802501,0.00014182150202466713,0.0014844741000000002,0.0010824949999999993,0.0004756860000000001,0.0008623356000000002,0.0023881396000000003
2024,10,mattcl-py,input-kcen,python,0.018363914516129034,0.0006063418567956012,0.0182684046,0.013084588387096778,0.005192096,0.0172314436,0.0221643616
2024,10,kcen,input-lanjian,nim,0.00149166283,0.00011519742277004903,0.0014962866,0.0011913150000000005,0.0004096156,0.0008229016000000001,0.0020435746000000005
2024,10,lanjian,input-lanjian,rust,0.0014756374800000002,0.0002469685296059077,0.0014729371000000004,0.003016804999999999,0.0013309046000000001,0.0009525736000000001,0.0024941776000000004
2024,10,mattcl,input-lanjian,rust,0.0014848931250000005,0.0001239356664828252,0.0014817291000000002,0.0011860849999999995,0.00037744739999999997,0.0008973606000000001,0.0022132026000000003
2024,10,mattcl-py,input-lanjian,python,0.018735991394871802,0.0006619805748439832,0.0185933666,0.013539314358974356,0.005099823333333332,0.017691635600000002,0.0214448856
2024,10,kcen,input-mattcl,nim,0.0014844878950000002,0.0001483416499631405,0.0014888726000000002,0.0010324607999999994,0.0005264874000000001,0.0005525566000000002,0.0023613396000000003
2024,10,lanjian,input-mattcl,rust,0.001477749639999999,0.0002373167321883164,0.0014616716,0.003035161199999999,0.0012243152,0.0009464526000000001,0.0024097206000000004
2024,10,mattcl,input-mattcl,rust,0.001490127745,0.00013369796158642732,0.0014759876000000002,0.0010579100000000004,0.00047252819999999985,0.0008639786000000002,0.0023417226000000003
2024,10,mattcl-py,input-mattcl,python,0.01868365333376623,0.0006090180678647927,0.0186131136,0.013796969870129858,0.004759194285714284,0.0176229366,0.021709451600000002
