year,day,participant,input,language,mean,stddev,median,user,system,min,max
2024,10,kcen,input-kcen,nim,0.00035018992279999987,0.0006881739382688025,0.00008738361999999992,0.0007355411,0.00019205880000000003,0.0,0.00676862712
2024,10,mattcl,input-kcen,rust,0.0015572626726,0.0033638168594756256,0.0002626016199999999,0.0009511061000000001,0.0002004147,0.0,0.01846442212
2024,10,kcen,input-mattcl,nim,0.0006738491409999997,0.0002555507675844423,0.00070543112,0.0009518707,0.00033096780000000005,0.0,0.00112971612
2024,10,mattcl,input-mattcl,rust,0.0019915892999999986,0.003450517851355201,0.00105482612,0.0012468306999999996,0.0004010281,0.00014929911999999983,0.018734418120000002
