year,day,participant,input,language,mean,stddev,median,user,system,min,max
2024,10,kcen,input-kcen,nim,0.0015663035899999994,0.00035292139100517997,0.00145952838,0.00113226,0.0004452548,0.00075793438,0.0028924623800000004
2024,10,lanjian,input-kcen,rust,0.0013957246550000003,0.00020719167820599954,0.0013974678800000003,0.003150331999999999,0.0012692101999999996,0.0009468783800000002,0.00241398638
2024,10,mattcl,input-kcen,rust,0.0014038989549999996,0.00022102573691854603,0.0013935443800000002,0.000991715,0.00048347419999999976,0.00032031538000000005,0.00262148438
2024,10,mattcl-py,input-kcen,python,0.018790663506666656,0.0006141658883043639,0.01868167238,0.013386353333333333,0.005267522666666664,0.01742646638,0.02142175038
2024,10,kcen,input-lanjian,nim,0.0013959921600000002,0.0003066657458555444,0.0014317163800000002,0.0010056874999999999,0.00047767279999999995,0.0003759993800000001,0.00223161438
2024,10,lanjian,input-lanjian,rust,0.0013850961150000001,0.000203421702261681,0.00139623488,0.0029429225000000016,0.0014886674000000005,0.0009629783800000002,0.0022755063800000003
2024,10,mattcl,input-lanjian,rust,0.0014858613500000001,0.00023152461676313315,0.0014109923800000002,0.0010997800000000003,0.00043800219999999996,0.0007373453800000001,0.00239848738
2024,10,mattcl-py,input-lanjian,python,0.018958096830331127,0.0005069116893642742,0.01892721838,0.013483980794701984,0.005390795761589402,0.017615921380000003,0.021725068380000004
2024,10,kcen,input-mattcl,nim,0.0014967510149999999,0.0002716961603355986,0.0014144188800000001,0.0009994035,0.0005499864000000001,0.0009031763800000001,0.00270166538
2024,10,lanjian,input-mattcl,rust,0.001391216830000001,0.00017402278492014865,0.0014025468800000001,0.0028987280000000006,0.0014994198000000006,0.0010011693800000003,0.00218952538
2024,10,mattcl,input-mattcl,rust,0.0014702773100000008,0.00022826000042857567,0.0014035233800000003,0.0010151035000000002,0.0005253914000000001,0.0007214963800000001,0.00266398538
2024,10,mattcl-py,input-mattcl,python,0.019071592260794704,0.0006930694018653736,0.01892526338,0.013908921192052979,0.005076274437086092,0.01790294838,0.022213562380000003
