year,day,participant,input,language,mean,stddev,median,user,system,min,max
2024,10,kcen,input-kcen,nim,0.001437595435,0.0001770117793656625,0.0014215953800000003,0.0009864099999999994,0.0004973326000000002,0.0007177668800000002,0.00231995788
2024,10,lanjian,input-kcen,rust,0.0014116023950000007,0.00022701742035140121,0.0014176383800000001,0.002791571800000001,0.0014557885999999995,0.0009228208800000003,0.0025598968800000003
2024,10,mattcl,input-kcen,rust,0.0014148372949999999,0.00016337420681412202,0.0014087958800000002,0.001029655,0.00043808380000000003,0.0007532828800000001,0.00237992988
2024,10,mattcl-py,input-kcen,python,0.018389654039235676,0.0006055925834433018,0.018268918880000002,0.013370270318471343,0.004915066242038215,0.01731461188,0.021144383880000003
2024,10,kcen,input-lanjian,nim,0.0014804666100000008,0.00024197983621911608,0.0014355113800000002,0.0011637949999999996,0.0003832653999999999,0.0006019198800000003,0.0024296128800000002
2024,10,lanjian,input-lanjian,rust,0.0014218027250000006,0.00023505127457580297,0.0014173768800000003,0.0029551916,0.0014343591999999997,0.0009311958800000002,0.00257528588
2024,10,mattcl,input-lanjian,rust,0.0014276328700000005,0.00018806131206315255,0.00141090038,0.001036915399999999,0.0004427605999999999,0.0005682468800000002,0.0022052528800000004
2024,10,mattcl-py,input-lanjian,python,0.018643972569873428,0.0005499355476868791,0.01857479688,0.013481116202531646,0.005081116455696202,0.01743506688,0.021420440880000002
2024,10,kcen,input-mattcl,nim,0.0014443958800000006,0.0001723653291049196,0.0014271258800000002,0.0009741053999999993,0.000534425,0.0008285838800000002,0.0022891998800000004
2024,10,lanjian,input-mattcl,rust,0.0014063866049999999,0.0002193826911763741,0.0014250668800000002,0.0028125117999999987,0.0015362217999999998,0.0009275388800000002,0.00272490588
2024,10,mattcl,input-mattcl,rust,0.0014290532249999995,0.00016462170526857522,0.0014179178800000003,0.0010210249999999996,0.0004590933999999999,0.00032856788000000016,0.00227254888
2024,10,mattcl-py,input-mattcl,python,0.018856233873333326,0.0006202099844141066,0.018766771380000002,0.01420302,0.004528718933333333,0.01770370088,0.021508114880000002
