year,day,participant,input,language,mean,stddev,median,user,system,min,max
2024,10,kcen,input-kcen,nim,0.0014348648500000008,0.00021416952890519338,0.00138107028,0.0009414463999999998,0.0005624139999999999,0.0007883942800000002,0.00231216828
2024,10,lanjian,input-kcen,rust,0.0013340694749999996,0.00022453865714716975,0.0013433897800000003,0.0025999738000000005,0.0015113269999999996,0.0008402322800000002,0.00236041828
2024,10,mattcl,input-kcen,rust,0.0013817933050000008,0.0002191231956301528,0.0013575302800000002,0.0010152950000000003,0.000419234,0.0005763672800000001,0.00271831928
2024,10,mattcl-py,input-kcen,python,0.018689737267341782,0.0006827179559632957,0.018617781280000002,0.013163713670886078,0.005420011392405063,0.017510422280000004,0.022501469280000002
2024,10,kcen,input-lanjian,nim,0.0014919678300000002,0.0002849723473956349,0.0013866002800000002,0.0010942814000000003,0.00046598800000000035,0.0009197722800000001,0.00265020228
2024,10,lanjian,input-lanjian,rust,0.0013737372699999997,0.00019912841883222752,0.0013748732800000002,0.0027034757999999997,0.001543617,0.00083489228,0.0023182102800000004
2024,10,mattcl,input-lanjian,rust,0.001418061885000001,0.00021381198172998984,0.0013817022800000002,0.0010144949999999998,0.000474507,0.0008473752800000002,0.0025667252800000004
2024,10,mattcl-py,input-lanjian,python,0.01886305812415587,0.000523289572807105,0.018815787280000003,0.013692103116883118,0.005060592207792207,0.017609718280000002,0.022103183280000004
2024,10,kcen,input-mattcl,nim,0.0014750519749999998,0.00023490592489192055,0.00139446978,0.0009598964000000003,0.0005747699999999998,0.0007536302800000001,0.00227702328
2024,10,lanjian,input-mattcl,rust,0.0013694410350000002,0.00021523599082072186,0.0013861747800000001,0.002897600400000001,0.0013812620000000003,0.0009098722800000001,0.00250544028
2024,10,mattcl,input-mattcl,rust,0.0014047287599999994,0.00021899291763403895,0.0013713167800000002,0.00101529,0.00045976899999999985,0.0002891202800000001,0.0026500212800000004
2024,10,mattcl-py,input-mattcl,python,0.019006355992418306,0.0007375687118035143,0.01888007728,0.014088523921568626,0.004820738562091504,0.017757254280000002,0.022431879280000004
