year,day,participant,input,language,mean,stddev,median,user,system,min,max
2024,10,kcen,input-kcen,nim,0.0014513339299999997,0.00020341600602418204,0.0014111326399999997,0.0009562725000000005,0.0005580699999999999,0.0008325086399999996,0.0023850556399999997
2024,10,lanjian,input-kcen,rust,0.0013710664100000003,0.00020852615460868824,0.0013785256399999996,0.0026197675,0.0014574049999999993,0.0008988826399999998,0.00234529164
2024,10,mattcl,input-kcen,rust,0.0014336061599999994,0.00019584043898041029,0.0013964996399999999,0.0010033099999999994,0.0004647661999999998,0.0009133696399999999,0.00219345664
2024,10,mattcl-py,input-kcen,python,0.018575045415641027,0.0006076418125703457,0.01848037964,0.01370600641025641,0.004760117307692308,0.01716584864,0.02117708864
2024,10,kcen,input-lanjian,nim,0.001538962965,0.00032346699414205433,0.0014377766399999998,0.0010749975000000007,0.0004953061999999998,0.0009056556399999998,0.00289654264
2024,10,lanjian,input-lanjian,rust,0.0013910982249999992,0.00023029096286157502,0.0014115381399999998,0.002702480000000001,0.0015656892,0.0009046846399999998,0.00256727764
2024,10,mattcl,input-lanjian,rust,0.0014583471749999985,0.00024121883274935972,0.0014162666399999998,0.0010055999999999997,0.0004765612,0.0008371266399999997,0.0025132856399999997
2024,10,mattcl-py,input-lanjian,python,0.018897305919220776,0.0005340957974339752,0.018855111639999998,0.013891012987012995,0.004910723636363636,0.01755941464,0.02145607964
2024,10,kcen,input-mattcl,nim,0.001484001244999998,0.00022379154787446562,0.0014314956399999997,0.0010186350000000006,0.0005076556,0.0008339016399999998,0.0023352126399999997
2024,10,lanjian,input-mattcl,rust,0.0013987745300000005,0.00019261526645102117,0.0014075101399999997,0.0028272849999999993,0.0014387248999999994,0.0008936436399999998,0.00236295464
2024,10,mattcl,input-mattcl,rust,0.0014549596149999993,0.00022470443167162663,0.0014100801399999998,0.0010830549999999992,0.0004260821999999999,0.00045940063999999983,0.0023211366399999997
2024,10,mattcl-py,input-mattcl,python,0.019006829767516775,0.0006636550116615388,0.01889958364,0.013730560402684562,0.005173888724832215,0.01787442564,0.02250538464
