year,day,participant,input,language,mean,stddev,median,user,system,min,max
2024,10,kcen,input-kcen,nim,0.0014416191250000003,0.00017644569291088116,0.00142788618,0.0010499947,0.00041932109999999993,0.0004516126800000001,0.0021497016800000003
2024,10,mattcl,input-kcen,rust,0.0014309123199999993,0.0001878541241886208,0.00142064218,0.0009688494000000002,0.00047445399999999997,0.0007790266800000001,0.0022696166800000002
2024,10,mattcl-py,input-kcen,python,0.018820366550967745,0.0007756660051961438,0.01869144168,0.014095621290322586,0.0046129611612903245,0.01757513168,0.02215263068
2024,10,kcen,input-mattcl,nim,0.0014331947599999994,0.00025678511891011525,0.00143430768,0.0010365496999999995,0.00042019989999999993,0.00035185668,0.00223721568
2024,10,mattcl,input-mattcl,rust,0.0014868019649999997,0.0002216867997450905,0.0014619296800000002,0.0010831497000000003,0.0004289080000000002,0.0006963306800000002,0.00230755768
2024,10,mattcl-py,input-mattcl,python,0.01899415662736841,0.0006755275017145291,0.018856666180000002,0.01399863236842105,0.004891621447368422,0.01804613468,0.02234945968
