year,day,participant,input,language,mean,stddev,median,user,system,min,max
2024,10,mattcl,input-mattcl,rust,0.0014353715350000004,0.0001178778730501877,0.00141831898,0.00112881,0.00038164100000000005,0.00082383548,0.0023039064800000003
