year,day,participant,input,language,mean,stddev,median,user,system,min,max
2024,10,kcen,input-kcen,nim,0.0014125114650000007,0.00014894693876967753,0.0014238846800000001,0.0010198365,0.00047457919999999994,0.00065414018,0.00195688718
2024,10,mattcl,input-kcen,rust,0.0014174157750000006,0.00013555933175480776,0.0014265496800000004,0.0009525700000000002,0.0005074928000000001,0.00065338918,0.00183298418
2024,10,mattcl-py,input-kcen,python,0.018594215198987345,0.0008428761116821915,0.018360044680000003,0.013356453164556959,0.005151619493670886,0.017340494180000002,0.021810601180000003
2024,10,kcen,input-mattcl,nim,0.0014289747500000013,0.0001692145202546167,0.00142514718,0.0011567914999999998,0.00035026420000000005,0.0007222371800000001,0.00227200518
2024,10,mattcl,input-mattcl,rust,0.0014343650299999994,0.00012774319157444607,0.0014168766800000002,0.0011515200000000003,0.00036039140000000014,0.00083378718,0.0022547131800000004
2024,10,mattcl-py,input-mattcl,python,0.018713207874805203,0.0006856115707989114,0.018631863680000003,0.014082355844155842,0.004540322857142857,0.017374167180000004,0.02187412018
