year,day,participant,input,language,mean,stddev,median,user,system,min,max
2024,10,kcen,input-kcen,nim,0.0014241590699999999,0.00010392677062156135,0.0014183879200000001,0.001048795,0.0004598909999999999,0.0008703714199999999,0.0022549554200000004
2024,10,mattcl,input-kcen,rust,0.0014072888699999996,0.00012772815131504604,0.00141938492,0.001079755,0.00041565650000000015,0.0007577294200000001,0.0019230044200000003
2024,10,mattcl-py,input-kcen,python,0.01836244790125001,0.0007070823894136422,0.01819690842,0.013316373749999999,0.0049643525,0.01726784642,0.02142642242
2024,10,kcen,input-mattcl,nim,0.0014301876599999987,0.00012749219350113576,0.00141926442,0.0011109250000000005,0.00040687270000000004,0.0008067014200000001,0.00231044042
2024,10,mattcl,input-mattcl,rust,0.0014130885800000001,0.00013476838276461342,0.0014225709200000002,0.001147759999999999,0.0003702655999999999,0.00078498042,0.0023989664200000003
2024,10,mattcl-py,input-mattcl,python,0.018704563136129032,0.0007034167890456892,0.01854206542,0.013591560645161286,0.0050132341935483875,0.01760962642,0.021549903420000002
