year,day,participant,input,language,mean,stddev,median,user,system,min,max
2024,10,kcen,input-kcen,nim,0.0014545634650000006,0.00009378879946265016,0.0014654780200000009,0.0009631237999999999,0.0005540515,0.0006304865200000006,0.0016875785200000009
2024,10,mattcl,input-kcen,rust,0.0014555465899999996,0.00008668054801555242,0.0014650020200000008,0.0011150819000000005,0.0004177879999999998,0.0007007185200000005,0.0018183945200000006
2024,10,mattcl-py,input-kcen,python,0.018379290949487193,0.0006045958530739207,0.01824920102,0.012944523846153841,0.005321961538461538,0.017551893520000004,0.021336030520000004
2024,10,kcen,input-mattcl,nim,0.0014609808300000005,0.00014727204448703376,0.0014538105200000008,0.001098695,0.00038958949999999987,0.0008301315200000006,0.0023334105200000007
2024,10,mattcl,input-mattcl,rust,0.0014615549299999996,0.00010314881570307355,0.0014618305200000009,0.0010423899999999998,0.00044904100000000007,0.0008113355200000007,0.001921337520000001
2024,10,mattcl-py,input-mattcl,python,0.01873465519973855,0.0007626048382164169,0.018545245520000003,0.013534345490196073,0.005079291503267976,0.017658081520000004,0.022180253520000002
