year,day,participant,input,language,mean,stddev,median,user,system,min,max
2024,10,kcen,input-kcen,nim,0.0014441465000000007,0.00020854084769487375,0.0014203687000000002,0.0010269650000000006,0.0004839456000000001,0.0008359552000000002,0.0026548682000000004
2024,10,lanjian,input-kcen,rust,0.0014013852900000006,0.00023507413283849584,0.0014060422000000002,0.0028487248000000002,0.0016515015000000005,0.0008839052000000003,0.0025696202000000004
2024,10,mattcl,input-kcen,rust,0.0014161112199999994,0.0001321135056804393,0.0014060422000000002,0.0009709900000000004,0.0004949928,0.0010662762000000002,0.0020707152000000004
2024,10,mattcl-py,input-kcen,python,0.018597524363398687,0.0007416615300731372,0.0184267312,0.013722471372549018,0.004789589673202615,0.0175298332,0.022283067200000003
2024,10,kcen,input-lanjian,nim,0.0014620575350000001,0.00021938746223744803,0.0014220322000000002,0.0011423400000000002,0.00040180680000000005,0.0006975562000000002,0.0023608792000000003
2024,10,lanjian,input-lanjian,rust,0.0014034747999999992,0.00022753850194884737,0.0013963587000000001,0.0030172920000000004,0.00149184,0.0009388382000000002,0.0025027642000000003
2024,10,mattcl,input-lanjian,rust,0.001424047075,0.00015270936934496873,0.0014119837000000001,0.0010919798000000001,0.0004098146999999998,0.0009471232000000002,0.0022430682
2024,10,mattcl-py,input-lanjian,python,0.018842279820689662,0.0006096304603036064,0.0187254812,0.01420277793103448,0.00456511655172414,0.0175671432,0.022111486200000002
2024,10,kcen,input-mattcl,nim,0.0014519608000000011,0.00027300452394013344,0.0014191417,0.0010091398,0.0005165514,0.00046001220000000027,0.0036585872000000005
2024,10,lanjian,input-mattcl,rust,0.0014112904650000007,0.00024232539964900513,0.0014071042000000002,0.0030645925999999994,0.0014142292000000004,0.0009581242000000003,0.0026151842
2024,10,mattcl,input-mattcl,rust,0.0014392101700000004,0.0001905342854831697,0.0014040787000000002,0.0010829249999999991,0.00043305550000000007,0.0008436302000000003,0.0023046032
2024,10,mattcl-py,input-mattcl,python,0.018880086807843133,0.0006559584444093623,0.0187654052,0.013706935424836602,0.005090361960784314,0.0179062982,0.0218734312
