year,day,participant,input,language,mean,stddev,median,user,system,min,max
2024,10,kcen,input-kcen,nim,0.00144026984,0.00023119029853922875,0.00142169818,0.0010954349999999999,0.0004167435000000001,0.0007592491800000002,0.00270293618
2024,10,lanjian,input-kcen,rust,0.0013838208349999997,0.00024389195909239322,0.00136680018,0.0028564096,0.0013148691999999996,0.0008469221800000001,0.00244234818
2024,10,mattcl,input-kcen,rust,0.0014059868200000003,0.00017989376779172186,0.0014215331800000001,0.0010657265999999995,0.00045690320000000005,0.00076361718,0.00203894418
2024,10,mattcl-py,input-kcen,python,0.018310304606751596,0.0005708502733586258,0.018205132180000003,0.01372707286624204,0.004519962292993627,0.017504922180000004,0.020925813180000002
2024,10,kcen,input-lanjian,nim,0.0014448634650000003,0.00019196094510836895,0.00141453068,0.0010363403999999999,0.00048721530000000015,0.0005178671800000001,0.00228769918
2024,10,lanjian,input-lanjian,rust,0.0013898096449999995,0.00017385401040733093,0.0014100571800000003,0.002954878799999999,0.0014934283999999997,0.00097255818,0.00232977718
2024,10,mattcl,input-lanjian,rust,0.0014300335299999997,0.00017586864515501562,0.00140754718,0.0011422562000000006,0.0003859295999999998,0.00048147018000000005,0.00227112818
2024,10,mattcl-py,input-lanjian,python,0.01873622553849057,0.0007210471529304392,0.01861800518,0.013759423144654092,0.004873997106918239,0.017655645180000002,0.021901529180000004
2024,10,kcen,input-mattcl,nim,0.0014458838750000002,0.00020354917258984866,0.0014195301800000002,0.0010537208000000007,0.0004698889999999999,0.0009183471800000001,0.00235967318
2024,10,lanjian,input-mattcl,rust,0.001419140475,0.00018966549750592173,0.00143644068,0.0029676742000000005,0.0013071599999999997,0.0009312311800000002,0.0023944881800000003
2024,10,mattcl,input-mattcl,rust,0.0014287480550000007,0.0001644852472478316,0.00141202568,0.0011111599999999993,0.0004009200999999999,0.00083662318,0.00223604318
2024,10,mattcl-py,input-mattcl,python,0.018926301257922076,0.0007719433437159959,0.018760436680000003,0.013813829090909084,0.00498870961038961,0.01776571118,0.022210697180000002
