year,day,participant,input,language,mean,stddev,median,user,system,min,max
2024,10,kcen,input-kcen,nim,0.0014266444099999987,0.00020515859777402187,0.00143158492,0.0009714550000000001,0.0004629944,0.0006773969199999999,0.00249083492
2024,10,mattcl,input-kcen,rust,0.0014365597200000002,0.0001723018684518832,0.0014343054200000001,0.0010783997000000003,0.0004251614000000001,0.00078436692,0.00243348792
2024,10,mattcl-py,input-kcen,python,0.01852804495205128,0.0007855983173746389,0.018354168420000004,0.013402579230769237,0.005037810128205126,0.017270892920000003,0.02207093892
2024,10,kcen,input-mattcl,nim,0.0013377446799999998,0.0003059795077992771,0.00140077242,0.0009662544000000002,0.0004362917000000001,0.0002823869199999998,0.00216403292
2024,10,mattcl,input-mattcl,rust,0.0014103244550000003,0.0002760746068532466,0.0014181204200000002,0.0010935747,0.0003883284000000001,0.00063247192,0.00261893492
2024,10,mattcl-py,input-mattcl,python,0.01887975309218543,0.0006735805979429908,0.01875783992,0.013452901059602647,0.005309012715231785,0.01799459092,0.021561884920000003
