year,day,participant,input,language,mean,stddev,median,user,system,min,max
2024,10,kcen,input-kcen,nim,0.0014639953799999994,0.00024232683834644599,0.0014105239000000002,0.0010475818,0.0004899461999999999,0.0007869504000000002,0.0023385264000000006
2024,10,mattcl,input-kcen,rust,0.00140194908,0.00017388388610287833,0.0013990469000000002,0.0010924218000000006,0.0003778727999999999,0.0006782674000000001,0.0022609214
2024,10,mattcl-py,input-kcen,python,0.018663954267549677,0.0006596709496401235,0.018572339400000002,0.013800454569536427,0.004778802384105958,0.017633912400000003,0.021863974400000003
2024,10,kcen,input-mattcl,nim,0.001535379375000001,0.0003006232560583428,0.0014393829000000002,0.0011844199999999998,0.0004126635999999998,0.0009561174000000002,0.0026866484
2024,10,mattcl,input-mattcl,rust,0.0014332173100000001,0.0002213350231743269,0.0014026284,0.0010332800000000001,0.00046524119999999977,0.0007470854000000001,0.0023476534
2024,10,mattcl-py,input-mattcl,python,0.019025107733333324,0.0006390099073036325,0.018955396900000004,0.013768233333333333,0.005170865066666667,0.017722568400000003,0.021774666400000003
