year,day,participant,input,language,mean,stddev,median,user,system,min,max
2024,10,kcen,input-kcen,nim,0.001455044245000001,0.00018584600547931308,0.00143245596,0.001102784499999999,0.00041429419999999996,0.00086679696,0.00234529496
2024,10,lanjian,input-kcen,rust,0.0014309889700000003,0.0002255413606588136,0.0014311134600000002,0.002754974999999999,0.0013859792,0.0010072399600000001,0.0025909039600000004
2024,10,mattcl,input-kcen,rust,0.0014279919500000007,0.00014455456136298195,0.00141981246,0.0011116900000000002,0.0003811108,0.00053229096,0.00219558396
2024,10,mattcl-py,input-kcen,python,0.018404885831794875,0.00045447733908875643,0.01830198896,0.013464382051282047,0.004858733333333335,0.01745125696,0.020903609960000003
2024,10,kcen,input-lanjian,nim,0.0014633155999999997,0.0001764026543630567,0.0014317594600000002,0.001003665,0.0005148316,0.0009542899600000002,0.00237764496
2024,10,lanjian,input-lanjian,rust,0.00140583762,0.00027875098273769463,0.00139126846,0.002810010500000001,0.0015486577999999998,0.0008998389600000001,0.0024808489600000004
2024,10,mattcl,input-lanjian,rust,0.0014104540299999999,0.00020317873697636683,0.0014385169600000002,0.0011015785000000001,0.0004108134,0.00044110896,0.0023835759600000003
2024,10,mattcl-py,input-lanjian,python,0.018800878941012657,0.0004957787102473653,0.018736818460000002,0.013399131645569618,0.0053069903797468366,0.017923519960000002,0.02104345196
2024,10,kcen,input-mattcl,nim,0.0014730971699999996,0.00022583832374480924,0.0014372849600000001,0.0011153849999999998,0.0004008713999999999,0.0008555359600000002,0.0026924549600000004
2024,10,lanjian,input-mattcl,rust,0.00141633917,0.00023377682253428595,0.0014079044600000003,0.003025495000000003,0.0013068615999999999,0.00089337696,0.00247029896
2024,10,mattcl,input-mattcl,rust,0.0014434937099999997,0.00013032914376157642,0.0014339334600000002,0.0010543345000000003,0.00045436540000000006,0.0010195519600000001,0.0021681829600000003
2024,10,mattcl-py,input-mattcl,python,0.01898984068258065,0.0006700501315164229,0.01886437196,0.013304319354838707,0.005647765419354837,0.01772459796,0.022443001960000004
