year,day,participant,input,language,mean,stddev,median,user,system,min,max
2024,10,kcen,input-kcen,nim,0.0014649088550000003,0.00022697600746308797,0.0014146721800000002,0.0009872746000000004,0.0005191059999999998,0.0007658666800000001,0.0027698396800000004
2024,10,lanjian,input-kcen,rust,0.0013964669800000007,0.00020347157133342847,0.0014109606800000003,0.0026045668,0.0014665955000000002,0.0008725666800000001,0.0024929816800000003
2024,10,mattcl,input-kcen,rust,0.0014213216750000005,0.00020473409977696047,0.0013962231800000002,0.0010373942000000004,0.0004370190000000001,0.0008103906800000001,0.00226867268
2024,10,mattcl-py,input-kcen,python,0.01865245775643312,0.000634626687499325,0.018570069680000002,0.014039258343949042,0.004488763694267517,0.01751188868,0.021834754680000002
2024,10,kcen,input-lanjian,nim,0.00154170331,0.00029597810982028217,0.00142702518,0.0011392449999999997,0.0004485535000000001,0.0009564236800000002,0.0025679016800000004
2024,10,lanjian,input-lanjian,rust,0.0013978985749999997,0.0002145830013706355,0.00140264968,0.0030875822000000002,0.0012181089999999998,0.0008812426800000001,0.00239335468
2024,10,mattcl,input-lanjian,rust,0.0014196985500000002,0.00017983229934318917,0.0014023391800000002,0.0010227791999999998,0.00044638549999999994,0.0006853466800000002,0.0025391886800000003
2024,10,mattcl-py,input-lanjian,python,0.01896526059082801,0.000632101558468241,0.018874850680000003,0.01425082522292993,0.004611780891719745,0.017846925680000004,0.022512042680000004
2024,10,kcen,input-mattcl,nim,0.001483714015000001,0.00019708773319736866,0.00142353418,0.000976375,0.0005550834999999999,0.0010886616800000002,0.0023085456800000003
2024,10,lanjian,input-mattcl,rust,0.0013931117000000007,0.00026164199415811446,0.0014044781800000002,0.002812048999999999,0.0014418814999999996,0.0008980746800000001,0.0027622356800000004
2024,10,mattcl,input-mattcl,rust,0.0014432933800000007,0.00020990667253401328,0.0014070076800000002,0.0010542399999999995,0.00043587250000000013,0.0005360666800000001,0.0027611536800000005
2024,10,mattcl-py,input-mattcl,python,0.01901656831057325,0.000527772718812618,0.018933961680000003,0.013898309299363065,0.005039085987261147,0.01760510368,0.021557594680000004
