year,day,participant,input,language,mean,stddev,median,user,system,min,max
2024,10,kcen,input-kcen,nim,0.0014401343999999997,0.00014921781082611116,0.0014301253599999998,0.0010904460000000003,0.0004271561999999999,0.0009760758599999999,0.0026094698599999997
2024,10,lanjian,input-kcen,rust,0.0014002303350000003,0.00028044675486505654,0.0013818048599999997,0.002735960999999999,0.0013463993999999996,0.0008818098599999997,0.0024911698599999997
2024,10,mattcl,input-kcen,rust,0.001433812334999999,0.00016673336264172952,0.0014324093599999998,0.0009711799999999997,0.0005255464000000001,0.0007701098599999998,0.00205035486
2024,10,mattcl-py,input-kcen,python,0.018394519324968155,0.0006987600341514626,0.01825044386,0.013012666242038217,0.0053006466242038214,0.01726828786,0.021200620859999998
2024,10,kcen,input-lanjian,nim,0.0014496806900000003,0.00017780654714251898,0.0014351743599999999,0.001005446,0.0005137513999999998,0.0008445798599999998,0.00233892486
2024,10,lanjian,input-lanjian,rust,0.001403982539999999,0.0002281048381755042,0.0014160638599999998,0.002849481999999999,0.0013684436000000002,0.0008908668599999997,0.00247977886
2024,10,mattcl,input-lanjian,rust,0.0014281996300000005,0.00017436485911896058,0.0014239933599999998,0.0011348750000000002,0.0003685506,0.0007105698599999999,0.00231016086
2024,10,mattcl-py,input-lanjian,python,0.018661328637070058,0.0006430897096747537,0.01855496386,0.013779379617834393,0.004797583949044586,0.01763723686,0.02171291086
2024,10,kcen,input-mattcl,nim,0.0014427417599999998,0.00018016050551443308,0.00141700036,0.0011652370000000008,0.00036699359999999985,0.0008206658599999998,0.00229983186
2024,10,lanjian,input-mattcl,rust,0.0014163532000000007,0.0002355252133345938,0.00140547436,0.0028746169999999986,0.0013510157999999995,0.0009130778599999998,0.00255163286
2024,10,mattcl,input-mattcl,rust,0.0014346859099999996,0.00016070569323808407,0.0014289078599999997,0.0010346510000000008,0.00047823379999999984,0.0007397338599999998,0.00228200886
2024,10,mattcl-py,input-mattcl,python,0.018686016879607845,0.0005777591318300667,0.01858774586,0.013794146405228755,0.004793366797385619,0.01746107786,0.02170983386
