year,day,participant,input,language,mean,stddev,median,user,system,min,max
2024,10,kcen,input-kcen,nim,0.001420745205000001,0.00014437844142530757,0.0014216956000000006,0.0011517608999999996,0.00032851689999999987,0.0008054116000000003,0.0018294386000000003
2024,10,mattcl,input-kcen,rust,0.0014111799700000003,0.00016227553163954692,0.0014389026000000006,0.0010947067999999998,0.0004219984999999999,0.0007550276000000002,0.0019530806000000005
2024,10,kcen,input-mattcl,nim,0.0014015447000000011,0.00015746112858756723,0.0014307371000000005,0.0011325209000000002,0.00035108240000000004,0.0007583126000000002,0.0016307576000000002
2024,10,mattcl,input-mattcl,rust,0.0014513753800000002,0.00015814701471652997,0.0014385571000000005,0.0011236509,0.0003934775,0.0007598366000000004,0.0024947546000000007
