year,day,participant,input,language,mean,stddev,median,user,system,min,max
2024,10,kcen,input-kcen,nim,0.0014338645700000014,0.00020964898055814255,0.0014102392,0.0010725499999999994,0.00041987999999999965,0.0007673307000000001,0.0024913777
2024,10,lanjian,input-kcen,rust,0.0013766698500000006,0.0002463755323138077,0.0013658707000000002,0.0027358765999999997,0.0015093707999999995,0.0008497047,0.0023571967000000004
2024,10,mattcl,input-kcen,rust,0.0014171879199999992,0.00017450852102393572,0.0014049942,0.0009960872999999996,0.0004523716000000002,0.0007948017,0.0023157187000000003
2024,10,mattcl-py,input-kcen,python,0.018380705871974524,0.0005589999331120458,0.0182973417,0.013028319999999998,0.005275710573248407,0.017226347700000002,0.0213034377
2024,10,kcen,input-lanjian,nim,0.0014757798099999993,0.00021195302302490256,0.0014208592,0.0009969596000000006,0.0005188790000000002,0.0007621417000000001,0.0024020707
2024,10,lanjian,input-lanjian,rust,0.0013929187899999998,0.00023206991291343688,0.0013826577,0.0028455830999999992,0.0015274052000000004,0.0009205167000000002,0.0026730987000000003
2024,10,mattcl,input-lanjian,rust,0.001324667930000001,0.00024284366154044237,0.0013975757,0.0010440550000000012,0.0003637343999999999,0.0006291217000000001,0.0022302387000000005
2024,10,mattcl-py,input-lanjian,python,0.018802528680769235,0.0006452688995341046,0.0187422392,0.013333020769230767,0.0053644215384615395,0.017615796700000002,0.0218196747
2024,10,kcen,input-mattcl,nim,0.0015194137899999995,0.00028179269444184653,0.0014343442000000002,0.0010319999999999997,0.0004945672000000001,0.0009726557,0.0025701557
2024,10,lanjian,input-mattcl,rust,0.001393784225,0.00020916378926145516,0.0013909477,0.0027219119999999986,0.0015541854,0.0008858027,0.0024516937000000003
2024,10,mattcl,input-mattcl,rust,0.0014564421700000003,0.00019139509969648714,0.0014109802000000001,0.0010205099999999999,0.00046889239999999997,0.0008608867,0.0023657327000000004
2024,10,mattcl-py,input-mattcl,python,0.019005087524675324,0.0005720520944546023,0.0189300407,0.013552734805194814,0.005326677922077924,0.018188988700000002,0.0218417457
