year,day,participant,input,language,mean,stddev,median,user,system,min,max
2024,10,kcen,input-kcen,nim,0.0015604166700000006,0.0003309939853148703,0.0014556558200000001,0.0011061900000000006,0.0004779588,0.0009326103200000001,0.0028210793200000002
2024,10,lanjian,input-kcen,rust,0.0014016568350000002,0.00020826388033888356,0.00141018582,0.0027203524000000002,0.0014584204000000001,0.0008748023200000002,0.00254966132
2024,10,mattcl,input-kcen,rust,0.0014466565249999991,0.00023076596754114105,0.00141522482,0.0010431550000000007,0.0004368835,0.00065639332,0.00230352032
2024,10,mattcl-py,input-kcen,python,0.0186885167570861,0.0007871673865466614,0.018540699320000003,0.014027256688741727,0.00454102238410596,0.017488406320000004,0.021786331320000005
2024,10,kcen,input-lanjian,nim,0.0014810926600000002,0.00021284016405844673,0.00143262832,0.000997554999999999,0.0005211500000000001,0.00058033132,0.0027449373200000003
2024,10,lanjian,input-lanjian,rust,0.0013995918650000002,0.00022068864864070885,0.0014059328200000001,0.002860697000000001,0.0014960648999999997,0.0008803423200000002,0.0024756123200000003
2024,10,mattcl,input-lanjian,rust,0.0014761180949999994,0.00022579357830995655,0.0014305988200000001,0.0011029486,0.0004259229,0.00045049732000000014,0.0023543553200000003
2024,10,mattcl-py,input-lanjian,python,0.01889236598666668,0.0007878634229061517,0.01871873182,0.014014343333333333,0.004759023333333332,0.017924644320000002,0.02201440832
2024,10,kcen,input-mattcl,nim,0.0014951354999999994,0.00022854080620407738,0.0014334298200000001,0.001095546200000001,0.00046015379999999993,0.00095894032,0.0027998193200000003
2024,10,lanjian,input-mattcl,rust,0.0014329446249999986,0.0002364749834511743,0.00142769382,0.0027202517999999993,0.0016042257999999995,0.0009720253200000002,0.00234271432
2024,10,mattcl,input-mattcl,rust,0.0014878949349999998,0.0002503460285252567,0.0014301683200000001,0.0010954600000000004,0.0004316833999999999,0.00042630232000000006,0.00233069132
2024,10,mattcl-py,input-mattcl,python,0.018967037472866235,0.0006677250620998864,0.018831854320000004,0.013659861910828023,0.005183266242038218,0.017693851320000002,0.022338065320000003
