year,day,participant,input,language,mean,stddev,median,user,system,min,max
2024,10,kcen,input-kcen,nim,0.0014217285949999997,0.00015651630348131169,0.0014165299800000001,0.000990675,0.0004672705,0.0006961369799999999,0.0024464129800000002
2024,10,mattcl,input-kcen,rust,0.0013814184099999996,0.00019876042191620196,0.0014124424800000001,0.0010901002000000002,0.00032776759999999995,0.0006208049799999999,0.00175212298
2024,10,mattcl-py,input-kcen,python,0.018408930117254908,0.000661457398882435,0.018291443980000002,0.013289257254901956,0.005013760392156865,0.01736009998,0.02139798898
2024,10,kcen,input-mattcl,nim,0.00144021402,0.00015724459839862906,0.00141948098,0.0010473400000000006,0.0004388139999999999,0.0009175609799999999,0.00227290898
2024,10,mattcl,input-mattcl,rust,0.0013975780099999995,0.00015500380104303263,0.00140609548,0.000942322,0.00048431699999999995,0.0005640289799999999,0.00183414698
2024,10,mattcl-py,input-mattcl,python,0.01872945390948717,0.0006685120325856098,0.01860527098,0.013434427692307694,0.005196649102564107,0.01778326198,0.02170589498
