year,day,participant,input,language,mean,stddev,median,user,system,min,max
2024,10,kcen,input-kcen,nim,0.0014687262499999997,0.00022404290578254186,0.0014214250999999998,0.0010557783000000002,0.0004822579999999998,0.0008253895999999999,0.0023360066
2024,10,lanjian,input-kcen,rust,0.001391127334999999,0.00018998816922371684,0.0013999096,0.0027741157000000013,0.0014585730000000006,0.0008970736,0.0021588956
2024,10,mattcl,input-kcen,rust,0.001418541274999999,0.00016516211853251985,0.0014110261,0.0011060900000000001,0.00036831400000000007,0.0009241335999999999,0.0023079256
2024,10,mattcl-py,input-kcen,python,0.018682142935526315,0.0007131625128142228,0.0185679231,0.013949320263157892,0.004618639473684213,0.017632125600000003,0.021733184600000004
2024,10,kcen,input-lanjian,nim,0.001600055659999999,0.0003186973914713133,0.0014616151,0.0011652766,0.00046124600000000006,0.0009795885999999998,0.0024249046
2024,10,lanjian,input-lanjian,rust,0.0014049572999999997,0.00021858329922912553,0.0014053705999999997,0.0028426731,0.0017416890000000005,0.0009032545999999998,0.0025200716
2024,10,mattcl,input-lanjian,rust,0.0014312806849999995,0.00019547566156488365,0.0014062725999999998,0.0010940749999999997,0.0003935579999999999,0.0007281575999999999,0.0026988766
2024,10,mattcl-py,input-lanjian,python,0.019173701724183024,0.0007739158044838592,0.0190401416,0.014375300784313726,0.0047326640522875815,0.018315665600000003,0.0250177336
2024,10,kcen,input-mattcl,nim,0.0015533204700000013,0.00029676143016644753,0.0014689846,0.0011202333000000005,0.0004787380000000001,0.0005894575999999998,0.0027397036
2024,10,lanjian,input-mattcl,rust,0.0013899941099999999,0.00021376784497737557,0.0014250570999999998,0.003077268700000001,0.0014802910000000003,0.0008998486,0.0023953786
2024,10,mattcl,input-mattcl,rust,0.0014533226849999992,0.0002281727476290954,0.0014213496,0.0011125200000000005,0.000400711,0.0007804145999999999,0.0026020456
2024,10,mattcl-py,input-mattcl,python,0.01898815948311688,0.0004983043391126513,0.0189565706,0.013271606233766232,0.005622445454545455,0.017663554600000003,0.0218030646
