year,day,participant,input,language,mean,stddev,median,user,system,min,max
2024,10,kcen,input-kcen,nim,0.0014350670550000006,0.00015215722006947985,0.0014117816199999999,0.0011670239000000004,0.0003858236000000002,0.0009136046199999997,0.00225172862
2024,10,lanjian,input-kcen,rust,0.0014075763100000005,0.0002868651471739808,0.00138335862,0.002880730400000001,0.0014130863999999993,0.0008696916199999999,0.00263375462
2024,10,mattcl,input-kcen,rust,0.0014156048800000004,0.00018265800906442427,0.00140611662,0.0009876189,0.000496861,0.0007274166199999998,0.00234829962
2024,10,mattcl-py,input-kcen,python,0.01839374224179488,0.0006544848581068967,0.018253276120000002,0.013406277692307693,0.004915867435897434,0.01741527262,0.021341171620000002
2024,10,kcen,input-lanjian,nim,0.0014533517199999996,0.00019005521614443667,0.0014142966200000001,0.0010062127999999999,0.0005238,0.0008381736199999998,0.00235764662
2024,10,lanjian,input-lanjian,rust,0.0013926484049999993,0.00023113398161398173,0.00139278212,0.0029167152999999995,0.0013594948000000002,0.0008777576199999999,0.00260099362
2024,10,mattcl,input-lanjian,rust,0.0014456310100000003,0.00020841929004473565,0.00141545912,0.0011170400000000004,0.00040659280000000006,0.0009175016199999998,0.00277812462
2024,10,mattcl-py,input-lanjian,python,0.01873283195333334,0.0005851524282636243,0.018683967620000002,0.013603514117647068,0.0050100460130719,0.01750618362,0.021792175620000003
2024,10,kcen,input-mattcl,nim,0.0014516000899999998,0.00018050716412845665,0.0014129691199999998,0.0010764250000000009,0.0004620396,0.0009651306199999998,0.00235454162
2024,10,lanjian,input-mattcl,rust,0.0013934111250000004,0.00025699869139203036,0.0013896761199999998,0.002851916000000001,0.0015362676000000002,0.0009018626199999998,0.00249619662
2024,10,mattcl,input-mattcl,rust,0.00142154453,0.00014657621455436542,0.00140587612,0.0010864200000000003,0.00040500159999999993,0.0009664036199999998,0.0023935346200000002
2024,10,mattcl-py,input-mattcl,python,0.018867600818675494,0.0006382617958280549,0.018725315620000002,0.014221372317880801,0.004552539602649007,0.017621568620000003,0.021419778620000003
