year,day,participant,input,language,mean,stddev,median,user,system,min,max
2024,10,kcen,input-kcen,nim,0.0015660324899999997,0.00028057119539384495,0.0014574715400000001,0.0011248865999999992,0.0004875658000000001,0.00099185454,0.00283114854
2024,10,lanjian,input-kcen,rust,0.0014306472349999997,0.00020377489402210615,0.00145381454,0.0027947171000000004,0.0015551205999999995,0.00091675354,0.0024214515400000003
2024,10,mattcl,input-kcen,rust,0.0014533191199999993,0.0001961146299887177,0.00144121154,0.0010695498999999994,0.0004663559999999998,0.00079409454,0.00257038054
2024,10,mattcl-py,input-kcen,python,0.01885093877125,0.0007587347871731894,0.01868405704,0.01431709,0.004427701000000001,0.01769162254,0.022081582540000002
2024,10,kcen,input-lanjian,nim,0.0015651918950000004,0.0003071504621557347,0.00145485254,0.0011617965999999994,0.00046806899999999983,0.00065505454,0.00273010954
2024,10,lanjian,input-lanjian,rust,0.0014413729499999995,0.00021916957396138261,0.00143597154,0.0030436654000000002,0.0015436767999999995,0.0009632715399999999,0.0026295415400000004
2024,10,mattcl,input-lanjian,rust,0.001503367350000001,0.0002261307158615658,0.00145016804,0.0011214899999999995,0.0004316254000000001,0.00102377454,0.00273661254
2024,10,mattcl-py,input-lanjian,python,0.019168165132356686,0.0008618151238476933,0.01898960354,0.014500015159235664,0.004590006878980891,0.01773676854,0.02428044954
2024,10,kcen,input-mattcl,nim,0.0012825440049999996,0.0003344824423065365,0.00139714354,0.0009805697000000002,0.00042050379999999986,0.00039323354,0.0026440495400000003
2024,10,lanjian,input-mattcl,rust,0.0014310119299999998,0.00022289422616635768,0.00143819504,0.002950706700000001,0.0015377013999999997,0.00099706454,0.00242716154
2024,10,mattcl,input-mattcl,rust,0.0014516296899999993,0.00018285976206217335,0.00144601504,0.0010654716000000001,0.0004578478,0.00045037154,0.00233556054
2024,10,mattcl-py,input-mattcl,python,0.019182474012602736,0.0005728804792109507,0.01911121154,0.013231901643835618,0.0058733632876712336,0.01794231354,0.02254471954
