year,day,participant,input,language,mean,stddev,median,user,system,min,max
2024,10,kcen,input-kcen,nim,0.0014509059600000007,0.00010863856315525246,0.00143955108,0.0011303349999999999,0.0003918361999999998,0.0012220740800000002,0.0022366450800000003
2024,10,lanjian,input-kcen,rust,0.001422398995,0.00024243372450024998,0.00142703758,0.0025988843,0.0015170762000000007,0.0008807650799999999,0.00252185908
2024,10,mattcl,input-kcen,rust,0.0014203585150000006,0.00018174100609697716,0.00141552158,0.0009758599999999995,0.00048481020000000014,0.00042663407999999996,0.00214766708
2024,10,mattcl-py,input-kcen,python,0.018365851631282053,0.0006850629946193391,0.018254414080000003,0.013545083076923077,0.004734745128205126,0.01721918608,0.02131192108
2024,10,kcen,input-lanjian,nim,0.0014919795949999992,0.00019609065717841604,0.00144981108,0.0010090318000000001,0.0005580562,0.0008653960799999998,0.0024477700800000003
2024,10,lanjian,input-lanjian,rust,0.0014371256350000003,0.00020820264785252133,0.0014356840800000001,0.0029003577999999995,0.0015188676000000001,0.00093549708,0.00251976408
2024,10,mattcl,input-lanjian,rust,0.001497448375,0.00022103715573099068,0.0014516990800000002,0.0010730899999999994,0.0004502234,0.00090521108,0.0024091070800000003
2024,10,mattcl-py,input-lanjian,python,0.018699684579999997,0.000580534224845437,0.018598990080000002,0.013306997662337663,0.005269484935064934,0.017677223080000002,0.02162479608
2024,10,kcen,input-mattcl,nim,0.0014556991600000002,0.00021569613806641844,0.0014583965800000001,0.0011253350999999997,0.0004042435999999999,0.0005024770799999999,0.00229564408
2024,10,lanjian,input-mattcl,rust,0.0014216922700000015,0.00022005710406956038,0.00144081858,0.0027434959999999985,0.0015133668,0.00091725308,0.00262109508
2024,10,mattcl,input-mattcl,rust,0.0014398564700000014,0.00014198912701248197,0.0014421815800000001,0.0010508317000000001,0.00045744280000000007,0.00069037808,0.0021956470800000003
2024,10,mattcl-py,input-mattcl,python,0.018674278287792202,0.000662043882449736,0.01853747408,0.014104984675324679,0.004482559220779219,0.01761098908,0.02168930808
