year,day,participant,input,language,mean,stddev,median,user,system,min,max
2024,10,kcen,input-kcen,nim,0.0014513173699999998,0.0001867332666935652,0.0014076008800000003,0.0009592881,0.0005464571999999999,0.0008516208800000004,0.0022831698800000006
2024,10,lanjian,input-kcen,rust,0.001423606155,0.00020382551112512015,0.0014375923800000001,0.0026923645999999994,0.0016379339,0.0009534408800000002,0.0022865958800000006
2024,10,mattcl,input-kcen,rust,0.0013112186050000005,0.00034156128187601026,0.0013710878800000002,0.0009448543000000008,0.0004415658999999998,0.0002566068800000003,0.0026913638800000004
2024,10,mattcl-py,input-kcen,python,0.0186816214248718,0.0006948981150542336,0.018580569380000002,0.013697088205128213,0.004884246282051282,0.017194359880000003,0.021416933880000003
2024,10,kcen,input-lanjian,nim,0.0015426412800000004,0.00030506435426757666,0.0014312553800000004,0.0010875527,0.00047515649999999997,0.0008564198800000004,0.00263021888
2024,10,lanjian,input-lanjian,rust,0.0014145704400000004,0.00018107767834928812,0.0014227493800000003,0.003262566100000001,0.0015418117000000002,0.0010345128800000002,0.00256463588
2024,10,mattcl,input-lanjian,rust,0.0014924340500000017,0.00027156541168510325,0.0014265658800000003,0.0010561799999999997,0.00047682539999999987,0.0009148688800000003,0.0027032658800000007
2024,10,mattcl-py,input-lanjian,python,0.01889453680715231,0.0005711801352795819,0.018790987880000002,0.014129585827814563,0.004645841456953641,0.01749708788,0.021397547880000003
2024,10,kcen,input-mattcl,nim,0.00145658615,0.00020872353774705263,0.0014191118800000002,0.0011199800000000005,0.0004099414000000002,0.0009235458800000002,0.00249580788
2024,10,lanjian,input-mattcl,rust,0.0014175792399999992,0.0001720284921544541,0.0014431623800000002,0.0027920451000000026,0.0019199373000000006,0.0010012198800000004,0.00198964088
2024,10,mattcl,input-mattcl,rust,0.0014483199950000006,0.00019676096037090846,0.0014180958800000002,0.0010385477,0.00045788539999999986,0.0004960048800000001,0.0022633528800000005
2024,10,mattcl-py,input-mattcl,python,0.0189497268671795,0.0005698077777144193,0.01887722538,0.014297959999999997,0.004549986282051283,0.01799434788,0.021708650880000003
