year,day,participant,input,language,mean,stddev,median,user,system,min,max
2024,10,kcen,input-kcen,nim,0.001554689435,0.00032820308322411765,0.0014093879800000002,0.0010860206000000002,0.0005018507999999997,0.0011270339800000001,0.0027838059800000007
2024,10,mattcl,input-kcen,rust,0.001370666545,0.00013649787851873876,0.0013811149800000003,0.0010443855999999999,0.0004241303999999999,0.0006995929800000002,0.0018996309800000004
2024,10,mattcl-py,input-kcen,python,0.01854410193569621,0.0005199836699721308,0.01848878498,0.013134962278481009,0.00533742658227848,0.017482750980000003,0.021084515980000003
2024,10,kcen,input-mattcl,nim,0.001474361475000001,0.000272418721586705,0.0014036364800000002,0.0009960455999999999,0.0005355798000000001,0.0008497249800000003,0.0027495719800000006
2024,10,mattcl,input-mattcl,rust,0.0014266763799999996,0.0001958785830826133,0.0013857789800000003,0.0011037606,0.00038894120000000003,0.0008893389800000001,0.00227284998
2024,10,mattcl-py,input-mattcl,python,0.01905552598653595,0.000651664158067691,0.018937054980000003,0.013545213333333323,0.005416637908496732,0.01805487298,0.022131996980000002
