year,day,participant,input,language,mean,stddev,median,user,system,min,max
2024,10,kcen,input-kcen,nim,0.0014517159100000002,0.00018444097636081787,0.00142731768,0.0009921163999999998,0.0005045863999999999,0.0007309286800000003,0.0023715706800000002
2024,10,lanjian,input-kcen,rust,0.0014003130000000003,0.000272412298442418,0.0013966306800000002,0.002588052,0.0015182949999999998,0.0008692576800000002,0.00253478668
2024,10,mattcl,input-kcen,rust,0.0014044327550000008,0.00018357123655089182,0.00140270168,0.0010020050000000003,0.00045490269999999994,0.0007606446800000002,0.00222899468
2024,10,mattcl-py,input-kcen,python,0.01851973623345912,0.0007868997593216618,0.018275912680000003,0.013964078490566034,0.004465539496855344,0.017253958680000004,0.021432503680000003
2024,10,kcen,input-lanjian,nim,0.0014696815649999995,0.0002154499337795672,0.0014201646800000001,0.0010841664000000003,0.0004486569000000002,0.0009680036800000003,0.00240228868
2024,10,lanjian,input-lanjian,rust,0.0014050427799999995,0.00020873605655576683,0.00140203618,0.0028404657999999993,0.0013620179000000002,0.0009156046800000002,0.0025225436800000002
2024,10,mattcl,input-lanjian,rust,0.0014311622299999988,0.00018161210297502908,0.0014116941800000002,0.0010552100000000009,0.0004373654999999999,0.00037906068000000007,0.00229908568
2024,10,mattcl-py,input-lanjian,python,0.018690736163660134,0.0006799519923731083,0.018592655680000004,0.013576733071895419,0.005026706535947712,0.01747334068,0.021492576680000004
2024,10,kcen,input-mattcl,nim,0.0014643485949999999,0.00020894589888767302,0.00142833468,0.0010638864000000004,0.0004697219999999999,0.0007988866800000002,0.00233705668
2024,10,lanjian,input-mattcl,rust,0.0014110273549999997,0.0002494774564296187,0.00140526218,0.0027675428000000003,0.0014249829,0.0008816106800000001,0.0025319716800000004
2024,10,mattcl,input-mattcl,rust,0.0013990292600000005,0.0001537791375961404,0.0013972211800000003,0.0010308828000000002,0.0004385548,0.0006565696800000001,0.0021664866800000003
2024,10,mattcl-py,input-mattcl,python,0.018773391085228762,0.0005973211742292618,0.018675168680000003,0.014170386666666666,0.00449899111111111,0.017807344680000003,0.021177715680000004
