year,day,participant,input,language,mean,stddev,median,user,system,min,max
2024,10,kcen,input-kcen,nim,0.001406939015,0.0001011390932215022,0.00141390814,0.0010128700000000006,0.000446041,0.0007468091399999998,0.00160378414
2024,10,mattcl,input-kcen,rust,0.001404822529999999,0.00009671462827951164,0.0014056226399999999,0.0010507200000000006,0.0003986155,0.0007708451399999999,0.0017095721399999998
2024,10,mattcl-py,input-kcen,python,0.018462722485911957,0.0007401239491585432,0.01834469114,0.014061268553459101,0.00430317987421384,0.01694597414,0.02198545014
2024,10,kcen,input-mattcl,nim,0.0013943321149999994,0.0001655787127834964,0.00140897464,0.001067314,0.0003592584999999999,0.0006343991399999998,0.00187193714
2024,10,mattcl,input-mattcl,rust,0.0014305863400000001,0.00018452619377275767,0.0014069916399999998,0.0010622799999999996,0.00042270899999999995,0.00082956414,0.00241116514
2024,10,mattcl-py,input-mattcl,python,0.01883484097116883,0.0005887188083104318,0.01876432764,0.014053144155844154,0.004659911038961041,0.01741191514,0.02145110814
