year,day,participant,input,language,mean,stddev,median,user,system,min,max
2024,10,kcen,input-kcen,nim,0.001458980735,0.00022152228235155938,0.0014206809000000002,0.0011179064000000002,0.00043019099999999974,0.0008969304000000001,0.0023977904
2024,10,mattcl,input-kcen,rust,0.0014238963049999992,0.00014857408493745128,0.0014128759000000002,0.0010911000000000007,0.0004098572000000001,0.0007094694,0.0021062644
2024,10,mattcl-py,input-kcen,python,0.018563715539999998,0.0006046145247906296,0.0184777079,0.01422497333333333,0.0042603810666666676,0.0174832264,0.0215282504
2024,10,kcen,input-mattcl,nim,0.0014741374200000004,0.00019935342783440228,0.0014309299000000001,0.0010552538,0.0004994943999999997,0.0009065074000000001,0.0023163784
2024,10,mattcl,input-mattcl,rust,0.00145500721,0.00018907329879568218,0.0014294529000000002,0.0011438050000000006,0.0004006973999999999,0.0008367184000000001,0.0023550304000000003
2024,10,mattcl-py,input-mattcl,python,0.0189724750923077,0.0007181564801272738,0.0188586709,0.014184675897435892,0.004694275384615386,0.0178075624,0.0219781724
