year,day,participant,input,language,mean,stddev,median,user,system,min,max
2024,10,kcen,input-kcen,nim,0.0014505052850000005,0.0002221361924106594,0.0014134158400000004,0.001137785,0.0004068949000000001,0.0008578353400000003,0.0026586673400000004
2024,10,lanjian,input-kcen,rust,0.001387348975000001,0.00016379764876071784,0.0014133103400000005,0.0025919428,0.0015841924000000002,0.0009120773400000004,0.0022619343400000005
2024,10,mattcl,input-kcen,rust,0.0014020813250000003,0.00015514117804827255,0.0013949013400000004,0.00101843,0.0004174442000000001,0.0009039923400000003,0.0023187713400000002
2024,10,mattcl-py,input-kcen,python,0.018595211839999997,0.0006082698404972629,0.01845234034,0.013569789870129877,0.004920642727272727,0.01746984634,0.02124908134
2024,10,kcen,input-lanjian,nim,0.001464859685,0.0002449266479181227,0.0014231743400000003,0.001052782600000001,0.0004820228000000001,0.00040471734000000034,0.0024181273400000003
2024,10,lanjian,input-lanjian,rust,0.001399120960000001,0.00021864052632700174,0.0013935943400000005,0.002908742800000001,0.0014459511999999996,0.0009354003400000005,0.0023653983400000007
2024,10,mattcl,input-lanjian,rust,0.001446325370000001,0.00017918848721606813,0.0014049053400000003,0.0010884849999999993,0.0004169829999999998,0.0007090573400000003,0.0022294133400000008
2024,10,mattcl-py,input-lanjian,python,0.018946386753333322,0.000581475490589256,0.01885201884,0.014003413333333338,0.004836741733333334,0.01797946034,0.02178423334
2024,10,kcen,input-mattcl,nim,0.001476041119999999,0.000216850504117518,0.0014175683400000005,0.0010530900000000004,0.0004933614000000001,0.0009330063400000005,0.00238923234
2024,10,lanjian,input-mattcl,rust,0.0013936143500000006,0.00024036477356376848,0.0013932483400000003,0.002753393200000001,0.0016559067,0.0008946043400000004,0.0025612753400000004
2024,10,mattcl,input-mattcl,rust,0.0014121874750000008,0.00015816233386182647,0.0014040083400000006,0.0009797699999999998,0.00048805829999999987,0.0007803203400000003,0.0026317363400000003
2024,10,mattcl-py,input-mattcl,python,0.01891715943150328,0.0005164481157598115,0.01887743134,0.013891597908496735,0.004914284313725489,0.017738319340000003,0.02159955834
