year,day,participant,input,language,mean,stddev,median,user,system,min,max
2024,10,kcen,input-kcen,nim,0.0014384612549999992,0.00016447648271491065,0.0014545460599999997,0.0010533564,0.0003997049999999999,0.0006069640599999999,0.0017493430599999998
2024,10,mattcl,input-kcen,rust,0.0014501508749999996,0.0001843487317284287,0.0014546460599999997,0.0010094182,0.00044135999999999985,0.0007420570599999998,0.00236437406
2024,10,mattcl-py,input-kcen,python,0.018373597572658225,0.0006348670248101035,0.018254989560000004,0.01341953088607595,0.004855746835443039,0.017099657060000002,0.021918197060000002
2024,10,kcen,input-mattcl,nim,0.0014621585249999997,0.00018338107000133064,0.0014511795599999999,0.0009307682000000005,0.000545675,0.0007874420599999998,0.00251750106
2024,10,mattcl,input-mattcl,rust,0.0014633993299999998,0.00015060511400993932,0.0014599510599999999,0.0010300950000000004,0.0004603899999999998,0.0008475650599999999,0.0021909190599999997
2024,10,mattcl-py,input-mattcl,python,0.01872080069924052,0.0007701981574218848,0.018552041560000003,0.01336722075949367,0.005259329113924053,0.017462066060000003,0.021977358060000004
