year,day,participant,input,language,mean,stddev,median,user,system,min,max
2024,10,kcen,input-kcen,nim,0.0015623110250000002,0.0003161144722014444,0.0014501346600000002,0.0011258810999999994,0.0004827773999999997,0.0009560486600000001,0.00248156666
2024,10,lanjian,input-kcen,rust,0.0014161922550000006,0.00023377073098350824,0.0014016436600000001,0.0028862928999999994,0.0015688591999999996,0.0009316936600000001,0.0026891046600000003
2024,10,mattcl,input-kcen,rust,0.001421958194999999,0.00017516763616704574,0.0014054306600000002,0.00104328,0.00047188660000000007,0.0008941836600000002,0.0025031366600000004
2024,10,mattcl-py,input-kcen,python,0.01888945083567568,0.0006332765668707483,0.018768611660000004,0.013942158378378368,0.004837262702702702,0.01763280466,0.02172417766
2024,10,kcen,input-lanjian,nim,0.0015089097199999992,0.0002221372403352604,0.0014339236600000003,0.0010592332999999998,0.0005330703999999998,0.0009560486600000001,0.0024675906600000004
2024,10,lanjian,input-lanjian,rust,0.0014173592050000002,0.0002074099231653958,0.0014057916600000002,0.0031169941,0.0014241654000000002,0.00104103866,0.0023720406600000006
2024,10,mattcl,input-lanjian,rust,0.0015081908750000008,0.000290913968985909,0.0014237201600000003,0.0010780922,0.0004848943,0.00077551066,0.00360397866
2024,10,mattcl-py,input-lanjian,python,0.019104844776883116,0.0005601876157076846,0.019011837660000003,0.012748292987012988,0.006322315324675322,0.01809575166,0.02177165566
2024,10,kcen,input-mattcl,nim,0.001397113665,0.00030064441834754327,0.0014323661600000002,0.0011031670999999998,0.0004261335999999999,0.00033176966000000017,0.0022013716600000005
2024,10,lanjian,input-mattcl,rust,0.0013963866900000002,0.0001673704235507784,0.0014047491600000003,0.0031339367999999993,0.0013146807999999996,0.00099723666,0.0021553556600000003
2024,10,mattcl,input-mattcl,rust,0.0015132534100000003,0.00027575274861908885,0.0014319406600000002,0.0011361549999999994,0.0004524978000000002,0.00082718766,0.00280625366
2024,10,mattcl-py,input-mattcl,python,0.01930626531562914,0.0007091003604198496,0.01915297066,0.012978574701986753,0.0062713445033112545,0.01811755266,0.02232621466
