year,day,participant,input,language,mean,stddev,median,user,system,min,max
2024,10,kcen,input-kcen,nim,0.0014356046199999997,0.0002064366010772539,0.0014204617999999999,0.00107022,0.00045363889999999995,0.0004703597999999999,0.0025021998000000004
2024,10,lanjian,input-kcen,rust,0.001394261545000001,0.00028594249013135946,0.0013837222999999999,0.002645692599999999,0.0015016067999999994,0.0008849647999999999,0.0024332108
2024,10,mattcl,input-kcen,rust,0.0014013378800000003,0.00014539722466261714,0.0013804013,0.0010375333999999995,0.0004233806000000001,0.0008055858,0.0022406198000000004
2024,10,mattcl-py,input-kcen,python,0.018408093875949376,0.0006757349535488947,0.0182759678,0.013620085822784813,0.004736323924050633,0.0174901888,0.0217021558
2024,10,kcen,input-lanjian,nim,0.001435386145,0.00021332129872109881,0.0014113288,0.0010481402,0.00047819369999999993,0.0004269777999999999,0.0023262598
2024,10,lanjian,input-lanjian,rust,0.0014038178299999996,0.0002562751282137108,0.0014072013,0.0028019798000000007,0.0013761733999999991,0.0009581817999999998,0.0029648138000000004
2024,10,mattcl,input-lanjian,rust,0.0014190560000000008,0.00018917463873928953,0.0014034898,0.0010391400000000005,0.0004452953999999999,0.0007608827999999999,0.0022895017999999996
2024,10,mattcl-py,input-lanjian,python,0.01879792449871794,0.000723399728329169,0.0186384363,0.013616396923076927,0.005108556282051282,0.0174893268,0.0222581658
2024,10,kcen,input-mattcl,nim,0.0014603904249999994,0.00020829451246521104,0.0014154362999999998,0.0010263800000000006,0.0004883201999999997,0.0007456437999999999,0.0023724778
2024,10,lanjian,input-mattcl,rust,0.001393790405,0.000222465287056192,0.0014034693,0.0027940138,0.0013827917,0.0008735338,0.0023291568
2024,10,mattcl,input-mattcl,rust,0.0014200180500000001,0.00015680474930130384,0.0014007047999999999,0.00102254,0.00046146039999999994,0.0007366777999999999,0.0021239218000000002
2024,10,mattcl-py,input-mattcl,python,0.018813290319480522,0.0006494340861466747,0.0186853438,0.014302826493506499,0.004428890519480518,0.0177492328,0.0218032648
