year,day,participant,input,language,mean,stddev,median,user,system,min,max
2024,10,kcen,input-kcen,nim,0.0015393679450000004,0.00032474012842478785,0.00141527804,0.0011430949999999998,0.0004338929999999999,0.0008305775399999997,0.0027689265399999997
2024,10,lanjian,input-kcen,rust,0.0014081601350000002,0.000240659261948087,0.0014083150399999997,0.002826049999999999,0.0017709344000000008,0.0009487295399999997,0.00262353454
2024,10,mattcl,input-kcen,rust,0.00146243375,0.0002432539821861773,0.0014158435399999998,0.0010801150000000002,0.00042498020000000005,0.0007009055399999997,0.00283198454
2024,10,mattcl-py,input-kcen,python,0.018560792195844156,0.000650038456673538,0.01844395804,0.013538064935064936,0.004907312727272728,0.017134807539999998,0.02196406754
2024,10,kcen,input-lanjian,nim,0.0015004923249999993,0.0002606263399810125,0.00142768054,0.0010288324999999999,0.0005208106,0.0004675385399999998,0.00264896254
2024,10,lanjian,input-lanjian,rust,0.0014150256849999993,0.00021442582770941633,0.0014185335399999996,0.00314262,0.0016005550000000003,0.0010020195399999998,0.00244938754
2024,10,mattcl,input-lanjian,rust,0.0014334040249999991,0.00016156363719885858,0.0014024480399999998,0.0010712849999999995,0.00043950679999999983,0.0009397925399999999,0.00236244554
2024,10,mattcl-py,input-lanjian,python,0.01896231626185429,0.0006682673693433009,0.01883469954,0.01371004966887417,0.005165262251655629,0.01775379654,0.02196839454
2024,10,kcen,input-mattcl,nim,0.0015122102349999994,0.0002959485280683129,0.0014131685399999998,0.0010693600000000003,0.0004987001,0.0009869515399999998,0.0035392885400000003
2024,10,lanjian,input-mattcl,rust,0.0014010800199999998,0.0001920351423910095,0.00140215804,0.0029870499999999993,0.0017530544000000003,0.0009859685399999998,0.0024012175399999998
2024,10,mattcl,input-mattcl,rust,0.0015039250400000004,0.0002556899764931063,0.0014150470399999998,0.0010023600000000003,0.0005373878000000001,0.0011074155399999996,0.0024613605399999997
2024,10,mattcl-py,input-mattcl,python,0.019083292066666667,0.0005474435516053979,0.01900664104,0.013530073333333321,0.005463157333333329,0.01816140854,0.021768610540000004
