year,day,participant,input,language,mean,stddev,median,user,system,min,max
2024,10,kcen,input-kcen,nim,0.0014951711799999993,0.00023987706757299052,0.00144311968,0.001151658999999999,0.00041784789999999987,0.0009598256799999999,0.00263143568
2024,10,mattcl,input-kcen,rust,0.001436129784999999,0.0001986901189880144,0.0014202821799999999,0.0010711299999999998,0.0004099714000000001,0.0007071416799999999,0.00256098368
2024,10,mattcl-py,input-kcen,python,0.01848745545639752,0.0006341088057111334,0.018393800680000003,0.013861019254658385,0.004550151304347826,0.01743514468,0.021443590680000003
2024,10,kcen,input-mattcl,nim,0.0015050175449999995,0.0002589185155098335,0.0014350556799999999,0.0010875549999999994,0.00047562340000000024,0.0007133836799999999,0.00228209168
2024,10,mattcl,input-mattcl,rust,0.0014511960049999996,0.00019191384608989117,0.0014202771799999999,0.0011421694999999997,0.00039136560000000006,0.00095007668,0.00234394668
2024,10,mattcl-py,input-mattcl,python,0.018968546732631573,0.0006399375850805392,0.01887506718,0.014126698684210527,0.004749817631578948,0.017519472680000002,0.021791512680000003
