year,day,participant,input,language,mean,stddev,median,user,system,min,max
2024,10,kcen,input-kcen,nim,0.001456358340000001,0.00018612662875180155,0.0014227038800000002,0.0010885600000000001,0.0004342637999999999,0.0009704518800000001,0.00263516888
2024,10,lanjian,input-kcen,rust,0.0013947943699999996,0.00025592565351128003,0.0013778648800000003,0.0027815804000000015,0.0013141372000000007,0.0008616288800000002,0.0024336208800000004
2024,10,mattcl,input-kcen,rust,0.0014147752200000007,0.00020884724812121283,0.0014095488800000002,0.0010099549999999992,0.0004823444,0.00041776788000000016,0.0025252628800000003
2024,10,mattcl-py,input-kcen,python,0.018434273722105265,0.0006298735963205129,0.018289831880000003,0.013572566842105269,0.0047913068421052635,0.017115117880000003,0.021668140880000002
2024,10,kcen,input-lanjian,nim,0.0014436848300000008,0.0001684716883739381,0.0014187463800000002,0.0010086242000000001,0.0005131485999999999,0.0009360368800000002,0.00242704888
2024,10,lanjian,input-lanjian,rust,0.0014057479200000004,0.00022012539969481582,0.0014017043800000001,0.0026033996000000004,0.0015092004,0.0008784198800000001,0.0023579998800000003
2024,10,mattcl,input-lanjian,rust,0.0014091818100000007,0.00009918627708622919,0.0014103208800000002,0.0010483671000000002,0.00044635299999999986,0.00080760688,0.00217207188
2024,10,mattcl-py,input-lanjian,python,0.01871950502473684,0.0007144940198173071,0.01860303788,0.014031487894736846,0.0046023105263157905,0.01742056988,0.021702976880000002
2024,10,kcen,input-mattcl,nim,0.0014989690899999994,0.0002688713806821685,0.0014464628800000003,0.0011719200000000003,0.0003869549999999999,0.00085792188,0.0026619488800000003
2024,10,lanjian,input-mattcl,rust,0.0013958707300000006,0.00023785457881418185,0.0013955328800000003,0.002648488800000001,0.0015221149999999997,0.0008991588800000002,0.0026027478800000003
2024,10,mattcl,input-mattcl,rust,0.0014198481900000001,0.00012940772977710501,0.0014118383800000003,0.0010270571,0.00047055760000000007,0.0008201708800000001,0.0018936198800000004
2024,10,mattcl-py,input-mattcl,python,0.018832126826666674,0.000621519423291394,0.01873229438,0.013688193333333333,0.005076843199999998,0.01797641988,0.021826907880000003
