year,day,participant,input,language,mean,stddev,median,user,system,min,max
2024,10,kcen,input-kcen,nim,0.0013803694050000001,0.00015259187824829827,0.0013675685200000003,0.0010656149999999996,0.0004080464000000001,0.0007818260200000001,0.00217542802
2024,10,lanjian,input-kcen,rust,0.0013672064550000005,0.00021525210977994932,0.0013723380200000002,0.002827665000000001,0.0012964669,0.0008890470200000002,0.00229925002
2024,10,mattcl,input-kcen,rust,0.0013366412750000004,0.0002812183138589812,0.00137524302,0.0010316894999999999,0.0004129999000000001,0.00036031602,0.0029989910200000003
2024,10,mattcl-py,input-kcen,python,0.01847677630289473,0.0006954918158999195,0.01831764802,0.013496015789473686,0.004923059473684211,0.017572812020000002,0.02141242702
2024,10,kcen,input-lanjian,nim,0.0014102708750000012,0.00016925076601964067,0.0013873110200000001,0.000992279499999999,0.0005288299999999999,0.0007512680200000002,0.00234316202
2024,10,lanjian,input-lanjian,rust,0.0013687273899999999,0.00023535739085378348,0.0013747625200000002,0.0028836235,0.0014448418999999998,0.00087023202,0.00243095602
2024,10,mattcl,input-lanjian,rust,0.0013936689800000002,0.0001495783268942088,0.0013764855200000003,0.0010161945000000002,0.0004689284000000001,0.0008065930200000001,0.00226392302
2024,10,mattcl-py,input-lanjian,python,0.018751683500519485,0.0005916897926733067,0.01865237552,0.01399474545454547,0.004693886363636365,0.017551121020000005,0.02167504002
2024,10,kcen,input-mattcl,nim,0.0014448398649999999,0.0002576444286294387,0.00138524202,0.0011414665000000002,0.0003933878999999999,0.0005650300200000001,0.0026270940200000003
2024,10,lanjian,input-mattcl,rust,0.0013643952050000003,0.0001975503482201952,0.0013738160200000003,0.0028468865,0.0015665103999999998,0.00088483902,0.0025911770200000004
2024,10,mattcl,input-mattcl,rust,0.0013896333749999997,0.00014178387467468864,0.0013777330200000003,0.0010789449999999996,0.0004122290999999997,0.0009145650200000001,0.00219397202
2024,10,mattcl-py,input-mattcl,python,0.018825952441052632,0.0005375111244293754,0.01873359752,0.01354485789473684,0.005215400131578944,0.017714748020000004,0.02123277102
