year,day,participant,input,language,mean,stddev,median,user,system,min,max
2024,10,kcen,input-kcen,nim,0.0015122634949999998,0.0002481783700504211,0.0014609979200000001,0.0010655460000000001,0.0004866920999999998,0.00055165542,0.0024412134200000003
2024,10,lanjian,input-kcen,rust,0.0014164515999999995,0.00018099642085416413,0.00143685742,0.0029066700000000005,0.0013808418999999997,0.0009147654200000001,0.00207190142
2024,10,mattcl,input-kcen,rust,0.0014730848199999997,0.0001758922353040957,0.00143423342,0.001069385,0.0004544134999999998,0.0010316434200000001,0.00270529842
2024,10,mattcl-py,input-kcen,python,0.018673223213548383,0.0006942322909164483,0.01854953242,0.0135310193548387,0.005051504645161288,0.017386244420000002,0.02194618442
2024,10,kcen,input-lanjian,nim,0.0015542928699999994,0.0002896684214275334,0.0014686869199999999,0.0011000610000000005,0.0004791458999999999,0.0009672634200000001,0.0027459534200000003
2024,10,lanjian,input-lanjian,rust,0.001433276330000001,0.00020687321566393655,0.00145837842,0.0033234660000000006,0.0012628406999999995,0.0009424364200000002,0.00242197742
2024,10,mattcl,input-lanjian,rust,0.0015152513299999991,0.00025419353992469826,0.0014531984200000002,0.0010099160000000002,0.0005333650000000002,0.0009117694200000002,0.00246553942
2024,10,mattcl-py,input-lanjian,python,0.019035604528843533,0.0006025373976845825,0.01897730442,0.014005092517006802,0.00493843292517007,0.01766543642,0.022251536420000002
2024,10,kcen,input-mattcl,nim,0.001628393395,0.0003573754412669372,0.00148361492,0.0012144959999999998,0.0004400148999999999,0.0009515934200000001,0.0034000494200000005
2024,10,lanjian,input-mattcl,rust,0.0014408405900000003,0.0002227803546765517,0.0014527829200000001,0.0028108360000000006,0.0016706955000000006,0.0009472264200000002,0.0024869704200000003
2024,10,mattcl,input-mattcl,rust,0.0014964566900000005,0.00023847464258555602,0.00144750292,0.0010590700000000005,0.0004719016000000001,0.00096037042,0.00256657842
2024,10,mattcl-py,input-mattcl,python,0.019180159494829933,0.000651557248496784,0.01902828942,0.013853834013605444,0.005265114829931971,0.01769165642,0.02185178742
