year,day,participant,input,language,mean,stddev,median,user,system,min,max
2024,10,kcen,input-kcen,nim,0.00154996677,0.0003047945212920327,0.0014553139400000001,0.0011603749999999997,0.00044665649999999993,0.00084326894,0.00269538794
2024,10,lanjian,input-kcen,rust,0.0014246362150000002,0.00024212670414308976,0.00142527394,0.002970646,0.0014878584999999996,0.00091673694,0.0025424209400000002
2024,10,mattcl,input-kcen,rust,0.0014869759800000004,0.00022216733931261056,0.00145325594,0.0010675349999999994,0.0004639345,0.00083197694,0.0025130049400000003
2024,10,mattcl-py,input-kcen,python,0.018877513108918918,0.0005695221357458213,0.01879845444,0.013778563243243249,0.005006986486486489,0.017736319940000002,0.021620204940000002
2024,10,kcen,input-lanjian,nim,0.001587767215000001,0.0002810647880895229,0.00149827544,0.0011405126999999994,0.0004979415000000001,0.0008766119399999999,0.00268432694
2024,10,lanjian,input-lanjian,rust,0.0014159598749999994,0.0002545395209668451,0.00143596394,0.0031064046000000025,0.0015131799999999996,0.00095811394,0.00258197494
2024,10,mattcl,input-lanjian,rust,0.0014948821400000013,0.000207483987486811,0.0014428159400000002,0.0010426449999999996,0.0005011185000000002,0.00099037394,0.00239219994
2024,10,mattcl-py,input-lanjian,python,0.01911944268,0.0005957326178509418,0.018999500940000004,0.014651619999999997,0.004412870666666666,0.01801871894,0.02196400894
2024,10,kcen,input-mattcl,nim,0.0015835155700000005,0.00029256410398728426,0.0014637854400000002,0.00115872,0.0004678680000000001,0.00099711694,0.00248503394
2024,10,lanjian,input-mattcl,rust,0.0014318988299999995,0.00015293205693513038,0.00145300544,0.003114097799999999,0.0015382855,0.0010131169399999998,0.00202050394
2024,10,mattcl,input-mattcl,rust,0.0015722311849999998,0.00033697672108257387,0.00146383094,0.0010904450000000006,0.0005070759999999998,0.0009553489400000001,0.0026871319400000003
2024,10,mattcl-py,input-mattcl,python,0.01929556456745099,0.0006880386990308786,0.01920297794,0.013977963790849677,0.00523799411764706,0.017930653940000003,0.02210079494
