year,day,participant,input,language,mean,stddev,median,user,system,min,max
2024,10,kcen,input-kcen,nim,0.0014858092049999999,0.0002559099285631941,0.00142933866,0.0010443907999999997,0.0005028549000000002,0.00084808016,0.0027044561600000003
2024,10,lanjian,input-kcen,rust,0.0013781561799999997,0.00022754548604087376,0.0013812391600000003,0.0026454679999999993,0.0015345264999999998,0.00084587616,0.00232604816
2024,10,mattcl,input-kcen,rust,0.0014283694399999994,0.00015461800185326768,0.00141358416,0.001117179999999999,0.0004070946999999999,0.0007295281600000001,0.0024583051600000003
2024,10,mattcl-py,input-kcen,python,0.018600897250909087,0.0006997997436172458,0.01852367416,0.013901625714285716,0.004598826103896106,0.01752982416,0.02158507516
2024,10,kcen,input-lanjian,nim,0.001599557979999999,0.0003411692348591377,0.00147530466,0.0012085408000000004,0.0004297026000000001,0.0008979841600000001,0.00291673316
2024,10,lanjian,input-lanjian,rust,0.0013983696649999997,0.00021662232827514966,0.00140016966,0.0028340632000000004,0.0014519357,0.00091187016,0.00241499416
2024,10,mattcl,input-lanjian,rust,0.001431752315,0.00018463199497528526,0.0014115756600000002,0.0010740007999999995,0.0004165433,0.0007850821600000001,0.00232894316
2024,10,mattcl-py,input-lanjian,python,0.018874674416578946,0.0007708759006800069,0.01876435916,0.014237800526315783,0.004540357631578944,0.01743523616,0.02278870916
2024,10,kcen,input-mattcl,nim,0.001490977185,0.00026610159057039633,0.00142218516,0.0010183058,0.0005317257000000001,0.0007716371599999999,0.0033358781600000002
2024,10,lanjian,input-mattcl,rust,0.0014112266750000008,0.000205076126237803,0.0014178421600000001,0.0027507072,0.0015268257999999993,0.0009305351600000001,0.00241653716
2024,10,mattcl,input-mattcl,rust,0.0014562368950000004,0.0002134855332073791,0.00141469166,0.001070305,0.000444142,0.00073157216,0.00261948716
2024,10,mattcl-py,input-mattcl,python,0.019042795616953632,0.0006781590349814488,0.01891541816,0.013468171125827813,0.005466391390728477,0.01802674416,0.02241342716
