year,day,participant,input,language,mean,stddev,median,user,system,min,max
2024,10,kcen,input-kcen,nim,0.001399603105,0.00014762502334236615,0.00141553486,0.0009962699999999992,0.00041482539999999993,0.0007721223599999998,0.0017222773599999998
2024,10,mattcl,input-kcen,rust,0.001402853975,0.00010508837721673609,0.00140072686,0.0009747850000000001,0.0004696276999999998,0.0007186923599999997,0.0016934033599999999
2024,10,mattcl-py,input-kcen,python,0.018259118303396236,0.0006191240959404804,0.01812886236,0.012982363773584906,0.005204610943396227,0.017467986360000003,0.021007041360000003
2024,10,kcen,input-mattcl,nim,0.0013755070200000003,0.00017557522315410137,0.0014057658599999998,0.0009036385999999993,0.0005380156000000002,0.0005806743599999997,0.0017906653600000002
2024,10,mattcl,input-mattcl,rust,0.0014152049399999988,0.00013351519354041428,0.00140338686,0.0010633611999999986,0.00040219249999999995,0.0008274153599999997,0.00201319236
2024,10,mattcl-py,input-mattcl,python,0.018556611366451613,0.0006283648719727814,0.01839767436,0.013330418064516127,0.005147090838709677,0.017507682360000002,0.02162617936
