year,day,participant,input,language,mean,stddev,median,user,system,min,max
2024,10,kcen,input-kcen,nim,0.0014677997500000006,0.0002179127977677786,0.0014426505400000002,0.0011573127999999994,0.00039315959999999974,0.0007547530400000002,0.00272271704
2024,10,lanjian,input-kcen,rust,0.0014193900699999997,0.0001889825513381872,0.0014268710400000002,0.0029277203999999984,0.001480499199999999,0.0009706370400000002,0.0023677830400000003
2024,10,mattcl,input-kcen,rust,0.0014380822950000006,0.0001524738138183786,0.00142375554,0.0011948488999999997,0.00033845649999999985,0.0007050000400000002,0.0022273300400000003
2024,10,mattcl-py,input-kcen,python,0.018353403937435897,0.0006298220722468312,0.018263504540000003,0.013345457179487185,0.00493007705128205,0.017108873040000003,0.021526654040000003
2024,10,kcen,input-lanjian,nim,0.0015192942050000012,0.000269369791540907,0.0014494730400000002,0.0010474338999999994,0.0005309628999999997,0.0007738890400000001,0.0024455390400000003
2024,10,lanjian,input-lanjian,rust,0.001428616145000001,0.00020280221546584056,0.0014412130400000003,0.003214413699999999,0.0013942858,0.0009807550400000003,0.0024137690400000003
2024,10,mattcl,input-lanjian,rust,0.0014496695199999999,0.00018229192802241752,0.0014178540400000001,0.0010800489000000006,0.00044863899999999975,0.0008089540400000002,0.0026002280400000003
2024,10,mattcl-py,input-lanjian,python,0.018672548625987252,0.0007195467872898304,0.018568366040000003,0.013612570318471337,0.004986879108280255,0.01736953104,0.022218478040000003
2024,10,kcen,input-mattcl,nim,0.001444672050000001,0.00021181362537929779,0.0014299165400000003,0.00110163,0.00043851769999999984,0.0007851800400000002,0.00270935304
2024,10,lanjian,input-mattcl,rust,0.0014245542200000002,0.00021717572160703244,0.0014472395400000001,0.0029833298999999997,0.0015828107999999997,0.0009411820400000001,0.0024143600400000002
2024,10,mattcl,input-mattcl,rust,0.0014706569100000006,0.00021669024310296765,0.0014412075400000003,0.00115408,0.0003869895999999999,0.0006101810400000003,0.0024886690400000005
2024,10,mattcl-py,input-mattcl,python,0.018754976908421067,0.000596694037714369,0.01865786754,0.013687996315789474,0.004989172236842106,0.017645517040000003,0.021853536040000003
