year,day,participant,input,language,mean,stddev,median,user,system,min,max
2024,10,kcen,input-kcen,nim,0.0013900729200000002,0.00015130385395422226,0.0014130113400000004,0.001030596,0.00041072039999999997,0.0006803138400000001,0.0017421428400000005
2024,10,mattcl,input-kcen,rust,0.0014178875300000005,0.00016224649288248806,0.0014168338400000003,0.0010783749999999995,0.0003667598,0.0007447648400000002,0.0019529978400000003
2024,10,mattcl-py,input-kcen,python,0.018462795460253163,0.0007575783286069161,0.018297902839999998,0.013356948607594935,0.004995015696202532,0.017312842840000002,0.021417329840000002
2024,10,kcen,input-mattcl,nim,0.0014005944899999996,0.00013348319167590895,0.0014248488400000002,0.0011838031999999998,0.00030480240000000004,0.0003082178400000002,0.0016987118400000004
2024,10,mattcl,input-mattcl,rust,0.0014437062850000005,0.00018845204926726627,0.0014308503400000002,0.00104527,0.00045743899999999997,0.0007476708400000002,0.0026611738400000003
2024,10,mattcl-py,input-mattcl,python,0.018886195001073827,0.0008286726493503972,0.01874541584,0.014126453959731538,0.004657276778523488,0.01742203784,0.02201760384
