year,day,participant,input,language,mean,stddev,median,user,system,min,max
2024,10,kcen,input-kcen,nim,0.0014818457800000007,0.00024362153812626056,0.0014149768800000003,0.001050595,0.00046929740000000017,0.0009186023800000001,0.0024377773800000006
2024,10,lanjian,input-kcen,rust,0.0014127737150000002,0.00021026161979287232,0.0014204818800000003,0.0027007800000000016,0.0018781876000000001,0.0009021803800000003,0.00232973438
2024,10,mattcl,input-kcen,rust,0.0014600890050000008,0.00020781631942992686,0.0014084038800000003,0.0010888879999999999,0.0004206112000000002,0.0007629093800000002,0.0026521383800000003
2024,10,mattcl-py,input-kcen,python,0.018690311599354827,0.0004975771843906565,0.01859137838,0.013414219354838714,0.0051708673548387105,0.01753902838,0.02152355938
2024,10,kcen,input-lanjian,nim,0.0015349782500000003,0.000292966540591968,0.0014240283800000004,0.0011783800000000006,0.0004092156,0.0009263063800000002,0.00273647638
2024,10,lanjian,input-lanjian,rust,0.001402033645,0.00017417844699795052,0.0014258918800000003,0.003241271,0.0015651986000000005,0.0009486583800000002,0.0021553883800000005
2024,10,mattcl,input-lanjian,rust,0.0015081246200000001,0.00030349619444734814,0.0014184123800000002,0.0010468049999999994,0.0004939284000000001,0.0007445153800000003,0.0026450953800000003
2024,10,mattcl-py,input-lanjian,python,0.01896074198256409,0.0006074232090660612,0.01881698038,0.013439470512820514,0.005423517435897435,0.01757934338,0.02237940238
2024,10,kcen,input-mattcl,nim,0.0015594243450000012,0.00031862001047315504,0.0014258968800000002,0.0011234949999999993,0.00046705180000000007,0.0009409943800000001,0.0027099263800000007
2024,10,lanjian,input-mattcl,rust,0.0014044412049999998,0.00016819387199747162,0.0014181723800000003,0.002916435000000001,0.0017799460000000006,0.0009380983800000003,0.0018594633800000004
2024,10,mattcl,input-mattcl,rust,0.0015238117200000007,0.00032338746495972877,0.0014307058800000002,0.0010833709999999996,0.0004665619999999999,0.0005367563800000002,0.00278340438
2024,10,mattcl-py,input-mattcl,python,0.019051402413333342,0.0005760517053348249,0.01895160788,0.013463380000000002,0.005493595200000001,0.01797257038,0.02249078038
