year,day,participant,input,language,mean,stddev,median,user,system,min,max
2024,10,kcen,input-kcen,nim,0.001512622535,0.0003001546853082025,0.00141640932,0.0011127550000000002,0.00044556760000000005,0.0009502928200000001,0.0026978828200000006
2024,10,lanjian,input-kcen,rust,0.001400370279999999,0.0002292403982056079,0.0013941423200000001,0.0027348350000000023,0.0015650963999999997,0.0009347028200000001,0.00251800682
2024,10,mattcl,input-kcen,rust,0.0014720601749999996,0.00025011788884234923,0.00142203032,0.0011346950000000005,0.0003845027999999999,0.0008396648200000001,0.0028480858200000004
2024,10,mattcl-py,input-kcen,python,0.018736858167517727,0.000784537790217554,0.01852756382,0.014044574468085104,0.004579560567375884,0.01728224282,0.021955729820000002
2024,10,kcen,input-lanjian,nim,0.0015441720600000008,0.00028087664096238755,0.00145317832,0.0010516400000000002,0.0005308636,0.0008557348200000001,0.00277021882
2024,10,lanjian,input-lanjian,rust,0.0013909628249999997,0.00021447379969528598,0.0013927853200000001,0.002993395,0.0014854821999999998,0.00093347082,0.0024919678200000005
2024,10,mattcl,input-lanjian,rust,0.0014144302600000002,0.0001336177557549194,0.0013999743200000002,0.0011326299999999997,0.0003875456000000001,0.00071160482,0.00232675882
2024,10,mattcl-py,input-lanjian,python,0.019008445418726115,0.0006530886497117122,0.01887490282,0.013775006369426761,0.005136858598726115,0.01790835482,0.02171964882
2024,10,kcen,input-mattcl,nim,0.0015439718649999997,0.0002705396851953535,0.0014402043200000003,0.001155815,0.00044178900000000005,0.0009547198200000001,0.00242766782
2024,10,lanjian,input-mattcl,rust,0.001399800099999999,0.00019515749224209333,0.0014217848200000001,0.002681530000000001,0.0015840986000000004,0.0009189028200000001,0.00224311182
2024,10,mattcl,input-mattcl,rust,0.001475025085,0.0002797795871462092,0.00140973282,0.0011446799999999993,0.0003923600000000001,0.0007732708200000001,0.0029380328200000003
2024,10,mattcl-py,input-mattcl,python,0.018942974243076924,0.0004932037345009051,0.01887594082,0.013716480769230764,0.005120453589743591,0.01787347982,0.02162836782
