year,day,participant,input,language,mean,stddev,median,user,system,min,max
2024,10,kcen,input-kcen,nim,0.00145123943,0.00015377550320464276,0.0014514025200000004,0.0009729600000000003,0.0005022447999999999,0.0008315310200000002,0.0024407640200000006
2024,10,mattcl,input-kcen,rust,0.0014440698,0.00010660970102271355,0.0014488675200000005,0.000969087,0.0004955191999999997,0.0007917170200000002,0.0017496810200000002
2024,10,mattcl-py,input-kcen,python,0.01839150796512195,0.0005739058374670246,0.018266179020000002,0.013396106097560966,0.004888617804878045,0.017357191020000003,0.02139635602
2024,10,kcen,input-mattcl,nim,0.0014820769300000001,0.0001924421394935271,0.0014474195200000004,0.00107031,0.0004404382,0.0007989500200000001,0.0027749810200000005
2024,10,mattcl,input-mattcl,rust,0.0014563946400000009,0.0001580745686014301,0.0014504750200000003,0.0009915450000000006,0.0004872628,0.0007749050200000002,0.0026452970200000004
2024,10,mattcl-py,input-mattcl,python,0.018768074529677423,0.0007459087957425117,0.01856674602,0.013655922580645154,0.0050000335483870945,0.01768233002,0.02244779602
