year,day,participant,input,language,mean,stddev,median,user,system,min,max
2024,10,kcen,input-kcen,nim,0.0014907042850000004,0.0002955085915035926,0.0014315815400000004,0.0011091761000000006,0.00043769100000000014,0.0004251710400000002,0.00246636504
2024,10,lanjian,input-kcen,rust,0.00137969438,0.00021582177765018255,0.0013824850400000002,0.002690898999999999,0.0015010109999999994,0.0008690520400000003,0.0024042490400000005
2024,10,mattcl,input-kcen,rust,0.0014161563699999996,0.00020040872910268625,0.0014037250400000003,0.0009689800000000003,0.00047904600000000006,0.0007508810400000003,0.0025824430400000005
2024,10,mattcl-py,input-kcen,python,0.018768371118431378,0.00073348903910249,0.01853893304,0.013820943398692805,0.004810966013071893,0.01764441604,0.02135927504
2024,10,kcen,input-lanjian,nim,0.0014935877750000015,0.00022707612783907236,0.0014287760400000001,0.0010073760999999995,0.0005300309999999999,0.0009562060400000004,0.00231702504
2024,10,lanjian,input-lanjian,rust,0.0013815669200000012,0.0002113708024219003,0.0013994810400000002,0.002898049599999999,0.0014020539999999998,0.0008979360400000004,0.00258385504
2024,10,mattcl,input-lanjian,rust,0.0014513326,0.00022950071976264973,0.00142209404,0.00107,0.0004265289999999999,0.0004671700400000002,0.00275238104
2024,10,mattcl-py,input-lanjian,python,0.019146755118431367,0.0006677173678490156,0.019046042040000002,0.01316059045751634,0.0058974183006535955,0.017582490040000003,0.02195424004
2024,10,kcen,input-mattcl,nim,0.0015114294899999997,0.0002348393323365763,0.0014251590400000003,0.0010435149999999996,0.000501428,0.0009293760400000004,0.0024464080400000005
2024,10,lanjian,input-mattcl,rust,0.0013989555599999992,0.00019085715662456486,0.0014143085400000004,0.002855825700000001,0.001427051,0.0008866360400000003,0.00249750304
2024,10,mattcl,input-mattcl,rust,0.0014061779750000006,0.00010492229515826057,0.0014084130400000001,0.0009725949999999992,0.00048383599999999997,0.0009579290400000003,0.0019125480400000003
2024,10,mattcl-py,input-mattcl,python,0.019066829691315797,0.0007082598936597668,0.01895559754,0.013573733947368416,0.0053839013157894735,0.01759439304,0.02219837704
