year,day,participant,input,language,mean,stddev,median,user,system,min,max
2024,10,kcen,input-kcen,nim,0.0014751856100000008,0.0002076636467388249,0.0014375974800000001,0.0011391778000000002,0.0003876600000000003,0.0008230474800000002,0.0023424924800000005
2024,10,lanjian,input-kcen,rust,0.0014279911200000006,0.0001898585961391796,0.0014516589800000002,0.0028092731999999994,0.0015984372000000006,0.0009720654800000001,0.00230169548
2024,10,mattcl,input-kcen,rust,0.0014241940750000003,0.0000876423762053814,0.00142369748,0.0010725099999999996,0.0004162768000000002,0.00098524048,0.0018919984800000002
2024,10,mattcl-py,input-kcen,python,0.018411981338974363,0.0005838767843688835,0.01831305398,0.013499529743589745,0.004834009230769232,0.01740118148,0.021545562480000002
2024,10,kcen,input-lanjian,nim,0.0014578966250000012,0.0002017347431282951,0.00143095548,0.0009719634000000001,0.0005389348000000001,0.00082300748,0.00276836048
2024,10,lanjian,input-lanjian,rust,0.0014332121400000015,0.0001705675885927809,0.0014545849800000003,0.0029365100000000007,0.0018009570000000002,0.0009645124800000001,0.00204459448
2024,10,mattcl,input-lanjian,rust,0.0014359431599999994,0.00013867072348649855,0.00143157148,0.0011091750000000004,0.00040291920000000013,0.00077982648,0.00237346148
2024,10,mattcl-py,input-lanjian,python,0.018841702003178817,0.0007087760100972365,0.01866646248,0.013763132450331122,0.004982274437086095,0.01794949848,0.02186362848
2024,10,kcen,input-mattcl,nim,0.0014935037049999998,0.00024803858479764077,0.0014352284800000002,0.0010845950000000007,0.00045753400000000005,0.0005788204800000001,0.00272863548
2024,10,lanjian,input-mattcl,rust,0.001432346085,0.00019557216196703788,0.00144943598,0.002734577999999999,0.0018704666000000003,0.0009846294800000001,0.00260029448
2024,10,mattcl,input-mattcl,rust,0.0014508371449999994,0.00018763109053683766,0.0014302094800000002,0.0009864900000000005,0.0005020330000000003,0.0009693814800000001,0.00253654548
2024,10,mattcl-py,input-mattcl,python,0.018923316181986755,0.0006487828682874501,0.01875830248,0.013868036026490067,0.004945211920529802,0.017763430480000002,0.02174342248
