year,day,participant,input,language,mean,stddev,median,user,system,min,max
2024,10,kcen,input-kcen,nim,0.0014140727299999992,0.00014530744105871197,0.00141687444,0.0009846550000000005,0.00048222110000000005,0.0008185619399999999,0.00215693194
2024,10,mattcl,input-kcen,rust,0.0014171283149999997,0.00018595480059467516,0.00140959544,0.001032100000000001,0.0004094571,0.0006870959399999999,0.00259534494
2024,10,mattcl-py,input-kcen,python,0.01845509414125787,0.0008077314637421105,0.018221073940000002,0.013547971069182391,0.004808794842767294,0.017346724940000002,0.02127144694
2024,10,kcen,input-mattcl,nim,0.0014202611799999999,0.00010604919511488513,0.00140823794,0.0010747450000000004,0.0004157971999999999,0.0009046529399999999,0.00223176294
2024,10,mattcl,input-mattcl,rust,0.001411470675000001,0.00018749996429473642,0.00139718244,0.0009296870000000003,0.0005180803999999997,0.00072754094,0.00243265894
2024,10,mattcl-py,input-mattcl,python,0.018659100966143784,0.000568008076545409,0.01855128294,0.01378899869281045,0.004793512679738565,0.017456940940000002,0.021460098940000002
