year,day,participant,input,language,mean,stddev,median,user,system,min,max
2024,10,kcen,input-kcen,nim,0.0015032845499999992,0.0002654390284103608,0.0014198145799999998,0.0010921150000000005,0.00046036849999999996,0.00093163558,0.00273279758
2024,10,lanjian,input-kcen,rust,0.0013763315749999996,0.000255517223230494,0.0013860415799999998,0.002630127,0.0015339686999999993,0.0008754105799999999,0.00249955058
2024,10,mattcl,input-kcen,rust,0.001415666119999999,0.00017576896643159326,0.00139114108,0.0009868149999999998,0.00047245040000000005,0.0007469805799999998,0.00228671258
2024,10,mattcl-py,input-kcen,python,0.018528564325222947,0.0007897543509620805,0.01841187058,0.014063612101910821,0.004363283949044585,0.01739336458,0.02194240758
2024,10,kcen,input-lanjian,nim,0.0014854439450000005,0.00025054683646328593,0.00142126758,0.0011452300000000001,0.000423103,0.0008182435799999998,0.00262161858
2024,10,lanjian,input-lanjian,rust,0.001385815520000001,0.00026181205081738014,0.00138105158,0.0028655384999999992,0.0014477550000000007,0.0008758315799999999,0.0024467715799999998
2024,10,mattcl,input-lanjian,rust,0.0014154130999999989,0.00014984660419164808,0.00139819408,0.0010619000000000004,0.00042462119999999993,0.0008498535799999999,0.00226801658
2024,10,mattcl-py,input-lanjian,python,0.018910148553856206,0.0007319843463596777,0.01877035158,0.013685169281045755,0.005141772810457519,0.01782402058,0.02145443458
2024,10,kcen,input-mattcl,nim,0.001483310955,0.00025976117626447937,0.0014175700799999998,0.0010284349999999999,0.0005078836,0.0004991355799999998,0.00236888558
2024,10,lanjian,input-mattcl,rust,0.0013835827849999999,0.00021239666404163004,0.00138357658,0.002858591,0.0014272281999999996,0.00087562058,0.00251585058
2024,10,mattcl,input-mattcl,rust,0.0014321674099999995,0.000155807432278364,0.00139829958,0.0010472270000000002,0.0004557417,0.00121033758,0.00228192258
2024,10,mattcl-py,input-mattcl,python,0.0189382221760265,0.0006162175152319639,0.01887205258,0.013908962251655638,0.004921694569536428,0.01735380958,0.02174372658
