year,day,participant,input,language,mean,stddev,median,user,system,min,max
2024,10,kcen,input-kcen,nim,0.0014284491149999998,0.00016424464957395213,0.00142569292,0.0011050499999999996,0.0004120326,0.00077668242,0.0023205644200000003
2024,10,lanjian,input-kcen,rust,0.0013981581799999998,0.0002155107307613914,0.00140109092,0.0026503294999999987,0.001510262000000001,0.00088473542,0.0024378254200000003
2024,10,mattcl,input-kcen,rust,0.001427992555,0.0001871017327455272,0.00141983142,0.0010554899999999996,0.00042197400000000004,0.0007723334200000001,0.0024290284200000002
2024,10,mattcl-py,input-kcen,python,0.01837544285209877,0.0004919503404279907,0.018327317920000002,0.013118585185185185,0.005172675555555554,0.01742033342,0.02098641742
2024,10,kcen,input-lanjian,nim,0.0014686758850000006,0.00017729984672957403,0.00143528542,0.0010457905000000002,0.0004974129999999999,0.0009580034200000001,0.0023448704200000003
2024,10,lanjian,input-lanjian,rust,0.0014109202850000001,0.0002214509019854687,0.0014182234200000002,0.002845911,0.0015497368,0.00088894342,0.0025517594200000003
2024,10,mattcl,input-lanjian,rust,0.0014652670400000006,0.00019127680098856136,0.00142805192,0.0011043354999999999,0.0004222589999999998,0.00074388042,0.00241462142
2024,10,mattcl-py,input-lanjian,python,0.018789822495471693,0.0006723904308389339,0.01870733042,0.013045334591194963,0.005642206540880505,0.017812158419999998,0.02187191142
2024,10,kcen,input-mattcl,nim,0.0014994300750000003,0.0002224776961788783,0.0014394929200000001,0.001170155,0.00040586379999999996,0.0009172464200000001,0.00242868742
2024,10,lanjian,input-mattcl,rust,0.0014275430599999996,0.00023769066501794675,0.00142780642,0.0029690630000000005,0.001432485,0.0009560194200000001,0.00262576842
2024,10,mattcl,input-mattcl,rust,0.0014235239250000005,0.00015779142960166968,0.0014250659200000001,0.0010259049999999988,0.0004832742000000001,0.0007911594200000001,0.00247850142
2024,10,mattcl-py,input-mattcl,python,0.01895148349843137,0.0006047841590425872,0.01884899742,0.013738076470588232,0.0050973043137254904,0.01783632342,0.02206698742
