year,day,participant,input,language,mean,stddev,median,user,system,min,max
2024,10,kcen,input-kcen,nim,0.001494265115,0.0002892605776695094,0.0014086101000000003,0.0010585902000000004,0.0004942320000000002,0.0009102926000000005,0.0024397156000000005
2024,10,lanjian,input-kcen,rust,0.0013548341300000009,0.0002088563984240426,0.0013538931000000006,0.002897021000000001,0.00123579,0.0008340806000000005,0.0024576286
2024,10,mattcl,input-kcen,rust,0.001400077605000001,0.0001799576400152108,0.0013672981000000005,0.0009560800000000001,0.000502347,0.0007561746000000003,0.0022686246000000005
2024,10,mattcl-py,input-kcen,python,0.018607996865822783,0.0005476699106533515,0.018523860600000004,0.012946124556962025,0.005570718987341773,0.017132896600000003,0.0211647836
2024,10,kcen,input-lanjian,nim,0.0015847619900000028,0.0003550315879503408,0.0014507251000000006,0.0011836502000000004,0.00044576200000000005,0.0007321896000000005,0.0026289796000000002
2024,10,lanjian,input-lanjian,rust,0.0013721429100000007,0.00024034646734957655,0.0013579556000000003,0.002989013200000001,0.001465479,0.0008905156000000003,0.0025535786
2024,10,mattcl,input-lanjian,rust,0.0013847635800000005,0.0002450058427424319,0.0013882226000000004,0.00107666,0.0004099280000000001,0.00039948760000000044,0.0022914586000000008
2024,10,mattcl-py,input-lanjian,python,0.01896425378543047,0.0006266942564515642,0.018924641600000004,0.013484251390728475,0.005439282119205298,0.0176050506,0.022705327600000002
2024,10,kcen,input-mattcl,nim,0.00143337729,0.00018571978410003798,0.0013956766000000006,0.0010056305999999993,0.0005254950000000002,0.0009352306000000004,0.0023178376000000007
2024,10,lanjian,input-mattcl,rust,0.0013788401500000015,0.00019981385244112663,0.0013891546000000003,0.002932556799999999,0.0014439990000000003,0.0008573636000000003,0.002359755600000001
2024,10,mattcl,input-mattcl,rust,0.0014408634500000005,0.0002121468775507672,0.0014022591000000006,0.0010527501999999997,0.00045763,0.0007977626000000005,0.002311214600000001
2024,10,mattcl-py,input-mattcl,python,0.018943601774496648,0.00046498657839215933,0.018924150600000002,0.013440530469798657,0.005437430872483219,0.017860209600000003,0.021988115600000004
