year,day,participant,input,language,mean,stddev,median,user,system,min,max
2024,10,kcen,input-kcen,nim,0.00139622219,0.00021197209479755449,0.0014416291599999996,0.0009940650000000001,0.00044375080000000014,0.0004920631599999996,0.0018288941599999998
2024,10,mattcl,input-kcen,rust,0.0014131492899999998,0.0001464089224083937,0.0014403826599999998,0.0010983800000000012,0.000395147,0.0007578001599999997,0.0019224591599999996
2024,10,mattcl-py,input-kcen,python,0.01832423316,0.0006581255111378444,0.018182345160000002,0.013428315159235666,0.0048104099363057325,0.01722612716,0.02135715616
2024,10,kcen,input-mattcl,nim,0.001432481119999999,0.00013475728360385516,0.0014474551599999996,0.0009324900000000001,0.0005629547000000002,0.0006665691599999997,0.0018649121599999998
2024,10,mattcl,input-mattcl,rust,0.0014413691499999993,0.00015491882245383332,0.0014458121599999999,0.0011140867999999996,0.00040285239999999985,0.0008042571599999996,0.00268124816
2024,10,mattcl-py,input-mattcl,python,0.018668551426233772,0.0006669634091589203,0.01856257216,0.013325899740259734,0.005220080519480521,0.017463901160000003,0.021914007160000002
