year,day,participant,input,language,mean,stddev,median,user,system,min,max
2024,10,kcen,input-kcen,nim,0.0014219400800000014,0.0001390245613907379,0.0014156957600000002,0.0010861427,0.0004340937999999998,0.00053219126,0.00236028326
2024,10,lanjian,input-kcen,rust,0.0013863950000000006,0.0002673960869712384,0.0013566347600000002,0.002682089,0.0013587264000000001,0.0008361202600000001,0.00244312826
2024,10,mattcl,input-kcen,rust,0.0014041857549999994,0.00015331226959336728,0.0013896567600000002,0.001025285,0.00043543479999999995,0.0007769692600000002,0.0022976062600000005
2024,10,mattcl-py,input-kcen,python,0.018406207786315788,0.000728578007706738,0.018263626260000006,0.01380168368421053,0.004530261842105264,0.017164137260000004,0.021834311260000003
2024,10,kcen,input-lanjian,nim,0.0014507104000000006,0.00018381257782336546,0.0014231792600000002,0.0010901399999999996,0.00042796199999999983,0.0008773972600000001,0.0022600862600000004
2024,10,lanjian,input-lanjian,rust,0.001399822935,0.0002226452561680804,0.0014034367600000003,0.0027654817000000004,0.0014656695999999997,0.0009146972600000002,0.0025424142600000005
2024,10,mattcl,input-lanjian,rust,0.0014146087600000004,0.00014684854762207747,0.0013945062600000003,0.0010782927000000002,0.0004077142000000001,0.0008240172600000001,0.00232458626
2024,10,mattcl-py,input-lanjian,python,0.018637686422337655,0.0006925097239656921,0.018495294760000003,0.013765115844155842,0.004807202597402595,0.017556291260000002,0.021574344260000003
2024,10,kcen,input-mattcl,nim,0.0014558698849999998,0.0001908555525316073,0.0014150142600000003,0.0010053403999999992,0.000524845,0.0008171642600000003,0.0023612252600000005
2024,10,lanjian,input-mattcl,rust,0.001382268530000001,0.0002598209705005474,0.00138153176,0.0028536482999999995,0.0013190585999999997,0.0008915642600000001,0.0026228662600000004
2024,10,mattcl,input-mattcl,rust,0.00141191974,0.00011373021967704341,0.0014064582600000002,0.0010443449999999995,0.00043547340000000005,0.0009293852600000003,0.0019003122600000004
2024,10,mattcl-py,input-mattcl,python,0.01886966144709678,0.0008389209159438542,0.018626515260000004,0.013982898709677418,0.004790763354838707,0.017670455260000002,0.02229947226
