year,day,participant,input,language,mean,stddev,median,user,system,min,max
2024,10,kcen,input-kcen,nim,0.001425382275,0.00022871658552395943,0.00139154652,0.0009409192,0.0005318400000000001,0.0006999410200000001,0.0026445730200000007
2024,10,lanjian,input-kcen,rust,0.0013595693649999987,0.0002521526195446562,0.0013514315200000003,0.002641761800000001,0.0014292099999999996,0.0008498420200000001,0.0024888310200000003
2024,10,mattcl,input-kcen,rust,0.0014084625699999998,0.0001982909990932633,0.0013820440200000002,0.0009649613999999996,0.00047279500000000014,0.00065763302,0.0026426190200000005
2024,10,mattcl-py,input-kcen,python,0.018553224496821195,0.0005698357990782587,0.01847296102,0.013986110728476825,0.0044675629139072845,0.017656652020000004,0.021700063020000004
2024,10,kcen,input-lanjian,nim,0.0014711734749999995,0.00022937416686278768,0.00140382902,0.0009431714000000002,0.0005533749999999997,0.0009362140200000002,0.00238085902
2024,10,lanjian,input-lanjian,rust,0.0013752166050000007,0.00020874201555591183,0.0013862865200000001,0.002733300200000001,0.00150229,0.0009063780200000001,0.0022308680200000004
2024,10,mattcl,input-lanjian,rust,0.001413336985,0.0002075453516956381,0.0013860360200000003,0.0009045677999999997,0.0005469100000000001,0.0006918960200000001,0.0026408160200000006
2024,10,mattcl-py,input-lanjian,python,0.01893781098753246,0.0006035000463537997,0.018909528020000003,0.013457726493506496,0.005371259740259744,0.01753614702,0.02189755402
2024,10,kcen,input-mattcl,nim,0.0015084240349999998,0.0002932147571049167,0.0014173900200000003,0.0011256928000000005,0.000429775,0.0009002760200000001,0.0026621560200000005
2024,10,lanjian,input-mattcl,rust,0.0013766471850000005,0.00021954993877234958,0.0013679925200000003,0.002792605199999999,0.001415065,0.0008607130200000001,0.00235583102
2024,10,mattcl,input-mattcl,rust,0.0014378468249999997,0.0002041393696150035,0.0013909050200000001,0.0010347299999999993,0.00044709999999999997,0.0009502300200000002,0.00248448302
2024,10,mattcl-py,input-mattcl,python,0.01893768813920531,0.0005160038040544912,0.018814862020000003,0.013820647152317888,0.005015152317880795,0.01802318902,0.021303511020000002
