year,day,participant,input,language,mean,stddev,median,user,system,min,max
2024,10,kcen,input-kcen,nim,0.0015258836500000007,0.00020254625322214373,0.0014844928799999998,0.001087936,0.00048270100000000004,0.0009176308799999997,0.00237024088
2024,10,lanjian,input-kcen,rust,0.0014779086449999998,0.0002530706710483736,0.0014606983799999999,0.002934041000000002,0.0014095549999999992,0.0009468868799999998,0.00251893988
2024,10,mattcl,input-kcen,rust,0.0014782616699999995,0.0001271822989839392,0.0014733418799999997,0.0011044899999999994,0.00042344839999999996,0.0009820218799999998,0.0021898728799999998
2024,10,mattcl-py,input-kcen,python,0.01859373511529413,0.0006928389594980208,0.01844959188,0.013442139869281043,0.005069225882352938,0.01747068888,0.02209525588
2024,10,kcen,input-lanjian,nim,0.0015683267850000002,0.00024213087836300471,0.0014912908799999997,0.0011332059999999999,0.0004769104,0.0009204158799999997,0.0025870068799999997
2024,10,lanjian,input-lanjian,rust,0.0014635125599999996,0.000173738904769774,0.0014813618799999996,0.0027606909999999974,0.0015014456000000008,0.0010071688799999996,0.00232902388
2024,10,mattcl,input-lanjian,rust,0.0014916879750000007,0.00016114333579419403,0.00147487938,0.0010720499999999997,0.000492813,0.0008591218799999998,0.00265357088
2024,10,mattcl-py,input-lanjian,python,0.018878539529681534,0.0006261411521420144,0.01876467088,0.013490634394904458,0.00527320968152866,0.01772360288,0.02240362288
2024,10,kcen,input-mattcl,nim,0.0015324279500000004,0.0002568704313938986,0.0014883093799999997,0.001184075,0.0003993078,0.0005916218799999996,0.00275489088
2024,10,lanjian,input-mattcl,rust,0.0014704198599999993,0.00022665251169288426,0.0014759013799999997,0.0027905509999999983,0.0014883770000000008,0.0009683158799999997,0.0025081888799999997
2024,10,mattcl,input-mattcl,rust,0.001496491535,0.00014911290524690285,0.0014832303799999999,0.0011225800000000002,0.00041445420000000004,0.0010378868799999998,0.0022922448799999997
2024,10,mattcl-py,input-mattcl,python,0.018853576644705886,0.0006380481666574381,0.018719185880000003,0.013865762091503265,0.0049161633986928134,0.01806007188,0.02183459788
