year,day,participant,input,language,mean,stddev,median,user,system,min,max
2024,10,kcen,input-kcen,nim,0.0015714543650000004,0.0002881086750849852,0.0015055648400000001,0.0011634999999999994,0.0004567919,0.0006732208400000001,0.0027390498400000005
2024,10,lanjian,input-kcen,rust,0.0014581529700000001,0.0002276915096335812,0.0014719913400000001,0.0027646988999999993,0.001451260699999999,0.00094609084,0.0025687008400000003
2024,10,mattcl,input-kcen,rust,0.0013985475800000005,0.00027251358751684084,0.0014752373400000003,0.0011009994999999998,0.00038875899999999986,0.00033184084,0.0021639728400000002
2024,10,mattcl-py,input-kcen,python,0.018843652073333335,0.0007578217760155229,0.01873696634,0.01421445999999999,0.004520195600000002,0.017412966840000002,0.02267651584
2024,10,kcen,input-lanjian,nim,0.0015878412500000003,0.00024286788685083262,0.0015246203400000001,0.0011801988,0.00044889619999999997,0.00103392684,0.00282792684
2024,10,lanjian,input-lanjian,rust,0.0014569419599999996,0.00021110672922897172,0.0014660453400000002,0.0028164969999999994,0.0015292942999999997,0.0009669308400000001,0.00265203684
2024,10,mattcl,input-lanjian,rust,0.0014908996050000004,0.00019198566376086071,0.0014861578400000002,0.001192725,0.0003448781,0.00083164684,0.00240495484
2024,10,mattcl-py,input-lanjian,python,0.01896918453798658,0.0005709691988752572,0.018896424840000002,0.014137344832214764,0.004746322550335568,0.017595145840000003,0.021931559840000003
2024,10,kcen,input-mattcl,nim,0.0015600138749999998,0.00024619685454349197,0.0014950143400000002,0.0011211749999999994,0.0004729963000000001,0.00080556784,0.00282452984
2024,10,lanjian,input-mattcl,rust,0.0014541558050000002,0.00021135169873422592,0.0014497903400000002,0.002918930300000001,0.0014910392999999994,0.0009711378400000001,0.0024783318400000004
2024,10,mattcl,input-mattcl,rust,0.0015145994050000005,0.00019231422231402184,0.00149550034,0.0011018438,0.000462162,0.00088434584,0.00229769384
2024,10,mattcl-py,input-mattcl,python,0.019012131008831173,0.000551696861957556,0.018943843340000002,0.01340317844155844,0.005514662987012986,0.018102527840000004,0.021739359840000003
