year,day,participant,input,language,mean,stddev,median,user,system,min,max
2024,10,kcen,input-kcen,nim,0.0013457055400000004,0.00023750628084241547,0.0013010880000000004,0.0010148003000000007,0.000462651,0.0006147945000000003,0.0022642285000000002
2024,10,lanjian,input-kcen,rust,0.0012888234150000002,0.0002275453406284037,0.0012836455000000003,0.0026783096,0.001457906,0.0008040785000000003,0.0023665505000000004
2024,10,mattcl,input-kcen,rust,0.0013148983950000005,0.00019488454181294676,0.0012867115000000002,0.001016145,0.0004249989999999999,0.0006377485000000002,0.0021836685000000003
2024,10,mattcl-py,input-kcen,python,0.01857345593046358,0.0006242667279470796,0.0185199355,0.013496615496688739,0.005011364238410597,0.0175310675,0.0226732125
2024,10,kcen,input-lanjian,nim,0.0013581891850000002,0.0002361637576433073,0.0012961085000000004,0.0011639650000000003,0.00037028300000000006,0.0007379755000000003,0.0023108365000000003
2024,10,lanjian,input-lanjian,rust,0.0012805887250000004,0.00020402400957325123,0.0012932040000000005,0.0030768679000000017,0.0013923330000000008,0.0008230945000000003,0.0022841965000000002
2024,10,mattcl,input-lanjian,rust,0.0013503958199999997,0.00024127739416079306,0.0013012885000000002,0.0010801000000000005,0.0004143979999999997,0.0006326885000000003,0.0026204555000000004
2024,10,mattcl-py,input-lanjian,python,0.018911096207482984,0.0006147000328609693,0.018841217500000004,0.014103307346938779,0.004725903401360542,0.017542217500000002,0.022317968500000004
2024,10,kcen,input-mattcl,nim,0.0013896996349999995,0.00026642453926721077,0.0013079660000000005,0.00116488,0.00038458299999999987,0.0007372745000000002,0.0025531995000000005
2024,10,lanjian,input-mattcl,rust,0.0012849955799999996,0.00021943961038264732,0.0012883790000000003,0.0029384713999999995,0.0014688089999999995,0.0008160205000000004,0.0022169215000000003
2024,10,mattcl,input-mattcl,rust,0.001383454065000001,0.00026609530596462575,0.0013064435000000004,0.0010849649999999998,0.00041880699999999994,0.0005992855000000004,0.0024843605000000003
2024,10,mattcl-py,input-mattcl,python,0.018949775822580655,0.0005859356409080691,0.018886062500000002,0.013606869032258063,0.005300298064516129,0.017823754500000004,0.021703449500000003
