year,day,participant,input,language,mean,stddev,median,user,system,min,max
2024,10,kcen,input-kcen,nim,0.0013960752199999999,0.00023059507977659868,0.00143275752,0.0009914243000000004,0.0004746022999999998,0.00034939502,0.0024114640200000002
2024,10,lanjian,input-kcen,rust,0.0014260081200000011,0.0002522837922281673,0.00141581502,0.0026393843999999982,0.0013943560999999996,0.00087462702,0.00257648302
2024,10,mattcl,input-kcen,rust,0.0014346691449999996,0.0001498047068384171,0.0014293060200000001,0.001094695,0.0003674402999999999,0.0007548540199999999,0.00232823802
2024,10,mattcl-py,input-kcen,python,0.018418239078064513,0.0006625605347755542,0.01831952502,0.013106896129032247,0.005205803225806452,0.01732818002,0.02150167102
2024,10,kcen,input-lanjian,nim,0.0014946356399999998,0.0002388212240371206,0.0014531460200000001,0.0010903199999999999,0.0004339624000000001,0.0009114260199999999,0.0026308140200000003
2024,10,lanjian,input-lanjian,rust,0.0013919092400000005,0.00023060242227279838,0.00141318052,0.002719928,0.0013937705999999997,0.0008893150199999999,0.00254343102
2024,10,mattcl,input-lanjian,rust,0.0014361098150000003,0.0001791442467592181,0.00143535202,0.0009926750000000002,0.0004575028999999999,0.00061070302,0.00228410602
2024,10,mattcl-py,input-lanjian,python,0.01868353744105263,0.0005010048524528663,0.01862163602,0.013863005000000001,0.004713351973684211,0.01781317802,0.021235072020000002
2024,10,kcen,input-mattcl,nim,0.001454552755,0.000262827395768472,0.00144010052,0.001097245,0.0004109808,0.0004322600199999999,0.0034619200199999998
2024,10,lanjian,input-mattcl,rust,0.0014184288899999995,0.00024884730283863526,0.00139875852,0.0027465447,0.0014991971999999997,0.00093905802,0.0024748620200000003
2024,10,mattcl,input-mattcl,rust,0.001447813395,0.00019217706441312558,0.0014299420200000002,0.0010640799999999998,0.0004248130000000001,0.00076971102,0.00268982502
2024,10,mattcl-py,input-mattcl,python,0.018779271712307682,0.0006504088325505152,0.01865809402,0.013312121153846156,0.005374728205128206,0.01773430002,0.02164961802
