year,day,participant,input,language,mean,stddev,median,user,system,min,max
2024,10,kcen,input-kcen,nim,0.001486573384999999,0.00020917052346078468,0.00142218996,0.0010149249999999999,0.0005166586000000001,0.00095087296,0.0023742269599999997
2024,10,lanjian,input-kcen,rust,0.0013977781050000001,0.00019446146027923795,0.00140720196,0.0027721220999999997,0.0015604835999999994,0.00086855896,0.0022706029599999997
2024,10,mattcl,input-kcen,rust,0.001419694834999999,0.0002341460456016154,0.0013988414600000002,0.0010280078999999997,0.00044175180000000016,0.0003737219599999999,0.00224185896
2024,10,mattcl-py,input-kcen,python,0.018755645078421056,0.0007781255631489052,0.01866148596,0.013254762105263154,0.005377977894736843,0.01725284296,0.02167959196
2024,10,kcen,input-lanjian,nim,0.0015828611700000013,0.0003610800053615896,0.00144716646,0.0012300299999999996,0.0003961123999999999,0.0005289629599999999,0.00274287796
2024,10,lanjian,input-lanjian,rust,0.0013850859300000007,0.00019678608548245131,0.00140300846,0.0028913738999999995,0.0015649260000000006,0.00087263696,0.0024333479600000003
2024,10,mattcl,input-lanjian,rust,0.0015041104600000002,0.000276401663751874,0.0014104879599999998,0.0010621579000000003,0.0004825968000000001,0.00088748396,0.0024790739599999997
2024,10,mattcl-py,input-lanjian,python,0.019154990456598638,0.0006609454613249156,0.01897880496,0.013775120680272108,0.0052687597278911575,0.018127880960000002,0.021909932960000003
2024,10,kcen,input-mattcl,nim,0.0015303992499999988,0.00024100307855800946,0.00146429896,0.0010835478999999995,0.0004990001999999998,0.00093868996,0.0023603309600000004
2024,10,lanjian,input-mattcl,rust,0.0014092167049999998,0.00021927652196405628,0.0014159529600000001,0.0031594044,0.0014138414000000005,0.0009515739599999999,0.00242885996
2024,10,mattcl,input-mattcl,rust,0.0014291358049999994,0.0001824162034614729,0.00140457696,0.0011281229000000002,0.00037637879999999997,0.00072691296,0.00227348796
2024,10,mattcl-py,input-mattcl,python,0.01907470229557047,0.0005515147058428884,0.019007898960000002,0.013823191812080539,0.005144274899328858,0.01801281696,0.021687215960000002
