year,day,participant,input,language,mean,stddev,median,user,system,min,max
2023,22,mattcl,input-mattcl,rust,0.0018308016800000005,0.0001552106898183338,0.0018450726000000003,0.0091588729,0.0015535022,0.0014587601000000002,0.0021623271
