year,day,participant,input,language,mean,stddev,median,user,system,min,max
2023,22,mattcl,input-mattcl,rust,0.0018272639099999996,0.00016879495284877807,0.0018502259800000003,0.007281845399999999,0.0033953640000000014,0.00144792848,0.00245381048
2023,22,mattcl-py,input-mattcl,python,0.08778600095058824,0.0007949256410461811,0.08760408698,0.3150822847058823,0.036719919999999996,0.08595800248,0.08970382148
