year,day,participant,input,language,mean,stddev,median,user,system,min,max
2023,22,mattcl,input-mattcl,rust,0.0018670402200000004,0.0001366620558255507,0.0018837646400000003,0.009959463799999997,0.0008962133999999999,0.0014243601400000003,0.00212338914
2023,22,mattcl-py,input-mattcl,python,0.08640890234588235,0.0010718557833480453,0.08626074964,0.3148915976470589,0.03565356705882353,0.08371967514,0.08839691614
