year,day,participant,input,language,mean,stddev,median,user,system,min,max
2023,22,mattcl,input-mattcl,rust,0.0022001811550000014,0.004665769597700407,0.0018760984800000001,0.007795314199999995,0.002677506999999999,0.0014534724799999997,0.06776417148
