year,day,participant,input,language,mean,stddev,median,user,system,min,max
2023,22,lanjian,input-lanjian,rust,0.006704946530000005,0.0005365016810805805,0.006595941480000001,0.07210951000000002,0.004251850800000001,0.006090034980000001,0.010775017980000001
2023,22,mattcl,input-lanjian,rust,0.0013955883149999995,0.0002606971480675721,0.0013205624799999998,0.0029744021999999998,0.0008627539,0.0009606099799999998,0.00204987698
2023,22,mattcl-py,input-lanjian,python,1.76020099398,0.10628068134707548,1.8045309389800002,13.972052893333332,0.07007147333333334,1.63893140398,1.8371406389800002
2023,22,lanjian,input-mattcl,rust,0.0068236360199999966,0.0004417281378765768,0.00671839548,0.07208423999999998,0.0047500955999999995,0.0062781469800000005,0.009604148980000001
2023,22,mattcl,input-mattcl,rust,0.001414001205000001,0.0002544583196619247,0.0013463409799999997,0.0030445818,0.000950599,0.0009897339799999998,0.00226803598
2023,22,mattcl-py,input-mattcl,python,0.06374610626260871,0.0005406994498296799,0.06372445148000001,0.283606212173913,0.036951161739130434,0.06294161198,0.06556575098
