year,day,participant,input,language,mean,stddev,median,user,system,min,max
2023,22,mattcl,input-mattcl,rust,0.0018424496450000015,0.00021477643800130782,0.00185321734,0.009859606999999994,0.0010112927999999998,0.0014236438400000002,0.00423194884
2023,22,mattcl-py,input-mattcl,python,0.08600305154588236,0.0010412831765870619,0.08591659034000002,0.31651966352941185,0.030490602352941164,0.08414865584000002,0.08938693984000001
