year,day,participant,input,language,mean,stddev,median,user,system,min,max
2023,22,mattcl,input-mattcl,rust,0.001790959485,0.00014613972176141676,0.00181528062,0.008362649099999996,0.0024245554,0.0013364401199999999,0.00219380412
