year,day,participant,input,language,mean,stddev,median,user,system,min,max
2023,22,lanjian,input-lanjian,rust,0.006642710325000006,0.000566733604642505,0.006505409440000001,0.072517165,0.004476694999999999,0.005979837440000001,0.01002957644
2023,22,mattcl,input-lanjian,rust,0.001305250350000001,0.00024704550767857067,0.00126712444,0.003194642600000001,0.0005932449999999998,0.0008569464400000001,0.00201245044
2023,22,mattcl-py,input-lanjian,python,0.04961995743999999,0.0005493690704256158,0.049588824440000005,0.10511133666666671,0.027776216666666662,0.04862373744,0.05126644444
2023,22,lanjian,input-mattcl,rust,0.00678889009,0.0004720487152763873,0.00666337044,0.07618835499999999,0.0049415249999999996,0.006276531440000001,0.00977430844
2023,22,mattcl,input-mattcl,rust,0.0012579309150000004,0.0002473463645350847,0.00120307944,0.0029720531999999993,0.0008402849999999998,0.00083545644,0.0020616824400000004
2023,22,mattcl-py,input-mattcl,python,0.05091200981288137,0.0005625906957834747,0.05090720244000001,0.12382565898305088,0.02886750847457627,0.049921587440000005,0.05304513444
