year,day,participant,input,language,mean,stddev,median,user,system,min,max
2023,22,mattcl,input-mattcl,rust,0.0018174575499999986,0.0001519031160902155,0.0018329669400000003,0.008323632499999997,0.0023123599999999994,0.0014500114400000004,0.00246883544
