year,day,participant,input,language,mean,stddev,median,user,system,min,max
2023,22,lanjian,input-lanjian,rust,0.006776939105000003,0.000445323607559041,0.006697791240000001,0.07597546999999999,0.004308470199999998,0.006285584740000001,0.00989930374
2023,22,mattcl,input-lanjian,rust,0.00138607693,0.0002525538001525245,0.0013203742400000002,0.0030345526,0.0007962999999999995,0.0009725037400000001,0.00218500474
2023,22,mattcl-py,input-lanjian,python,0.04962807673999999,0.0004613265652960653,0.049465327739999995,0.10429010666666669,0.02848789666666666,0.04875990174,0.05068375474
2023,22,lanjian,input-mattcl,rust,0.0069113164049999995,0.00048157108815587244,0.00680469674,0.07655656000000001,0.0048902386,0.006325428740000001,0.009795307740000002
2023,22,mattcl,input-mattcl,rust,0.0014070440150000011,0.0002544635894699259,0.0013550092400000002,0.002929046000000001,0.0010549499999999998,0.00100093674,0.0022714157400000002
2023,22,mattcl-py,input-mattcl,python,0.05085417751586208,0.0005816343345223869,0.050846955240000005,0.12228892620689652,0.030852917931034486,0.04982522674,0.05324593374
