year,day,participant,input,language,mean,stddev,median,user,system,min,max
2023,22,lanjian,input-lanjian,rust,0.006788612705000005,0.0007440960247366897,0.006585906440000001,0.07301365499999996,0.004473564700000003,0.006046270940000001,0.01184986294
2023,22,mattcl,input-lanjian,rust,0.0013182937600000003,0.0002631680612502374,0.00124866844,0.0030605539999999988,0.0007700648999999999,0.00085792194,0.0020994549400000003
2023,22,mattcl-py,input-lanjian,python,0.05022146971966102,0.0006437373757600351,0.050123879940000005,0.10617555491525421,0.02865968576271185,0.04869404494000001,0.05227765294000001
2023,22,lanjian,input-mattcl,rust,0.006837316145000001,0.00047339338239252765,0.0067224469400000006,0.07734881000000002,0.0042340261999999984,0.00623315094,0.00922213494
2023,22,mattcl,input-mattcl,rust,0.0012958453150000004,0.0002686688747940294,0.00121546644,0.002961482499999999,0.0009551877999999997,0.0008912749400000001,0.0020099379400000004
2023,22,mattcl-py,input-mattcl,python,0.05139519327333336,0.000577235351479432,0.051395040940000004,0.12408608807017543,0.029967027719298246,0.05035703694000001,0.053658885940000005
