year,day,participant,input,language,mean,stddev,median,user,system,min,max
2023,22,mattcl,input-mattcl,rust,0.0018634369300000006,0.0001317816794702934,0.00188795076,0.0073080895000000035,0.0034907909999999996,0.0014414367600000001,0.00222099276
