year,day,participant,input,language,mean,stddev,median,user,system,min,max
2023,22,mattcl,input-mattcl,rust,0.0018401863300000001,0.0001334426821881957,0.0018572527399999996,0.008852291999999996,0.00196192,0.0014405732399999996,0.00211095724
2023,22,mattcl-py,input-mattcl,python,0.08655397450470592,0.0009213806500389838,0.08644825674,0.3122010117647059,0.03688929411764705,0.08502664224,0.08860462524
