year,day,participant,input,language,mean,stddev,median,user,system,min,max
2023,22,mattcl,input-mattcl,rust,0.0017988574149999995,0.00014345367624514057,0.00182161594,0.0083924576,0.0022239356,0.0014301934400000002,0.00210851344
2023,22,mattcl-py,input-mattcl,python,0.08701150847030303,0.001127999911049989,0.08705352344,0.31572252060606065,0.03526749151515152,0.08503998643999999,0.08967168444
