year,day,participant,input,language,mean,stddev,median,user,system,min,max
2023,22,mattcl,input-mattcl,rust,0.0018465982849999994,0.00013130252058934496,0.0018691848000000001,0.009752969099999991,0.0009657400000000002,0.0014560278000000002,0.0022313678000000004
