year,day,participant,input,language,mean,stddev,median,user,system,min,max
2023,22,lanjian,input-lanjian,rust,0.008001614905,0.0076555394501497676,0.00676172874,0.07519220500000003,0.0037696103999999998,0.00622627274,0.07349279274000001
2023,22,mattcl,input-lanjian,rust,0.0013675495650000001,0.0023466577454178826,0.0011660612399999998,0.002779661599999999,0.0009011378000000002,0.00086663574,0.034217553740000003
2023,22,mattcl-py,input-lanjian,python,0.05106531132620691,0.004417276955370155,0.05043743524000001,0.10760757655172414,0.027161300689655173,0.04896966874000001,0.08368587974000001
2023,22,lanjian,input-mattcl,rust,0.007028364674999998,0.0006179106737023868,0.00684161824,0.07765999500000001,0.004008090000000001,0.0059585507400000005,0.009587920740000002
2023,22,mattcl,input-mattcl,rust,0.0013011037800000002,0.00025216399442336355,0.0012253727399999998,0.0031451102000000014,0.0007848729999999997,0.00090145174,0.00193490374
2023,22,mattcl-py,input-mattcl,python,0.05168858629357141,0.0004684035327890574,0.05166149024,0.11569667999999997,0.03886650142857144,0.05033604474,0.05276268374
