year,day,participant,input,language,mean,stddev,median,user,system,min,max
2023,22,lanjian,input-lanjian,rust,0.006784394494999999,0.00048567137955355283,0.00667598428,0.07503624999999998,0.004726191199999997,0.00626894678,0.01014893778
2023,22,mattcl,input-lanjian,rust,0.00132369347,0.00023653434715916827,0.00128493528,0.0028105812000000004,0.0010171153999999998,0.0009478897800000001,0.0019737897800000005
2023,22,mattcl-py,input-lanjian,python,0.05050635557310344,0.0006382005157726002,0.050557964280000006,0.10731004551724135,0.027313243448275862,0.04910067678,0.05178399878
2023,22,lanjian,input-mattcl,rust,0.006926761835,0.0005441480608411261,0.00678850978,0.07761108500000004,0.004398288399999999,0.00631793878,0.01072758078
2023,22,mattcl,input-mattcl,rust,0.001379726090000001,0.0002530014542292882,0.00132074778,0.0032345148000000007,0.0007688422,0.0009661747800000001,0.0020012807799999997
2023,22,mattcl-py,input-mattcl,python,0.05155144216596491,0.0006207194542418313,0.05148676278,0.12099192210526319,0.033402692631578954,0.050530863780000004,0.054192585780000004
