year,day,participant,input,language,mean,stddev,median,user,system,min,max
2023,22,mattcl,input-mattcl,rust,0.001804527344999999,0.00014444956879358008,0.0018270253000000002,0.007824613499999999,0.0030088812,0.0013819128000000002,0.0021159558
2023,22,mattcl-py,input-mattcl,python,0.08698408134545456,0.0009604715511421366,0.0870049578,0.30463717272727275,0.044609140606060596,0.0850139228,0.0892365918
