year,day,participant,input,language,mean,stddev,median,user,system,min,max
2023,22,lanjian,input-lanjian,rust,0.006777317259999996,0.00048031934823151724,0.00665044148,0.07499564500000001,0.0046866749999999995,0.0061746314800000006,0.010003747480000002
2023,22,mattcl,input-lanjian,rust,0.0013330711300000003,0.000257691886907421,0.00128622298,0.0030737274000000015,0.0007772799999999998,0.0009021544800000001,0.0021283794800000004
2023,22,mattcl-py,input-lanjian,python,0.050039164124067795,0.0005410722443490543,0.04997649048,0.10421900745762709,0.029787779661016943,0.04907778948,0.05226865048
2023,22,lanjian,input-mattcl,rust,0.0067615713349999974,0.0004625744263648477,0.00669625148,0.07535157499999995,0.004628455,0.00612825448,0.009395558480000002
2023,22,mattcl,input-mattcl,rust,0.0012986574850000002,0.000231189470657553,0.0012398309800000001,0.0030097908000000003,0.0008770849999999998,0.0009159604800000002,0.0020086754800000004
2023,22,mattcl-py,input-mattcl,python,0.05120892123438597,0.0006148943380760721,0.05123982348,0.12441449333333336,0.029734859649122793,0.05006688948,0.052831483480000004
