year,day,participant,input,language,mean,stddev,median,user,system,min,max
2023,22,mattcl,input-mattcl,rust,0.0018551136000000009,0.00015073121725856536,0.00189352978,0.0064628724999999995,0.004286635999999999,0.00143931878,0.0021523947799999997
2023,22,mattcl-py,input-mattcl,python,0.08779682286823529,0.0009335018756527667,0.08771790228000001,0.3156166352941177,0.03772986470588234,0.08617445278000001,0.08938360278
