year,day,participant,input,language,mean,stddev,median,user,system,min,max
2023,22,mattcl,input-mattcl,rust,0.001372060875,0.00026291944797946035,0.0013062446200000001,0.002999068199999999,0.0009055424999999999,0.0009689131199999999,0.0020952591200000003
2023,22,mattcl-py,input-mattcl,python,0.08678469226705883,0.0014005089513285094,0.08671917962,0.3185683729411764,0.032039903529411766,0.08408987412,0.09021181112
