year,day,participant,input,language,mean,stddev,median,user,system,min,max
2023,22,lanjian,input-mattcl,rust,0.006811408174999997,0.00047521726254534175,0.00672962434,0.07681357000000003,0.004497288599999999,0.00623422784,0.01034373284
2023,22,mattcl,input-mattcl,rust,0.001339093134999999,0.0002541226575545773,0.0012823523400000002,0.0031389384000000014,0.0007731461999999995,0.00091373784,0.00206991984
2023,22,mattcl-py,input-mattcl,python,0.0630616434995745,0.0005698711606240595,0.06303437584,0.27684309446808514,0.04271368,0.061652410840000005,0.06442930384000001
