year,day,participant,input,language,mean,stddev,median,user,system,min,max
2023,22,mattcl,input-mattcl,rust,0.0018767820899999988,0.0001698046637807288,0.0018951446999999999,0.0092896128,0.0014604622000000001,0.0014702887000000002,0.0030353167000000004
