year,day,participant,input,language,mean,stddev,median,user,system,min,max
2023,22,mattcl,input-mattcl,rust,0.0014060835750000001,0.00025047573914312393,0.00135612274,0.003065277400000001,0.00088708,0.00094201874,0.00196349974
2023,22,mattcl-py,input-mattcl,python,0.06365857219652175,0.0011182853689673845,0.06336408524,0.27894070347826083,0.042511352173913046,0.06224187574,0.06946958774
