year,day,participant,input,language,mean,stddev,median,user,system,min,max
2023,22,mattcl,input-mattcl,rust,0.0018189378400000004,0.0001505220138524241,0.0018383128000000002,0.009580527000000004,0.0011729809000000004,0.0014641378000000002,0.0020969618000000003
2023,22,mattcl-py,input-mattcl,python,0.08655955794285716,0.0008388395750428141,0.0863669718,0.31279862857142854,0.03679426000000001,0.0851374718,0.0882333928
