year,day,participant,input,language,mean,stddev,median,user,system,min,max
2023,22,lanjian,input-lanjian,rust,0.006760588255000001,0.0005684565293513302,0.00664403804,0.07396689499999998,0.0054175796,0.00615344704,0.011643275040000001
2023,22,mattcl,input-lanjian,rust,0.0013120919450000006,0.00027356263962379017,0.0012433125400000003,0.002831926399999998,0.0009991976,0.0008791110400000003,0.0021096220400000005
2023,22,mattcl-py,input-lanjian,python,0.05026998012474576,0.0007552533422309662,0.05022360604000001,0.1060058925423729,0.02834740983050847,0.048957910040000004,0.054311452040000006
2023,22,lanjian,input-mattcl,rust,0.006888308140000001,0.0005857007686047895,0.00671445604,0.07606992499999991,0.0047310501,0.00626616704,0.01032867604
2023,22,mattcl,input-mattcl,rust,0.0013020989449999997,0.00024755042066766864,0.0012515725400000003,0.002976315100000001,0.000984877,0.0008894800400000004,0.0018204620400000004
2023,22,mattcl-py,input-mattcl,python,0.05132451583310346,0.0005780072811952532,0.05131342004,0.1167107572413793,0.037166140689655174,0.04983476004,0.052406079040000005
