year,day,participant,input,language,mean,stddev,median,user,system,min,max
2023,22,mattcl,input-mattcl,rust,0.0018876791899999999,0.0001545897812657904,0.0019032844800000001,0.008626062,0.0021121892,0.00147601048,0.00222372848
2023,22,mattcl-py,input-mattcl,python,0.08742125636235298,0.0013119338627629008,0.08739226148000001,0.3171326117647059,0.0346499611764706,0.08564087348,0.09143920348000001
