year,day,participant,input,language,mean,stddev,median,user,system,min,max
2023,22,mattcl,input-mattcl,rust,0.0018546037300000014,0.0001655811289913563,0.0018663861400000001,0.008228856199999997,0.0025734025000000004,0.0014415916400000004,0.00299450564
