year,day,participant,input,language,mean,stddev,median,user,system,min,max
2023,22,mattcl,input-mattcl,rust,0.0019339553050000005,0.00013354018663711218,0.00196005598,0.007261529799999997,0.0035989107999999997,0.00149958398,0.0022459809800000003
