year,day,participant,input,language,mean,stddev,median,user,system,min,max
2023,22,lanjian,input-lanjian,rust,0.006762604275000001,0.0008224970233809679,0.006615581400000001,0.07244338,0.0046194025,0.0055583874,0.0117131974
2023,22,mattcl,input-lanjian,rust,0.0013358120149999997,0.00026179537836486493,0.0012912459,0.0030421709999999985,0.0007877575000000001,0.0008949284,0.0020482574
2023,22,mattcl-py,input-lanjian,python,0.0499504276542373,0.0004886059492035721,0.0499306074,0.10666460271186437,0.027240398305084755,0.0490307544,0.0512683114
2023,22,lanjian,input-mattcl,rust,0.006730994855000001,0.0005097691240902954,0.0066441599,0.07368812500000001,0.00469109,0.0059888434,0.009934538400000002
2023,22,mattcl,input-mattcl,rust,0.0013517252799999985,0.0002647741232408777,0.0012844828999999999,0.0029833352,0.0009891649999999995,0.0009473964,0.0019771344
2023,22,mattcl-py,input-mattcl,python,0.05103388624482761,0.00045894377365913167,0.050926186400000004,0.12266275379310344,0.030800896551724136,0.0501394494,0.0523110534
