year,day,participant,input,language,mean,stddev,median,user,system,min,max
2023,22,lanjian,input-lanjian,rust,0.006832417954999999,0.0009078031750278277,0.00662742976,0.07259315000000001,0.0054993499000000005,0.00596059826,0.01371490126
2023,22,mattcl,input-lanjian,rust,0.0013845953799999993,0.00027018530633928607,0.00130316626,0.0030542061,0.0008609165999999995,0.00094503626,0.0020821232600000002
2023,22,mattcl-py,input-lanjian,python,1.7542542965933332,0.09803527874598217,1.7856239452599998,14.171647193333333,0.044231846666666665,1.6443735342599999,1.83276541026
2023,22,lanjian,input-mattcl,rust,0.006774461505000006,0.00043362353687082834,0.006662750260000001,0.07338521500000002,0.005069864500000002,0.00618342526,0.008946542259999999
2023,22,mattcl,input-mattcl,rust,0.0013339113700000002,0.00025336258210497943,0.00126912826,0.0030597925000000015,0.0009085134999999997,0.0009408582599999999,0.0022847632600000002
2023,22,mattcl-py,input-mattcl,python,0.06569483121555558,0.0068415342659076004,0.06468718226,0.2875839711111111,0.03742495777777778,0.06337354426000001,0.11028637226000002
