year,day,participant,input,language,mean,stddev,median,user,system,min,max
2023,22,lanjian,input-lanjian,rust,0.006990225149999999,0.0008329177842122129,0.006753912900000001,0.07327411500000001,0.004867206399999999,0.0062080569,0.011268845900000001
2023,22,mattcl,input-lanjian,rust,0.0014517583000000001,0.00025538209197429213,0.0013821269000000003,0.003049123800000003,0.0009153995999999997,0.0010160019000000002,0.0021726159
2023,22,mattcl-py,input-lanjian,python,0.050809430356140356,0.0005031555849611274,0.050722864900000005,0.10579064877192984,0.02917553473684211,0.0497778269,0.052156146900000006
2023,22,lanjian,input-mattcl,rust,0.006933688349999999,0.00038952875323604243,0.006849617400000001,0.07735687499999999,0.004728007600000001,0.006357486900000001,0.0095527949
2023,22,mattcl,input-mattcl,rust,0.0014697618300000006,0.00028267039388158604,0.0014126744000000002,0.0031031074000000005,0.0009954924,0.0010196389,0.0024563469000000006
2023,22,mattcl-py,input-mattcl,python,0.05180699711052632,0.0006168277299098797,0.0517576209,0.12638029789473684,0.028179973333333327,0.050892341900000006,0.0535866939
