year,day,participant,input,language,mean,stddev,median,user,system,min,max
2023,22,lanjian,input-lanjian,rust,0.006793428335000006,0.0004980776814559115,0.006655316940000001,0.07499037499999996,0.005030696499999999,0.006314159440000001,0.00953043444
2023,22,mattcl,input-lanjian,rust,0.0013228384250000003,0.0002444302809821644,0.00127844494,0.002976494700000002,0.0008267191,0.0009306794400000001,0.00191229544
2023,22,mattcl-py,input-lanjian,python,0.0506196451124138,0.000600347863093437,0.05056299794000001,0.10646556758620693,0.02830135655172413,0.04960196544,0.05202308344
2023,22,lanjian,input-mattcl,rust,0.006848442414999997,0.00040967333090302616,0.0067593919400000015,0.07844075499999999,0.004149841599999999,0.006325871440000001,0.01023018344
2023,22,mattcl,input-mattcl,rust,0.0013613012549999997,0.0002589381400772083,0.0013090714400000002,0.0031782181999999996,0.0007982168000000001,0.00092167244,0.00208124044
2023,22,mattcl-py,input-mattcl,python,0.05176362319438596,0.0006119808918294779,0.05171935744,0.1272110733333333,0.026904740701754377,0.050222476440000004,0.053129974440000005
