year,day,participant,input,language,mean,stddev,median,user,system,min,max
2023,22,mattcl,input-mattcl,rust,0.001892017255000001,0.00021539713779213782,0.0019041390000000002,0.007901646000000003,0.002848743199999998,0.00150675,0.004052142000000001
2023,22,mattcl-py,input-mattcl,python,0.08707292435294119,0.0011095590643591302,0.08727565600000001,0.30897407058823523,0.04180200470588235,0.08434322000000001,0.08887623200000001
