year,day,participant,input,language,mean,stddev,median,user,system,min,max
2023,22,mattcl,input-mattcl,rust,0.0018588991250000008,0.00014176500811465472,0.0018772183,0.006616379799999997,0.004222215300000001,0.0014690687999999999,0.0021499838
