year,day,participant,input,language,mean,stddev,median,user,system,min,max
2023,22,mattcl,input-mattcl,rust,0.0018125587400000015,0.00014442566188587217,0.0018227453,0.007288573400000001,0.003488007,0.0014307418,0.0021604378
