year,day,participant,input,language,mean,stddev,median,user,system,min,max
2023,22,lanjian,input-lanjian,rust,0.006828808305000002,0.0005288568442635825,0.00669281964,0.075376905,0.004713144999999999,0.0062253896400000005,0.00994636364
2023,22,mattcl,input-lanjian,rust,0.00136678041,0.00027063969919763434,0.00126230464,0.003013135700000001,0.00079732,0.0009243066400000001,0.00214549364
2023,22,mattcl-py,input-lanjian,python,0.049608850056666674,0.0005593934452825618,0.04959110814,0.10728658999999999,0.02443086666666666,0.04838363864,0.05107997564
2023,22,lanjian,input-mattcl,rust,0.006862263674999999,0.00033243291316848,0.006805124640000001,0.0762638,0.004739109999999999,0.00623438564,0.008676747640000001
2023,22,mattcl,input-mattcl,rust,0.0013925903550000005,0.0002979362792826644,0.00129924414,0.0032038047999999974,0.0007335399999999999,0.0009498146400000002,0.0032568426400000003
2023,22,mattcl-py,input-mattcl,python,0.05077687593310346,0.000494256672071712,0.05085702764,0.12220423310344823,0.03050444827586207,0.04959946464,0.05207618964
