year,day,participant,input,language,mean,stddev,median,user,system,min,max
2023,22,lanjian,input-lanjian,rust,0.006768614139999999,0.0006519433265254245,0.006626080420000001,0.07346997000000001,0.0051786943999999994,0.00602820192,0.01173021092
2023,22,mattcl,input-lanjian,rust,0.0013051440999999997,0.0002506155501781626,0.0012277739200000002,0.0028747428000000007,0.0009293244000000001,0.0009139019200000001,0.0019084109200000004
2023,22,mattcl-py,input-lanjian,python,0.04961709022508475,0.00045450924568173675,0.049571049920000006,0.10234938067796608,0.029962415593220337,0.04844752992,0.050783877920000005
2023,22,lanjian,input-mattcl,rust,0.006801712875000001,0.0003796534993790479,0.006705297420000001,0.07717607499999997,0.004057530199999999,0.00626572592,0.00957788792
2023,22,mattcl,input-mattcl,rust,0.0013068829199999995,0.0002552383056970791,0.0012414289200000002,0.0029921303999999992,0.0009033858000000003,0.0009219869200000002,0.00189873192
2023,22,mattcl-py,input-mattcl,python,0.0509078880954386,0.0006414448299212085,0.050780631920000006,0.1211400277192982,0.031950718596491234,0.049668882920000004,0.052938394920000006
