year,day,participant,input,language,mean,stddev,median,user,system,min,max
2023,22,mattcl,input-mattcl,rust,0.0018464561699999995,0.00013530402483856522,0.00186254412,0.009810692999999999,0.0010827637999999999,0.00145958562,0.00213551062
2023,22,mattcl-py,input-mattcl,python,0.08669691377151516,0.0010794604468386663,0.08675764462,0.3136260630303029,0.03609285636363636,0.08438661662,0.08948279462
