year,day,participant,input,language,mean,stddev,median,user,system,min,max
2023,22,mattcl,input-mattcl,rust,0.005266301045,0.00032627272611323124,0.00525042896,0.0046648700000000015,0.0005367600000000001,0.00458719746,0.0070163134600000005
