year,day,participant,input,language,mean,stddev,median,user,system,min,max
2023,22,lanjian,input-lanjian,rust,0.0072541119899999975,0.0013125391894960041,0.006684202620000001,0.06991842500000002,0.005046054999999999,0.005979594120000001,0.013332393120000001
2023,22,mattcl,input-lanjian,rust,0.0013268679500000003,0.00026151365176575476,0.00125350612,0.002993231400000001,0.0008682141999999996,0.0009078531200000001,0.00206017012
2023,22,mattcl-py,input-lanjian,python,0.05047706935728813,0.0013422649922242393,0.05002316812,0.1028115681355932,0.031385724067796605,0.04909815712,0.057216529120000005
2023,22,lanjian,input-mattcl,rust,0.006955769490000001,0.0004779243538943793,0.00684313562,0.07751618,0.004692729999999999,0.00633766412,0.01022932612
2023,22,mattcl,input-mattcl,rust,0.0013178135699999998,0.0002532602727903783,0.00124483962,0.0029356107999999985,0.0010094509999999998,0.0009045371200000001,0.00200100012
2023,22,mattcl-py,input-mattcl,python,0.0512973563742373,0.0005553512948819464,0.05124548612,0.11639850033898305,0.03766962237288137,0.04997361512,0.05346481912
