year,day,participant,input,language,mean,stddev,median,user,system,min,max
2023,22,mattcl,input-mattcl,rust,0.0018270218549999993,0.0001552004990840541,0.0018534851200000002,0.009654033399999996,0.0011124271000000003,0.00144896862,0.0021153846200000007
2023,22,mattcl-py,input-mattcl,python,0.08785964667882355,0.0013960217093847904,0.08782848062000001,0.30946525411764697,0.04218636117647058,0.08501585362,0.09285756162
