year,day,participant,input,language,mean,stddev,median,user,system,min,max
2023,22,mattcl,input-mattcl,rust,0.0019439060399999988,0.00014364999772206537,0.00196567282,0.0074248970000000015,0.003515434800000001,0.0015585268200000002,0.0022599798200000003
