year,day,participant,input,language,mean,stddev,median,user,system,min,max
2023,22,mattcl,input-mattcl,rust,0.0018206561850000005,0.0001548526431533277,0.00185453654,0.007050666799999999,0.003528297000000001,0.00144373704,0.00213768604
2023,22,mattcl-py,input-mattcl,python,0.08686387915764707,0.0012895934179178396,0.08682016654000002,0.3073033364705882,0.04312696470588235,0.08468748204000001,0.09190600404000002
