year,day,participant,input,language,mean,stddev,median,user,system,min,max
2023,22,mattcl,input-mattcl,rust,0.0018563109550000004,0.00014934092098067272,0.00187863792,0.008685870800000004,0.0019876949999999994,0.0014598954200000002,0.00217492242
2023,22,mattcl-py,input-mattcl,python,0.08599517677294116,0.0008971736803511561,0.08600530042000001,0.3108840082352941,0.03660635294117647,0.08405929542000001,0.08804958742
