year,day,participant,input,language,mean,stddev,median,user,system,min,max
2023,22,mattcl,input-mattcl,rust,0.0013561881550000004,0.00026812541884978236,0.00126874608,0.0030626487999999997,0.0009126634999999999,0.00090260058,0.00214948558
2023,22,mattcl-py,input-mattcl,python,0.06381735325391304,0.0006399798783292433,0.06395651808,0.29212554869565205,0.02920264347826087,0.062129076580000005,0.06524864758
