year,day,participant,input,language,mean,stddev,median,user,system,min,max
2023,22,mattcl,input-mattcl,rust,0.0013606004200000007,0.00026561505153075956,0.0013145034000000004,0.0028471936000000015,0.0010417528,0.0009366854000000004,0.0021104454000000004
2023,22,mattcl-py,input-mattcl,python,0.0627827519106383,0.0008688457602502664,0.06264426940000001,0.27720390085106383,0.04016904936170212,0.0613829044,0.06561516740000001
