year,day,participant,input,language,mean,stddev,median,user,system,min,max
2023,22,mattcl,input-mattcl,rust,0.00186734015,0.0001970993497996794,0.00188112168,0.006636477000000002,0.0037774166,0.0015411721799999999,0.0035547971800000003
