year,day,participant,input,language,mean,stddev,median,user,system,min,max
2023,22,lanjian,input-lanjian,rust,0.006879946660000004,0.0005887528017465961,0.00671275132,0.07572003,0.0036215320000000002,0.00602558532,0.00978133532
2023,22,mattcl,input-lanjian,rust,0.0013869614100000002,0.0002634976042492367,0.0013136103200000002,0.0030822244999999986,0.000798148,0.0009559263200000001,0.0020489913200000005
2023,22,mattcl-py,input-lanjian,python,0.05039695352338983,0.0005241027195149751,0.05040906832,0.10431832305084744,0.03007311525423728,0.04884987032,0.051271842320000004
2023,22,lanjian,input-mattcl,rust,0.006894253680000005,0.0003982900561796999,0.006817286820000001,0.07694426000000001,0.004791291999999998,0.0063902373200000005,0.00954214732
2023,22,mattcl,input-mattcl,rust,0.0014299192750000006,0.00027836124331335674,0.00137020732,0.0030799660999999996,0.0009191369999999998,0.0009779573200000002,0.00220007532
2023,22,mattcl-py,input-mattcl,python,0.051686171267368436,0.0005479342546329425,0.05168681932,0.12129530491228066,0.03330477894736843,0.050685704320000004,0.053547011320000004
