year,day,participant,input,language,mean,stddev,median,user,system,min,max
2023,22,mattcl,input-mattcl,rust,0.0014845234199999998,0.00025186715542160014,0.0014416712400000004,0.0031001009999999996,0.0011399957,0.0010483792400000002,0.0021418562400000005
2023,22,mattcl-py,input-mattcl,python,0.0868200359369697,0.0010306634505839395,0.08666715524,0.31294934484848475,0.03600158242424242,0.08488186324,0.08917229424
