year,day,participant,input,language,mean,stddev,median,user,system,min,max
2023,2,mattcl,input-lanjian,rust,0.0007925546700000001,0.00016797780560116868,0.0008413398399999999,0.0006776176000000004,0.00019330040000000004,0.00005649183999999988,0.00143934984
2023,2,pting,input-lanjian,python,0.01772536091784432,0.0006822614262706012,0.01755421384,0.015031055329341306,0.0025932174850299395,0.01686307184,0.02111562884
2023,2,mattcl,input-mattcl,rust,0.0008246529400000001,0.00013050012280527154,0.0008590283399999999,0.0007402192000000009,0.00016148859999999998,0.00027629383999999994,0.0011317538399999998
2023,2,pting,input-mattcl,python,0.01795216535219512,0.0030152400176300465,0.01764741934,0.015166866341463421,0.0025001248780487824,0.01656628584,0.055183869840000004
2023,2,mattcl,input-pting,rust,0.0008229957099999997,0.0001357064430075518,0.0008569093399999998,0.0007240483999999998,0.00017448639999999998,0.00009969283999999986,0.00115297284
2023,2,pting,input-pting,python,0.017918665932024555,0.0007882513235996987,0.01766707584,0.014954437791411049,0.0028582245398773003,0.01666545184,0.02092411984
