year,day,participant,input,language,mean,stddev,median,user,system,min,max
2023,2,lanjian,input-lanjian,rust,0.0008728350750000002,0.00016393975961992002,0.00093995242,0.0007366497999999999,0.00018052579999999999,0.00030860541999999994,0.00110153942
2023,2,mattcl,input-lanjian,rust,0.0008434578250000003,0.00017717437678974678,0.00090670542,0.0007550232000000001,0.0001352761,0.00013599342,0.0014855994199999998
2023,2,mattcl-py,input-lanjian,python,0.01706530863965318,0.0006301937316091483,0.01697596742,0.014373822658959527,0.0025696620809248553,0.01594016942,0.01981364742
2023,2,pting,input-lanjian,python,0.017656163922994007,0.0008259734973286952,0.01740264542,0.014980875928143714,0.002562263952095808,0.016599483420000002,0.020740090420000003
2023,2,lanjian,input-mattcl,rust,0.0009005767499999997,0.00015029391820295016,0.00095115342,0.0007810631999999998,0.00016804,0.00014709342,0.0011276484199999998
2023,2,mattcl,input-mattcl,rust,0.0008646954299999994,0.00015202762719817553,0.00092467892,0.0007595974000000004,0.0001549746,0.00014331641999999994,0.0010295654200000001
2023,2,mattcl-py,input-mattcl,python,0.017112543885517244,0.0006336241939122192,0.01702390692,0.014203966436781613,0.002819328620689656,0.015997215420000002,0.020277014420000003
2023,2,pting,input-mattcl,python,0.017539663009285715,0.0006560106159311015,0.01738325492,0.014799101904761905,0.002664562261904762,0.01641750242,0.02080011442
2023,2,lanjian,input-pting,rust,0.0008831835599999998,0.00018265437553797127,0.0009507424199999999,0.0007559406000000002,0.00016340999999999998,0.00013097342,0.00134605742
2023,2,mattcl,input-pting,rust,0.0008577805249999999,0.00015883212412257935,0.00091126842,0.0007511798000000003,0.00014975959999999997,0.00016115941999999997,0.0013317404200000002
2023,2,mattcl-py,input-pting,python,0.017658424974285724,0.005043882480091624,0.01703598942,0.014316319999999995,0.0026896673142857144,0.016015540420000002,0.06747474042000001
2023,2,pting,input-pting,python,0.017606864320621123,0.0006350794640602192,0.017436068420000003,0.015135933167701862,0.002375899627329193,0.016729235420000002,0.020412468420000003
