year,day,participant,input,language,mean,stddev,median,user,system,min,max
2023,2,mattcl,input-mattcl,rust,0.0008855928600000003,0.00015870460639853584,0.0009271964400000001,0.0007754915999999998,0.00016856000000000003,0.00008759094000000006,0.0013705809400000003
