year,day,participant,input,language,mean,stddev,median,user,system,min,max
2023,2,mattcl,input-lanjian,rust,0.0008713587150000003,0.00011268293570844317,0.0008930761800000001,0.0007218983999999996,0.00018605960000000002,0.00046851268,0.00146515768
2023,2,pting,input-lanjian,python,0.01751882642556212,0.000670114536816682,0.01733820668,0.014845461775147933,0.0025821830769230765,0.016667060679999998,0.02040896268
2023,2,mattcl,input-mattcl,rust,0.0007840509749999995,0.0002007143333791014,0.0008618581800000001,0.0006741593999999995,0.00015702,0.00008763968000000003,0.00107306368
2023,2,pting,input-mattcl,python,0.017445772248047334,0.0005451220251758922,0.017343026679999998,0.014705343431952655,0.002658904733727811,0.016867045679999998,0.020365541679999998
2023,2,mattcl,input-pting,rust,0.000772487855,0.00021176994129701,0.0008352886800000001,0.0006624186000000001,0.00015490480000000004,0.000040731680000000116,0.0012944076800000001
2023,2,pting,input-pting,python,0.017555041703668638,0.0006746887506148048,0.01740063368,0.014543704378698235,0.0029042771597633144,0.01635861368,0.02063500568
