year,day,participant,input,language,mean,stddev,median,user,system,min,max
2023,2,lanjian,input-lanjian,rust,0.0008583553900000002,0.00016568097795575373,0.00091052052,0.0007656582,0.00014016259999999998,0.00016184402,0.0012373880200000002
2023,2,mattcl,input-lanjian,rust,0.0008118228399999997,0.00021001700900351268,0.0008892110200000001,0.0007419582000000004,0.00011621019999999996,0.000038984020000000074,0.00127175302
2023,2,pting,input-lanjian,python,0.01756545479844312,0.0007080787004425613,0.017386549020000003,0.014763357964071865,0.0027315973652694593,0.016615094020000002,0.020948469020000002
2023,2,lanjian,input-mattcl,rust,0.00085120219,0.0001820292091457915,0.0009118135200000001,0.0007006397999999998,0.00018802279999999998,0.00015326802000000005,0.0013875090200000002
2023,2,mattcl,input-mattcl,rust,0.0007995353800000001,0.00019602153587964125,0.0008753295200000001,0.0006839747000000004,0.00016414079999999993,0.00004424402000000006,0.00102041202
2023,2,pting,input-mattcl,python,0.017559280680606054,0.0006646389521230865,0.017354028020000002,0.014537782424242422,0.0029227190303030295,0.01702522202,0.020336663020000003
2023,2,lanjian,input-pting,rust,0.0008707450700000001,0.00016243689057209617,0.0009187465200000001,0.0007427282000000006,0.00016948,0.00017669202000000002,0.0015400350200000003
2023,2,mattcl,input-pting,rust,0.0007701793149999997,0.0002517875410969857,0.0008813660200000001,0.0006755714000000003,0.00013765219999999998,0.000031720019999999976,0.0013877900200000002
2023,2,pting,input-pting,python,0.017679857942155687,0.0007418387046272174,0.017465546020000004,0.015040495688622759,0.0025157020359281423,0.016578826020000003,0.020543640020000004
