year,day,participant,input,language,mean,stddev,median,user,system,min,max
2023,2,mattcl,input-mattcl,rust,0.0008010198950000004,0.00017991170582014814,0.0008622926399999999,0.0007287419999999999,0.0001462046,0.000027280639999999906,0.00117564864
2023,2,pting,input-mattcl,python,0.017772328983750002,0.0006445499069645914,0.01762052164,0.014905718749999996,0.002767329999999999,0.01643273364,0.02064756064
2023,2,mattcl,input-pting,rust,0.0008308495150000004,0.00017502385685853677,0.00088443364,0.0007407774999999996,0.00015840819999999995,0.000019685639999999908,0.0013647126400000002
2023,2,pting,input-pting,python,0.017814291693892214,0.0006481498991268235,0.01770218964,0.01485862095808384,0.0028484685029940117,0.01666888664,0.02105405164
