year,day,participant,input,language,mean,stddev,median,user,system,min,max
2023,2,lanjian,input-lanjian,rust,0.000909772925,0.00018673384440509838,0.0009667915799999999,0.0007713298000000006,0.00017361120000000002,0.00011578757999999986,0.0016569545799999998
2023,2,mattcl,input-lanjian,rust,0.0008913749950000004,0.00014953767586027016,0.00094188458,0.0007713973999999998,0.00016007929999999998,0.0001161275799999999,0.0013235905799999998
2023,2,mattcl-py,input-lanjian,python,0.0171310099980791,0.00078134746849792,0.016968291580000003,0.01442104338983051,0.0025929577401129934,0.016087680580000003,0.020417846580000003
2023,2,pting,input-lanjian,python,0.016385059025783126,0.0006522276385131518,0.01623005308,0.013469671325301209,0.0028051385542168686,0.015639429580000003,0.01956757258
2023,2,lanjian,input-mattcl,rust,0.0009252634600000008,0.0001416899952041795,0.0009721365799999999,0.0008063831999999996,0.0001575343,0.00018700057999999995,0.0011297665799999998
2023,2,mattcl,input-mattcl,rust,0.0008535184800000001,0.00017613535414170298,0.00091960308,0.0007278356,0.00016434569999999995,0.00013868957999999985,0.00129867358
2023,2,mattcl-py,input-mattcl,python,0.01719303317302326,0.0008137200606120993,0.017001447580000002,0.014468770232558135,0.002630906976744186,0.016181464580000002,0.020476495580000004
2023,2,pting,input-mattcl,python,0.01653274293195531,0.0007115260396398242,0.01634087458,0.013559342793296089,0.0028710478212290494,0.015433293580000002,0.019291282580000003
2023,2,lanjian,input-pting,rust,0.00089714445,0.00018093161402494445,0.0009603545799999999,0.0007586421999999999,0.00017620379999999997,0.00015078257999999987,0.00145021758
2023,2,mattcl,input-pting,rust,0.0008821138850000001,0.00015679203337578266,0.00094748058,0.0007452397999999998,0.00017551759999999997,0.0001516935799999999,0.0011006325800000001
2023,2,mattcl-py,input-pting,python,0.017341893656923082,0.002811573926383109,0.017056715580000003,0.014202674319526626,0.0028257266272189354,0.016073062580000002,0.05279453058
2023,2,pting,input-pting,python,0.016730645268888896,0.0042506646657073125,0.016298424080000002,0.013612956666666669,0.0027074946666666667,0.015302617579999999,0.07281051158
