year,day,participant,input,language,mean,stddev,median,user,system,min,max
2024,23,mattcl,input-mattcl,rust,0.0015019309100000023,0.0002903700512387944,0.0014673663000000006,0.0011781337000000005,0.00036766960000000003,0.0007620323000000004,0.0027129623000000007
2024,23,mattcl-py,input-mattcl,python,0.020517581341958045,0.002247798935710227,0.020099496300000002,0.014120155104895105,0.005951127552447551,0.0190471363,0.038428534300000004
