year,day,participant,input,language,mean,stddev,median,user,system,min,max
2024,23,mattcl,input-mattcl,rust,0.0014225550299999993,0.00012304151011506684,0.0014247295600000002,0.0010646500000000005,0.00044551420000000006,0.0008315845600000003,0.0020690905600000004
2024,23,mattcl-py,input-mattcl,python,0.019621266868724823,0.0006652846883106458,0.01944924256,0.014161773288590609,0.005359168590604028,0.01864109056,0.022616322560000002
