year,day,participant,input,language,mean,stddev,median,user,system,min,max
2024,23,mattcl,input-mattcl,rust,0.0014627778599999991,0.0002144123083902278,0.00140787416,0.0011697549999999998,0.0003760154,0.00094899516,0.00235280316
2024,23,mattcl-py,input-mattcl,python,0.019924842798297874,0.0006590816101773771,0.019799239160000003,0.014557303546099291,0.005301470070921985,0.018685534160000003,0.02304540416
