year,day,participant,input,language,mean,stddev,median,user,system,min,max
2024,23,mattcl,input-mattcl,rust,0.0015942263100000007,0.00033361191851535014,0.0014512658800000004,0.0012369500000000003,0.00041267099999999987,0.0009719288800000004,0.0026438988800000004
2024,23,mattcl-py,input-mattcl,python,0.02050841511448275,0.0008361127640967955,0.020279378880000004,0.015264908965517243,0.005146921103448275,0.018964777880000002,0.023298589880000005
