year,day,participant,input,language,mean,stddev,median,user,system,min,max
2024,23,mattcl,input-mattcl,rust,0.0015030356449999987,0.0002303690373848248,0.0014219964799999996,0.0011034906,0.00047297339999999977,0.0010041779799999997,0.0024996389799999998
2024,23,mattcl-py,input-mattcl,python,0.02040637474056339,0.0007005607331332408,0.02030127298,0.014636193521126764,0.005726804225352115,0.01871299898,0.02281566298
