year,day,participant,input,language,mean,stddev,median,user,system,min,max
2024,23,mattcl,input-mattcl,rust,0.0014539153849999998,0.00017248227130385157,0.00144240362,0.0009886540000000003,0.0004993813999999997,0.0006033021200000002,0.00230925712
2024,23,mattcl-py,input-mattcl,python,0.019711569525405412,0.0006460220532300762,0.019572431120000004,0.015345256216216222,0.004278454054054055,0.018882841120000004,0.022815466120000003
