year,day,participant,input,language,mean,stddev,median,user,system,min,max
2024,23,mattcl,input-mattcl,rust,0.0015075993399999994,0.00018026793637670557,0.0014608378800000002,0.0011873977000000004,0.0004039478000000001,0.0009722823800000001,0.00235100538
2024,23,mattcl-py,input-mattcl,python,0.019965918051232892,0.0006210603094901505,0.019838819880000004,0.014671850410958896,0.005231406301369862,0.018695318380000003,0.022718003380000004
