year,day,participant,input,language,mean,stddev,median,user,system,min,max
2024,23,mattcl,input-mattcl,rust,0.001476751475,0.0002418574880231957,0.0014220556600000002,0.0011321124,0.00042601219999999993,0.00076017716,0.00242313916
2024,23,mattcl-py,input-mattcl,python,0.019798705131830987,0.0005802358074166512,0.019713654159999996,0.014487949577464786,0.005218840845070424,0.01830017916,0.02232958916
