year,day,participant,input,language,mean,stddev,median,user,system,min,max
2024,23,mattcl,input-mattcl,rust,0.0014521014550000003,0.0001368556401617933,0.0014367152400000006,0.0011003949999999999,0.0004331276999999999,0.0009671317400000005,0.0021982157400000004
2024,23,mattcl-py,input-mattcl,python,0.019719582454285726,0.0006465631023597533,0.019553114740000002,0.013976781224489795,0.005667022040816327,0.01856854274,0.02231746674
