year,day,participant,input,language,mean,stddev,median,user,system,min,max
2024,23,mattcl,input-mattcl,rust,0.001018977683464567,0.0027682799853850208,0.0,0.0009956201574803144,0.00031191338582677166,0.0,0.01588388954
2024,23,mattcl-py,input-mattcl,python,0.02778055902905109,0.007670858478792021,0.031121782540000004,0.026013971824817524,0.008203890510948905,0.012936442540000002,0.04125869754
