year,day,participant,input,language,mean,stddev,median,user,system,min,max
2024,23,mattcl,input-mattcl,rust,0.00148768994,0.00024192056766872923,0.0014365287800000002,0.0011214083,0.00043158880000000006,0.0008095547800000001,0.0026763007800000003
2024,23,mattcl-py,input-mattcl,python,0.01989811320957746,0.0005295071362208579,0.019836231779999998,0.014210966760563387,0.005587526760563379,0.01894735178,0.02199798378
