year,day,participant,input,language,mean,stddev,median,user,system,min,max
2024,23,mattcl,input-mattcl,rust,0.001461197920000001,0.00024271834774979817,0.0013944591200000002,0.0010983517,0.0004210354,0.0009654951200000002,0.0026000971200000004
2024,23,mattcl-py,input-mattcl,python,0.020011399760845077,0.0006803604365684469,0.01986690262,0.013773082535211263,0.0061538650704225355,0.018978790120000002,0.02320342112
