year,day,participant,input,language,mean,stddev,median,user,system,min,max
2024,23,mattcl,input-mattcl,rust,0.001462982925,0.00020146123804367044,0.00142806272,0.00103134,0.00047040539999999994,0.00083474222,0.00238262922
2024,23,mattcl-py,input-mattcl,python,0.01977634046161073,0.0006488346337948925,0.01963446122,0.014421591812080537,0.005264609395973155,0.01882721922,0.02278692322
