year,day,participant,input,language,mean,stddev,median,user,system,min,max
2024,23,mattcl,input-mattcl,rust,0.0014748507450000007,0.0002021719586395889,0.0014338663800000002,0.0011538348000000006,0.00038707999999999993,0.0007719268800000001,0.0026619148800000004
2024,23,mattcl-py,input-mattcl,python,0.01965300670312925,0.000603668424664904,0.019529602880000003,0.014610931564625854,0.004958783129251702,0.01840721088,0.022644365880000003
