year,day,participant,input,language,mean,stddev,median,user,system,min,max
2024,23,mattcl,input-mattcl,rust,0.0014938500450000006,0.00022940938262041772,0.0014337585600000002,0.0010590591999999992,0.0005204956,0.0007282035600000001,0.0024723485600000004
2024,23,mattcl-py,input-mattcl,python,0.019998743587397262,0.0006298334779371225,0.019929575060000003,0.014292977260273966,0.005632338082191782,0.018583976560000003,0.023031390560000004
