year,day,participant,input,language,mean,stddev,median,user,system,min,max
2024,23,mattcl,input-mattcl,rust,0.001963035689668875,0.0037580984847946333,0.0008698891400000001,0.001008976688741722,0.0003514635761589404,0.0004319791400000002,0.02288963314
