year,day,participant,input,language,mean,stddev,median,user,system,min,max
2024,23,mattcl,input-mattcl,rust,0.00150789236,0.00021236772265599137,0.0014584461400000003,0.0011638322,0.00041783179999999997,0.0009871981400000002,0.0023647031400000004
2024,23,mattcl-py,input-mattcl,python,0.019903080599459465,0.000523721946327034,0.01983260514,0.014638670000000003,0.005179220810810811,0.01887690314,0.02240708514
