year,day,participant,input,language,mean,stddev,median,user,system,min,max
2024,23,mattcl,input-mattcl,rust,0.001439705100000001,0.00011785643970760513,0.0014316000800000002,0.0010412188000000003,0.0004440529999999998,0.00096605408,0.00194863308
2024,23,mattcl-py,input-mattcl,python,0.01987971001749999,0.0006336919495262731,0.019734643080000003,0.01414136999999999,0.0056358,0.018693413080000002,0.022823104080000003
