year,day,participant,input,language,mean,stddev,median,user,system,min,max
2024,23,mattcl,input-mattcl,rust,0.0014158962350000006,0.00009339525477884515,0.0014237166600000002,0.0011030715000000001,0.0004027879,0.0007351711600000003,0.0017750101600000003
2024,23,mattcl-py,input-mattcl,python,0.019619789961324508,0.0005765628489617537,0.019551947160000003,0.01461768675496689,0.004935637350993377,0.018345295160000004,0.022570544160000004
