year,day,participant,input,language,mean,stddev,median,user,system,min,max
2024,25,mattcl,input-mattcl,rust,0.0014235492799999996,0.0001517406487549638,0.00146226562,0.0010377971999999999,0.00043157,0.0007346241199999998,0.00208454012
2024,25,mattcl-py,input-mattcl,python,0.01848409443210191,0.0005031461865538205,0.018415594120000003,0.014116853248407644,0.004270391082802547,0.017591723120000003,0.02081725712
