year,day,participant,input,language,mean,stddev,median,user,system,min,max
2024,25,mattcl,input-mattcl,rust,0.0010623256199999997,0.000372382133757887,0.0011948420600000002,0.0008405587999999999,0.00034591759999999994,0.00007885755999999992,0.0016637445600000004
2024,25,mattcl-py,input-mattcl,python,0.01927414685139073,0.0005753919287742992,0.019245404560000002,0.013394772715231791,0.0057799001324503295,0.018249149560000004,0.023204495560000003
