year,day,participant,input,language,mean,stddev,median,user,system,min,max
2024,25,mattcl,input-mattcl,rust,0.0013569564250000008,0.0002035950172961487,0.0013894691799999997,0.0010349145999999996,0.0004019544999999999,0.0006847446799999999,0.0020484276799999997
2024,25,mattcl-py,input-mattcl,python,0.018441163726052638,0.0006493652409078648,0.01829767668,0.01387959026315789,0.004500384868421051,0.01759064768,0.021689583680000003
