year,day,participant,input,language,mean,stddev,median,user,system,min,max
2024,25,mattcl,input-mattcl,rust,0.0013176331800000003,0.0002306613736531111,0.0013880684400000003,0.0009505703000000004,0.00041918999999999984,0.00046576894000000034,0.0020816279400000005
2024,25,mattcl-py,input-mattcl,python,0.01848084770470588,0.0005550930883501573,0.01837588594,0.01378437241830066,0.004565579084967319,0.01723327594,0.02088640194
