year,day,participant,input,language,mean,stddev,median,user,system,min,max
2024,25,mattcl,input-mattcl,rust,0.001381457465,0.0001632350109041174,0.0013916432600000002,0.0010314431000000004,0.00041375980000000014,0.0006789082599999999,0.0020546442600000003
2024,25,mattcl-py,input-mattcl,python,0.018741168384183014,0.0006723091466605314,0.018662884260000002,0.014293922483660132,0.004340292287581697,0.017610695260000003,0.022133852260000003
