year,day,participant,input,language,mean,stddev,median,user,system,min,max
2024,25,mattcl,input-mattcl,rust,0.001337778095,0.00021073622602146649,0.00139664296,0.0009580356000000005,0.0004314208,0.0005883704599999998,0.00213122846
2024,25,mattcl-py,input-mattcl,python,0.018837033513333334,0.0005885663306907979,0.018737387459999998,0.014352819999999988,0.004347551200000001,0.01738571246,0.021194130460000002
