year,day,participant,input,language,mean,stddev,median,user,system,min,max
2024,25,mattcl,input-mattcl,rust,0.0013559195799999998,0.00024015210782184687,0.0014370321000000002,0.0009609089999999998,0.00046104999999999996,0.00026453860000000024,0.0018176856
2024,25,mattcl-py,input-mattcl,python,0.018805708727388543,0.0007318885744537784,0.018650574600000004,0.014099785987261144,0.00458304076433121,0.017606569600000004,0.021830634600000003
