year,day,participant,input,language,mean,stddev,median,user,system,min,max
2024,25,mattcl,input-mattcl,rust,0.0013824762100000001,0.00018819331428921617,0.00139384052,0.0010527112999999995,0.00037507499999999994,0.0005042200200000001,0.0023420510200000003
2024,25,mattcl-py,input-mattcl,python,0.018424411722531647,0.0006405034472709683,0.01828578302,0.013742372911392407,0.004595397721518988,0.017469885020000003,0.021387260020000003
