year,day,participant,input,language,mean,stddev,median,user,system,min,max
2024,25,mattcl,input-mattcl,rust,0.0013384940649999993,0.00021112361072615738,0.0013875427999999997,0.0009716212000000006,0.00043691660000000007,0.0006851112999999997,0.0020937902999999996
2024,25,mattcl-py,input-mattcl,python,0.018527965429870133,0.0007142477584095691,0.018365657299999998,0.014293778181818177,0.0041447620779220765,0.0174884243,0.021502783299999998
