year,day,participant,input,language,mean,stddev,median,user,system,min,max
2024,25,mattcl,input-mattcl,rust,0.0013570519650000004,0.0001956800768495829,0.00137616754,0.0010332239999999997,0.00037926999999999997,0.0005236060400000001,0.0020077650399999997
2024,25,mattcl-py,input-mattcl,python,0.01850697004641026,0.0006374354284185916,0.01836715454,0.014093388461538462,0.0043226410256410235,0.017328013040000003,0.021314358040000002
