year,day,participant,input,language,mean,stddev,median,user,system,min,max
2024,25,mattcl,input-mattcl,rust,0.0013892086600000002,0.00020002177817662832,0.0014347140400000002,0.0010344954000000009,0.0004165670000000001,0.00029052604,0.00214224404
2024,25,mattcl-py,input-mattcl,python,0.01873048530973684,0.0005801536785394887,0.01862733154,0.01342227157894737,0.005214810526315789,0.01769237604,0.02160094504
