year,day,participant,input,language,mean,stddev,median,user,system,min,max
2024,25,mattcl,input-mattcl,rust,0.001349659765,0.0002178542024365565,0.0014297513800000004,0.0011390976,0.00035402499999999984,0.0004237138800000001,0.0016501088800000003
2024,25,mattcl-py,input-mattcl,python,0.01951271788662252,0.0014411194843697243,0.019202333880000002,0.013738490860927158,0.0056639758940397345,0.01793807688,0.02971083688
