year,day,participant,input,language,mean,stddev,median,user,system,min,max
2025,1,lanjian,input-lanjian,rust,0.0013032435100000014,0.00024090540578561358,0.0013474103600000001,0.0010220379000000003,0.00035576960000000007,0.00043640386000000017,0.00210112186
2025,1,mattcl,input-lanjian,rust,0.0012254474450000003,0.000255171894598854,0.00125081936,0.0009077050999999997,0.00036458400000000005,0.0002552238600000002,0.0020017568600000004
2025,1,mattcl-py,input-lanjian,python,0.01800993880409938,0.0006145936738956707,0.017863825859999998,0.013296512670807455,0.0046306442236024835,0.01694873086,0.02110941586
2025,1,whyando,input-lanjian,rust,0.0006796101707000002,0.00018317560482401248,0.0007258108600000003,0.0006396255,0.00016579999999999996,0.0,0.00116140186
2025,1,lanjian,input-mattcl,rust,0.0013435685050000013,0.0002536624449908434,0.0013629893600000003,0.0009990915000000005,0.0003959775999999998,0.00021048986000000015,0.0024674988600000003
2025,1,mattcl,input-mattcl,rust,0.0011958035299999999,0.0002554975528574035,0.0012268338600000001,0.0008806358000000003,0.00037088900000000017,0.0004636048600000001,0.0022563428600000006
2025,1,mattcl-py,input-mattcl,python,0.01822811262687116,0.0007406446260306331,0.01807932886,0.013462379263803673,0.0046677288343558235,0.01675689086,0.02154469186
2025,1,whyando,input-mattcl,rust,0.0006839241000000003,0.00020062824816152936,0.0007309698600000003,0.0005763256000000002,0.00022320839999999997,0.000013049860000000145,0.00139662186
2025,1,lanjian,input-whyando,rust,0.001264213395,0.00023501900810323387,0.00131514986,0.000935007900000001,0.0004079929999999999,0.00039802186000000017,0.0021258488600000005
2025,1,mattcl,input-whyando,rust,0.0012078343650000006,0.0001921113149142455,0.0012469013600000002,0.0009051979000000003,0.00034494360000000016,0.0007461828600000002,0.0019934808600000006
2025,1,mattcl-py,input-whyando,python,0.018208153734213837,0.000549578681841156,0.01815516086,0.0138846683018868,0.00421852150943396,0.01714237286,0.02095733086
2025,1,whyando,input-whyando,rust,0.0007248038600000005,0.00015741287504499003,0.0007421013600000002,0.0006308476999999999,0.00020104300000000003,0.00014814286000000023,0.0013050008600000004
