year,day,participant,input,language,mean,stddev,median,user,system,min,max
2025,1,lanjian,input-mattcl,rust,0.0013931723700000003,0.00020778248041552312,0.0013779364000000003,0.0009997604000000005,0.0003999606,0.0006496869000000002,0.0022535929000000003
2025,1,mattcl,input-mattcl,rust,0.0012045893749999999,0.00022403561391425941,0.0012464994000000002,0.0009071604000000004,0.0003374345999999999,0.00022662490000000012,0.0022102109000000005
2025,1,mattcl-py,input-mattcl,python,0.017916753534146342,0.0006155973390822857,0.0178444559,0.013585374634146335,0.004230469999999999,0.0167332039,0.0212971869
