year,day,participant,input,language,mean,stddev,median,user,system,min,max
2025,1,lanjian,input-lanjian,rust,0.0013111066900000003,0.00022037207466830996,0.0013663199200000002,0.0009955371000000001,0.000389313,0.00050271692,0.0019950129200000002
2025,1,mattcl,input-lanjian,rust,0.0011100900100000002,0.00025017310909004745,0.0011797304200000002,0.0008842015000000009,0.0003334310000000001,0.00033016391999999997,0.00261820892
2025,1,mattcl-py,input-lanjian,python,0.01800130940780488,0.0006216170954826122,0.01793746342,0.01320476317073171,0.004693490243902436,0.016931338920000004,0.020785928920000002
2025,1,whyando,input-lanjian,rust,0.0006866506304,0.000123718704815852,0.00071423292,0.0006372355,0.000190161,0.0,0.00093248292
2025,1,lanjian,input-mattcl,rust,0.0013120246949999998,0.0002524199858481143,0.0013492374200000001,0.0010448115,0.0003567039999999999,0.0002386329199999998,0.00208561092
2025,1,mattcl,input-mattcl,rust,0.0012197244399999993,0.00021419601055622077,0.00123605542,0.0009126256,0.00036902000000000007,0.00061182092,0.0019622509200000002
2025,1,mattcl-py,input-mattcl,python,0.018051916350379754,0.000678492491485299,0.01795639892,0.013401781772151894,0.0045712443037974676,0.01674767392,0.02117526692
2025,1,whyando,input-mattcl,rust,0.0006780577258000001,0.0001686428904613543,0.0007262904199999999,0.0006403317000000002,0.00018300300000000005,0.0,0.00109783092
2025,1,lanjian,input-whyando,rust,0.0013117584399999999,0.00022476761027387992,0.00136938042,0.0010595056,0.000330378,0.0006076839199999998,0.00214051392
2025,1,mattcl,input-whyando,rust,0.0012307136550000002,0.0002245448218776267,0.00124796292,0.0009004506000000008,0.000384468,0.0005786089199999999,0.0020276339200000003
2025,1,mattcl-py,input-whyando,python,0.01805704117949367,0.0006756487817998584,0.017941630920000003,0.013552205822784815,0.004434011392405061,0.01660059892,0.02134661792
2025,1,whyando,input-whyando,rust,0.0006933251761999996,0.00018132329274020537,0.00072434692,0.0006228517000000001,0.00020597099999999997,0.0,0.00138577092
