year,day,participant,input,language,mean,stddev,median,user,system,min,max
2025,1,lanjian,input-lanjian,rust,0.0012704645350000007,0.00023861568863368276,0.0013239408800000004,0.0009116969000000002,0.00040641459999999984,0.0005721388800000002,0.0025304938800000004
2025,1,mattcl,input-lanjian,rust,0.00120711,0.00022420768460269187,0.0012165798800000004,0.0009175157000000003,0.0003415266,0.0006220018800000002,0.0020400058800000005
2025,1,mattcl-py,input-lanjian,python,0.018016751147080744,0.00045443122802660914,0.017965988880000002,0.012814526832298138,0.005103095652173913,0.01679495688,0.02078297088
2025,1,whyando,input-lanjian,rust,0.0010555432800000005,0.0001735015916110797,0.0010825148800000005,0.0008401345000000007,0.0003208716000000001,0.0004369468800000003,0.0017252878800000002
2025,1,lanjian,input-mattcl,rust,0.0012927515700000005,0.00021798589789078144,0.0013277378800000004,0.0009690975999999994,0.0003885148,0.00047728188000000036,0.0023688208800000006
2025,1,mattcl,input-mattcl,rust,0.0011862219300000012,0.00020029954263127764,0.0012008303800000004,0.0009568656999999998,0.0003100218000000001,0.0006092488800000003,0.0021568038800000005
2025,1,mattcl-py,input-mattcl,python,0.018136260223373498,0.0006580050060734477,0.01802164838,0.013863360963855416,0.004165049156626509,0.01691446088,0.02120516088
2025,1,whyando,input-mattcl,rust,0.0010802654099999998,0.00017469419737496008,0.0010950128800000002,0.0008597888,0.00028742019999999994,0.0004817008800000002,0.0017594808800000003
2025,1,lanjian,input-whyando,rust,0.0012969613300000008,0.00021238334143381036,0.0013331633800000003,0.0009888706999999994,0.000375249,0.0006204598800000002,0.0020585108800000003
2025,1,mattcl,input-whyando,rust,0.0011854293850000006,0.00022103501113724533,0.0012173163800000004,0.0009262525999999999,0.00032610340000000003,0.00048165988000000034,0.0022732428800000004
2025,1,mattcl-py,input-whyando,python,0.01816938791311258,0.0007718199549664454,0.01805947388,0.013406076953642385,0.004643847947019868,0.01684927888,0.02178900288
2025,1,whyando,input-whyando,rust,0.0011285606150000002,0.0002100163558101934,0.0011175003800000002,0.0008477275999999995,0.00032249080000000004,0.0005877978800000003,0.0022115368800000004
