year,day,participant,input,language,mean,stddev,median,user,system,min,max
2025,1,lanjian,input-lanjian,rust,0.0013147073450000004,0.00021529428213866477,0.0013573511000000002,0.0009564924999999998,0.0004249560000000001,0.0006985720999999999,0.0020748101000000003
2025,1,mattcl,input-lanjian,rust,0.0011898608750000007,0.0002065675436955098,0.0012181251,0.0009445415000000004,0.000343769,0.0005459660999999999,0.0024660731
2025,1,mattcl-py,input-lanjian,python,0.018174183093788827,0.0006461089938145354,0.0180938831,0.013588067701863353,0.00450599751552795,0.0167912621,0.0213368881
2025,1,whyando,input-lanjian,rust,0.0007500926499999996,0.0003877348062146978,0.0008511425999999999,0.0006610975000000002,0.00022393599999999996,7.44709999999987e-6,0.0013910491000000001
2025,1,lanjian,input-mattcl,rust,0.0009420954150000004,0.00045818128673531404,0.0010916181,0.000774712,0.0002961719999999999,0.00008457109999999979,0.0025625641000000003
2025,1,mattcl,input-mattcl,rust,0.0010964735500000006,0.00023589625097013796,0.0011876331000000003,0.0008978569999999995,0.00031518399999999993,0.0003573830999999999,0.0018715991000000003
2025,1,mattcl-py,input-mattcl,python,0.0180516678654321,0.0005756375265929564,0.0179662741,0.01330836913580247,0.004655993827160491,0.0170043321,0.021276335099999998
2025,1,whyando,input-mattcl,rust,0.0010696554600000008,0.00019806261674878807,0.0011034001,0.0008663679999999993,0.000296796,0.00032016309999999997,0.0018590261000000002
2025,1,lanjian,input-whyando,rust,0.0013361498250000006,0.00022842446237717368,0.0013563741,0.0010466105000000003,0.0003733440000000001,0.0006639170999999999,0.0020498631000000003
2025,1,mattcl,input-whyando,rust,0.0011378140949999996,0.00017214703850643983,0.0012076251000000002,0.0009078319999999999,0.00034387899999999984,0.0004712151,0.0018271161000000002
2025,1,mattcl-py,input-whyando,python,0.018103226599999998,0.0007192840106181443,0.0180052471,0.01310541923076923,0.0048833564102564115,0.017017858099999998,0.0211814181
2025,1,whyando,input-whyando,rust,0.0011221219200000009,0.00018741280185243092,0.0011274101,0.000853531,0.0003283239999999999,0.0005785371,0.0018031521000000002
