year,day,participant,input,language,mean,stddev,median,user,system,min,max
2025,1,kcen,input-lanjian,nim,0.00087139065,0.00024038185080109588,0.0009525504,0.0007520879999999999,0.00024067620000000004,0.00002749339999999999,0.0011650734000000001
2025,1,lanjian,input-lanjian,rust,0.0013968144350000006,0.0002582369477019427,0.0014631018999999997,0.0011014030000000001,0.0003360256,0.00028918339999999996,0.0020840454
2025,1,mattcl,input-lanjian,rust,0.0006009505560000001,0.0001595820096115963,0.0006307379,0.00057933,0.00018091080000000006,0.0,0.0011392754
2025,1,mattcl-py,input-lanjian,python,0.018452172918987344,0.0007329710516452252,0.0183272599,0.013587124050632912,0.0047489050632911435,0.0173425364,0.0216751224
2025,1,whyando,input-lanjian,rust,0.0005890149510000001,0.00017121296849112428,0.0006184843999999999,0.0005685629999999998,0.00017710300000000004,0.0,0.0009719123999999999
2025,1,kcen,input-mattcl,nim,0.00100141528,0.00017040266080048464,0.0009871204,0.0008617540000000004,0.00021830879999999996,0.0004362283999999999,0.0015918534
2025,1,lanjian,input-mattcl,rust,0.0014439613649999997,0.00017497485718191895,0.0014727448999999999,0.0010647889999999996,0.00042463320000000007,0.0006547484,0.0021765874
2025,1,mattcl,input-mattcl,rust,0.0005908779620000002,0.00015643071654493937,0.0006283789,0.0005771159999999997,0.000177508,0.0,0.0010016973999999999
2025,1,mattcl-py,input-mattcl,python,0.018424972248101263,0.0007089206256111788,0.0182802279,0.012545902531645562,0.005757057468354431,0.017336204400000003,0.0216662154
2025,1,whyando,input-mattcl,rust,0.0005657123859999997,0.00018995752681967793,0.0006189559,0.0005652179999999997,0.0001516272,0.0,0.0009953654
2025,1,kcen,input-whyando,nim,0.0008222001030000001,0.00025974383117108817,0.0009093394,0.0007393819999999996,0.0002094246,0.0,0.0013789243999999998
2025,1,lanjian,input-whyando,rust,0.0014323765300000002,0.0002146091650615958,0.0014628264,0.001011361,0.00044885540000000015,0.0003626303999999999,0.0022676694
2025,1,mattcl,input-whyando,rust,0.0006091246229999997,0.00020557022971170875,0.0006392289,0.0005850329999999998,0.00018175,0.0,0.0013879914
2025,1,mattcl-py,input-whyando,python,0.018429847511111118,0.0007766021913041803,0.0182903514,0.013271298039215687,0.005039545359477129,0.016993622400000002,0.021641527400000003
2025,1,whyando,input-whyando,rust,0.0005973455789999997,0.00018831887159397357,0.0006261239,0.0005879999999999999,0.00015673639999999999,0.0,0.0010873784
