year,day,participant,input,language,mean,stddev,median,user,system,min,max
2025,1,lanjian,input-lanjian,rust,0.0013844688699999998,0.0002631484806810728,0.0013843387400000004,0.0010045832,0.0004130001999999999,0.0006275262400000003,0.0025470022400000004
2025,1,mattcl,input-lanjian,rust,0.0011439806950000004,0.00019007838750333326,0.0012096767400000003,0.0008465714000000005,0.00039172199999999984,0.0005110482400000004,0.0018843712400000005
2025,1,mattcl-py,input-lanjian,python,0.018065354252195118,0.0005833742996527823,0.018012957740000002,0.013470309512195125,0.004472046341463415,0.01681949624,0.02103088824
2025,1,whyando,input-lanjian,rust,0.0014343715200000001,0.00015422495901682158,0.0014576617400000004,0.0011357099999999998,0.0003767455999999999,0.0007844902400000004,0.0022301892400000004
2025,1,lanjian,input-mattcl,rust,0.00126087723,0.00020123869489118497,0.0013243117400000004,0.0009603015999999992,0.0003780246,0.0005624442400000004,0.0020325982400000004
2025,1,mattcl,input-mattcl,rust,0.0012214899650000006,0.00024243194599628807,0.0012470717400000003,0.0008902482,0.00037484240000000004,0.0006626022400000003,0.0025131592400000004
2025,1,mattcl-py,input-mattcl,python,0.018154959549090913,0.0007356280474633735,0.01804004324,0.013319406666666658,0.004723293090909092,0.01704614024,0.02131028024
2025,1,whyando,input-mattcl,rust,0.00144954314,0.00015090508613225376,0.0014599912400000002,0.001193305,0.00029814300000000006,0.0007064542400000004,0.0021928692400000004
2025,1,lanjian,input-whyando,rust,0.0013495414049999998,0.0002529391895308443,0.0013818042400000003,0.0010276716,0.0003572677999999999,0.0004566562400000003,0.0025785722400000007
2025,1,mattcl,input-whyando,rust,0.0011410555500000004,0.00023450017865399953,0.0012019927400000003,0.0009210297999999996,0.0003274372,0.00041447724000000024,0.0020017612400000002
2025,1,mattcl-py,input-whyando,python,0.018233961105030675,0.0007865213451036615,0.01807956624,0.013343186625766865,0.004785973006134968,0.01728013924,0.02176812824
2025,1,whyando,input-whyando,rust,0.0014218272349999994,0.00019830221357886144,0.0014260517400000003,0.0010968482999999998,0.0003619350000000002,0.0003457582400000004,0.0019749502400000004
