year,day,participant,input,language,mean,stddev,median,user,system,min,max
2025,1,lanjian,input-lanjian,rust,0.0013799919199999995,0.0002025479439961555,0.00140805408,0.0009781616000000004,0.0004323796999999996,0.00073462308,0.00209880708
2025,1,mattcl,input-lanjian,rust,0.0012558465749999998,0.0002187412704827142,0.00128170208,0.0009099966000000003,0.0003795363,0.0005217850799999999,0.0019155740799999999
2025,1,mattcl-py,input-lanjian,python,0.018044444527852768,0.0005076534310695808,0.01798617508,0.013184530184049085,0.0047761276073619635,0.01704312908,0.02108718208
2025,1,whyando,input-lanjian,rust,0.00112642416,0.0002452314142167707,0.00113310858,0.0008048031000000002,0.0003473513000000001,0.00040843208000000003,0.00255271808
2025,1,lanjian,input-mattcl,rust,0.0013121682800000005,0.00027839085073813667,0.0013531110799999998,0.0009601348000000002,0.0003835486000000002,0.00029974908,0.00253362208
2025,1,mattcl,input-mattcl,rust,0.0012247947299999999,0.00021906622119117867,0.0012478485799999998,0.0009173199000000005,0.00036813170000000013,0.0006613960799999999,0.00250500808
2025,1,mattcl-py,input-mattcl,python,0.018090128356729566,0.000552007964701,0.01802233408,0.01345574251572326,0.004536134716981134,0.01701564808,0.02157123808
2025,1,whyando,input-mattcl,rust,0.000969961265,0.000277291461457302,0.00106051808,0.0008018530000000007,0.0002821133,6.540079999999872e-6,0.00177643408
2025,1,lanjian,input-whyando,rust,0.0009812977549999997,0.0004203693579681111,0.0010780810799999997,0.0007954346000000002,0.00029682600000000003,0.00012536207999999996,0.00162411908
2025,1,mattcl,input-whyando,rust,0.0012126088599999994,0.00020643966125560327,0.0012586490799999998,0.0009177931999999999,0.00034339710000000004,0.00042616607999999996,0.00221132708
2025,1,mattcl-py,input-whyando,python,0.018159753973749995,0.0005532062217379406,0.01809420808,0.013569883749999992,0.0045067281250000014,0.01718013708,0.021290252080000002
2025,1,whyando,input-whyando,rust,0.0010780056649999992,0.00017843797913136424,0.00109123108,0.0008655582,0.0002967387000000001,0.00048289207999999996,0.0017001210799999999
