year,day,participant,input,language,mean,stddev,median,user,system,min,max
2025,1,lanjian,input-lanjian,rust,0.0012623745100000005,0.00021315480644787027,0.0013269224999999999,0.0010006048999999996,0.0003798379999999999,0.0005827579999999998,0.002606609
2025,1,mattcl,input-lanjian,rust,0.0011169331049999994,0.00020499087378809331,0.0011976745,0.0009382231999999996,0.0003021642,0.000287706,0.0019393790000000002
2025,1,mattcl-py,input-lanjian,python,0.018088334926380373,0.0005558780387008208,0.018037501,0.013193481104294476,0.0047928976687116554,0.017205202000000003,0.021049974000000003
2025,1,whyando,input-lanjian,rust,0.00111414706,0.00020862171181518932,0.001127809,0.000923075,0.00028296200000000015,0.00032160899999999983,0.002354437
2025,1,lanjian,input-mattcl,rust,0.0012559431900000004,0.00020331583691047522,0.001317655,0.0010703100000000005,0.0003136734,0.000501385,0.002077027
2025,1,mattcl,input-mattcl,rust,0.00120616364,0.00020129716474846145,0.0012218055,0.0009514799999999998,0.00035028300000000006,0.0006851299999999999,0.002067449
2025,1,mattcl-py,input-mattcl,python,0.018089345265432093,0.0006603391765326445,0.017973296,0.01303446962962963,0.0049751713580246885,0.016797879,0.021914332
2025,1,whyando,input-mattcl,rust,0.0011375038250000002,0.00020031052027589657,0.0011398415,0.0008414666000000004,0.0003533131999999999,0.000603707,0.00203543
2025,1,lanjian,input-whyando,rust,0.00124857533,0.0002121184110603673,0.0013119645,0.0010264681999999998,0.00034433579999999976,0.00021003999999999988,0.002005813
2025,1,mattcl,input-whyando,rust,0.0011688152849999996,0.00025176762955372015,0.0011978750000000002,0.0009554348999999993,0.00033769000000000003,0.00034967099999999997,0.002475423
2025,1,mattcl-py,input-whyando,python,0.018019544314814815,0.00044100963549266383,0.018001864000000003,0.012902302962962964,0.005018492345679013,0.016661895000000003,0.020590513
2025,1,whyando,input-whyando,rust,0.0010469784250000003,0.00015741497750206064,0.0010839814999999999,0.0009259232,0.00025660259999999997,0.00005102199999999996,0.0017724670000000002
