year,day,participant,input,language,mean,stddev,median,user,system,min,max
2025,1,lanjian,input-lanjian,rust,0.0013686860549999996,0.0002687849228984794,0.0013861475200000002,0.0010288934999999994,0.00037428699999999995,0.0002601330200000001,0.00249140202
2025,1,mattcl,input-lanjian,rust,0.0011944024250000005,0.00022140421379813178,0.00123804002,0.0009232574999999993,0.00035819240000000004,0.00049968202,0.0019412320200000001
2025,1,mattcl-py,input-lanjian,python,0.017983553405093167,0.0006163271464798958,0.017891633020000002,0.013306610559006206,0.004571878260869565,0.01709481102,0.02137681002
2025,1,whyando,input-lanjian,rust,0.001048922285,0.00018049590445709207,0.00107448852,0.0009193685,0.0002502598,0.00002509302000000004,0.00173732902
2025,1,lanjian,input-mattcl,rust,0.001333742205,0.00024500060937797423,0.0013667010200000003,0.0010618840000000001,0.0003400992000000001,0.00059604202,0.00213327202
2025,1,mattcl,input-mattcl,rust,0.0012168200850000003,0.0002053143164429675,0.0012361010200000002,0.0009265440000000001,0.0003573115999999999,0.0005658460200000001,0.00220494502
2025,1,mattcl-py,input-mattcl,python,0.018213568762331284,0.0007126551581087499,0.01807767102,0.013614109815950919,0.004496300122699389,0.01700274802,0.02105861502
2025,1,whyando,input-mattcl,rust,0.0010498654999999996,0.00017048072718173058,0.0010770490200000002,0.0008104754999999999,0.0003351686000000001,0.00046418502,0.00197365302
2025,1,lanjian,input-whyando,rust,0.0013101245849999996,0.0002151090389412003,0.0013619620200000003,0.0010481205,0.00033350340000000005,0.00052221402,0.0024947680200000004
2025,1,mattcl,input-whyando,rust,0.0012632629249999994,0.00023709557168449596,0.0012816315200000002,0.0009664384999999999,0.0003499962000000001,0.00053007902,0.0020621080200000004
2025,1,mattcl-py,input-whyando,python,0.018305994811411045,0.0008009985440549681,0.01817881102,0.013642042331288351,0.004540062822085891,0.01685070402,0.022826195020000002
2025,1,whyando,input-whyando,rust,0.0010936455750000008,0.0001883581714193179,0.00110188952,0.0008688094999999997,0.0003116154,0.0003472060200000001,0.0018832630200000004
