year,day,participant,input,language,mean,stddev,median,user,system,min,max
2025,1,lanjian,input-lanjian,rust,0.001358711440000001,0.0002252071942860203,0.0013947338000000005,0.0009949265,0.00037720599999999994,0.0006738088000000003,0.0025947478000000004
2025,1,mattcl,input-lanjian,rust,0.0012296537450000005,0.00022099246503424404,0.0012584093000000004,0.0008931416000000005,0.0003625449999999999,0.0005565188000000002,0.0019844548000000004
2025,1,mattcl-py,input-lanjian,python,0.018202381980722878,0.0007268343293011623,0.0180857323,0.01352215927710842,0.004579184337349398,0.0170950558,0.0211248058
2025,1,whyando,input-lanjian,rust,0.0014581685900000002,0.00015677167051366173,0.0014660633000000002,0.0010874882999999998,0.00036803199999999996,0.0006486618000000002,0.0018303258000000005
2025,1,lanjian,input-mattcl,rust,0.0013295257350000001,0.00021868516488278268,0.0013548348000000003,0.0009788966000000001,0.0004123509999999999,0.0005984878000000001,0.0020953218000000005
2025,1,mattcl,input-mattcl,rust,0.0012470984949999998,0.00019231262212539692,0.0012808113000000003,0.0009046649,0.000360649,0.0006417578000000001,0.0019292508000000002
2025,1,mattcl-py,input-mattcl,python,0.01805688047924529,0.0005038341877809003,0.017977839800000003,0.013023780251572331,0.0049430679245283035,0.0168637918,0.0207293958
2025,1,whyando,input-mattcl,rust,0.001416284644999999,0.00021080554847672733,0.0014664283000000004,0.0010715448000000005,0.000421438,0.0004983898000000003,0.0025778168000000004
2025,1,lanjian,input-whyando,rust,0.0012499708450000007,0.0002833664855313609,0.0013293818000000004,0.0009370181000000002,0.000370075,0.00018836880000000012,0.0020917758000000004
2025,1,mattcl,input-whyando,rust,0.0011859665749999998,0.0001806270192511691,0.0012272958000000003,0.0009209466000000003,0.000343051,0.0006505748000000003,0.0018833248000000003
2025,1,mattcl-py,input-whyando,python,0.018118776990184056,0.0007317831110460963,0.0180157508,0.013448818527607365,0.004559226993865031,0.0168719688,0.021291979800000003
2025,1,whyando,input-whyando,rust,0.0014466393900000002,0.00016021109102737802,0.0014687728000000004,0.0012710864999999994,0.00022212000000000002,0.0007590378000000001,0.0018873028000000003
