year,day,participant,input,language,mean,stddev,median,user,system,min,max
2025,1,kcen,input-lanjian,nim,0.0008923474700000003,0.00017445619402465753,0.0009165943,0.0007769203999999998,0.0002330241,0.0002296522999999999,0.0015037693
2025,1,lanjian,input-lanjian,rust,0.0008744648400000005,0.00013436943096230657,0.0009010603,0.0007918255999999995,0.00023376340000000006,0.0003047432999999999,0.0013373573
2025,1,mattcl,input-lanjian,rust,0.0005609253569999996,0.000176851787860641,0.0005888253,0.0005831885999999993,0.00015833000000000004,0.0,0.0010487963
2025,1,mattcl-py,input-lanjian,python,0.01836563816363637,0.0006201200394613372,0.0182527158,0.013344733246753246,0.004890397532467531,0.0174117363,0.021351475300000002
2025,1,whyando,input-lanjian,rust,0.0005502974850000001,0.0001336443962193888,0.0005818273,0.0005493090999999998,0.0001828859999999999,0.00006146729999999994,0.0008698913
2025,1,kcen,input-mattcl,nim,0.0008509892135000003,0.00016744183938012622,0.0008852653,0.0007278856999999996,0.00026296819999999994,0.0,0.0013066103000000003
2025,1,lanjian,input-mattcl,rust,0.0008714752184999993,0.0001662887187294201,0.0009004288,0.0007623353999999996,0.0002460177,0.0,0.0014047633
2025,1,mattcl,input-mattcl,rust,0.0005182946740000003,0.0001873004553620307,0.0005720338,0.0005492893000000001,0.00016871309999999995,0.0,0.0010339293
2025,1,mattcl-py,input-mattcl,python,0.01838968018607595,0.0007654673464766724,0.0182853583,0.013080429367088602,0.005178110506329114,0.017155175300000002,0.0224703613
2025,1,whyando,input-mattcl,rust,0.0005512329269999999,0.000166214026625901,0.0005860348,0.0005381991999999997,0.00019716530000000003,0.0,0.0009839253000000002
2025,1,kcen,input-whyando,nim,0.0004844451685,0.0002726694409770572,0.0005255917999999999,0.0005115312999999997,0.0001479324,0.0,0.0010299613
2025,1,lanjian,input-whyando,rust,0.00039127172749999986,0.000265417995572715,0.0003735017999999999,0.00045389759999999997,0.00013245119999999997,0.0,0.0009832943000000001
2025,1,mattcl,input-whyando,rust,0.00015898528199999995,0.00022374890276349917,0.0,0.00022185189999999994,0.00007310850000000001,0.0,0.0007295883
2025,1,mattcl-py,input-whyando,python,0.018344294537804885,0.000653984688402118,0.018271226800000002,0.013339565365853658,0.0049092836585365885,0.0170566413,0.021193049300000003
2025,1,whyando,input-whyando,rust,0.0005824695720000001,0.0001638860440745273,0.0005974463,0.0005769485,0.0001668093,0.0,0.0010509313000000003
