year,day,participant,input,language,mean,stddev,median,user,system,min,max
2025,1,lanjian,input-lanjian,rust,0.0013326241600000006,0.00023469114930072871,0.0013804852200000003,0.00103278,0.00036280020000000005,0.0004466017200000002,0.0021060997200000003
2025,1,mattcl,input-lanjian,rust,0.0012511419050000006,0.00022037625873884287,0.0012485987200000002,0.0009737940000000002,0.0003228525,0.0005533217200000002,0.0021866597200000002
2025,1,mattcl-py,input-lanjian,python,0.01814978053875,0.00074240685499025,0.01802472772,0.013242599999999997,0.004814054624999999,0.01714932172,0.02127288472
2025,1,whyando,input-lanjian,rust,0.0006860674078000001,0.000156781233359821,0.0007320612200000002,0.0006367730000000002,0.0001910112,0.0,0.0009976427200000001
2025,1,lanjian,input-mattcl,rust,0.0012498947800000002,0.0002301376560977958,0.0013194962200000003,0.0009455750000000009,0.00040868950000000007,0.0005806127200000003,0.00236096672
2025,1,mattcl,input-mattcl,rust,0.0011691510199999995,0.00021138095822217432,0.00119962672,0.0009153960000000003,0.00033084060000000004,0.0005869647200000001,0.0019506787200000001
2025,1,mattcl-py,input-mattcl,python,0.01805219094981367,0.0005247310241032572,0.01800590772,0.012891624844720492,0.005058028944099384,0.01732283772,0.02127664172
2025,1,whyando,input-mattcl,rust,0.0006470221014000002,0.00018747843431611387,0.0007114027200000002,0.0005750210000000001,0.00021501970000000002,0.0,0.0010917707200000003
2025,1,lanjian,input-whyando,rust,0.0013247938650000001,0.0002685703787865141,0.0013455202200000002,0.0009882939999999998,0.0003956741,0.0005231447200000001,0.0025480677200000004
2025,1,mattcl,input-whyando,rust,0.0011431341949999997,0.00021922182561001614,0.0011959847200000001,0.0008936649999999997,0.00032948290000000006,0.00018157472000000004,0.0018858277200000002
2025,1,mattcl-py,input-whyando,python,0.018026922877575766,0.0005039420969698698,0.01796990972,0.01306472121212121,0.00488428,0.01671917672,0.02070711672
2025,1,whyando,input-whyando,rust,0.0006935028214,0.0001440329118330852,0.0007270067200000001,0.0006378060000000001,0.00020091929999999997,0.0,0.0012062947200000003
