year,day,participant,input,language,mean,stddev,median,user,system,min,max
2025,1,kcen,input-lanjian,nim,0.000862839,0.0001367272160477968,0.0008935038,0.000777155,0.00022696910000000005,0.00034009730000000003,0.0013710883
2025,1,lanjian,input-lanjian,rust,0.0009123535484999997,0.00015125910915544957,0.0009325923,0.0008066464999999993,0.00024039980000000014,0.0,0.0014384053
2025,1,mattcl,input-lanjian,rust,0.0005761902685000002,0.00019719707667242487,0.0005932718,0.0005884605,0.00015138859999999993,0.0,0.0016399433000000001
2025,1,mattcl-py,input-lanjian,python,0.01832203736250001,0.0005917941952714983,0.0182440348,0.013340940000000006,0.004849072749999999,0.0172408163,0.0221456963
2025,1,whyando,input-lanjian,rust,0.0005663162734999999,0.00018235197979847895,0.0005916183,0.0005422848999999997,0.00019562770000000002,0.0,0.0013830412999999999
2025,1,kcen,input-mattcl,nim,0.0008791614199999995,0.0001386164233848777,0.0008999912999999999,0.0007736757999999998,0.0002504226000000001,0.00041918529999999997,0.0014939693
2025,1,lanjian,input-mattcl,rust,0.0008706757199999998,0.00017704660640555138,0.0009138417999999999,0.0007798707999999994,0.00023084119999999993,0.00005841929999999998,0.0013284682999999999
2025,1,mattcl,input-mattcl,rust,0.0005547026045000002,0.0001923273465273168,0.0005891787999999999,0.0005718512999999998,0.00016025209999999998,0.0,0.0011626083
2025,1,mattcl-py,input-mattcl,python,0.018347068631125833,0.000673375624756205,0.0182388463,0.013394524105960268,0.004864347814569537,0.0172472073,0.0213112433
2025,1,whyando,input-mattcl,rust,0.0005098790204999998,0.00017868940767236526,0.0005639667999999999,0.0005178006,0.00017204409999999997,0.0,0.0009725623
2025,1,kcen,input-whyando,nim,0.000927980725,0.00016862507587668118,0.0009439943,0.0007860764999999993,0.0002346819,0.00023368729999999989,0.0014614283
2025,1,lanjian,input-whyando,rust,0.0009747547650000002,0.0001414785661166059,0.0009832673,0.0008890172000000006,0.00017704860000000003,0.00036877130000000004,0.0014419523
2025,1,mattcl,input-whyando,rust,0.0005482374470000001,0.00016200937572788805,0.0005782837999999999,0.0005408098999999998,0.0001905076999999999,0.0,0.0010823682999999999
2025,1,mattcl-py,input-whyando,python,0.0183397009375,0.0006727740187558333,0.0182361763,0.013187221249999995,0.0050322992499999995,0.0172450233,0.0219560603
2025,1,whyando,input-whyando,rust,0.0005477314359999999,0.00018287358217771577,0.0005807878,0.0005390777999999998,0.00018473129999999993,0.0,0.0009987013
