year,day,participant,input,language,mean,stddev,median,user,system,min,max
2025,1,lanjian,input-lanjian,rust,0.001318177754999999,0.00022047320426199312,0.00132937834,0.0009780683999999996,0.0004031474,0.0006861983399999998,0.0020298963399999997
2025,1,mattcl,input-lanjian,rust,0.0011111727200000003,0.00019697038869683563,0.00116258084,0.0008509218000000002,0.0003688282999999999,0.0004852623399999997,0.0019067753399999998
2025,1,mattcl-py,input-lanjian,python,0.018037521493846163,0.0005825737850079193,0.01798504584,0.01350228179487179,0.004447856923076922,0.017133851340000002,0.02122256134
2025,1,whyando,input-lanjian,rust,0.0010329896400000003,0.00016966850552289266,0.0010399518399999998,0.0008430883999999998,0.00029382249999999996,0.0005647503399999999,0.0018369053399999997
2025,1,lanjian,input-mattcl,rust,0.0012748490550000002,0.00022697100849449658,0.00130755734,0.0009828518000000004,0.0003680001999999999,0.0005178533399999997,0.00204067634
2025,1,mattcl,input-mattcl,rust,0.0011943986649999997,0.00023098661078110159,0.0012165873399999998,0.0008897183999999999,0.00037389149999999996,0.00042634233999999985,0.00194620934
2025,1,mattcl-py,input-mattcl,python,0.018044509093164563,0.0007388400167757778,0.01786513134,0.01334159670886076,0.004609851898734176,0.016912456340000003,0.021024109340000003
2025,1,whyando,input-mattcl,rust,0.00099406933,0.00018508849997361348,0.00102529884,0.0008790343999999998,0.00024503669999999993,0.00044578833999999986,0.0017340013399999997
2025,1,lanjian,input-whyando,rust,0.0013142831400000004,0.0002390408881015798,0.00133051034,0.0009289376000000004,0.0004318628,0.00023122633999999968,0.00256251334
2025,1,mattcl,input-whyando,rust,0.0011321301350000002,0.00019953673566146954,0.00118301934,0.0008737868000000001,0.00036987150000000025,0.0005683573399999997,0.00186523734
2025,1,mattcl-py,input-whyando,python,0.018132435811698114,0.0006556570422614136,0.01803795534,0.013259053081761011,0.004766571949685532,0.01728158834,0.021429047340000004
2025,1,whyando,input-whyando,rust,0.0010271370000000002,0.00017585107675471704,0.00104018184,0.0008664102000000008,0.00028106210000000003,0.0005822043399999997,0.00215400934
