year,day,participant,input,language,mean,stddev,median,user,system,min,max
2023,17,mattcl,input-mattcl,rust,0.0246861023932143,0.0037445589163593155,0.02422725892,0.0330123232142857,0.002441861785714285,0.023092077920000002,0.052626505920000004
2023,17,mattcl-py,input-mattcl,python,0.3886774020628572,0.004666086213734854,0.39072739292,0.3856272428571429,0.002915228571428571,0.38130389392,0.39520058192
2023,17,pting,input-mattcl,python,1.60765600692,0.004931823866011077,1.61009869692,1.6049417666666665,0.0026525066666666665,1.60197957092,1.6108897529200001
2023,17,mattcl,input-pting,rust,0.023804016539834705,0.0004890409114372276,0.02376298492,0.03252950495867768,0.0024121467768595042,0.02279994992,0.02678882092
2023,17,mattcl-py,input-pting,python,0.38254960492,0.003915674728453073,0.38183808892000004,0.3753485285714286,0.006925302857142856,0.37742150592,0.38813106492000005
2023,17,pting,input-pting,python,1.583043575586667,0.01623189639512723,1.5887421079200001,1.5720144333333332,0.010894853333333331,1.56473081992,1.59565779892
