year,day,participant,input,language,mean,stddev,median,user,system,min,max
2023,17,mattcl,input-mattcl,rust,0.20121546607142857,0.0021844440384357774,0.20095429950000002,0.2416059057142857,0.02311684571428571,0.198187484,0.206919409
