year,day,participant,input,language,mean,stddev,median,user,system,min,max
2023,17,mattcl,input-mattcl,rust,0.02365663267365854,0.00038628327562364876,0.02357554882,0.0324104894308943,0.0020945687804878044,0.02262955782,0.02458893682
2023,17,mattcl-py,input-mattcl,python,0.3881743942485715,0.004010687823598139,0.38769305982,0.3848235428571429,0.003273314285714286,0.38387061982000004,0.39544415482000006
2023,17,pting,input-mattcl,python,1.6746232704866666,0.06601736133071578,1.66308407582,1.6623187333333334,0.012208573333333333,1.6151362418200002,1.74564949382
2023,17,mattcl,input-pting,rust,0.02352027135968254,0.0004855946872809652,0.023438877820000002,0.03320801904761906,0.0012991974603174603,0.02251558382,0.02619803982
2023,17,mattcl-py,input-pting,python,0.38639864810571434,0.003677254400513011,0.38454414182,0.37974711428571434,0.006564171428571428,0.38265153682,0.39329684282000005
2023,17,pting,input-pting,python,1.6398970981533332,0.036335297123486404,1.63357517682,1.6265247333333333,0.013271240000000002,1.60713760782,1.6789785098199999
