year,day,participant,input,language,mean,stddev,median,user,system,min,max
2023,17,mattcl,input-mattcl,rust,0.023921611580952372,0.0005615651289850374,0.0238262537,0.033355014285714274,0.0015869179365079358,0.0231004502,0.026565895200000002
2023,17,mattcl-py,input-mattcl,python,0.3828611620571429,0.00510857087741195,0.3825712382,0.37992294285714284,0.0028225542857142857,0.3748866012,0.3900396312
2023,17,pting,input-mattcl,python,1.5917812111999998,0.009819829197989759,1.5941159122,1.5810851333333333,0.010608886666666666,1.5810044422,1.6002232792
2023,17,mattcl,input-pting,rust,0.024156436166942158,0.0031419934378301537,0.0236570132,0.03294694876033059,0.0018529752066115696,0.0223730402,0.0497142422
2023,17,mattcl-py,input-pting,python,0.3828371486285715,0.00591342356170971,0.38314979120000003,0.3773449428571429,0.005382077142857143,0.37571976020000003,0.39004924820000003
2023,17,pting,input-pting,python,1.6292109832000001,0.015267697046305042,1.6286062282,1.6185118,0.01060822,1.6142546492,1.6447720722
