year,day,participant,input,language,mean,stddev,median,user,system,min,max
2023,17,mattcl,input-mattcl,rust,0.022400806197037038,0.0005234863859472476,0.02230886516,0.03029927555555556,0.002425807703703703,0.02139876216,0.02508309416
2023,17,mattcl-py,input-mattcl,python,0.38238023473142857,0.0021342805543486916,0.38236264416000004,0.37590260571428574,0.006378891428571429,0.37991003716000005,0.38590670416000006
