year,day,participant,input,language,mean,stddev,median,user,system,min,max
2023,17,lanjian,input-lanjian,rust,2.50224969438,0.1430994501255172,2.42598886338,2.4901693333333332,0.01194486,2.41343261338,2.6673276063799998
2023,17,mattcl,input-lanjian,rust,0.024295544388000002,0.0005345272835937119,0.024298830380000004,0.033440391999999985,0.0022259888,0.023281919380000002,0.026785909380000004
2023,17,mattcl-py,input-lanjian,python,0.39223863952285715,0.006084714006095345,0.39164776638,0.3881487142857143,0.003969757142857143,0.38612651638,0.40289514038
2023,17,pting,input-lanjian,python,1.958009611046667,0.07592091594059654,1.94925910038,1.9459449999999998,0.011942526666666666,1.88684311038,2.03792662238
2023,17,lanjian,input-mattcl,rust,2.4717641227133336,0.10287419573370274,2.41332074038,2.4567330000000003,0.01492819333333333,2.41142366538,2.59054796238
2023,17,mattcl,input-mattcl,rust,0.02350872297055119,0.0005486110394640262,0.023465382380000004,0.03238753543307087,0.0020972554330708666,0.022749774380000004,0.026896315380000004
2023,17,mattcl-py,input-mattcl,python,0.38667092909428574,0.0026008564046509585,0.38608868638,0.38133728571428577,0.005211451428571428,0.38435384338,0.39225714738
2023,17,pting,input-mattcl,python,2.6737129700466666,0.013953687108475594,2.67247420738,2.6561476666666666,0.017482526666666668,2.66041996538,2.68824473738
2023,17,lanjian,input-pting,rust,2.9866878730466664,0.04687491538367813,2.9925218623800003,2.9704696666666663,0.01614119333333333,2.93716904238,3.03037271438
2023,17,mattcl,input-pting,rust,0.024891609953913055,0.0005093156265397003,0.024868465380000003,0.03376825217391305,0.0028005146086956525,0.023971097380000004,0.027569263380000004
2023,17,mattcl-py,input-pting,python,0.4013101489514285,0.00793110619681483,0.39792715638,0.3964462857142857,0.0047060228571428565,0.39303232638,0.41282589638
2023,17,pting,input-pting,python,1.9771350993799999,0.0461671890787302,1.9662220703800002,1.9649636666666666,0.01194086,1.93740213838,2.02778108938
