year,day,participant,input,language,mean,stddev,median,user,system,min,max
2023,17,lanjian,input-lanjian,rust,2.394725266393333,0.018218829208783142,2.40497086306,2.3773160533333333,0.01728546,2.37369031706,2.40551461906
2023,17,mattcl,input-lanjian,rust,0.02383018714870967,0.0004346856666480601,0.023744506060000004,0.03239515548387098,0.0024711530645161292,0.023077289060000002,0.025261364060000003
2023,17,mattcl-py,input-lanjian,python,0.38316489748857147,0.004470779330353517,0.38247720906000005,0.37887657714285705,0.004149757142857142,0.37767152906000007,0.38888590506000004
2023,17,pting,input-lanjian,python,1.99239292306,0.20756452539235473,1.87397198106,1.9853553866666667,0.006911126666666667,1.87114455506,2.23206223306
2023,17,lanjian,input-mattcl,rust,2.372746726726667,0.03593750967491285,2.38903412206,2.3500260533333335,0.02260879333333333,2.33154935806,2.39765670006
2023,17,mattcl,input-mattcl,rust,0.02387402611645162,0.0006125554530181453,0.023728265560000003,0.032773534516129035,0.002146901935483871,0.022839743060000004,0.026970149060000004
2023,17,mattcl-py,input-mattcl,python,0.3859536043457143,0.003592389417816035,0.38517943306,0.3824712914285714,0.003403834285714286,0.38135483006000004,0.39247602106000007
2023,17,pting,input-mattcl,python,1.9023121663933333,0.07104328329245915,1.8628587630600002,1.8881110533333334,0.014106126666666668,1.85975147106,1.98432626506
2023,17,lanjian,input-pting,rust,2.3824974170599997,0.0249058622873629,2.39181222506,2.3651220533333333,0.017283793333333335,2.35427674206,2.40140328406
2023,17,mattcl,input-pting,rust,0.02370987975291339,0.000589827362406524,0.02356863706,0.03277747590551181,0.0019418623622047247,0.023055277060000004,0.027207182060000005
2023,17,mattcl-py,input-pting,python,0.3783304914350001,0.005216204368870769,0.38043280156000003,0.37249297,0.0057412775,0.37074275406000007,0.38400366606
2023,17,pting,input-pting,python,1.8990033827266668,0.027929216911662207,1.89053617206,1.8856280533333332,0.01327846,1.87628757406,1.93018640206
