year,day,participant,input,language,mean,stddev,median,user,system,min,max
2023,17,mattcl,input-mattcl,rust,0.023796989397966112,0.000685467385905084,0.023676085220000004,0.03246892508474575,0.002282562711864407,0.02280716122,0.02717888722
2023,17,mattcl-py,input-mattcl,python,0.3856011607914286,0.008685551608143273,0.38460352122,0.37870254857142854,0.006806514285714286,0.37546599922,0.40252149422
2023,17,pting,input-mattcl,python,2.831511727553334,0.060137294429021576,2.8558471352200003,2.7869621199999997,0.04445026666666666,2.76302053722,2.87566751022
2023,17,mattcl,input-pting,rust,0.023662150066774187,0.0004993447709008938,0.02356660122,0.03308632161290322,0.0016520548387096775,0.022874376220000003,0.026300254220000003
2023,17,mattcl-py,input-pting,python,0.3796188920771429,0.004111399147216766,0.38102407122,0.37558112000000005,0.0039627714285714296,0.37445724922,0.38383195322
2023,17,pting,input-pting,python,2.7748241235533335,0.04587951792588852,2.7985437332200003,2.7356384533333333,0.03901659999999999,2.72194035922,2.8039882782200003
