year,day,participant,input,language,mean,stddev,median,user,system,min,max
2023,17,lanjian,input-lanjian,rust,2.407189430906667,0.00901233049570791,2.40670930524,2.3961235133333334,0.010901173333333333,2.39842676024,2.41643222724
2023,17,mattcl,input-lanjian,rust,0.024018032804516132,0.0006694767383429486,0.02394647774,0.03273078483870967,0.0023414619354838718,0.02290129624,0.02666257424
2023,17,mattcl-py,input-lanjian,python,0.38510115038285725,0.005311183843673159,0.38422066124000004,0.3795596085714286,0.005419314285714286,0.37720047624,0.39157656324
2023,17,pting,input-lanjian,python,1.8963144849066669,0.03233525733925521,1.90955883824,1.8825235133333333,0.01367184,1.85945972324,1.9199248932400002
2023,17,lanjian,input-mattcl,rust,2.38361826024,0.012776253331374936,2.3823847422399997,2.3688841800000002,0.014612173333333334,2.37150350424,2.39696653424
2023,17,mattcl,input-mattcl,rust,0.023955677519999996,0.0005925166368800036,0.02384544424,0.03291681200000001,0.0020791535999999996,0.02272985724,0.02675630024
2023,17,mattcl-py,input-mattcl,python,0.38890065766857146,0.0034494049591384203,0.38996259424,0.3837368942857143,0.005089885714285715,0.38303043424,0.39396524324000004
2023,17,pting,input-mattcl,python,1.9079293485733333,0.02812416208267598,1.90491844224,1.9024411799999996,0.005304226666666666,1.88143177824,1.93743782524
2023,17,lanjian,input-pting,rust,2.40637803324,0.047107605174105054,2.40210998524,2.39127818,0.014995173333333334,2.36154968624,2.45547442824
2023,17,mattcl,input-pting,rust,0.023748895597142862,0.0007010025491490137,0.02358573324,0.03314969587301588,0.0016703876190476185,0.02251037624,0.02657547124
2023,17,mattcl-py,input-pting,python,0.38394477509714287,0.0013645524444209414,0.38412825024,0.37877318,0.005081148571428572,0.38156933224,0.38594686224
2023,17,pting,input-pting,python,1.9251506045733333,0.010510989694319286,1.93065523924,1.9233115133333332,0.0017202266666666666,1.91303051524,1.93176605924
