year,day,participant,input,language,mean,stddev,median,user,system,min,max
2023,17,lanjian,input-lanjian,rust,2.400892767646667,0.04604687457122493,2.37739897998,2.3861704133333332,0.01461468,2.37133171898,2.45394760398
2023,17,mattcl,input-lanjian,rust,0.023493191084838716,0.0004808393748427682,0.02342333048,0.032674571935483857,0.0017159219354838705,0.02267841298,0.026582641980000002
2023,17,mattcl-py,input-lanjian,python,0.38226431898,0.0024054088469229163,0.38181264298000006,0.3769477942857143,0.005216914285714284,0.37913819198000004,0.38700870698000006
2023,17,pting,input-lanjian,python,1.90139860998,0.032761298166319265,1.9081159619799999,1.8906510799999998,0.010621013333333333,1.8657992679800002,1.93028059998
2023,17,lanjian,input-mattcl,rust,2.362473877313333,0.0096510932942497,2.35715990098,2.3503397466666667,0.01195368,2.3566476559800003,2.3736140749800003
2023,17,mattcl,input-mattcl,rust,0.023491925915999995,0.00045976073152796004,0.02344673998,0.0323766,0.00182686464,0.02235360498,0.02605433298
2023,17,mattcl-py,input-mattcl,python,0.3843447159800001,0.001228612471681905,0.38431981298000006,0.37969108,0.004553434285714286,0.38280585298,0.38614462498
2023,17,pting,input-mattcl,python,1.87052352198,0.014401594160321326,1.87772151098,1.8580687466666665,0.01237112,1.85394193798,1.87990711698
2023,17,lanjian,input-pting,rust,2.3646080709799997,0.008244389187136445,2.36923720998,2.34976708,0.01462368,2.35508945698,2.3694975459800003
2023,17,mattcl,input-pting,rust,0.023318459323999993,0.0003597376100968303,0.02334239398,0.03187526400000001,0.0021988441600000004,0.02223324998,0.02469678598
2023,17,mattcl-py,input-pting,python,0.3925348326942858,0.024578599850723665,0.38177599998000006,0.38494208,0.007511868571428571,0.37318163198000004,0.44544598498000004
2023,17,pting,input-pting,python,1.8933564623133334,0.0072165648956747305,1.89698781398,1.878259413333333,0.014890679999999998,1.88504549798,1.89803607498
