year,day,participant,input,language,mean,stddev,median,user,system,min,max
2023,17,mattcl,input-mattcl,rust,0.023936600286562502,0.0006770966156988628,0.023822742060000002,0.03288185062499999,0.0020559781250000003,0.022522987060000003,0.026695500060000002
2023,17,mattcl-py,input-mattcl,python,0.38599681905999994,0.007394188732439861,0.38586263706,0.3829146742857143,0.0028366085714285716,0.37620639606,0.39825988306
2023,17,pting,input-mattcl,python,1.8857676117266668,0.031713594909981005,1.87378711806,1.8761009599999998,0.009564419999999999,1.86178949306,1.9217262240600002
2023,17,mattcl,input-pting,rust,0.023785410466504054,0.0007424483275441106,0.023657639060000003,0.03284739902439024,0.0020109349593495935,0.022998367060000004,0.02928644706
2023,17,mattcl-py,input-pting,python,0.38365825906,0.008516162303813317,0.38106814506,0.3792358171428572,0.004343359999999999,0.37573365706,0.40168242006
2023,17,pting,input-pting,python,1.89120139906,0.0014316211008471936,1.8917147090600002,1.8844572933333332,0.006636946666666667,1.8895838900600002,1.89230559806
