year,day,participant,input,language,mean,stddev,median,user,system,min,max
2023,17,mattcl,input-mattcl,rust,0.022490734449696966,0.0005460042699274561,0.022406271980000003,0.030678225151515144,0.0021799627272727274,0.02136275898,0.025492836980000003
