year,day,participant,input,language,mean,stddev,median,user,system,min,max
2023,17,mattcl,input-lanjian,rust,0.0240928329522314,0.00044370086707226815,0.024055090820000003,0.032731872396694214,0.002518858842975207,0.02289472982,0.02540879382
2023,17,mattcl-py,input-lanjian,python,0.3834181699628572,0.0047968605267524125,0.38516033382000003,0.3785555028571429,0.0047263999999999995,0.37588337182000003,0.38794867982000003
2023,17,pting,input-lanjian,python,1.9086603058199998,0.03084542410223022,1.89091191882,1.9019130266666666,0.006629159999999999,1.89079153282,1.94427746582
2023,17,mattcl,input-mattcl,rust,0.024114605820000003,0.00047360709114044813,0.02407321482,0.03267956661157025,0.0024791990082644634,0.022592404820000002,0.02507849682
2023,17,mattcl-py,input-mattcl,python,0.39222558367714283,0.007022328077756034,0.38979343282,0.3878215028571428,0.004303137142857142,0.38736298582,0.40757234082
2023,17,pting,input-mattcl,python,1.9004911044866668,0.014613453649188065,1.90076895082,1.8870870266666666,0.013295826666666668,1.88574070882,1.9149636538200001
2023,17,mattcl,input-pting,rust,0.024387379150708658,0.0029421032456720653,0.02397629382,0.03256196629921259,0.0026077417322834646,0.02284172082,0.04851668982000001
2023,17,mattcl-py,input-pting,python,0.3881844572485714,0.010970527013236676,0.38465067282,0.3799326457142857,0.008150994285714286,0.38113097882,0.41278450082
2023,17,pting,input-pting,python,1.906177107486667,0.022279527640392434,1.90688441382,1.8941103599999998,0.011957826666666666,1.8835523488199999,1.9280945598199999
