year,day,participant,input,language,mean,stddev,median,user,system,min,max
2023,17,mattcl,input-mattcl,rust,0.023801943896774192,0.0005318169817534335,0.0237094818,0.03268722161290324,0.0020516370967741935,0.0227249523,0.0264969963
2023,17,mattcl-py,input-mattcl,python,0.3842673648714286,0.0027444956619150644,0.3846008953,0.37646352000000005,0.007721171428571428,0.37969023030000004,0.3873844153
2023,17,pting,input-mattcl,python,2.7524599403,0.015324460392696667,2.7479845473,2.717716186666667,0.034634366666666666,2.7398714023,2.7695238713
2023,17,mattcl,input-pting,rust,0.02366391337999999,0.0005462228951119327,0.023560876300000002,0.032404047999999984,0.0022732568000000002,0.0224282563,0.0266862983
2023,17,mattcl-py,input-pting,python,0.39089475546666663,0.02476164616180719,0.38116038080000003,0.3789208533333334,0.0032917999999999997,0.3782324863,0.44131754030000003
2023,17,pting,input-pting,python,2.8049711529666665,0.005987907254081288,2.8033111633,2.76358452,0.0412757,2.7999883723,2.8116139233
