year,day,participant,input,language,mean,stddev,median,user,system,min,max
2023,17,mattcl,input-mattcl,rust,0.023450687452000005,0.0005054519362755602,0.023412667340000002,0.03242372800000001,0.001864168,0.02245016534,0.02618035534
2023,17,mattcl-py,input-mattcl,python,0.3832955290542857,0.0034147696440842,0.38353255934,0.37525781714285716,0.007928371428571428,0.37901346234,0.38863965734
2023,17,pting,input-mattcl,python,1.5941127270066666,0.036607656525548274,1.58582169434,1.58729296,0.006630399999999999,1.5623616613400002,1.63415482534
2023,17,mattcl,input-pting,rust,0.023346565421300813,0.00047185526923223294,0.02335907634,0.032439285203252025,0.0017658699186991868,0.02221288134,0.02528421834
2023,17,mattcl-py,input-pting,python,0.3816242359114286,0.005230614917602734,0.37988232334,0.3763052457142857,0.0052205142857142854,0.37530426834,0.38819924934
2023,17,pting,input-pting,python,1.6159749430066668,0.012621825326843084,1.60974760434,1.6116276266666665,0.004231599999999999,1.6076769663400001,1.6305002583400001
