year,day,participant,input,language,mean,stddev,median,user,system,min,max
2023,17,lanjian,input-lanjian,rust,2.3978487576666665,0.02094700368740548,2.390147685,2.3826660399999997,0.014989393333333332,2.381842379,2.421556209
2023,17,mattcl,input-lanjian,rust,0.023435114008064535,0.0003819245583207873,0.023434733000000003,0.03226671741935485,0.0019722225806451613,0.022394318000000003,0.025131815000000002
2023,17,mattcl-py,input-lanjian,python,0.38314166857142856,0.003027512271556674,0.383096975,0.37654532571428573,0.006461051428571429,0.379014383,0.388027552
2023,17,pting,input-lanjian,python,1.8901122353333335,0.012269534077524551,1.8904415040000002,1.8793837066666665,0.010611726666666663,1.8776813810000001,1.9022138210000001
2023,17,lanjian,input-mattcl,rust,2.364113009,0.006664530925105569,2.3630092119999997,2.3507143733333336,0.013280393333333335,2.358069288,2.371260527
2023,17,mattcl,input-mattcl,rust,0.023584374168000015,0.0006510823795982365,0.023455261,0.03271806399999999,0.0016927139200000002,0.022380001000000004,0.026337008000000002
2023,17,mattcl-py,input-mattcl,python,0.37963710599999995,0.002131944487174175,0.380199719,0.3754046114285714,0.004120899999999999,0.375591454,0.382055078
2023,17,pting,input-mattcl,python,1.871631073666667,0.01740368121619097,1.8774301410000003,1.8619573733333332,0.00956406,1.8520682200000003,1.8853948600000001
2023,17,lanjian,input-pting,rust,2.3678059826666664,0.008922836456895735,2.368134594,2.34969604,0.01795906,2.35872338,2.376559974
2023,17,mattcl,input-pting,rust,0.02334717987301586,0.0005665276238444014,0.023329000000000003,0.03193607968253968,0.002197568253968253,0.022098575000000002,0.025812799
2023,17,mattcl-py,input-pting,python,0.3771690334285714,0.005980332594579642,0.374819812,0.3720163257142857,0.005085042857142857,0.369873144,0.386781843
2023,17,pting,input-pting,python,1.8915784696666667,0.023687670730585027,1.9048031730000001,1.8808570399999998,0.010611726666666666,1.864231216,1.9057010200000002
