year,day,participant,input,language,mean,stddev,median,user,system,min,max
2023,17,mattcl,input-mattcl,rust,0.1201327556,0.0010105638549832104,0.12006627348000001,0.13914661999999997,0.01987392,0.11810499348000002,0.12231361748000001
