year,day,participant,input,language,mean,stddev,median,user,system,min,max
2023,17,lanjian,input-lanjian,rust,2.419008433673333,0.0520071543526625,2.4040435463399996,2.4082915466666663,0.010614086666666666,2.3761243883399996,2.47685736634
2023,17,mattcl,input-lanjian,rust,0.02407573496399999,0.0005735253578058966,0.02396948734,0.03311848000000001,0.0021738428800000004,0.022935512340000002,0.026563451340000002
2023,17,mattcl-py,input-lanjian,python,0.38659018819714286,0.004733006242025974,0.38845384834,0.38241645142857145,0.004110728571428571,0.37921719434,0.39187829734
2023,17,pting,input-lanjian,python,1.8670298000066667,0.021826984739225612,1.87676438034,1.8559418799999998,0.011004753333333334,1.84202931034,1.88229570934
2023,17,lanjian,input-mattcl,rust,2.3670672280066665,0.03799138164058457,2.35878620534,2.348347213333333,0.018614086666666665,2.3338993813399997,2.4085160973399997
2023,17,mattcl,input-mattcl,rust,0.024105248167868857,0.0007093569600519617,0.02396417684,0.03326356852459017,0.0019050827868852458,0.02288024834,0.02744706434
2023,17,mattcl-py,input-mattcl,python,0.3847387621971428,0.003938373960829792,0.38602075234000005,0.37939030857142864,0.005279788571428572,0.37852339234000004,0.38876069034000005
2023,17,pting,input-mattcl,python,1.8969325656733336,0.04430288594507023,1.88790387934,1.8817988799999998,0.01489542,1.85783948034,1.94505433734
2023,17,lanjian,input-pting,rust,2.36904992634,0.024207745793348695,2.3574815643399996,2.35568188,0.013272753333333333,2.35279675934,2.39687145534
2023,17,mattcl,input-pting,rust,0.024279857276000006,0.002716008959939981,0.02382061734,0.032878976,0.0021695296000000005,0.02254271734,0.045099387340000005
2023,17,mattcl-py,input-pting,python,0.37978722019714295,0.005249374573166771,0.37889893134,0.37518330857142856,0.004523954285714285,0.37328247234,0.38875149934000003
2023,17,pting,input-pting,python,1.9303310043400002,0.0016627859015095915,1.92979128934,1.9207802133333332,0.00928042,1.9290051213400001,1.9321966023400001
