year,day,participant,input,language,mean,stddev,median,user,system,min,max
2023,17,mattcl,input-mattcl,rust,0.04442810985701494,0.0009782844845382989,0.044163075260000004,0.061489787761194015,0.0033391602985074634,0.043257380260000006,0.048199334260000004
