year,day,participant,input,language,mean,stddev,median,user,system,min,max
2023,17,lanjian,input-kcen,rust,2.413580690313333,0.0027723878342605745,2.41428402598,2.401460266666667,0.01196536,2.41052437398,2.41593367098
2023,17,mattcl,input-kcen,rust,0.010602563535,0.0003994404766855395,0.01052857598,0.01329747,0.0030957476,0.00940971198,0.01266497398
2023,17,mattcl-py,input-kcen,python,0.30358356698,0.002301320439494855,0.30413395798,0.29908537777777777,0.004415168888888888,0.29927453398,0.30693517098
2023,17,pting,input-kcen,python,1.8737492543133334,0.011106714634122487,1.8746223849800001,1.8616739333333332,0.011960026666666665,1.86223174398,1.88439363398
2023,17,lanjian,input-lanjian,rust,2.3969617986466667,0.004771269569285424,2.39873791198,2.378220933333333,0.018627693333333334,2.39155720798,2.40059027598
2023,17,mattcl,input-lanjian,rust,0.010542969610000008,0.000391644951755581,0.01049042998,0.01324098,0.0031202328,0.009742845980000001,0.01224019898
2023,17,mattcl-py,input-lanjian,python,0.29996927738,0.002429740322719835,0.29891460548000004,0.2943462,0.005546651999999999,0.29630938098,0.30459051798
2023,17,pting,input-lanjian,python,1.8813909783133334,0.01978168582632308,1.88212404498,1.8730136000000002,0.00824736,1.86125294898,1.9007959409800002
2023,17,lanjian,input-mattcl,rust,2.37182631698,0.0074682488764477055,2.37101892298,2.353064266666667,0.018626359999999998,2.36479456998,2.37966545798
2023,17,mattcl,input-mattcl,rust,0.010488785080000002,0.0003732803254914126,0.01042818798,0.013371259999999998,0.0029446639999999996,0.00954105698,0.011773034980000001
2023,17,mattcl-py,input-mattcl,python,0.2975617972022222,0.0028555720852330877,0.29790354898,0.2912979333333333,0.006184502222222222,0.29288852298,0.30332484498
2023,17,pting,input-mattcl,python,1.8775202323133335,0.03318458030108226,1.85890655898,1.8665196,0.01090036,1.8578207809800003,1.9158333569800001
2023,17,lanjian,input-pting,rust,2.3650892209800003,0.006853418301305393,2.36577748698,2.3522296,0.012644693333333332,2.35791763898,2.37157253698
2023,17,mattcl,input-pting,rust,0.010436375045000007,0.00033001620231301723,0.010379882980000001,0.013378029999999999,0.0028739453999999977,0.00961536598,0.012644595980000001
2023,17,mattcl-py,input-pting,python,0.29578591628,0.005989039933911486,0.29519958548,0.2898423,0.00586106,0.29046996298,0.31152952598
2023,17,pting,input-pting,python,1.87751357498,0.035638926302890304,1.88413322498,1.8614476,0.01596436,1.8390289259800001,1.90937857398
