year,day,participant,input,language,mean,stddev,median,user,system,min,max
2023,17,lanjian,input-lanjian,rust,2.39937382222,0.0045187744919436435,2.39927616622,2.380251326666667,0.019004633333333333,2.39490466722,2.40394063322
2023,17,mattcl,input-lanjian,rust,0.0239575694183471,0.0007782814218721766,0.023679791220000003,0.03333386661157024,0.0016866611570247934,0.022716069220000003,0.026392256220000004
2023,17,mattcl-py,input-lanjian,python,0.3826774493628572,0.0038992341519286672,0.38181592722,0.37663808857142855,0.0059594999999999995,0.37779854122,0.38842672522000005
2023,17,pting,input-lanjian,python,1.9017168748866666,0.022448898982380998,1.9037301452200002,1.8893113266666666,0.012243633333333335,1.87832915122,1.9230913282200002
2023,17,lanjian,input-mattcl,rust,2.3721243908866665,0.026669301762581456,2.3836700462200002,2.352858326666667,0.0189773,2.34162758622,2.39107554022
2023,17,mattcl,input-mattcl,rust,0.02391382772,0.0006461337994045105,0.023800336720000002,0.032536548888888905,0.0023861420634920627,0.022922244220000002,0.02682168022
2023,17,mattcl-py,input-mattcl,python,0.38312286822,0.0033887577169582463,0.38364300622,0.3764995171428572,0.0064837857142857145,0.37758442022000005,0.38765328822000006
2023,17,pting,input-mattcl,python,1.8637104342200004,0.005594133815784851,1.86393257222,1.8543393266666666,0.009272299999999999,1.8580085402200002,1.86919019022
2023,17,lanjian,input-pting,rust,2.3857832578866667,0.00378882509298922,2.38732881622,2.3684103266666665,0.017273300000000002,2.38146595722,2.3885550002200002
2023,17,mattcl,input-pting,rust,0.02363589504812499,0.0006638943993173514,0.023487381720000002,0.032935949062500004,0.0017341015624999997,0.02250578522,0.026754133220000004
2023,17,mattcl-py,input-pting,python,0.37604009147,0.004021890797724784,0.37479084272,0.37288916,0.003081775,0.37140234322000004,0.38189608722
2023,17,pting,input-pting,python,1.8908814335533333,0.015427190634905082,1.8935132442200002,1.881214993333333,0.009553633333333334,1.87430763222,1.9048234242200002
