year,day,participant,input,language,mean,stddev,median,user,system,min,max
2023,17,mattcl,input-mattcl,rust,0.023856363140000007,0.0005422573086186562,0.02378698682,0.032665740000000006,0.00221778368,0.022526397820000002,0.026530037820000005
2023,17,mattcl-py,input-mattcl,python,0.384971635945,0.007549247310858558,0.38516856032,0.38073668,0.0041616775,0.37285538682,0.39854170682
2023,17,pting,input-mattcl,python,1.8699525124866667,0.012458998908532855,1.86340819582,1.8616925133333335,0.007948393333333333,1.86212937482,1.88431996682
2023,17,mattcl,input-pting,rust,0.02360739626444444,0.0005082208697279016,0.023500860820000004,0.03304933873015874,0.001625426666666666,0.022593563820000002,0.02642941882
2023,17,mattcl-py,input-pting,python,0.37729702053428577,0.004929026805087236,0.37787075982,0.3731704657142857,0.0040397571428571425,0.37007500582,0.38361144782
2023,17,pting,input-pting,python,1.89726442882,0.020750504943400618,1.89369716282,1.8865568466666665,0.010606393333333332,1.87852881682,1.91956730682
