year,day,participant,input,language,mean,stddev,median,user,system,min,max
2023,17,mattcl,input-lanjian,rust,0.02365762575580645,0.00046822984404639866,0.02358753078,0.03336949516129032,0.0012695419354838708,0.02269325578,0.026521412780000003
2023,17,mattcl-py,input-lanjian,python,0.3830044433514286,0.002884698521094418,0.38159221978,0.37765352857142853,0.005253222857142857,0.37983041078,0.38727438678000004
2023,17,pting,input-lanjian,python,1.9138941877799998,0.008997405305662075,1.90939357578,1.9005017666666664,0.013290746666666667,1.9080351367800001,1.92425385078
2023,17,mattcl,input-mattcl,rust,0.023737610591023618,0.0005254600111772471,0.023636040780000003,0.0335649031496063,0.0011101492913385823,0.02280992478,0.025973566780000002
2023,17,mattcl-py,input-mattcl,python,0.38421423420857137,0.0053458407073071704,0.38459455378,0.3801838142857143,0.0039656057142857136,0.37443228778,0.38998046678000003
2023,17,pting,input-mattcl,python,1.8512376441133334,0.01623767168452646,1.85802978678,1.8465797666666666,0.0045224133333333335,1.8327067757800002,1.8629763697800001
2023,17,mattcl,input-pting,rust,0.023637797300000006,0.0014358678312135307,0.02350884178,0.032054195999999986,0.00236518816,0.022373025780000003,0.03847343778
2023,17,mattcl-py,input-pting,python,0.3790209163514286,0.003817301940719075,0.37845925078000003,0.3712858142857143,0.007561937142857142,0.37417503978,0.38602206878
2023,17,pting,input-pting,python,1.88300121278,0.014006111185052454,1.88407005378,1.8655927666666665,0.017288079999999997,1.86849130178,1.89644228278
