year,day,participant,input,language,mean,stddev,median,user,system,min,max
2023,17,lanjian,input-lanjian,rust,2.4054905619599998,0.0029853194114114385,2.40582460696,2.3904351066666667,0.014920786666666666,2.4023522699599997,2.40829480896
2023,17,mattcl,input-lanjian,rust,0.02406212177967214,0.0005492777550881201,0.02403680396,0.03249792360655738,0.0026103793442622957,0.02307490896,0.02729745996
2023,17,mattcl-py,input-lanjian,python,0.3844931138171429,0.004052174070844586,0.38445734096000006,0.3814055828571429,0.0029916571428571423,0.37908731096000003,0.39055792796000005
2023,17,pting,input-lanjian,python,1.9017693276266667,0.04335678855664958,1.89641226296,1.8936191066666666,0.007962786666666666,1.86134000096,1.9475557189600001
2023,17,lanjian,input-mattcl,rust,2.3702947816266664,0.030076227271160175,2.38211072996,2.359542773333333,0.010630453333333331,2.33610488796,2.3926687269599998
2023,17,mattcl,input-mattcl,rust,0.024092315793333333,0.0007089030756689378,0.02405542346,0.033124831666666646,0.0021019289999999998,0.02273134596,0.02744425496
2023,17,mattcl-py,input-mattcl,python,0.38324578667428577,0.0031625700802745266,0.38321500696000005,0.3797102971428572,0.003401371428571428,0.37766638296000005,0.38670960696000006
2023,17,pting,input-mattcl,python,2.0989052682933336,0.34978854762208256,1.9139186939600001,2.08943244,0.009295119999999999,1.8804532169600001,2.50234389396
2023,17,lanjian,input-pting,rust,2.381695091293333,0.02695381567800078,2.3930998629599998,2.370550773333333,0.011028453333333334,2.35091369896,2.40107171196
2023,17,mattcl,input-pting,rust,0.023828337537235778,0.000580985056705519,0.02368384896,0.03216807414634145,0.002646016585365853,0.02287173796,0.02722142796
2023,17,mattcl-py,input-pting,python,0.38063404338857143,0.004610969447368563,0.38253816896000004,0.3752615828571429,0.005288211428571429,0.37359881096,0.38583181396000005
2023,17,pting,input-pting,python,1.9024867562933334,0.014419015822881878,1.8972573939600001,1.8904084399999999,0.011966413333333334,1.89141208596,1.9187907889600002
