year,day,participant,input,language,mean,stddev,median,user,system,min,max
2023,17,mattcl,input-lanjian,rust,0.024112564704878048,0.0006618143741938156,0.0239296709,0.03267058406504065,0.002541738048780487,0.0231559119,0.026846260900000002
2023,17,mattcl-py,input-lanjian,python,0.38251529032857146,0.004995646163034759,0.3825729869,0.3764822228571428,0.005939434285714286,0.37563821290000005,0.3893049919
2023,17,pting,input-lanjian,python,1.9525748709000001,0.06052353171930575,1.9326009659,1.9439714133333332,0.008440006666666666,1.9045628559,2.0205607909
2023,17,mattcl,input-mattcl,rust,0.024078266707999993,0.0006766128935704324,0.0239323159,0.03283115999999999,0.002279771200000001,0.0230195859,0.0268986389
2023,17,mattcl-py,input-mattcl,python,0.3891622484714286,0.00438039252753715,0.3881866109,0.3792179371428572,0.009841197142857142,0.3852284729,0.3982788689
2023,17,pting,input-mattcl,python,1.8754450832333334,0.0028196207345422076,1.8765272429000002,1.8685127466666664,0.006832673333333333,1.8722446879,1.8775633189
2023,17,mattcl,input-pting,rust,0.023873581564000004,0.000700361728342863,0.0236564079,0.03333474399999999,0.0016090931200000002,0.0230559549,0.026910309900000002
2023,17,mattcl-py,input-pting,python,0.3837006700428572,0.004188177295790947,0.3841614299,0.37769065142857144,0.005910862857142857,0.37695047890000005,0.38871875190000005
2023,17,pting,input-pting,python,1.9079081775666669,0.022629940357131752,1.9018355609000002,1.8958764133333332,0.011932673333333333,1.8889341089,1.9329548629000002
