year,day,participant,input,language,mean,stddev,median,user,system,min,max
2023,19,lanjian,input-lanjian,rust,0.0015090224450000007,0.00024033636492470735,0.0015472171000000003,0.0012362498999999993,0.00031338780000000004,0.0008208701000000003,0.0020351591000000004
2023,19,mattcl,input-lanjian,rust,0.0012111118100000006,0.00012823920164253783,0.0012343021,0.0010367249999999998,0.00022161079999999996,0.0007151821000000002,0.0018517161000000002
2023,19,mattcl-py,input-lanjian,python,0.016519319953932583,0.000716527269695438,0.016312091600000002,0.013389823370786518,0.0030250429213483144,0.015370491100000001,0.019693813100000002
2023,19,lanjian,input-mattcl,rust,0.0014509582750000004,0.00020856635948690878,0.0015145311000000002,0.0012203649999999993,0.00027221039999999997,0.0008922431000000003,0.0020456791000000004
2023,19,mattcl,input-mattcl,rust,0.0011318594799999996,0.00017417530441629243,0.0012048926000000001,0.000975405,0.00020124460000000004,0.00035757310000000017,0.0015621451
2023,19,mattcl-py,input-mattcl,python,0.016425403259340672,0.0007892596707119766,0.016159446600000002,0.013341816703296707,0.002953920439560438,0.015065470100000002,0.019598745100000002
