year,day,participant,input,language,mean,stddev,median,user,system,min,max
2023,19,lanjian,input-kcen,rust,0.0016974397449999992,0.00029732111715613285,0.0017744683999999999,0.0013456452000000002,0.000288525,0.0004938643999999999,0.0022342294
2023,19,mattcl,input-kcen,rust,0.0012522655799999997,0.00014356009476575784,0.0012797984,0.0010724318000000003,0.00021237999999999997,0.0006865344,0.0017036263999999999
2023,19,mattcl-py,input-kcen,python,0.016539875202259895,0.0005251528792872872,0.016412803400000002,0.013518387796610168,0.002918209039548022,0.0153981054,0.0187845784
2023,19,lanjian,input-lanjian,rust,0.0016163205400000007,0.00023658970450509762,0.0017121923999999997,0.0013493449999999998,0.0002584425,0.0008387383999999999,0.0021927414
2023,19,mattcl,input-lanjian,rust,0.0012061348899999992,0.00016532433619628905,0.0012441773999999999,0.0010456733999999997,0.00018848999999999995,0.0005145223999999999,0.0016611864
2023,19,mattcl-py,input-lanjian,python,0.016460773115083798,0.0005735767570024833,0.016329426400000003,0.013445269720670387,0.0029197402234636878,0.015337302400000002,0.019466744400000003
2023,19,lanjian,input-mattcl,rust,0.0014919634049999995,0.00023810353815549606,0.0015431763999999998,0.0011405050000000009,0.0003528175,0.0007722743999999999,0.0022530744
2023,19,mattcl,input-mattcl,rust,0.001196628015,0.00017202015847322236,0.0012301614,0.0009998484000000001,0.00021906249999999996,0.0006153213999999999,0.0018982703999999998
2023,19,mattcl-py,input-mattcl,python,0.01629169673146068,0.0006049511156174515,0.016189946400000002,0.01287543235955057,0.0033039044943820226,0.014982086400000002,0.0191740364
