year,day,participant,input,language,mean,stddev,median,user,system,min,max
2023,19,lanjian,input-kcen,rust,0.001679737210000001,0.0002229376094236789,0.0017628569400000003,0.0013453917999999994,0.000310143,0.0005439959400000002,0.0019385159400000002
2023,19,mattcl,input-kcen,rust,0.0011795995400000004,0.00014153621760102262,0.0011792599400000004,0.0009890036000000002,0.00021546649999999997,0.0006500039400000001,0.0017354359400000002
2023,19,mattcl-py,input-kcen,python,0.016750040789710974,0.0006545423765409221,0.01659347694,0.01355531630057803,0.0030960271676300573,0.015515348940000001,0.01964705994
2023,19,lanjian,input-lanjian,rust,0.0016670412450000025,0.0002167035386103171,0.0017372989400000001,0.0012517218000000002,0.0003688965000000001,0.0009014149400000003,0.00211609794
2023,19,mattcl,input-lanjian,rust,0.0011683410649999991,0.00016643687427321676,0.0011703484400000003,0.0009976785999999999,0.00019457049999999996,0.0006347459400000001,0.0017132539400000002
2023,19,mattcl-py,input-lanjian,python,0.016854829530909093,0.0007804754444885156,0.016634888440000002,0.013551128636363641,0.003180359659090909,0.01577531494,0.02033343394
2023,19,lanjian,input-mattcl,rust,0.0013388665999999993,0.00037915138074918645,0.0014495504400000004,0.0010808757999999999,0.000255187,0.0004124699400000001,0.0022965249400000005
2023,19,mattcl,input-mattcl,rust,0.0008019702499999999,0.00030619002055762566,0.0008516619400000001,0.0007049169999999997,0.00013918699999999998,0.00022922694000000016,0.0014984919400000004
2023,19,mattcl-py,input-mattcl,python,0.01666445427142858,0.002081822553599462,0.01632992194,0.013021600000000001,0.0033734651428571436,0.015395033940000002,0.04290464594000001
