year,day,participant,input,language,mean,stddev,median,user,system,min,max
2023,19,lanjian,input-kcen,rust,0.0018147267899999988,0.0002082697418935818,0.0018246055600000001,0.0015175899999999986,0.00023363760000000004,0.00097698206,0.00232225306
2023,19,mattcl,input-kcen,rust,0.001269543555,0.00019875069614165865,0.0012707175600000001,0.0010798816999999996,0.0002068055,0.0005069410599999999,0.0018036310600000002
2023,19,mattcl-py,input-kcen,python,0.01704714257764706,0.0006053529581076801,0.017014066060000003,0.013965437647058824,0.002960164705882354,0.01570223206,0.020243224060000002
2023,19,lanjian,input-lanjian,rust,0.0017852542500000005,0.00023668598208190166,0.0018128285600000002,0.0014789750000000004,0.0002492200000000001,0.00109466206,0.00237198706
2023,19,mattcl,input-lanjian,rust,0.0012275605,0.00018037474774437143,0.00121370056,0.0011023689000000001,0.00015054779999999995,0.00036687805999999993,0.00197314906
2023,19,mattcl-py,input-lanjian,python,0.016832240612325584,0.00047944176782234075,0.01677417556,0.014089743255813955,0.0026349382558139532,0.01598880906,0.01900922106
2023,19,lanjian,input-mattcl,rust,0.0016668103649999995,0.0002444941731754269,0.00175689306,0.0013321277999999994,0.0003189067,0.00087088306,0.00228495306
2023,19,mattcl,input-mattcl,rust,0.0012743964649999998,0.00021086035221945239,0.00130802256,0.0010527950000000005,0.00021275310000000002,0.00038830805999999995,0.00199992906
2023,19,mattcl-py,input-mattcl,python,0.016716849186436785,0.0006556250171225408,0.01659519506,0.013615202758620687,0.0029929874712643686,0.015487219060000001,0.019850025060000002
