year,day,participant,input,language,mean,stddev,median,user,system,min,max
2023,19,mattcl,input-mattcl,rust,0.0011710600850000006,0.00014864216181094088,0.0012144945200000003,0.0009332400000000008,0.00025591199999999996,0.0006154630200000001,0.0016510220200000002
2023,19,mattcl-py,input-mattcl,python,0.016347838327692318,0.0006554191817425559,0.01618114952,0.013493591868131864,0.002737139560439559,0.01552105902,0.01922666502
