year,day,participant,input,language,mean,stddev,median,user,system,min,max
2023,19,lanjian,input-kcen,rust,0.00166699725,0.0002509554408436131,0.0017690084800000003,0.0013139066000000005,0.0003293594,0.0008106064800000004,0.0022403204800000003
2023,19,mattcl,input-kcen,rust,0.0012034658000000002,0.00020384942533572704,0.0012533989800000004,0.0010162864,0.00020128140000000001,0.0003431014800000003,0.0018907364800000005
2023,19,mattcl-py,input-kcen,python,0.016536157893793108,0.0005896830052353652,0.016406487480000002,0.014054622528735634,0.002373045862068965,0.015558220480000003,0.01948654848
2023,19,lanjian,input-lanjian,rust,0.0016825567300000003,0.0002631924477628767,0.0017472779800000004,0.0013299249999999998,0.00028416499999999996,0.0009426724800000003,0.0022983184800000004
2023,19,mattcl,input-lanjian,rust,0.001215154375,0.00017541080658026653,0.0012548119800000004,0.0009908965999999998,0.00023144719999999993,0.0005464624800000004,0.0017587894800000002
2023,19,mattcl-py,input-lanjian,python,0.0164839676,0.0006266511268640379,0.01630248248,0.01313188,0.0032477316571428577,0.01545942548,0.01929929848
2023,19,lanjian,input-mattcl,rust,0.001534093285,0.00022446859329988033,0.0015816574800000005,0.0011966549999999996,0.00031552300000000006,0.0008475654800000002,0.00201162248
2023,19,mattcl,input-mattcl,rust,0.0011746014400000001,0.00018646688707390805,0.0012434959800000003,0.0009553715999999997,0.00024035650000000006,0.00032102948000000027,0.0016828974800000005
2023,19,mattcl-py,input-mattcl,python,0.01635732757039549,0.0005581495148658776,0.01625376148,0.01299425062146893,0.0032521731073446303,0.015339510480000002,0.01932801248
