year,day,participant,input,language,mean,stddev,median,user,system,min,max
2023,19,lanjian,input-kcen,rust,0.0018975124100000002,0.0001931591724686815,0.00193395232,0.0015372349999999988,0.0003245576,0.0009077673199999998,0.00233896532
2023,19,mattcl,input-kcen,rust,0.0015014220750000002,0.0037925619890262583,0.00129895432,0.0010772476000000006,0.0001623903,0.00039659131999999976,0.05464237132000001
2023,19,mattcl-py,input-kcen,python,0.0170470796514917,0.0006609694064948431,0.01693877732,0.013816972044198903,0.00309185049723757,0.01578642232,0.01958077032
2023,19,lanjian,input-lanjian,rust,0.0018764323600000002,0.0002163624108298829,0.00191246682,0.0015644699999999994,0.0002495605,0.0010174623199999998,0.0024100473200000003
2023,19,mattcl,input-lanjian,rust,0.00111239602,0.0002922459834577989,0.00115496982,0.0009564988999999996,0.0001635586,0.0004779033199999998,0.00167437132
2023,19,mattcl-py,input-lanjian,python,0.016942882412485545,0.0007197752796072135,0.01675001432,0.013675913410404628,0.00314203710982659,0.015568374320000002,0.01988785432
2023,19,lanjian,input-mattcl,rust,0.0018766341449999993,0.0002594965636846568,0.0018780278200000002,0.0014347700000000001,0.00034234209999999996,0.00098096432,0.00259127732
2023,19,mattcl,input-mattcl,rust,0.0013267292749999998,0.00013256462907272414,0.00133338832,0.0010962063,0.0002478613999999999,0.0006093793199999999,0.00183237732
2023,19,mattcl-py,input-mattcl,python,0.016729350195000013,0.0006176268916771731,0.01658785132,0.01359638772727273,0.003018670681818182,0.01572794232,0.01979455132
