year,day,participant,input,language,mean,stddev,median,user,system,min,max
2023,19,lanjian,input-kcen,rust,0.0016907808050000018,0.00026407719817473236,0.0017422336400000002,0.0013010541999999995,0.0003169814,0.0005959696400000001,0.0022990856400000002
2023,19,mattcl,input-kcen,rust,0.0011910437650000003,0.00018619332929738268,0.0012113206400000001,0.0010144812999999997,0.00018256100000000003,0.0003097736400000001,0.00198016864
2023,19,mattcl-py,input-kcen,python,0.016650129317966094,0.0006842623941407916,0.016474481640000004,0.01384011672316384,0.002708840677966101,0.01567046864,0.02096070364
2023,19,lanjian,input-lanjian,rust,0.001569265575,0.0003425536362147548,0.0017261736400000002,0.0012919191999999995,0.00026738820000000004,0.00046011564000000013,0.0023159266400000003
2023,19,mattcl,input-lanjian,rust,0.0011571169999999994,0.0002202739401433629,0.00119455964,0.0009891791999999996,0.00018103259999999996,0.0003032716400000001,0.0019258276400000002
2023,19,mattcl-py,input-lanjian,python,0.01668432374169493,0.0017167392373146158,0.01641740464,0.01336383423728813,0.0031038845197740115,0.015205067640000002,0.03768062064
2023,19,lanjian,input-mattcl,rust,0.0014494643850000014,0.0002255093526222817,0.0015191206400000002,0.0011923471,0.00027408819999999993,0.0007110846400000001,0.0019379296400000002
2023,19,mattcl,input-mattcl,rust,0.0011078506200000002,0.00018837040493900313,0.00117846364,0.0009276749999999999,0.00021013319999999998,0.00030188964,0.0015953796400000001
2023,19,mattcl-py,input-mattcl,python,0.016318214091086955,0.0006269682033724475,0.016242152140000004,0.013136460434782617,0.003050175000000001,0.01525155464,0.019545557640000003
