year,day,participant,input,language,mean,stddev,median,user,system,min,max
2023,19,lanjian,input-kcen,rust,0.0017290381449999997,0.00022731411914228946,0.0018112590600000004,0.0014048100000000011,0.00029798600000000003,0.0008233250600000002,0.0023312660600000004
2023,19,mattcl,input-kcen,rust,0.0012271090550000007,0.00016277003319155797,0.0012298515600000003,0.0010139384000000002,0.00024398639999999997,0.0005513870600000002,0.0017398200600000002
2023,19,mattcl-py,input-kcen,python,0.016840119873953494,0.0006192548572507664,0.016717694560000003,0.013813093255813957,0.002900635348837209,0.015583217060000001,0.02047571006
2023,19,lanjian,input-lanjian,rust,0.0017444653949999997,0.00022342614130077868,0.0017806870600000004,0.0013989334000000008,0.00028917099999999996,0.0009724050600000002,0.0023235630600000005
2023,19,mattcl,input-lanjian,rust,0.0012214767300000003,0.00015122101851869092,0.0012314390600000002,0.0010372383999999997,0.00021023959999999996,0.0005164310600000001,0.0016464560600000003
2023,19,mattcl-py,input-lanjian,python,0.017243497692768363,0.003259128649478956,0.01672841006,0.013901828474576279,0.002860221468926553,0.01581752606,0.050479258060000004
2023,19,lanjian,input-mattcl,rust,0.0016127051550000001,0.0002425198909599212,0.0016942555600000003,0.0012241634000000016,0.00035696199999999995,0.0005325220600000003,0.0020419460600000004
2023,19,mattcl,input-mattcl,rust,0.0012098944999999997,0.00019606228398927683,0.0012526295600000003,0.0010300533999999999,0.00021190499999999997,0.00030252206000000025,0.00171240806
2023,19,mattcl-py,input-mattcl,python,0.016676573517142856,0.0010647740148557656,0.01645168206,0.01335581714285715,0.0031578656000000017,0.015513928060000001,0.02713560906
