year,day,participant,input,language,mean,stddev,median,user,system,min,max
2023,19,lanjian,input-kcen,rust,0.0017217466299999998,0.0002063001444858728,0.00177796358,0.0013353128,0.0003826431999999999,0.0008936085800000002,0.0023659545800000003
2023,19,mattcl,input-kcen,rust,0.00117377742,0.0001937963689177455,0.0011958795800000002,0.0010053049999999997,0.00021679520000000006,0.00032247958000000015,0.0016750805800000003
2023,19,mattcl-py,input-kcen,python,0.016802774136213013,0.0006663237358391767,0.01665342258,0.013574090887573961,0.0031126781065088753,0.01562932558,0.02010288958
2023,19,lanjian,input-lanjian,rust,0.0015358162500000005,0.00036856018550362085,0.0017128165800000003,0.001266151199999999,0.0002967977999999999,0.0005471295800000002,0.0022933375800000006
2023,19,mattcl,input-lanjian,rust,0.0011509812599999993,0.0002723839808078501,0.0011930940800000001,0.0009711277999999995,0.00019491369999999998,0.0003280795800000002,0.0019434835800000003
2023,19,mattcl-py,input-lanjian,python,0.016704991978876413,0.0006897942651617575,0.016576919080000002,0.013607097303370784,0.0030018758426966293,0.015319336579999999,0.01985305058
2023,19,lanjian,input-mattcl,rust,0.001546901995000001,0.0002701440074775544,0.0016650220800000003,0.0012732699999999993,0.00027339759999999997,0.0006361165800000002,0.00202161958
2023,19,mattcl,input-mattcl,rust,0.0011833173499999996,0.0002003866423950683,0.0012318160800000003,0.0009995750000000002,0.00018990870000000005,0.0004170265800000001,0.0016759525800000002
2023,19,mattcl-py,input-mattcl,python,0.01648282695640449,0.0006598396051381582,0.01635369108,0.013685327640449437,0.0026961111235955064,0.01519424158,0.01960667958
