year,day,participant,input,language,mean,stddev,median,user,system,min,max
2023,19,lanjian,input-kcen,rust,0.0018279368550000008,0.0003088600708759174,0.0019563357800000004,0.0015222590000000002,0.00027694700000000004,0.00073523378,0.00243091878
2023,19,mattcl,input-kcen,rust,0.0013808566900000002,0.00022827103148088826,0.00144587428,0.0012142495000000005,0.00019368399999999998,0.00050314978,0.0019069067800000002
2023,19,mattcl-py,input-kcen,python,0.01676389543363129,0.0006763590950401668,0.01659543178,0.013726686592178766,0.0029187731843575413,0.01571591678,0.01970765778
2023,19,lanjian,input-lanjian,rust,0.0018036434549999997,0.00025801303787118386,0.00189462428,0.001459375,0.00031646100000000003,0.00107570178,0.00245771878
2023,19,mattcl,input-lanjian,rust,0.00139023226,0.0001731042897564936,0.00143880578,0.0011868144999999997,0.00022364799999999993,0.00047727078000000004,0.00190322078
2023,19,mattcl-py,input-lanjian,python,0.01664255879136364,0.0006420295256186185,0.01648704878,0.01350482727272728,0.0030088181818181815,0.01574021078,0.01993573478
2023,19,lanjian,input-mattcl,rust,0.0016663684099999993,0.00024453595049856017,0.00170322128,0.0014017699999999999,0.0002699259999999999,0.00100119178,0.00239525078
2023,19,mattcl,input-mattcl,rust,0.00133855085,0.0002109258499256776,0.00140838978,0.0012058485,0.00013996400000000002,0.00064367278,0.00188445578
2023,19,mattcl-py,input-mattcl,python,0.01656545792364642,0.0007603116762129575,0.01638951578,0.013540083425414367,0.002904785635359117,0.015238261780000002,0.01956064178
