year,day,participant,input,language,mean,stddev,median,user,system,min,max
2023,19,mattcl,input-mattcl,rust,0.0012080508800000002,0.00014471442165780985,0.0012453075,0.0010594746999999997,0.0002059695,0.0005218145,0.0016680195000000001
2023,19,mattcl-py,input-mattcl,python,0.01637256165882353,0.000545130837159728,0.016275318000000004,0.013440377647058828,0.002807152352941177,0.015170605500000002,0.019101642500000002
