year,day,participant,input,language,mean,stddev,median,user,system,min,max
2023,19,mattcl,input-mattcl,rust,0.0012153544649999997,0.00020103715641347456,0.0012559300800000003,0.0010427351999999996,0.0002016161,0.0002830135800000002,0.0017925395800000002
2023,19,mattcl-py,input-mattcl,python,0.016584885928066305,0.0007319099328279747,0.01636148558,0.012993302541436472,0.003483839889502763,0.015382723580000002,0.020398309580000003
