year,day,participant,input,language,mean,stddev,median,user,system,min,max
2023,19,lanjian,input-kcen,rust,0.0016749751200000002,0.000258249737994988,0.0017760349399999998,0.0013309499999999994,0.0003072901999999999,0.0008710804400000001,0.00226008144
2023,19,mattcl,input-kcen,rust,0.00124691276,0.0001871959514153259,0.00127630994,0.0010658004000000008,0.0001826398,0.00046714543999999995,0.00176254944
2023,19,mattcl-py,input-kcen,python,0.016737589965423728,0.000744506813067108,0.016478030440000003,0.013778903050847464,0.0028493493785310725,0.015751370440000002,0.01970311644
2023,19,lanjian,input-lanjian,rust,0.0016509295549999995,0.0002737838821830604,0.00174298344,0.0013730904000000001,0.00022777900000000003,0.0008121214399999999,0.00229454544
2023,19,mattcl,input-lanjian,rust,0.0012395850200000009,0.0001937074693137653,0.0012845604399999999,0.0010782504,0.00018107479999999998,0.00030957044,0.00173417644
2023,19,mattcl-py,input-lanjian,python,0.016605604674636877,0.0007092220739569273,0.01638693944,0.013505221675977648,0.002979858770949723,0.015523163440000001,0.01985792544
2023,19,lanjian,input-mattcl,rust,0.0015192700600000003,0.0002453511563012233,0.00156930294,0.0012513100000000005,0.0002586882,0.00058405444,0.00196984744
2023,19,mattcl,input-mattcl,rust,0.0011417924900000002,0.00019436372680214695,0.00118022444,0.0009595453999999997,0.00020047999999999995,0.00041503844000000004,0.0014452054399999997
2023,19,mattcl-py,input-mattcl,python,0.016414116977142856,0.0006903935505630336,0.016227100440000003,0.01331872,0.0029907058285714287,0.01532713544,0.01970618244
