year,day,participant,input,language,mean,stddev,median,user,system,min,max
2023,19,mattcl,input-mattcl,rust,0.001277215825,0.0001664060249552214,0.00131059364,0.0010976844000000002,0.00019919700000000002,0.0006538856399999999,0.00195306664
2023,19,mattcl-py,input-mattcl,python,0.016608484267118653,0.0006689578193379483,0.01645799364,0.013696610847457623,0.002788505084745763,0.01580313864,0.02050384364
