year,day,participant,input,language,mean,stddev,median,user,system,min,max
2023,19,lanjian,input-kcen,rust,0.0016139129300000007,0.0002599110354442543,0.0017213057200000002,0.0013177900000000005,0.000295027,0.0007517027200000001,0.00219257772
2023,19,mattcl,input-kcen,rust,0.0012103871200000002,0.00016499938529625113,0.0012304127200000001,0.0010480199999999993,0.00018617439999999994,0.00062713972,0.00168349572
2023,19,mattcl-py,input-kcen,python,0.016530776153333336,0.0006501279685864613,0.016364775720000002,0.013259818888888884,0.003183579555555557,0.015317732720000001,0.019666575720000003
2023,19,lanjian,input-lanjian,rust,0.0016141436500000008,0.0002643633789415472,0.0016805197200000003,0.001319715,0.0002758634,0.0007593867200000001,0.0022539317200000004
2023,19,mattcl,input-lanjian,rust,0.0011682337600000003,0.0001848749028989818,0.0011964092200000003,0.0010254250000000002,0.00016607740000000002,0.00056041572,0.00178845072
2023,19,mattcl-py,input-lanjian,python,0.016391264079550553,0.0006188689488335331,0.01621946972,0.013380550786516851,0.002931131235955057,0.01536744672,0.01883180472
2023,19,lanjian,input-mattcl,rust,0.00151788467,0.00021993389538710995,0.0015728932200000001,0.0011958599999999998,0.00031123399999999986,0.0008281757200000002,0.0019613657200000002
2023,19,mattcl,input-mattcl,rust,0.0011323130500000003,0.00015408872934953376,0.0011809657200000001,0.0009938050000000002,0.00019177440000000005,0.00028219472,0.0016026547200000002
2023,19,mattcl-py,input-mattcl,python,0.016304747725555555,0.0006603481489540449,0.01613444122,0.012908057777777775,0.003294821333333334,0.01514646272,0.019793302720000003
