year,day,participant,input,language,mean,stddev,median,user,system,min,max
2023,19,lanjian,input-kcen,rust,0.0017747877550000001,0.00025357908077777204,0.0018327843799999998,0.0013876395000000006,0.0003219944,0.00094701388,0.00245410088
2023,19,mattcl,input-kcen,rust,0.0012799316099999993,0.000174627873244038,0.00130037888,0.0010875000000000004,0.00021058219999999992,0.0007277838799999998,0.0017695208799999999
2023,19,mattcl-py,input-kcen,python,0.016593219902471906,0.0006175094800160698,0.01644677888,0.013610144943820221,0.002861915955056179,0.015532038880000001,0.01971082088
2023,19,lanjian,input-lanjian,rust,0.0018082527649999998,0.00019709494568977167,0.00186003538,0.0014893349999999994,0.0002593233999999999,0.00096894488,0.0022165768799999996
2023,19,mattcl,input-lanjian,rust,0.0012570613650000003,0.00015881667859174724,0.0012998883799999997,0.0011011494999999991,0.00017542620000000002,0.0006015988799999998,0.0017661848799999998
2023,19,mattcl-py,input-lanjian,python,0.0165485357564045,0.0005075873313747414,0.01641329138,0.013742482022471908,0.002682418876404494,0.01551603888,0.01885420988
2023,19,lanjian,input-mattcl,rust,0.0015818898599999998,0.00023809235619186636,0.0016364873799999998,0.0012509745,0.00033167379999999994,0.0009096438799999999,0.00217712288
2023,19,mattcl,input-mattcl,rust,0.0012539093449999996,0.00016383273144878163,0.00130211238,0.0011011250000000005,0.00017561619999999995,0.0003429848799999998,0.00169492188
2023,19,mattcl-py,input-mattcl,python,0.01642469416571429,0.0005991765491549213,0.01629284088,0.013060061538461544,0.003243450329670328,0.015383821879999999,0.019628957880000002
