year,day,participant,input,language,mean,stddev,median,user,system,min,max
2023,19,lanjian,input-kcen,rust,0.0017200810400000018,0.00023352542504813297,0.00173999226,0.0013886700000000003,0.00028364339999999995,0.0010401077600000002,0.00231218776
2023,19,mattcl,input-kcen,rust,0.0011893749800000004,0.00013395891680346395,0.0011788572600000002,0.0010639499999999997,0.00017968199999999996,0.00065836376,0.00160355176
2023,19,mattcl-py,input-kcen,python,0.016846802205714297,0.0005723227099793027,0.01677702176,0.013671628571428576,0.003079843428571429,0.01546176176,0.01987756376
2023,19,lanjian,input-lanjian,rust,0.0016785422049999995,0.00021256147149643705,0.00174223176,0.0013511199999999995,0.00031544260000000013,0.0009048747600000001,0.00219021976
2023,19,mattcl,input-lanjian,rust,0.0011565096899999996,0.00016546015802252614,0.0011688737600000002,0.0010235700000000006,0.00018979519999999997,0.00035494576000000006,0.00155007276
2023,19,mattcl-py,input-lanjian,python,0.016761320334712643,0.0007240020381450913,0.01658501276,0.013834719310344832,0.002837135862068965,0.015438698760000003,0.01973139976
2023,19,lanjian,input-mattcl,rust,0.0015314663250000004,0.00027773315787788086,0.00156967376,0.0012783399999999998,0.0002581552000000001,0.0006022387600000001,0.00227407676
2023,19,mattcl,input-mattcl,rust,0.001178251485,0.0001700710586731038,0.00120812226,0.0010082099999999998,0.00022489959999999996,0.00037104575999999997,0.0016646167599999998
2023,19,mattcl-py,input-mattcl,python,0.016610690972290502,0.0006608279991270654,0.01643716676,0.013617275754189948,0.002872284916201118,0.015324865760000002,0.01955963876
