year,day,participant,input,language,mean,stddev,median,user,system,min,max
2023,19,lanjian,input-kcen,rust,0.001872473825,0.00014972361386376927,0.0019054268200000004,0.00150288,0.0003183304,0.0010488788200000002,0.00223957782
2023,19,mattcl,input-kcen,rust,0.0013033908549999998,0.00013990841475450787,0.00129106682,0.0010895899999999999,0.00024332019999999995,0.00068224582,0.0015265518200000003
2023,19,mattcl-py,input-kcen,python,0.017122118510058484,0.0006773033354047617,0.016969436820000003,0.01380598935672515,0.003195469005847952,0.015967824820000004,0.019801247820000003
2023,19,lanjian,input-lanjian,rust,0.0018528288750000008,0.00020714839002265235,0.0018601258200000002,0.0014226899999999992,0.0003398609999999999,0.00122219582,0.0026935758200000003
2023,19,mattcl,input-lanjian,rust,0.0013478493450000003,0.000192085802693749,0.00136182432,0.0011588149999999999,0.00017856920000000002,0.00051829682,0.0018943958200000003
2023,19,mattcl-py,input-lanjian,python,0.01708788480245614,0.0007000908847550182,0.016952573820000004,0.013909433801169595,0.0030516375438596503,0.01622569982,0.02037674282
2023,19,lanjian,input-mattcl,rust,0.0016826195000000004,0.0002522261125332503,0.0017376448200000004,0.0013799349999999995,0.0002985605,0.0009370978200000001,0.00249448882
2023,19,mattcl,input-mattcl,rust,0.0012914326799999998,0.00015494924624790665,0.00131166982,0.0011103471000000003,0.00020580509999999997,0.00043011982000000005,0.0017904498200000001
2023,19,mattcl-py,input-mattcl,python,0.016688535387251457,0.0005580838562462267,0.016600847820000004,0.013385293450292395,0.003197949005847954,0.01570958382,0.020054521820000004
