year,day,participant,input,language,mean,stddev,median,user,system,min,max
2023,19,mattcl,input-mattcl,rust,0.00122347185,0.0001887678011537167,0.00127934512,0.0010489549999999994,0.00018824999999999997,0.00041670912,0.0017852621199999999
