year,day,participant,input,language,mean,stddev,median,user,system,min,max
2023,19,lanjian,input-kcen,rust,0.0017498610600000012,0.00022570498708821395,0.00177664702,0.0014045049999999997,0.0002870019,0.00097036852,0.0022169895199999996
2023,19,mattcl,input-kcen,rust,0.00120710516,0.00015647568593980368,0.0011889275199999999,0.0010453856999999998,0.00019787000000000003,0.0004408185199999998,0.00165574052
2023,19,mattcl-py,input-kcen,python,0.01705069597977011,0.0007408237117691792,0.016855435520000003,0.01379507264367816,0.003121936206896551,0.01552810752,0.02029761952
2023,19,lanjian,input-lanjian,rust,0.0017313671599999995,0.0002712138331065956,0.00177115152,0.0013647550000000003,0.00030021450000000004,0.0007449065199999999,0.0022897065200000004
2023,19,mattcl,input-lanjian,rust,0.0011657324899999998,0.00020409843558484228,0.0011979695199999998,0.0009984013999999994,0.00020231690000000003,0.0003663885199999998,0.0016956555199999998
2023,19,mattcl-py,input-lanjian,python,0.01683543043666666,0.000728143321997613,0.016660066020000003,0.013134226666666667,0.0035945943333333327,0.01569202452,0.01990101752
2023,19,lanjian,input-mattcl,rust,0.0015772163500000003,0.0002486581520584773,0.0016661055199999998,0.0012549199999999996,0.00033092590000000007,0.0007474615199999999,0.0022761015199999996
2023,19,mattcl,input-mattcl,rust,0.0012150459050000006,0.0001360436881991255,0.0012457940199999999,0.0010608599999999998,0.0001862524,0.0006929895199999998,0.00167281252
2023,19,mattcl-py,input-mattcl,python,0.016581267916648042,0.000712105014939277,0.01642208052,0.01364380413407821,0.0028322425698324018,0.015206857520000002,0.01993501052
