year,day,participant,input,language,mean,stddev,median,user,system,min,max
2023,19,lanjian,input-kcen,rust,0.0017562752950000002,0.00022443735466922383,0.0018246534200000004,0.0013859550000000006,0.0003505071,0.0008019189200000001,0.00223757592
2023,19,mattcl,input-kcen,rust,0.001245143255,0.00013395720998305767,0.00123294592,0.0010413927999999995,0.0002407994,0.0005793429200000002,0.0016871349200000005
2023,19,mattcl-py,input-kcen,python,0.016924057931363635,0.0006183802592409579,0.016769756919999997,0.013960430227272717,0.0028442853409090907,0.01600164392,0.02008737992
2023,19,lanjian,input-lanjian,rust,0.0017346352699999998,0.0002319920834534508,0.0017913709200000003,0.0013645950000000003,0.0003368877,0.0009418419200000002,0.0023585229200000003
2023,19,mattcl,input-lanjian,rust,0.0012641599099999998,0.00015917694877609707,0.0012911149200000001,0.0010709314000000004,0.00020861670000000003,0.0005722589200000001,0.0017537809200000001
2023,19,mattcl-py,input-lanjian,python,0.01668529605812155,0.0006497001149833224,0.016541103919999998,0.013620653701657458,0.0029356960220994466,0.01570978792,0.01952716192
2023,19,lanjian,input-mattcl,rust,0.0016336623449999998,0.00024294909343663512,0.0016742619200000002,0.0013235550000000003,0.00029199329999999993,0.0008851149200000001,0.0023747729200000005
2023,19,mattcl,input-mattcl,rust,0.00124453532,0.0001963655924360831,0.00127211442,0.0010918663999999996,0.00018263119999999998,0.00034547492000000014,0.0019267839200000003
2023,19,mattcl-py,input-mattcl,python,0.016487868596136365,0.0006376574677708693,0.01635611242,0.01290222568181818,0.0034894953409090896,0.01521631392,0.01948830892
