year,day,participant,input,language,mean,stddev,median,user,system,min,max
2023,19,lanjian,input-lanjian,rust,0.0016393183350000013,0.0002670498072102979,0.00172043064,0.0012669,0.0003436114,0.0008487556399999999,0.00231743164
2023,19,mattcl,input-lanjian,rust,0.0011924321300000001,0.00018471178014145442,0.00123770314,0.0010415113999999999,0.0001867658,0.00044416963999999995,0.0016618566399999998
2023,19,mattcl-py,input-lanjian,python,0.016600765809491522,0.0005719574193025297,0.01642780864,0.013364578757062148,0.0031269787570621472,0.01566006264,0.01963992464
2023,19,lanjian,input-mattcl,rust,0.001510850665,0.000235725654455826,0.0015541251399999998,0.0012431499999999989,0.000271845,0.00084527964,0.00210514564
2023,19,mattcl,input-mattcl,rust,0.00114748533,0.0001766849871994569,0.00120943014,0.0009738213999999996,0.0002082074,0.0003165306399999999,0.00165932164
2023,19,mattcl-py,input-mattcl,python,0.016317340744046248,0.0006268908381809839,0.01620889964,0.01311266219653178,0.003095553294797686,0.014922664640000001,0.019451102640000002
