year,day,participant,input,language,mean,stddev,median,user,system,min,max
2023,19,mattcl,input-mattcl,rust,0.0012696801200000008,0.00016994125268432025,0.0013273185600000002,0.0010779512,0.00021412399999999997,0.00041817306000000023,0.0018222990600000003
2023,19,mattcl-py,input-mattcl,python,0.016537932961098917,0.0006318855784518396,0.016421839560000002,0.013113325934065929,0.0033017203296703303,0.015490682060000002,0.019650314060000004
