year,day,participant,input,language,mean,stddev,median,user,system,min,max
2023,19,mattcl,input-mattcl,rust,0.0011890368849999998,0.00020558350013384632,0.0012538495200000001,0.0010151100999999997,0.00020641500000000008,0.00027996602,0.0017440270200000001
2023,19,mattcl-py,input-mattcl,python,0.01664543786090909,0.0007281363402376843,0.01643228852,0.013358654318181824,0.003166228636363636,0.015781461020000002,0.01939442502
