year,day,participant,input,language,mean,stddev,median,user,system,min,max
2023,19,lanjian,input-kcen,rust,0.00180918293,0.00020882027522316243,0.0018173781400000002,0.0014266350000000003,0.00034159539999999996,0.0009313406400000001,0.00235271964
2023,19,mattcl,input-kcen,rust,0.0013561077950000008,0.003695534045658971,0.00117259114,0.0009898878,0.00015067380000000001,0.00030346664,0.05315972964000001
2023,19,mattcl-py,input-kcen,python,0.017193966777142862,0.002524323092638988,0.016964719640000004,0.014203777142857135,0.0027084509714285715,0.016109269640000003,0.04943794864000001
2023,19,lanjian,input-lanjian,rust,0.0017641076949999998,0.00023716567738388443,0.0017945751400000002,0.0014088949999999996,0.0002990058,0.00080389264,0.00239032864
2023,19,mattcl,input-lanjian,rust,0.0012364099299999997,0.00016009278162122748,0.00124228714,0.001062005,0.0001998564,0.0005696336400000001,0.00196494464
2023,19,mattcl-py,input-lanjian,python,0.01705599673039548,0.0008702983110221872,0.016801103640000002,0.013742121355932202,0.003194109152542374,0.01594997164,0.020382071640000003
2023,19,lanjian,input-mattcl,rust,0.001589028095,0.00024490929363435844,0.00164552164,0.0013396600000000003,0.00025432180000000006,0.00089502264,0.0023874636400000003
2023,19,mattcl,input-mattcl,rust,0.0012391571249999998,0.0001590833605927635,0.00125607264,0.0010447876000000001,0.00021404720000000005,0.00054924564,0.00171588864
2023,19,mattcl-py,input-mattcl,python,0.017052096572203395,0.004331638481922753,0.01647457264,0.013573183502824864,0.0029407204519774017,0.015425500640000001,0.059463269640000004
