year,day,participant,input,language,mean,stddev,median,user,system,min,max
2023,19,lanjian,input-lanjian,rust,0.00165906639,0.00024355182274414435,0.0017314033200000003,0.0013219124000000005,0.0003423966,0.0008856573200000001,0.00231861832
2023,19,mattcl,input-lanjian,rust,0.0012377490599999998,0.00019612543145512698,0.0012799793200000001,0.0010557073999999994,0.00020920019999999998,0.0005361123200000002,0.0018634663200000003
2023,19,mattcl-py,input-lanjian,python,0.01680031743363636,0.0006736122826220425,0.016674977820000002,0.013512826818181804,0.0031819579545454544,0.015728446320000002,0.020411999320000002
2023,19,lanjian,input-mattcl,rust,0.0015429038550000005,0.00023482485469074926,0.0015920133200000002,0.0012612224000000003,0.0003065762,0.0008282293200000001,0.0023627403200000003
2023,19,mattcl,input-mattcl,rust,0.0012441136449999998,0.00013235942118292436,0.0012738888200000001,0.0010725324,0.00021247020000000002,0.0007007013200000001,0.0017314193200000001
2023,19,mattcl-py,input-mattcl,python,0.016511188114285705,0.0005426974713021734,0.016432103320000002,0.013530234285714291,0.0028834518857142853,0.015747081320000002,0.01965538332
