year,day,participant,input,language,mean,stddev,median,user,system,min,max
2023,19,mattcl,input-mattcl,rust,0.0011900093749999997,0.00017594708336092664,0.00124306744,0.000990055,0.00021544090000000005,0.00035276244000000004,0.00166249244
2023,19,mattcl-py,input-mattcl,python,0.016520072040000004,0.0006797626857080436,0.016402590940000003,0.013347144444444443,0.003050052888888888,0.015178811440000002,0.01995175944
