year,day,participant,input,language,mean,stddev,median,user,system,min,max
2023,19,lanjian,input-kcen,rust,0.001830722919999999,0.00014864030532096576,0.00185779378,0.0014328100000000003,0.0003465188,0.00097454128,0.00237229728
2023,19,mattcl,input-kcen,rust,0.0012830267299999997,0.00015170202664804158,0.0012683662800000001,0.001086479999999999,0.0002114350000000001,0.0008985692800000001,0.00211593728
2023,19,mattcl-py,input-kcen,python,0.01691608486045977,0.0007002858950088192,0.01676802528,0.013838852643678156,0.0029589613793103444,0.01557930128,0.01984990228
2023,19,lanjian,input-lanjian,rust,0.0017859470399999996,0.00019082711164882614,0.00183056328,0.0014012750000000002,0.0003410392,0.00112300928,0.0022806252800000003
2023,19,mattcl,input-lanjian,rust,0.00125280807,0.00014724510983532866,0.00125021228,0.0010759968,0.00020261119999999996,0.00039272227999999994,0.00172673828
2023,19,mattcl-py,input-lanjian,python,0.01710369999929825,0.0031666937191265044,0.01668912728,0.013640487953216372,0.0031150411695906434,0.01572235828,0.05712786828000001
2023,19,lanjian,input-mattcl,rust,0.0016646336099999997,0.00024258938125913419,0.00175081928,0.0013203199999999996,0.00031203759999999997,0.0007831532799999999,0.00228749828
2023,19,mattcl,input-mattcl,rust,0.0012854696750000004,0.00012816558309687424,0.00129281678,0.0010927850000000002,0.00022107499999999994,0.0009403062800000001,0.0017541102799999999
2023,19,mattcl-py,input-mattcl,python,0.016652405448539312,0.000670799441005207,0.01648405778,0.013602190561797756,0.0029362253932584286,0.015416165280000001,0.01983937228
