year,day,participant,input,language,mean,stddev,median,user,system,min,max
2023,19,lanjian,input-kcen,rust,0.0017841288650000003,0.0002221510409162732,0.0018376027800000002,0.0013725,0.00036169450000000014,0.00078744328,0.0022261452800000003
2023,19,mattcl,input-kcen,rust,0.0012246075499999993,0.00015576059897294035,0.0012132747800000002,0.0010320776999999998,0.00022516660000000005,0.00052852928,0.00146212628
2023,19,mattcl-py,input-kcen,python,0.01703139695428573,0.0007274059100262348,0.016844916280000004,0.013949500000000009,0.0029515100571428574,0.01549400928,0.020402162280000004
2023,19,lanjian,input-lanjian,rust,0.0017239023399999995,0.0002622349051432012,0.0017831817800000001,0.0012979449999999996,0.00037015610000000005,0.0008747872800000001,0.00249809328
2023,19,mattcl,input-lanjian,rust,0.0012236183899999996,0.0001495208306072613,0.00122678028,0.001054,0.00020105329999999994,0.00042825128,0.00170309628
2023,19,mattcl-py,input-lanjian,python,0.016881709319548032,0.0007240287856909386,0.01672866828,0.013615435819209045,0.00313725966101695,0.015663835280000003,0.02018849128
2023,19,lanjian,input-mattcl,rust,0.0015507796800000007,0.00026926619365900365,0.0015915732800000002,0.0013186999999999993,0.0002389435,0.0006981462799999999,0.00234403628
2023,19,mattcl,input-mattcl,rust,0.001200748255,0.00016220813340925587,0.0012210602800000001,0.00102234,0.00020960660000000008,0.00039062128000000003,0.00169450028
2023,19,mattcl-py,input-mattcl,python,0.01657075522886363,0.0006293751664495124,0.01641403978,0.013312087045454541,0.0031284449999999992,0.015321166280000001,0.019506776280000002
