year,day,participant,input,language,mean,stddev,median,user,system,min,max
2023,19,lanjian,input-kcen,rust,0.001679608114999999,0.0002560888339683128,0.00176578458,0.0013536350000000002,0.00028991900000000003,0.00100076408,0.00237987308
2023,19,mattcl,input-kcen,rust,0.0012053310900000003,0.00019949049837833402,0.0012463580800000003,0.0010618255000000008,0.00017569199999999997,0.00035415408,0.0017050820799999998
2023,19,mattcl-py,input-kcen,python,0.01659120545790698,0.0007000507238571801,0.01639003308,0.013257080232558142,0.0032240424418604648,0.015544502080000001,0.019554994080000002
2023,19,lanjian,input-lanjian,rust,0.0015767546100000005,0.0002351800875947077,0.00166751658,0.00134213,0.00024173150000000006,0.0008532380800000001,0.00204213208
2023,19,mattcl,input-lanjian,rust,0.00118495377,0.00016214645094929207,0.00122948658,0.0010364550000000004,0.00018809700000000003,0.00063267408,0.0017363800800000002
2023,19,mattcl-py,input-lanjian,python,0.016470026899209046,0.0005895529782101096,0.01634286608,0.013405973446327678,0.002967617514124293,0.015381938080000001,0.01955874108
2023,19,lanjian,input-mattcl,rust,0.00144552126,0.00021526003505506342,0.00150612408,0.00125359,0.000227859,0.0008229510799999999,0.00198058608
2023,19,mattcl,input-mattcl,rust,0.0011896927900000003,0.00015167175485590996,0.0012352065800000003,0.0010136054999999994,0.00021532899999999997,0.0006207530799999999,0.0016812860799999998
2023,19,mattcl-py,input-mattcl,python,0.016377983018547485,0.0006767813926027907,0.016230084080000002,0.013071453072625696,0.003186068156424581,0.015469601080000003,0.01964261808
