year,day,participant,input,language,mean,stddev,median,user,system,min,max
2023,19,lanjian,input-kcen,rust,0.001673903775,0.00023256879707855388,0.00179024394,0.00141279,0.0002608056,0.00091306644,0.00204982444
2023,19,mattcl,input-kcen,rust,0.001298183295,0.00018075313098260304,0.0013049204400000002,0.0011034030000000006,0.00018103679999999998,0.00045875644000000003,0.00181028644
2023,19,mattcl-py,input-kcen,python,0.016664248978011692,0.0006193615851178417,0.01647779844,0.013685647953216369,0.0028726432748538006,0.01591067744,0.01956516744
2023,19,lanjian,input-lanjian,rust,0.001719263865000001,0.00021635317023962943,0.0018030884400000002,0.0014048519999999998,0.00028505999999999996,0.0009525114400000002,0.00220467444
2023,19,mattcl,input-lanjian,rust,0.0012768182700000005,0.00017739035833458215,0.00131708844,0.0010517299999999999,0.00023710459999999999,0.00038651144000000006,0.0018800874399999999
2023,19,mattcl-py,input-lanjian,python,0.016625721157514126,0.0007886054378580262,0.01637530644,0.013514636158192095,0.0029980375141242946,0.01594337844,0.01962645244
2023,19,lanjian,input-mattcl,rust,0.0015695811199999993,0.0002406962105834108,0.0016175249399999999,0.0012685799999999994,0.00028151399999999996,0.00086883444,0.00218111044
2023,19,mattcl,input-mattcl,rust,0.0012256851700000006,0.0001881516463863566,0.00128384544,0.0010293659999999997,0.00021196979999999998,0.00036859844,0.0017570674400000002
2023,19,mattcl-py,input-mattcl,python,0.016490117194098357,0.00070031496802194,0.01627729344,0.01354616612021858,0.002810368961748634,0.01530069544,0.01970235444
