year,day,participant,input,language,mean,stddev,median,user,system,min,max
2023,19,lanjian,input-kcen,rust,0.0018468943999999995,0.00023273961519735192,0.0018936675400000001,0.0014226100000000004,0.0003538417999999999,0.00100927754,0.0023472805399999998
2023,19,mattcl,input-kcen,rust,0.00131553275,0.00018415214755659092,0.00133015304,0.0011244675999999999,0.00020507289999999997,0.00057720954,0.0018038745400000002
2023,19,mattcl-py,input-kcen,python,0.016761884780000007,0.0005735138753906259,0.01658373454,0.013824628571428573,0.002822880914285714,0.01608826654,0.01977413254
2023,19,lanjian,input-lanjian,rust,0.0017082353450000001,0.00023920913276076605,0.00180707554,0.0013984999999999998,0.00030264339999999993,0.00093613154,0.00236444354
2023,19,mattcl,input-lanjian,rust,0.0012702458700000006,0.00019179504221924115,0.00133032354,0.00109839,0.0001892808,0.00038739453999999995,0.00179098954
2023,19,mattcl-py,input-lanjian,python,0.016641397104971735,0.0005000523697196369,0.01649820454,0.013441592994350281,0.0030804992090395474,0.01594243454,0.01887623254
2023,19,lanjian,input-mattcl,rust,0.001588185695,0.0002046674389060772,0.00165511654,0.0012957100000000005,0.0003040991999999999,0.00103467554,0.00220949354
2023,19,mattcl,input-mattcl,rust,0.00127593386,0.00016715753806348314,0.00133567404,0.0010715926000000003,0.00022039339999999996,0.0006018465400000001,0.00177058254
2023,19,mattcl-py,input-mattcl,python,0.016411127389162006,0.0004952267682539509,0.01633612154,0.013339865474860333,0.002960819106145252,0.01538028254,0.01867754154
