year,day,participant,input,language,mean,stddev,median,user,system,min,max
2023,19,lanjian,input-kcen,rust,0.0018683862000000006,0.0002250602486848685,0.0018898000400000006,0.0015599850000000007,0.00023924919999999999,0.0010672455400000003,0.0024412475400000006
2023,19,mattcl,input-kcen,rust,0.001289498080000001,0.00016721095214411975,0.0013032230400000003,0.0011229550000000001,0.00019971220000000004,0.0006645115400000002,0.0017155685400000002
2023,19,mattcl-py,input-kcen,python,0.016954570970232553,0.0005603930481394137,0.016849244540000002,0.013669830000000001,0.003169657906976744,0.01615278554,0.01999904354
2023,19,lanjian,input-lanjian,rust,0.0018154521650000006,0.00020900788043159263,0.0018860430400000005,0.0014971100000000007,0.0002978578,0.0009960435400000003,0.0023454185400000006
2023,19,mattcl,input-lanjian,rust,0.0013032828100000007,0.00017101684943698933,0.0013165375400000002,0.0011238571,0.00020852499999999988,0.0007117905400000003,0.0018083025400000004
2023,19,mattcl-py,input-lanjian,python,0.016745994856666675,0.0005673810453333539,0.01662293054,0.013430335555555555,0.0032012242222222227,0.015582307540000001,0.02004475854
2023,19,lanjian,input-mattcl,rust,0.0016894469650000018,0.0002277800434339193,0.0017793780400000004,0.00136404,0.0003158304,0.0010700415400000003,0.0022782625400000005
2023,19,mattcl,input-mattcl,rust,0.0012970689200000008,0.00021143911467642724,0.0013314855400000003,0.001116324999999999,0.00018996980000000007,0.00041585754000000023,0.0019159635400000006
2023,19,mattcl-py,input-mattcl,python,0.016660881195367235,0.000682064616956579,0.01644369054,0.013386918983050836,0.0031435633898305062,0.01556884254,0.02007715954
