year,day,participant,input,language,mean,stddev,median,user,system,min,max
2023,19,lanjian,input-kcen,rust,0.00175565173,0.00019133794740266346,0.0018155291,0.001406975,0.00032519699999999994,0.0011600716000000001,0.0021910526000000004
2023,19,mattcl,input-kcen,rust,0.001224032685,0.00017705776217474746,0.0012233546,0.00104674,0.0002094172,0.0004050576000000001,0.0017210616
2023,19,mattcl-py,input-kcen,python,0.01693653110867053,0.0005511037930674203,0.016790709600000002,0.014144613872832373,0.0026783747976878614,0.015802359600000003,0.0194016296
2023,19,lanjian,input-lanjian,rust,0.0017288348599999992,0.00021525718737899074,0.0017915841,0.00140101,0.0003012764,0.0009069376,0.0022726456
2023,19,mattcl,input-lanjian,rust,0.0012286810050000005,0.00020830861075214443,0.0012430471000000002,0.0010516380000000004,0.00019792720000000005,0.0003843186,0.0017430026000000002
2023,19,mattcl-py,input-lanjian,python,0.016869515675144504,0.0006594550160939096,0.016725287600000003,0.013657371098265893,0.0030827743352601147,0.015668368600000003,0.0200973116
2023,19,lanjian,input-mattcl,rust,0.0015730364700000002,0.0002315658377531642,0.0016173676000000002,0.0012768849999999997,0.000300952,0.0008068796000000001,0.0022645596000000004
2023,19,mattcl,input-mattcl,rust,0.0012504137749999999,0.00017554868015205936,0.0012877401000000001,0.0010808000000000003,0.00018420300000000005,0.0006840596000000001,0.0017043306000000002
2023,19,mattcl-py,input-mattcl,python,0.016558218685227256,0.0005819487323067446,0.0164253106,0.01312721818181817,0.003326998863636364,0.0155845306,0.019495825600000002
