year,day,participant,input,language,mean,stddev,median,user,system,min,max
2023,19,lanjian,input-kcen,rust,0.0018129990350000018,0.00023051614947603057,0.0018663759600000003,0.0013863221000000004,0.0003565054000000001,0.0009776849600000002,0.00238673996
2023,19,mattcl,input-kcen,rust,0.0012923753650000002,0.00015767318000575313,0.0013016049600000001,0.0011083771000000003,0.00019462059999999996,0.0007676309600000001,0.0017545369600000004
2023,19,mattcl-py,input-kcen,python,0.016928928621016956,0.0005266544347376013,0.01686574596,0.013540190169491532,0.0032428516384180785,0.01562032596,0.02008835396
2023,19,lanjian,input-lanjian,rust,0.0017784951399999985,0.0002500664877412884,0.00182873096,0.0014023850000000008,0.00031608159999999995,0.0009477779600000002,0.00242716496
2023,19,mattcl,input-lanjian,rust,0.0012948220450000006,0.0001590837189730908,0.0013026914600000002,0.0011160499999999997,0.0001843845,0.0007041019600000002,0.0017569819600000002
2023,19,mattcl-py,input-lanjian,python,0.016937227733255813,0.0006532324138895301,0.016779112960000002,0.01407131837209303,0.002741707325581394,0.01598070896,0.019800064960000002
2023,19,lanjian,input-mattcl,rust,0.0015969193650000007,0.0002263557335523248,0.00164120996,0.0013083650000000008,0.0002930871999999999,0.0009467559600000001,0.00239358196
2023,19,mattcl,input-mattcl,rust,0.0012837837049999993,0.00016447005197910665,0.0012866419600000003,0.0010662599999999996,0.00021651889999999994,0.00069027596,0.0017569719600000003
2023,19,mattcl-py,input-mattcl,python,0.016645169272138733,0.0006001360648700562,0.01651784496,0.013505585780346822,0.0030033801156069363,0.01558444896,0.019275542960000003
