year,day,participant,input,language,mean,stddev,median,user,system,min,max
2023,19,lanjian,input-kcen,rust,0.0018089455050000005,0.00018475194509232632,0.0018563646599999999,0.0014112874000000008,0.0003385396000000001,0.0009960856600000003,0.00219695166
2023,19,mattcl,input-kcen,rust,0.0012678954499999995,0.00011749935613195086,0.0012537476600000001,0.0010287474000000001,0.0002574348,0.00089612866,0.00163005166
2023,19,mattcl-py,input-kcen,python,0.017094079921363633,0.000725460068595292,0.01691859416,0.014033356590909091,0.0029499452272727265,0.01590869066,0.02046293866
2023,19,lanjian,input-lanjian,rust,0.0018092189749999994,0.0001755997584530503,0.0018461856600000002,0.0014318662000000015,0.00032811839999999983,0.0009463226600000002,0.0022649286600000002
2023,19,mattcl,input-lanjian,rust,0.0012705383700000003,0.00011529758499754985,0.00126007966,0.0010605311999999994,0.0002236562,0.00072481866,0.00172442866
2023,19,mattcl-py,input-lanjian,python,0.01694064546813954,0.0006830233074909405,0.01678499916,0.013669626279069765,0.0031390299999999993,0.01574226866,0.02020931466
2023,19,lanjian,input-mattcl,rust,0.0016455465699999994,0.00024319852905724961,0.00172285016,0.0013434149999999995,0.0002761988,0.00087677166,0.00239643566
2023,19,mattcl,input-mattcl,rust,0.0012065004950000003,0.0001931303455832441,0.00125400316,0.0010243000000000001,0.00019177519999999997,0.0005301046600000001,0.00194921866
2023,19,mattcl-py,input-mattcl,python,0.01669228230204546,0.0005546666879947706,0.01658440966,0.013531458863636363,0.003027192727272726,0.01581550566,0.01922161766
