year,day,participant,input,language,mean,stddev,median,user,system,min,max
2023,19,mattcl,input-mattcl,rust,0.0012696296249999997,0.00020296074288594348,0.0012923836200000002,0.0010461285000000003,0.00021184999999999995,0.00033265612000000014,0.0019063041200000003
2023,19,mattcl-py,input-mattcl,python,0.01657270329816092,0.0006589020201970945,0.01638670062,0.013320937931034473,0.003121353793103448,0.01535919212,0.01904118812
