year,day,participant,input,language,mean,stddev,median,user,system,min,max
2023,19,lanjian,input-kcen,rust,0.0017521562899999988,0.0002042358708137342,0.0017843668199999999,0.0013342399999999998,0.00038072579999999995,0.0009302528200000001,0.00226712482
2023,19,mattcl,input-kcen,rust,0.001268768585,0.00019135205202345688,0.00130159282,0.0010580750000000003,0.00021282499999999998,0.00054515182,0.0023205758200000003
2023,19,mattcl-py,input-kcen,python,0.01689416393560693,0.0007594448330449504,0.016683428820000002,0.013569854450867053,0.0032059038150289007,0.015707551820000002,0.02005628482
2023,19,lanjian,input-lanjian,rust,0.0017062835000000004,0.00023050775031323775,0.00174099032,0.0013652932999999993,0.0003003427999999999,0.00102278582,0.00234497182
2023,19,mattcl,input-lanjian,rust,0.0011635477900000005,0.000194807265405691,0.00117162982,0.0010188099999999998,0.0001882998,0.00049165182,0.00177719782
2023,19,mattcl-py,input-lanjian,python,0.016833161518863635,0.0007157346576494912,0.01664868932,0.013810686590909088,0.002907459318181818,0.01593283382,0.01970355382
2023,19,lanjian,input-mattcl,rust,0.0015030244900000004,0.0002312555108515843,0.00156014232,0.0012351533000000007,0.000302849,0.00079767382,0.00202593382
2023,19,mattcl,input-mattcl,rust,0.0011957264249999994,0.0001801896673191945,0.00123464232,0.001031985,0.00019928499999999992,0.0005189828200000001,0.00169355182
2023,19,mattcl-py,input-mattcl,python,0.016531086617752804,0.0007040934555284415,0.01635963282,0.01340768269662921,0.0030326451685393266,0.01565613482,0.019605008820000002
