year,day,participant,input,language,mean,stddev,median,user,system,min,max
2023,19,lanjian,input-lanjian,rust,0.0016272141899999993,0.00023939781968792992,0.0017168943000000002,0.0013502018,0.00026432,0.0007442798000000001,0.0021571628
2023,19,mattcl,input-lanjian,rust,0.0012250382450000004,0.0001526873559999921,0.0012432683000000002,0.0010421949999999999,0.00023937799999999994,0.0006473878000000002,0.0017161278000000003
2023,19,mattcl-py,input-lanjian,python,0.016653907570949724,0.000682096889408557,0.0164994968,0.013595568603351952,0.002954997988826816,0.0155751368,0.0198256988
2023,19,lanjian,input-mattcl,rust,0.0014794634350000007,0.0002444841681585182,0.0015286573000000002,0.0012284449999999992,0.00028654580000000003,0.0007818808,0.0022868758
2023,19,mattcl,input-mattcl,rust,0.0011802341350000002,0.00014679605605895921,0.0012158668000000002,0.0010302400000000004,0.00020467000000000003,0.00038883480000000007,0.0016618868000000003
2023,19,mattcl-py,input-mattcl,python,0.01644264419779006,0.0006361639866704592,0.0162592568,0.013360527182320427,0.0029961078453038656,0.015577250800000001,0.0195331718
