year,day,participant,input,language,mean,stddev,median,user,system,min,max
2023,19,lanjian,input-kcen,rust,0.0018031977300000004,0.0001715147940205657,0.0018525625800000002,0.0014428849999999992,0.00032513299999999997,0.0008901680800000001,0.0020136390800000003
2023,19,mattcl,input-kcen,rust,0.0012528561200000005,0.00018211560020136083,0.0012514235800000003,0.0010524260000000004,0.000209686,0.00038995208000000016,0.0015804180800000002
2023,19,mattcl-py,input-kcen,python,0.01833578888952381,0.002946560921948979,0.01714602858,0.014883067857142858,0.0032948940476190476,0.01610275808,0.027075168080000003
2023,19,lanjian,input-lanjian,rust,0.0017446509200000008,0.0002449762757109767,0.0018394485800000003,0.0013745099999999998,0.00033300599999999995,0.0008327200800000002,0.0022408340800000003
2023,19,mattcl,input-lanjian,rust,0.00120304283,0.00019099459742504576,0.0012205905800000004,0.0010143810000000004,0.000210807,0.00042170208000000015,0.0014774160800000002
2023,19,mattcl-py,input-lanjian,python,0.017473209354853792,0.002823255859977096,0.01707953408,0.01382938479532164,0.0033359497076023386,0.01605445708,0.05310196108
2023,19,lanjian,input-mattcl,rust,0.0010404003700000004,0.001893663493162037,0.0008328205800000001,0.0008336559999999997,0.00011044799999999998,0.0004688600800000001,0.027253921080000004
2023,19,mattcl,input-mattcl,rust,0.001045131835,0.00029496171149649177,0.0011558945800000003,0.0009167499999999999,0.00014893200000000006,0.0003145410800000002,0.00148234508
2023,19,mattcl-py,input-mattcl,python,0.01802513669714285,0.002978360357516621,0.016996498080000002,0.01446730285714285,0.0034266834285714286,0.01567141008,0.02723668908
