year,day,participant,input,language,mean,stddev,median,user,system,min,max
2023,19,lanjian,input-kcen,rust,0.001814032785,0.00020500497535135538,0.0018657691,0.0014322766000000005,0.00033814899999999994,0.0008255930999999999,0.0022194711
2023,19,mattcl,input-kcen,rust,0.0012657152700000002,0.0001636626818678037,0.0012985980999999998,0.0010800265999999998,0.00020889800000000003,0.0007017910999999998,0.0017588300999999999
2023,19,mattcl-py,input-kcen,python,0.016474983173446332,0.0004887009943311456,0.016382422100000002,0.013508482259887006,0.002858892655367232,0.015717568100000003,0.019709477100000004
2023,19,lanjian,input-lanjian,rust,0.0016635479550000008,0.0002582876358188257,0.0017124275999999999,0.0012697515999999993,0.000383262,0.0008525230999999998,0.0023172741
2023,19,mattcl,input-lanjian,rust,0.0012703878850000006,0.00018300239669007167,0.0013132761,0.0010784466000000003,0.00019605499999999994,0.0006704230999999999,0.0018976501
2023,19,mattcl-py,input-lanjian,python,0.016507749452601157,0.0006484100411723381,0.0163689261,0.013577541271676302,0.0028139121387283244,0.0154811541,0.0193222621
2023,19,lanjian,input-mattcl,rust,0.001639837235000001,0.0002913304727062602,0.0016867801,0.00127192,0.0003050849999999999,0.0008596971,0.0023722071
2023,19,mattcl,input-mattcl,rust,0.0012113928099999997,0.00017104877725096767,0.0012893911,0.0010745699999999995,0.00016472799999999994,0.0005873980999999999,0.0015940910999999998
2023,19,mattcl-py,input-mattcl,python,0.016227183476344074,0.00042287236880720225,0.0161876821,0.0132522176344086,0.002871356989247311,0.0152445421,0.0186018341
