year,day,participant,input,language,mean,stddev,median,user,system,min,max
2023,19,lanjian,input-kcen,rust,0.0017173531599999992,0.00024086683650755204,0.00181573296,0.0014138150000000006,0.0002795054999999999,0.0009136279600000001,0.00223953996
2023,19,mattcl,input-kcen,rust,0.0012785663500000002,0.00013847483341159777,0.0012913859600000002,0.0010950450000000004,0.0002016155,0.00038728396000000005,0.00173992496
2023,19,mattcl-py,input-kcen,python,0.016612433572359545,0.0006118743813762482,0.016457923960000002,0.013126340449438206,0.003386817977528091,0.01557422996,0.01968676696
2023,19,lanjian,input-lanjian,rust,0.0016746837000000008,0.0002262949332813184,0.00178403796,0.0013815015000000002,0.0002847468,0.00101969796,0.0020794309600000002
2023,19,mattcl,input-lanjian,rust,0.00124740341,0.0001596324002854747,0.00128006496,0.0010648850000000007,0.00021053269999999992,0.00052380996,0.00178139396
2023,19,mattcl-py,input-lanjian,python,0.016512560442758627,0.0006149408417760991,0.01635442996,0.01363461379310345,0.002777687471264369,0.01566860596,0.01951588796
2023,19,lanjian,input-mattcl,rust,0.001578089879999999,0.0002450085956770738,0.00159748846,0.001261100000000001,0.0003113272,0.0009633109600000002,0.00228538596
2023,19,mattcl,input-mattcl,rust,0.0012474568550000001,0.00019205023534532564,0.0012843424600000003,0.0010573500000000003,0.00018794319999999997,0.0005875289600000001,0.00192122496
2023,19,mattcl-py,input-mattcl,python,0.016361721949071043,0.0005737191056161058,0.01625366096,0.013161230054644797,0.0030811478688524594,0.015372461960000002,0.01945457196
