year,day,participant,input,language,mean,stddev,median,user,system,min,max
2023,19,lanjian,input-lanjian,rust,0.0015606965499999998,0.000278162704637132,0.0016529335200000004,0.0012763,0.00029103,0.0007709090200000003,0.0024957650200000004
2023,19,mattcl,input-lanjian,rust,0.0011797904550000008,0.00019655959302851,0.0012291310200000002,0.0009883289000000002,0.00022374399999999995,0.0005899420200000001,0.0018582320200000002
2023,19,mattcl-py,input-lanjian,python,0.01643699737593221,0.0006405489955531513,0.01625337202,0.013266937514124303,0.0030770802259886994,0.01541082702,0.01947115802
2023,19,lanjian,input-mattcl,rust,0.0014084070099999995,0.0002300208555163035,0.0014850445200000003,0.0012995499999999996,0.00015453399999999998,0.0006758220200000003,0.00216705002
2023,19,mattcl,input-mattcl,rust,0.0011252015800000002,0.00018018028614337906,0.0012015550200000003,0.0009627588999999995,0.00020685299999999998,0.0003063710200000002,0.00170369402
2023,19,mattcl-py,input-mattcl,python,0.01633222012169493,0.0006881243184535152,0.01615560902,0.012992005310734463,0.0032270338983050855,0.01534195902,0.01912696402
