year,day,participant,input,language,mean,stddev,median,user,system,min,max
2023,19,mattcl,input-mattcl,rust,0.0012689001300000002,0.0001676308397328643,0.0012871825800000003,0.0010482797999999995,0.00021554299999999995,0.0005449635800000002,0.00195821858
2023,19,mattcl-py,input-mattcl,python,0.01654636569428572,0.0006728094148752017,0.01641195258,0.013417797142857145,0.0030266662857142863,0.015633676580000002,0.01979300158
