year,day,participant,input,language,mean,stddev,median,user,system,min,max
2023,19,lanjian,input-kcen,rust,0.0017577417500000015,0.0002319856737807736,0.0018059601600000003,0.0013778350000000002,0.0003280030000000001,0.0008852266600000001,0.0023592056600000005
2023,19,mattcl,input-kcen,rust,0.0012357576850000004,0.0001508848315389159,0.00124482966,0.0010588599999999994,0.00020078999999999995,0.00071749266,0.0017244676600000003
2023,19,mattcl-py,input-kcen,python,0.01685216998947977,0.0007051761264411027,0.01670581066,0.013841502890173414,0.002868081387283237,0.01572490466,0.02082668366
2023,19,lanjian,input-lanjian,rust,0.0016746630550000016,0.00023138332512864213,0.0017814491600000003,0.0013669599999999997,0.00029645419999999994,0.00080350366,0.00195499966
2023,19,mattcl,input-lanjian,rust,0.0012273111049999998,0.00016120669482206455,0.00123205666,0.00102426,0.00023271379999999998,0.00062884666,0.0016934606600000003
2023,19,mattcl-py,input-lanjian,python,0.01680651242608187,0.0006699480720548365,0.01664298266,0.013901263157894733,0.0027882559064327478,0.01537961866,0.01978903166
2023,19,lanjian,input-mattcl,rust,0.001612262225,0.00023349417327292742,0.0016933791600000003,0.0012473849999999995,0.00033491680000000005,0.00088868366,0.0022355146600000005
2023,19,mattcl,input-mattcl,rust,0.001284930915,0.00022569294368915343,0.0012901146600000002,0.0010523450000000003,0.00018454739999999997,0.0005271976600000002,0.0019871696600000004
2023,19,mattcl-py,input-mattcl,python,0.01658214600659091,0.0007590614714878364,0.01640881966,0.013525727272727274,0.0029246790909090905,0.01562887466,0.020064887660000003
