year,day,participant,input,language,mean,stddev,median,user,system,min,max
2023,19,lanjian,input-kcen,rust,0.0018659577049999984,0.00019034650218661267,0.0019181592200000002,0.0014991399999999997,0.00033997740000000007,0.00098138072,0.0023216287200000002
2023,19,mattcl,input-kcen,rust,0.0013589072250000005,0.0002466808313383487,0.00136064622,0.0011837950000000005,0.00016517819999999994,0.00048334772,0.00316652172
2023,19,mattcl-py,input-kcen,python,0.016949738439101122,0.0006589682137891159,0.016752194220000002,0.013705540674157303,0.003125916853932585,0.01579983272,0.019742121720000002
2023,19,lanjian,input-lanjian,rust,0.0017880343749999983,0.0002566273781608943,0.00185802172,0.0014312896,0.00033105159999999995,0.0008756627200000001,0.0024506307200000002
2023,19,mattcl,input-lanjian,rust,0.0013075687849999993,0.00012924560024995296,0.0013070757200000001,0.0011618946000000003,0.00017909880000000004,0.00079556272,0.00178661872
2023,19,mattcl-py,input-lanjian,python,0.016835518507356324,0.000748064369504742,0.01667212522,0.01417721793103448,0.002557137701149425,0.015812274720000002,0.02044828372
2023,19,lanjian,input-mattcl,rust,0.0017238858349999994,0.00025196136024879665,0.00180339022,0.0013825145999999996,0.00030582619999999994,0.0009840557200000001,0.0025025877200000003
2023,19,mattcl,input-mattcl,rust,0.0013085052449999998,0.00015655693077063369,0.00133392072,0.0011531546,0.00019231919999999992,0.00043664072,0.0017990917200000002
2023,19,mattcl-py,input-mattcl,python,0.01662730269687861,0.0007151773780209642,0.016451710720000002,0.013028455722543353,0.0034995868208092485,0.01540923072,0.019770194720000002
