year,day,participant,input,language,mean,stddev,median,user,system,min,max
2023,19,lanjian,input-kcen,rust,0.0016908656550000017,0.00020488345873539588,0.0017485520400000003,0.0013205063,0.00035275900000000007,0.0008907265400000001,0.0021986645400000004
2023,19,mattcl,input-kcen,rust,0.0011520634249999994,0.0001728071507885308,0.0011457940400000002,0.0009651239,0.00023829749999999993,0.0005206745400000001,0.00166818154
2023,19,mattcl-py,input-kcen,python,0.01697207417005782,0.0008150743893304234,0.01672374054,0.01410454924855492,0.0027939080924855486,0.01600508654,0.02029977154
2023,19,lanjian,input-lanjian,rust,0.0016819074250000005,0.0002164216166828997,0.00172134104,0.00133295,0.0003257174999999999,0.0009051845400000001,0.00218561054
2023,19,mattcl,input-lanjian,rust,0.001168263540000001,0.00013580164082367343,0.0011728000400000002,0.0010083613,0.00021294449999999997,0.0006135985400000001,0.0015941935400000003
2023,19,mattcl-py,input-lanjian,python,0.01687391502,0.0006779104613834433,0.01670562654,0.013581294285714276,0.0031947657142857152,0.015813919540000002,0.02043305154
2023,19,lanjian,input-mattcl,rust,0.00152642941,0.00024380097416025755,0.00157321404,0.0012090400000000004,0.0003445945000000001,0.0008585865400000002,0.00232430954
2023,19,mattcl,input-mattcl,rust,0.0011340700500000007,0.00018887752404648245,0.0011612435400000002,0.0009740499999999996,0.00021250449999999998,0.00051637654,0.0016246305400000002
2023,19,mattcl-py,input-mattcl,python,0.016649237795813954,0.0006784739577434602,0.016455388540000004,0.013533443488372092,0.003014686627906977,0.015306518540000001,0.01936277854
