year,day,participant,input,language,mean,stddev,median,user,system,min,max
2023,19,mattcl,input-mattcl,rust,0.0011454378650000005,0.00019879052272950114,0.00119416916,0.0009984573999999994,0.000194301,0.00022157465999999995,0.0016556166600000001
2023,19,mattcl-py,input-mattcl,python,0.016490016827630065,0.0007775079134336614,0.016309007660000003,0.01328710971098266,0.0030688641618497113,0.015448619660000001,0.020026803660000002
