year,day,participant,input,language,mean,stddev,median,user,system,min,max
2023,19,lanjian,input-kcen,rust,0.0015338191850000008,0.00027210688122614396,0.0016369606200000001,0.0012507624000000002,0.00029826700000000017,0.0006995736200000001,0.00224315762
2023,19,mattcl,input-kcen,rust,0.0011408182900000006,0.00016530737148459776,0.00117748412,0.0010048487000000003,0.00018096739999999998,0.00048937962,0.00162725262
2023,19,mattcl-py,input-kcen,python,0.016464633675865918,0.0006354919001050273,0.01629559062,0.013460835418994418,0.0029118844692737427,0.015391695620000001,0.01972862562
2023,19,lanjian,input-lanjian,rust,0.0014681253950000008,0.00026254446811049256,0.0015209131200000002,0.00119102,0.00030946080000000006,0.00057975862,0.00220211962
2023,19,mattcl,input-lanjian,rust,0.0011513333850000002,0.00016144063508915504,0.00118351512,0.001022605,0.00017745679999999996,0.00055360962,0.0016634696200000002
2023,19,mattcl-py,input-lanjian,python,0.016266996603050844,0.0006513143107034396,0.01613211362,0.013210983163841809,0.002966799096045198,0.015301515620000003,0.01908647062
2023,19,lanjian,input-mattcl,rust,0.001254245385,0.0003641152220441782,0.0013420726200000003,0.0010968996,0.00021318360000000002,0.00040589262000000005,0.0020123936200000005
2023,19,mattcl,input-mattcl,rust,0.001102955595,0.00017913527422302731,0.00116342762,0.0009419436999999999,0.0002101676,0.00034530962000000004,0.0016802506200000002
2023,19,mattcl-py,input-mattcl,python,0.016312939266408824,0.0006345099607477034,0.01615854262,0.013095425745856348,0.0031280371270718237,0.014949043620000001,0.01921001262
