year,day,participant,input,language,mean,stddev,median,user,system,min,max
2023,19,lanjian,input-kcen,rust,0.00174958363,0.00020689232865546149,0.0018012629000000002,0.0013506499999999997,0.00036396270000000003,0.0005539874000000001,0.0021251194
2023,19,mattcl,input-kcen,rust,0.0013650202649999998,0.0036266832863807276,0.0011704014000000003,0.0009237248000000004,0.00021002489999999996,0.00033747340000000005,0.05225961440000001
2023,19,mattcl-py,input-kcen,python,0.016825387208383235,0.000477184329132428,0.0167755904,0.013676751017964067,0.003020860239520958,0.015559504400000002,0.0197148414
2023,19,lanjian,input-lanjian,rust,0.0017447053350000002,0.00021542347902264944,0.0017797324000000002,0.0013047599999999994,0.0003902812,0.0009201844,0.0022842064
2023,19,mattcl,input-lanjian,rust,0.0011911680700000006,0.00016484881043056686,0.0012055979000000002,0.0010251461000000003,0.00019447999999999997,0.0005077514,0.0016829014000000002
2023,19,mattcl-py,input-lanjian,python,0.01690877371976744,0.0007213546535774513,0.0167501369,0.013753143720930231,0.0030213855813953482,0.0157481264,0.0202324594
2023,19,lanjian,input-mattcl,rust,0.00164054531,0.0002389611841869344,0.0017018969000000001,0.0013213086999999994,0.00029386139999999994,0.0009730424,0.0023263854000000004
2023,19,mattcl,input-mattcl,rust,0.0011992273350000004,0.00017041036736262298,0.0012283504000000002,0.0010063137,0.00021834159999999995,0.00040269540000000014,0.0016871394
2023,19,mattcl-py,input-mattcl,python,0.016623748422346374,0.0006636112733089784,0.0164525954,0.013527690167597762,0.002966535865921787,0.0157389194,0.0192810094
