year,day,participant,input,language,mean,stddev,median,user,system,min,max
2023,19,lanjian,input-kcen,rust,0.0016853539900000005,0.00020074565645192098,0.0017682651600000002,0.0013629299999999996,0.000327592,0.00086307716,0.0022322481600000003
2023,19,mattcl,input-kcen,rust,0.0011866403750000003,0.00016442889625683187,0.0011989146599999999,0.001042963,0.00018065249999999999,0.0003044311599999999,0.0017032391600000003
2023,19,mattcl-py,input-kcen,python,0.016786110897142856,0.0007459813200357239,0.01661316416,0.01365690285714285,0.0029871902857142862,0.015427356159999999,0.02039268516
2023,19,lanjian,input-lanjian,rust,0.001661183565000001,0.00024059541980577795,0.0017277741600000003,0.0013560440000000005,0.000290979,0.00084193716,0.0022843551600000003
2023,19,mattcl,input-lanjian,rust,0.0012249867900000005,0.00021769931092892263,0.0012634861599999999,0.0010449489999999994,0.00018261349999999996,0.00032155315999999993,0.0019171991600000003
2023,19,mattcl-py,input-lanjian,python,0.016706220404186043,0.0007192152777994086,0.01653010816,0.013682967441860467,0.0028972058139534874,0.01522361416,0.02044738816
2023,19,lanjian,input-mattcl,rust,0.0015642387349999998,0.0002492465618704611,0.00162786716,0.0012075689999999993,0.00032771150000000007,0.0007979541599999999,0.00227741316
2023,19,mattcl,input-mattcl,rust,0.00119601808,0.00022343985712320848,0.0012324531600000001,0.0009760830000000006,0.00020237450000000002,0.0003075871599999999,0.0019111871600000002
2023,19,mattcl-py,input-mattcl,python,0.01658510454636363,0.0007538325454466842,0.01636545466,0.01355317727272727,0.0029286125,0.015190592160000002,0.01966135616
