year,day,participant,input,language,mean,stddev,median,user,system,min,max
2023,19,lanjian,input-kcen,rust,0.0016686362599999992,0.00021600049403715975,0.0017219031400000002,0.0013030038000000006,0.0003526015000000001,0.0008280816400000002,0.00232533164
2023,19,mattcl,input-kcen,rust,0.0011452646250000001,0.00015500821457313329,0.00113059764,0.0010085600000000001,0.00019254090000000006,0.00038569364000000004,0.00166017864
2023,19,mattcl-py,input-kcen,python,0.016869375262093027,0.0005738176398104337,0.016787010140000003,0.013935585116279068,0.002831696162790697,0.015455604640000002,0.01962314064
2023,19,lanjian,input-lanjian,rust,0.0016906882550000002,0.0001949518180468591,0.00173471714,0.0013689937999999994,0.0003008126000000001,0.0008830046400000001,0.0022129716400000003
2023,19,mattcl,input-lanjian,rust,0.0011507186250000008,0.00015595252905412164,0.0011544516400000002,0.0009705769,0.00022661020000000004,0.00047161464000000013,0.0016421746400000002
2023,19,mattcl-py,input-lanjian,python,0.01678453986857143,0.0007014088594111028,0.01659567664,0.013896934285714275,0.0027859711999999996,0.01554074364,0.020068593640000004
2023,19,lanjian,input-mattcl,rust,0.0015717246349999995,0.0002511597997637396,0.0016416581400000001,0.0012946168999999994,0.0002866849999999999,0.0008585576400000002,0.0027193496400000003
2023,19,mattcl,input-mattcl,rust,0.0011406000999999992,0.0001872023583969102,0.00114186364,0.0010103018999999996,0.00018395720000000001,0.0004269506400000001,0.00178970964
2023,19,mattcl-py,input-mattcl,python,0.016550375645714294,0.0007580336263392088,0.016367028640000003,0.013598379999999998,0.0028571612571428565,0.01533256464,0.020047856640000004
