year,day,participant,input,language,mean,stddev,median,user,system,min,max
2023,19,lanjian,input-kcen,rust,0.001718215790000001,0.0020228246248107946,0.00172100456,0.0012914324000000005,0.00027733240000000006,0.00055676456,0.029817089560000003
2023,19,mattcl,input-kcen,rust,0.0008674432050000001,0.00031576460866080693,0.0006928145599999999,0.0007504247999999997,0.00014647040000000003,0.00029275055999999986,0.00185801256
2023,19,mattcl-py,input-kcen,python,0.016949816490232555,0.004126033101825637,0.01645195656,0.013718118837209303,0.0028222308139534886,0.015762495560000003,0.07015107456
2023,19,lanjian,input-lanjian,rust,0.0016289213000000014,0.00023803589098102008,0.00173158456,0.0013233399999999999,0.0002784434999999999,0.0008509455599999999,0.00206949756
2023,19,mattcl,input-lanjian,rust,0.0012229584099999996,0.00019888563148830036,0.00124729806,0.0010028671999999994,0.00022763,0.0005401035599999999,0.00187470356
2023,19,mattcl-py,input-lanjian,python,0.016462112878181816,0.0006406562889219957,0.01630770556,0.013527934772727273,0.0028300178409090926,0.01527422056,0.020098956560000002
2023,19,lanjian,input-mattcl,rust,0.0015550178700000003,0.00025214377677969284,0.00159247956,0.0012263373999999998,0.00028561220000000004,0.00083383356,0.00223361556
2023,19,mattcl,input-mattcl,rust,0.00117151192,0.0001628057166095656,0.0012241545599999998,0.0009845924,0.00022302890000000007,0.0003511095599999999,0.00166987856
2023,19,mattcl-py,input-mattcl,python,0.016422933193333336,0.0007773133163172648,0.01622721556,0.013462297777777774,0.0028528908888888877,0.01503722656,0.01967853956
