year,day,participant,input,language,mean,stddev,median,user,system,min,max
2023,19,mattcl,input-mattcl,rust,0.0012673510400000004,0.00015173379620136838,0.0013235537400000004,0.0011012249999999997,0.00019224959999999996,0.0007465392400000002,0.0018138852400000002
2023,19,mattcl-py,input-mattcl,python,0.01642123597626374,0.0006038646834021167,0.01633909774,0.013100262417582408,0.003184051318681318,0.015038064240000001,0.019067260239999998
