year,day,participant,input,language,mean,stddev,median,user,system,min,max
2023,19,lanjian,input-lanjian,rust,0.0016528983899999994,0.0002608265113727404,0.0017779759,0.0013146999999999992,0.00035263399999999994,0.0005992828999999999,0.0019083299
2023,19,mattcl,input-lanjian,rust,0.001187393584999999,0.00019802075512787254,0.0011828539,0.0010086831999999997,0.0002115827999999999,0.00030059489999999993,0.0014898678999999998
2023,19,mattcl-py,input-lanjian,python,0.016976753882142863,0.0003532654327205527,0.0169642629,0.013907513333333338,0.0029594214285714286,0.0159282269,0.0189227539
2023,19,lanjian,input-mattcl,rust,0.001542386375,0.00024939506212018125,0.0015867134,0.0012684449999999998,0.00029869900000000003,0.0007917019,0.0018689669000000002
2023,19,mattcl,input-mattcl,rust,0.0012205325250000002,0.00013564423668802804,0.0012015583999999998,0.0010197791,0.00022158639999999994,0.0008488789,0.0014545519000000002
2023,19,mattcl-py,input-mattcl,python,0.01751874599302326,0.0029329514990814936,0.0164509184,0.014055790465116286,0.003335831627906977,0.015365504900000002,0.0293418299
