year,day,participant,input,language,mean,stddev,median,user,system,min,max
2023,19,lanjian,input-kcen,rust,0.0016891249150000004,0.0002162405005295896,0.00175698926,0.0013798255999999997,0.000281215,0.00094338276,0.00211356076
2023,19,mattcl,input-kcen,rust,0.0011839650250000005,0.0001688774684252859,0.00121143876,0.0010423249999999998,0.00017188,0.0005444867600000001,0.00164579576
2023,19,mattcl-py,input-kcen,python,0.016543224845714292,0.0006389803690244475,0.01639143276,0.013676408571428583,0.002764854857142856,0.01569153376,0.01954789576
2023,19,lanjian,input-lanjian,rust,0.0015277695750000005,0.0002364394349602715,0.00155155976,0.0012319653000000001,0.0002905330000000001,0.00099293476,0.00212481076
2023,19,mattcl,input-lanjian,rust,0.0011691130549999998,0.00015728096913801413,0.00121083276,0.0009618106000000009,0.00022644600000000002,0.0006473087600000001,0.0017480567600000002
2023,19,mattcl-py,input-lanjian,python,0.01655854632424581,0.0007314151098721675,0.01630707476,0.013170079664804463,0.003278520670391063,0.01534448376,0.01999422076
2023,19,lanjian,input-mattcl,rust,0.0014213262949999998,0.00023714997760876556,0.00149824976,0.001174250599999999,0.00026460000000000003,0.00061008876,0.0022394767600000002
2023,19,mattcl,input-mattcl,rust,0.0011494747399999996,0.00015411025605401732,0.00119857476,0.0009740203,0.00019119600000000003,0.0005358107600000001,0.0016361677600000002
2023,19,mattcl-py,input-mattcl,python,0.016283962124640887,0.0005796987762755563,0.01616162276,0.013097122320441983,0.0030786729281767943,0.01516269576,0.019552373760000002
