year,day,participant,input,language,mean,stddev,median,user,system,min,max
2023,19,lanjian,input-kcen,rust,0.0015664307900000005,0.000398973452280065,0.00165135088,0.0012966639000000005,0.0002304495,0.00058202388,0.00240565688
2023,19,mattcl,input-kcen,rust,0.0007891695200000002,0.0003181237438525838,0.0007780308799999999,0.0006961495999999998,0.000122689,0.0003496988799999999,0.00150713588
2023,19,mattcl-py,input-kcen,python,0.017291852540714286,0.0016946298961928795,0.017055583880000003,0.01391120809523809,0.003151173214285715,0.016031326880000002,0.03736499188
2023,19,lanjian,input-lanjian,rust,0.0018273794049999995,0.00024278513548705316,0.0018404443799999999,0.0013782289,0.00034882599999999994,0.0008887988800000001,0.0024927308800000002
2023,19,mattcl,input-lanjian,rust,0.0012831981849999994,0.000173279140265143,0.00128306138,0.0010922777999999996,0.0002008528,0.00039410187999999995,0.00175399788
2023,19,mattcl-py,input-lanjian,python,0.01746164356604651,0.004819825228025766,0.01679306238,0.013983859534883708,0.002859099418604652,0.015772031880000002,0.062214397879999994
2023,19,lanjian,input-mattcl,rust,0.0016162930499999998,0.0002204455317402061,0.00166155938,0.0012410749999999995,0.0003667610000000001,0.00087061488,0.00211394088
2023,19,mattcl,input-mattcl,rust,0.0012550050549999998,0.00019039048895498156,0.00127909888,0.0010595455999999994,0.00020877779999999994,0.00038145887999999995,0.00177125988
2023,19,mattcl-py,input-mattcl,python,0.016697590862954546,0.0006796528275301272,0.01650506838,0.013346657500000005,0.0032172447727272734,0.015638020880000002,0.01986694488
