year,day,participant,input,language,mean,stddev,median,user,system,min,max
2023,19,lanjian,input-kcen,rust,0.001878061909999999,0.0002739178582733964,0.0020078564399999997,0.001624860000000001,0.00022360740000000004,0.0008090344399999999,0.00225451744
2023,19,mattcl,input-kcen,rust,0.0014145200699999996,0.00020948676338386718,0.00145637994,0.00124637,0.0001801266,0.00058134844,0.00195072944
2023,19,mattcl-py,input-kcen,python,0.01717922943404762,0.003232554677819819,0.016708053440000002,0.01371191357142857,0.0030032283333333337,0.01600192344,0.047231287440000005
2023,19,lanjian,input-lanjian,rust,0.0018376402299999997,0.00023364053884408135,0.00194352594,0.0015441799999999998,0.0002807258,0.00113728844,0.00241044944
2023,19,mattcl,input-lanjian,rust,0.0014649608699999997,0.00014855982958365536,0.0015068289400000001,0.0012738600000000004,0.0001999708,0.0008930524399999998,0.00193650244
2023,19,mattcl-py,input-lanjian,python,0.01673001094000001,0.0005832614413042087,0.016584316940000003,0.013748354318181806,0.002856582159090909,0.01570320444,0.01949369344
2023,19,lanjian,input-mattcl,rust,0.0017562586400000008,0.0002327962648874715,0.00181428394,0.001507710000000001,0.0002364795,0.0010056524399999999,0.00227684944
2023,19,mattcl,input-mattcl,rust,0.0014283270399999997,0.0001814192790797856,0.00147841144,0.0012151599999999994,0.00021640340000000002,0.0009060264399999999,0.00200711544
2023,19,mattcl-py,input-mattcl,python,0.016669257195555558,0.000707336861996288,0.016495465940000002,0.01322002111111111,0.003323642000000001,0.01541909444,0.01974557444
