year,day,participant,input,language,mean,stddev,median,user,system,min,max
2023,19,lanjian,input-kcen,rust,0.0017999530949999998,0.00023143652044226265,0.0018375273599999997,0.0015070200000000004,0.00024202579999999994,0.0009244188599999999,0.0023876568599999998
2023,19,mattcl,input-kcen,rust,0.0012855539600000001,0.0001647449681638457,0.00128855036,0.0011027300000000001,0.00020784500000000004,0.0006358188599999999,0.0020160418599999997
2023,19,mattcl-py,input-kcen,python,0.01682869143627118,0.0005867459146013464,0.016707893860000003,0.013747219661016946,0.0029563676836158203,0.015993877860000002,0.019334348860000003
2023,19,lanjian,input-lanjian,rust,0.0016857591349999995,0.0002754959007207714,0.0017671008599999998,0.0014304477999999992,0.0002573458,0.00092813586,0.0024401148599999998
2023,19,mattcl,input-lanjian,rust,0.0012240180649999999,0.00020710059793127214,0.0012561193599999998,0.0010787727999999996,0.00018122660000000003,0.0003881858599999999,0.00174999386
2023,19,mattcl-py,input-lanjian,python,0.016794114496363633,0.0006144625566191958,0.016673354360000003,0.013325212727272728,0.0033518427272727293,0.01586125986,0.01947652386
2023,19,lanjian,input-mattcl,rust,0.0016102269300000006,0.0002495747846898601,0.0016444913599999997,0.0012742699999999997,0.00032338899999999983,0.00082300886,0.00239900886
2023,19,mattcl,input-mattcl,rust,0.0012330070150000007,0.00018754213039101105,0.00128545936,0.0010789955999999997,0.00018554579999999993,0.0004104268599999999,0.0017861008599999997
2023,19,mattcl-py,input-mattcl,python,0.01660800087123595,0.0007605922666987655,0.01643333986,0.013762878202247187,0.002718152359550562,0.015415815860000001,0.019961801860000003
