year,day,participant,input,language,mean,stddev,median,user,system,min,max
2023,19,lanjian,input-kcen,rust,0.001773653849999999,0.00023253162067202667,0.0018087709,0.00140199,0.00029609840000000004,0.0007562019000000001,0.0022791809000000003
2023,19,mattcl,input-kcen,rust,0.0012511148150000006,0.000150952188103698,0.0012707948999999999,0.0010247383,0.00024804899999999997,0.0007121189,0.0017579568999999998
2023,19,mattcl-py,input-kcen,python,0.016849150734285726,0.0006695508991073073,0.016757173900000002,0.013592882857142859,0.003124554971428572,0.0158089689,0.020559956900000002
2023,19,lanjian,input-lanjian,rust,0.0016987648549999998,0.000270600189303627,0.0017572644,0.001390033299999999,0.0002710518000000001,0.0007416148999999999,0.0022993579
2023,19,mattcl,input-lanjian,rust,0.0012294896750000006,0.00019807125358795477,0.0012307199,0.0010426683,0.00019386320000000002,0.0004538259,0.0020138749000000004
2023,19,mattcl-py,input-lanjian,python,0.016743640017977523,0.0005504816032880167,0.0166257574,0.014059946741573032,0.00256577393258427,0.0157861579,0.0192356389
2023,19,lanjian,input-mattcl,rust,0.0016280710300000006,0.0002295370289093806,0.0016858554000000001,0.0013338299999999992,0.0002631888,0.0008687128999999999,0.0023514859000000003
2023,19,mattcl,input-mattcl,rust,0.0012441173300000003,0.00015086341887181784,0.0012567683999999998,0.0010656966000000003,0.0002063322,0.0006609738999999999,0.0017489689000000001
2023,19,mattcl-py,input-mattcl,python,0.016438973307821226,0.0005925406056061827,0.0163130129,0.013385474078212287,0.002952719106145252,0.015135089900000002,0.019834178900000003
