year,day,participant,input,language,mean,stddev,median,user,system,min,max
2023,19,lanjian,input-kcen,rust,0.001729588065,0.00021859050798931802,0.00176866052,0.0014178900000000006,0.0002921425,0.00087615802,0.00234009102
2023,19,mattcl,input-kcen,rust,0.001179870615,0.00017211944673684013,0.00119508552,0.0010792305999999998,0.000153305,0.0004857170199999999,0.00168356002
2023,19,mattcl-py,input-kcen,python,0.01692913845352602,0.0007593486713091479,0.01673959402,0.013667105433526009,0.0031542514450867034,0.01592600002,0.01984987002
2023,19,lanjian,input-lanjian,rust,0.0017442139599999989,0.00018733936841802023,0.00178079302,0.0013909550000000001,0.00032694749999999997,0.00090610502,0.00225265602
2023,19,mattcl,input-lanjian,rust,0.0012023685250000008,0.00016802974045994107,0.00120649702,0.0010884300000000005,0.00016236250000000005,0.00038088101999999993,0.00169790802
2023,19,mattcl-py,input-lanjian,python,0.016743561922298845,0.000659248973338704,0.01658108602,0.013690138620689655,0.002953413793103448,0.01565468102,0.01992328702
2023,19,lanjian,input-mattcl,rust,0.0016205487550000003,0.00024677536633082594,0.00167587102,0.0012928449999999997,0.00030352750000000006,0.00081803002,0.00219102102
2023,19,mattcl,input-mattcl,rust,0.0011824365399999994,0.0001808407918733395,0.00121863952,0.0010466274000000004,0.00018816499999999993,0.00032762102,0.00166862302
2023,19,mattcl-py,input-mattcl,python,0.016592293951428572,0.0007148407711913737,0.01638651202,0.013482548571428577,0.0029925828571428573,0.01531592602,0.01969804502
