year,day,participant,input,language,mean,stddev,median,user,system,min,max
2023,19,mattcl,input-mattcl,rust,0.0012188886700000001,0.00012980456205747377,0.0012449300600000002,0.0010514050000000005,0.00020774500000000004,0.0006338465600000001,0.00178283656
2023,19,mattcl-py,input-mattcl,python,0.016516742531751418,0.000626178095413997,0.016399208560000003,0.013590291751412424,0.002796298644067796,0.015586288560000001,0.019655442560000003
