year,day,participant,input,language,mean,stddev,median,user,system,min,max
2023,19,lanjian,input-kcen,rust,0.0016556057100000014,0.00028521258071998205,0.0017189188600000003,0.00135299,0.00027384979999999995,0.00084566936,0.00234800136
2023,19,mattcl,input-kcen,rust,0.0011872325900000001,0.0001708708589995477,0.00122381236,0.0010146835,0.00021297009999999997,0.00035962935999999995,0.00170798336
2023,19,mattcl-py,input-kcen,python,0.01656119734324022,0.0006342638903539406,0.01637781936,0.013152635195530723,0.0032981537430167586,0.01539165436,0.01970789236
2023,19,lanjian,input-lanjian,rust,0.0016004748150000006,0.00026311475633984677,0.00170313436,0.0012558934999999999,0.00032469949999999997,0.00075248536,0.00218500636
2023,19,mattcl,input-lanjian,rust,0.0011899499299999996,0.0001620547025408491,0.00122185836,0.00104635,0.0001854003,0.0002897693599999999,0.0018398193600000002
2023,19,mattcl-py,input-lanjian,python,0.01644600837123595,0.0006780620589240458,0.01630059536,0.013279547191011232,0.0030653861797752804,0.01519706036,0.01973455236
2023,19,lanjian,input-mattcl,rust,0.0014460733950000003,0.00021779361001376499,0.0015058348600000002,0.0011916185000000001,0.0002875152,0.00083928636,0.00203120736
2023,19,mattcl,input-mattcl,rust,0.0011389196650000003,0.00020600017185705858,0.0011884358599999999,0.0009702034999999995,0.000202135,0.00030617935999999993,0.00169312536
2023,19,mattcl-py,input-mattcl,python,0.016300334992768353,0.0006744420006947794,0.01616984136,0.013211034463276839,0.0029769534463276828,0.01520054636,0.01962124036
