year,day,participant,input,language,mean,stddev,median,user,system,min,max
2023,19,mattcl,input-mattcl,rust,0.0013882139749999995,0.0026432804739428286,0.00126467602,0.0010157822000000003,0.00018267,0.00039190401999999997,0.03838421802
2023,19,mattcl-py,input-mattcl,python,0.01662801764643679,0.0006019784757755993,0.01647358302,0.01338803287356322,0.003126497701149426,0.015538309020000002,0.01960297302
