year,day,participant,input,language,mean,stddev,median,user,system,min,max
2023,19,lanjian,input-kcen,rust,0.0017472215849999994,0.00020205900063889195,0.00176877372,0.0013376899999999999,0.00034649899999999995,0.0008771442199999999,0.00230014922
2023,19,mattcl,input-kcen,rust,0.0011900339549999995,0.0001508544269210325,0.0011982407199999999,0.0010097494999999998,0.00021057109999999998,0.00043138021999999997,0.00167476822
2023,19,mattcl-py,input-kcen,python,0.016919896746315787,0.0006752092445693042,0.01679263022,0.014122228654970764,0.0026824709941520464,0.015486575220000002,0.01984917422
2023,19,lanjian,input-lanjian,rust,0.0016760622700000005,0.00023182998015854,0.00173877272,0.0013336344999999993,0.0003103639999999999,0.0007415302199999999,0.00221344622
2023,19,mattcl,input-lanjian,rust,0.0011600730600000004,0.00016243739831346918,0.00117723622,0.0009643089999999996,0.00022587169999999993,0.0004737992199999999,0.0016620142199999998
2023,19,mattcl-py,input-lanjian,python,0.01749710965274854,0.004951615714369471,0.01675885722,0.014029474269005839,0.0027483035087719292,0.01566944722,0.059239252220000004
2023,19,lanjian,input-mattcl,rust,0.0015340629400000005,0.0002558670187242699,0.0015811777199999997,0.001288164999999999,0.0002403910999999999,0.0008131142199999999,0.00230023922
2023,19,mattcl,input-mattcl,rust,0.001168017105,0.00016776313627464557,0.00119761922,0.0010237940000000002,0.00017701770000000007,0.00046155622,0.0016466752199999998
2023,19,mattcl-py,input-mattcl,python,0.016527079717206704,0.0006489587508418527,0.01641772822,0.013311602793296089,0.0031224471508379897,0.01516419022,0.01976756122
