year,day,participant,input,language,mean,stddev,median,user,system,min,max
2023,19,lanjian,input-mattcl,rust,0.0015989725500000001,0.00020796623261947503,0.0016527031600000002,0.0013416750000000007,0.0002674421,0.0009544616600000002,0.0019156506600000003
2023,19,mattcl,input-mattcl,rust,0.0013086222949999999,0.0001938390480068005,0.00135060366,0.0010628065999999997,0.00022789950000000003,0.00060772466,0.00203052566
2023,19,mattcl-py,input-mattcl,python,0.016784831827597768,0.002819854585359362,0.01648152366,0.013276920223463693,0.0031815843575418988,0.015439103660000002,0.05361483266
