year,day,participant,input,language,mean,stddev,median,user,system,min,max
2023,19,lanjian,input-kcen,rust,0.0018126226550000003,0.0002459334107759342,0.0018550201600000002,0.001494105,0.00025379269999999994,0.0009211366600000003,0.0023731046600000004
2023,19,mattcl,input-kcen,rust,0.0012785745499999993,0.00017343012276223682,0.0013127101600000001,0.0010743093000000002,0.00023005919999999995,0.0006077206600000001,0.0017726906600000003
2023,19,mattcl-py,input-kcen,python,0.016665130157175145,0.0006341386733589016,0.01651621466,0.013742247344632776,0.0028152394350282484,0.015709174660000002,0.02049942066
2023,19,lanjian,input-lanjian,rust,0.0016119366849999997,0.00023246336619138407,0.0016528116600000003,0.0013423950000000004,0.00028146540000000003,0.0009179316600000003,0.0021793326600000004
2023,19,mattcl,input-lanjian,rust,0.0012779521000000004,0.00016201041701493506,0.0013086576600000004,0.0011174742999999995,0.00017653890000000002,0.00046995266000000017,0.0017985596600000003
2023,19,mattcl-py,input-lanjian,python,0.01657196637910113,0.0005552283405802948,0.01644380016,0.013818842247191003,0.0026433504494382024,0.015598978660000002,0.018746559660000002
2023,19,lanjian,input-mattcl,rust,0.0015485107699999999,0.0002274164910408314,0.0016014656600000002,0.0011967292999999998,0.0003655176,0.0008860726600000003,0.0022564466600000005
2023,19,mattcl,input-mattcl,rust,0.0012186530150000003,0.0001904000052112162,0.0012990496600000004,0.0010301243,0.00021618960000000003,0.00037061666000000017,0.0017192216600000003
2023,19,mattcl-py,input-mattcl,python,0.016496084386256982,0.0007296929183540756,0.01629638366,0.013171860670391045,0.003192787597765364,0.015459056660000001,0.01999721066
