year,day,participant,input,language,mean,stddev,median,user,system,min,max
2023,19,lanjian,input-kcen,rust,0.0018183884749999996,0.0002223370159475635,0.00184827324,0.0014727399999999984,0.0002854991000000001,0.0009200707399999999,0.00244219974
2023,19,mattcl,input-kcen,rust,0.0012845619449999997,0.0001561625523822394,0.0012669757400000001,0.0011220000000000002,0.00018670859999999994,0.0007282827399999999,0.0017815337400000002
2023,19,mattcl-py,input-kcen,python,0.017034682271428576,0.0006326641451758142,0.01693096274,0.013569817142857139,0.003335310742857143,0.01563430674,0.01997171374
2023,19,lanjian,input-lanjian,rust,0.0017663986999999998,0.00020881968300649504,0.00183277924,0.0014030280000000008,0.0003329359999999999,0.00090239774,0.00229086574
2023,19,mattcl,input-lanjian,rust,0.0013080393049999996,0.00013747832511771317,0.0013179052400000002,0.0011249200000000002,0.00020614770000000008,0.00042780973999999994,0.00202412674
2023,19,mattcl-py,input-lanjian,python,0.01687622774,0.0006146399407520586,0.016753530739999998,0.013846364912280699,0.0029163142690058486,0.015757977739999998,0.019527501739999998
2023,19,lanjian,input-mattcl,rust,0.0016898095950000002,0.0002506719158218426,0.00175448274,0.001353653,0.0002995222999999999,0.0009081187399999999,0.00258013674
2023,19,mattcl,input-mattcl,rust,0.0012495499849999993,0.00020247986361016982,0.0012975127399999999,0.0011179550000000001,0.00015340079999999996,0.00034027673999999984,0.00176422074
2023,19,mattcl-py,input-mattcl,python,0.0166190824583908,0.0006482168148506463,0.01649717624,0.013196526436781606,0.0032920717241379295,0.01579823374,0.01981746474
