year,day,participant,input,language,mean,stddev,median,user,system,min,max
2023,21,lanjian,input-lanjian,rust,0.003281977685,0.00036727866900396157,0.0032593701800000003,0.0026223063,0.0005565313999999998,0.0025159336800000005,0.00558888368
2023,21,mattcl,input-lanjian,rust,0.0014996554149999991,0.0002255663999550202,0.0014589106800000002,0.004277674299999997,0.000810373,0.0011073876800000001,0.00229154368
2023,21,mattcl-py,input-lanjian,python,0.21339204089428573,0.00373746768041584,0.21291665568,0.2000349542857143,0.013257655714285716,0.20794371968,0.22285952068
2023,21,lanjian,input-mattcl,rust,0.0031096385850000003,0.00039700735544695003,0.0030681416800000002,0.0026028000000000006,0.00041708930000000004,0.0022709246800000004,0.00616164468
2023,21,mattcl,input-mattcl,rust,0.0014591603850000008,0.0002223259669915812,0.00141710818,0.004283953000000001,0.0007432571999999998,0.00106028968,0.0022329846800000002
2023,21,mattcl-py,input-mattcl,python,0.21851426768,0.0020936661639235046,0.21847774068,0.20650273999999996,0.011863398461538461,0.21564537168,0.22350503868
