year,day,participant,input,language,mean,stddev,median,user,system,min,max
2023,21,mattcl,input-mattcl,rust,0.013602828754999994,0.0007147621055506213,0.013512572640000001,0.011442244999999986,0.002071098,0.01232504264,0.01719008064
2023,21,mattcl-py,input-mattcl,python,0.24978594136727275,0.0026747913018776034,0.24990783064000002,0.2368187236363636,0.012866127272727273,0.24536062564,0.25484226864000004
