year,day,participant,input,language,mean,stddev,median,user,system,min,max
2023,21,lanjian,input-lanjian,rust,0.0038093558000000007,0.0003504783129417008,0.00382095376,0.0031039990000000005,0.0006468475,0.00306015726,0.0051855912600000005
2023,21,mattcl,input-lanjian,rust,0.0015038416450000006,0.00023780796363420204,0.0014843242599999998,0.004147962599999999,0.0007769910000000003,0.0010684122599999997,0.0024020862599999997
2023,21,mattcl-py,input-lanjian,python,0.21079865011714288,0.007497109802777718,0.20885415026,0.19784928285714282,0.012849628571428571,0.20635259726,0.23629343226000002
2023,21,lanjian,input-mattcl,rust,0.00369711055,0.00044308700070194035,0.00365023476,0.0031108518,0.0005157524999999998,0.00283496526,0.00647114326
2023,21,mattcl,input-mattcl,rust,0.00148528697,0.0002548802171113512,0.00144591326,0.003568394600000002,0.0012282470000000005,0.00106123926,0.00260991426
2023,21,mattcl-py,input-mattcl,python,0.2138887168314286,0.001589375221308033,0.21396706726,0.20336271142857146,0.010423128571428573,0.21133366226,0.21594568726000002
