year,day,participant,input,language,mean,stddev,median,user,system,min,max
2023,21,mattcl,input-mattcl,rust,0.012621206090000002,0.0005244728988512248,0.012522174600000002,0.011234369999999999,0.0012832196000000001,0.0114158746,0.0151848646
2023,21,mattcl-py,input-mattcl,python,0.24777016543333338,0.0033000631400674826,0.24648697910000003,0.2343220433333333,0.013344343333333333,0.24480304460000002,0.2568579236
