year,day,participant,input,language,mean,stddev,median,user,system,min,max
2023,21,mattcl,input-mattcl,rust,0.013769665199999994,0.0006332692976667067,0.013667522520000001,0.011915655000000002,0.0017584318000000002,0.01246263402,0.017168295020000002
2023,21,mattcl-py,input-mattcl,python,0.24224557360333335,0.0028375308652446854,0.24230350252,0.23137011,0.010780778333333333,0.23638147102,0.24571513802
