year,day,participant,input,language,mean,stddev,median,user,system,min,max
2023,21,mattcl,input-mattcl,rust,0.013871164519999993,0.0005656319799308533,0.01378347136,0.011851114999999992,0.0019200162,0.01282605486,0.016739917860000002
2023,21,mattcl-py,input-mattcl,python,0.24299114869333335,0.0036804332262543337,0.24313528436,0.23465988999999998,0.008251983333333332,0.23671474686000002,0.24903309286000003
