year,day,participant,input,language,mean,stddev,median,user,system,min,max
2023,21,mattcl,input-mattcl,rust,0.013814162035000004,0.0005804354166337679,0.013709087900000002,0.011863575000000001,0.0018577629999999993,0.013034470400000001,0.0175676534
2023,21,mattcl-py,input-mattcl,python,0.24333409767272735,0.004052753679239046,0.24390015140000001,0.23288574909090912,0.01031732727272727,0.2351717674,0.24994202740000002
