year,day,participant,input,language,mean,stddev,median,user,system,min,max
2023,21,mattcl,input-mattcl,rust,0.01387432679,0.0005808616202405632,0.013775772800000002,0.011852529999999998,0.0019260199000000003,0.012684824300000001,0.0171189593
2023,21,mattcl-py,input-mattcl,python,0.24523458463333336,0.002486934620121809,0.24562974080000002,0.23385516999999997,0.011264521666666666,0.24072937330000002,0.24906803930000002
