year,day,participant,input,language,mean,stddev,median,user,system,min,max
2023,21,mattcl,input-mattcl,rust,0.013900892720000007,0.0006909591444473637,0.0137546036,0.011799635899999992,0.001991959,0.012647166100000001,0.0170223111
2023,21,mattcl-py,input-mattcl,python,0.24575848068333336,0.0020422764432548634,0.2458916136,0.23553707000000002,0.010104879999999998,0.2426098501,0.24930134710000001
