year,day,participant,input,language,mean,stddev,median,user,system,min,max
2023,21,mattcl,input-mattcl,rust,0.004499751420000002,0.0003340470564227493,0.004437356620000001,0.003708563,0.0007242223000000003,0.0037763391200000005,0.0067651831200000005
2023,21,mattcl-py,input-mattcl,python,0.21606817512000004,0.002788236240285722,0.21521078712000002,0.2041601,0.011776335384615385,0.21178176012000002,0.22168966312000002
