year,day,participant,input,language,mean,stddev,median,user,system,min,max
2023,21,mattcl,input-mattcl,rust,0.004624743704999999,0.00046301940782513977,0.00453074058,0.003787447599999997,0.0007618364999999997,0.0038508785800000006,0.007667297580000001
2023,21,mattcl-py,input-mattcl,python,0.21416103143714288,0.002517292335549507,0.21437713158000002,0.20129295428571428,0.012716602857142854,0.20879624658,0.21803906658000002
