year,day,participant,input,language,mean,stddev,median,user,system,min,max
2023,21,lanjian,input-lanjian,rust,0.003251891810000001,0.00037411103894776867,0.0031590486000000004,0.0028079843000000018,0.00032674720000000013,0.0024343011000000003,0.005514691100000001
2023,21,mattcl,input-lanjian,rust,0.001574000405,0.0002444219447392616,0.0015347766,0.0042388053000000005,0.0008044876,0.0011189171000000001,0.0026726281000000003
2023,21,mattcl-py,input-lanjian,python,0.21089338617142855,0.003984581121540161,0.20943592860000002,0.19794102285714282,0.012841188571428575,0.2071134541,0.22045040310000003
2023,21,lanjian,input-mattcl,rust,0.003217127470000001,0.0003258746449862704,0.0031743276000000004,0.0026054900000000002,0.0005212780000000002,0.0024314261000000005,0.005794765100000001
2023,21,mattcl,input-mattcl,rust,0.0015109063450000008,0.00022677799155844332,0.0014632231,0.0038877259999999998,0.0009698882,0.0011243771000000002,0.0023763421
2023,21,mattcl-py,input-mattcl,python,0.2136541324846154,0.0018381857329949744,0.2134569141,0.1998404569230769,0.013663259999999998,0.2106724271,0.2171300941
