year,day,participant,input,language,mean,stddev,median,user,system,min,max
2023,21,lanjian,input-lanjian,rust,0.003606249285000002,0.0003160842387711417,0.0036154000600000006,0.00312777,0.00043563839999999994,0.0028972280600000006,0.00513097606
2023,21,mattcl,input-lanjian,rust,0.0013983688900000004,0.0002519481526568056,0.0013539600600000002,0.004020801600000001,0.0008774573999999997,0.0009939500600000001,0.0023503420600000007
2023,21,mattcl-py,input-lanjian,python,0.20680769470285715,0.001403715442695212,0.20634941606,0.19673590857142856,0.009979365714285716,0.20409072006,0.20898347606
2023,21,lanjian,input-mattcl,rust,0.0035245807200000017,0.00039526419680191346,0.0034134305600000006,0.002981017599999998,0.0005087709999999999,0.0027118110600000004,0.005124514060000001
2023,21,mattcl,input-mattcl,rust,0.0013855615399999998,0.00025156414752669704,0.0013411605600000005,0.003989361600000003,0.0008723212,0.0009384460600000003,0.0022743510600000006
2023,21,mattcl-py,input-mattcl,python,0.2139907217742857,0.0040560843018503726,0.21330847856000001,0.20103240857142857,0.012718074285714285,0.20867688306,0.22284627606000001
