year,day,participant,input,language,mean,stddev,median,user,system,min,max
2023,21,mattcl,input-mattcl,rust,0.014195416475,0.0006865250493261484,0.014024091000000002,0.012109910000000003,0.0019559962,0.012976345000000002,0.017624335
2023,21,mattcl-py,input-mattcl,python,0.24457205116666667,0.004198135089755843,0.244532938,0.2338831733333333,0.010555005,0.239049975,0.25271777700000003
