year,day,participant,input,language,mean,stddev,median,user,system,min,max
2023,21,mattcl,input-mattcl,rust,0.014065722489999993,0.002480880523079863,0.013795398980000002,0.011624255000000003,0.0021689399999999994,0.01254314198,0.04798764798
2023,21,mattcl-py,input-mattcl,python,0.24296900198000002,0.003081922417280568,0.24244396498000004,0.23320925,0.009627583333333333,0.23930809798000002,0.25123529598
