year,day,participant,input,language,mean,stddev,median,user,system,min,max
2023,21,lanjian,input-mattcl,rust,0.0036225889149999997,0.0004417274953810123,0.00348912324,0.0030609089999999984,0.0004991408,0.00286164974,0.0060246447400000005
2023,21,mattcl,input-mattcl,rust,0.004543626264999997,0.0004691238187693341,0.00438647124,0.0037681459999999987,0.000691167,0.00403398174,0.007751744740000001
2023,21,mattcl-py,input-mattcl,python,0.2138335243553846,0.00263072293634017,0.21386641274,0.20351444615384612,0.010196827692307692,0.21004228074000003,0.22081582874000003
