year,day,participant,input,language,mean,stddev,median,user,system,min,max
2023,21,mattcl,input-mattcl,rust,0.013609782710000008,0.0006026023243563033,0.013527105380000001,0.011395284999999998,0.0020985756000000007,0.01242747188,0.01693839688
2023,21,mattcl-py,input-mattcl,python,0.24082626979666666,0.0029956157208918584,0.24035976288000002,0.22975225666666663,0.01096345,0.23688435188,0.24740638988000002
