year,day,participant,input,language,mean,stddev,median,user,system,min,max
2023,21,lanjian,input-lanjian,rust,0.003109796905000001,0.0003706367462745759,0.0029972163800000002,0.0025608999999999996,0.00048006859999999993,0.0023439853800000005,0.00472442738
2023,21,mattcl,input-lanjian,rust,0.0014141615800000002,0.0002391880844725091,0.0013702738800000001,0.003928329000000001,0.0009947302000000002,0.0009893713800000002,0.0023718163800000003
2023,21,mattcl-py,input-lanjian,python,0.20908908266571433,0.0012093410674323963,0.20940723338,0.19446065714285712,0.01453371714285714,0.20616041038000002,0.21093773638000002
2023,21,lanjian,input-mattcl,rust,0.003011733985000001,0.00031591875666616635,0.0029603223800000007,0.002503211,0.0004654764,0.0022746853800000005,0.005630031380000001
2023,21,mattcl,input-mattcl,rust,0.0013837792900000007,0.0002510593093066648,0.0013444348800000002,0.003950339000000001,0.0009324297999999999,0.0009707053800000001,0.0023125253800000004
2023,21,mattcl-py,input-mattcl,python,0.21518037630307696,0.0019739421360412024,0.21487576238,0.2031854153846154,0.011893898461538462,0.21304182238000002,0.22000881238
