year,day,participant,input,language,mean,stddev,median,user,system,min,max
2023,21,mattcl,input-mattcl,rust,0.013696061730000007,0.0004997331307989983,0.013656945620000001,0.011729835000000001,0.0018992134000000002,0.01224493362,0.01710118062
2023,21,mattcl-py,input-mattcl,python,0.24340350178666667,0.0023428282116063673,0.24267150112000002,0.23655751666666666,0.006747203333333333,0.23979815962,0.24815058762
