year,day,participant,input,language,mean,stddev,median,user,system,min,max
2023,21,lanjian,input-lanjian,rust,0.003236945540000002,0.0005341019037507895,0.0030528564800000003,0.0025880200000000003,0.0005118231000000002,0.00244627148,0.006311082480000001
2023,21,mattcl,input-lanjian,rust,0.0014428950100000002,0.00024828034982793656,0.0014023184799999999,0.0040603670000000005,0.0008868631000000001,0.00102760848,0.0023848174800000003
2023,21,mattcl-py,input-lanjian,python,0.21102811533714289,0.0019981615443641406,0.21163415498000002,0.1998461285714286,0.011089462857142855,0.20643554448,0.21361903348000003
2023,21,lanjian,input-mattcl,rust,0.0031520212599999986,0.0004669870978444345,0.00305375348,0.0024721099999999996,0.0005839471000000001,0.0023006694800000002,0.006473235480000001
2023,21,mattcl,input-mattcl,rust,0.00142448118,0.0002325102484045936,0.00139816648,0.004065961,0.0008621416,0.00101757948,0.0023163784800000003
2023,21,mattcl-py,input-mattcl,python,0.2161350277876923,0.001975867215741544,0.21575678348000002,0.20631819999999998,0.00967319076923077,0.21313502748000002,0.22007734548000002
