year,day,participant,input,language,mean,stddev,median,user,system,min,max
2023,21,mattcl,input-mattcl,rust,0.017772018619653166,0.0030093887793934287,0.017333203400000004,0.014960353294797682,0.0024631218497109825,0.016190353400000003,0.05572418540000001
2023,21,mattcl-py,input-mattcl,python,0.24448415764999998,0.0026033259619311546,0.2448362454,0.2334915233333333,0.010904836666666667,0.24033000740000002,0.24938194740000003
