year,day,participant,input,language,mean,stddev,median,user,system,min,max
2023,21,mattcl,input-mattcl,rust,0.015301601339999997,0.0024918195354078753,0.01433713172,0.013151914999999993,0.0020331345999999996,0.01320143272,0.02332785072
2023,21,mattcl-py,input-mattcl,python,0.2507194206290909,0.003395347820918868,0.25028388872,0.23881788909090906,0.011763745454545454,0.24620192472000002,0.25755070872
