year,day,participant,input,language,mean,stddev,median,user,system,min,max
2023,21,lanjian,input-lanjian,rust,0.0032078741749999983,0.00031399413107898155,0.0031932013,0.002586210499999999,0.0004978573000000001,0.0024315858,0.004623527800000001
2023,21,mattcl,input-lanjian,rust,0.0014911181250000002,0.00024945243107576113,0.0014397193,0.0039867950000000004,0.0010444476,0.0010517138,0.0023366978
2023,21,mattcl-py,input-lanjian,python,0.21175791830000001,0.0025451056827407695,0.2120213743,0.19947061428571428,0.01219299142857143,0.2058768688,0.2149120598
2023,21,lanjian,input-mattcl,rust,0.003178904204999999,0.00044977979684916877,0.0031094538,0.0026053899999999995,0.0004673289,0.0023542797999999998,0.0059717618
2023,21,mattcl,input-mattcl,rust,0.0014644582899999998,0.0002412275964492106,0.0014338382999999999,0.0041423719999999975,0.0008284683999999999,0.0010370357999999998,0.0022005428
2023,21,mattcl-py,input-mattcl,python,0.21633325503076922,0.0014014883263167735,0.2165090968,0.20483305384615386,0.011379233846153847,0.2132155238,0.2179816638
