year,day,participant,input,language,mean,stddev,median,user,system,min,max
2023,21,mattcl,input-mattcl,rust,0.013893156399999997,0.0006076704831050658,0.01379574486,0.011937634999999995,0.0018616480999999999,0.01263447736,0.01690859236
2023,21,mattcl-py,input-mattcl,python,0.24329217727666672,0.002000093258242022,0.24281694386000002,0.23339701999999998,0.009800078333333332,0.24065108236000002,0.24729751636000002
