year,day,participant,input,language,mean,stddev,median,user,system,min,max
2023,21,mattcl,input-mattcl,rust,0.013955136705,0.0004728133864361761,0.01389828374,0.011825304999999998,0.0020210969000000007,0.01284262624,0.016530620240000002
2023,21,mattcl-py,input-mattcl,python,0.2470518993233333,0.0032058832265383108,0.24697842324000002,0.23579334333333332,0.01111084333333333,0.24120954924000002,0.25324042824
