year,day,participant,input,language,mean,stddev,median,user,system,min,max
2023,21,lanjian,input-lanjian,rust,0.003799360435000002,0.00037087670764471205,0.0038167396600000004,0.003357152999999999,0.00036582199999999997,0.00297722866,0.00524151566
2023,21,mattcl,input-lanjian,rust,0.0014920294800000007,0.00026471320572324885,0.0014558961600000002,0.004086149000000001,0.0010266707999999998,0.0010544086600000001,0.00267794766
2023,21,mattcl-py,input-lanjian,python,0.20891122315999996,0.002675488823138531,0.20875434166,0.19904405714285714,0.00976821142857143,0.20360641666,0.21418486566
2023,21,lanjian,input-mattcl,rust,0.0037057979599999986,0.00040154111494375205,0.0037106016600000004,0.003226708000000001,0.0004148884,0.0029653456600000003,0.006632339660000001
2023,21,mattcl,input-mattcl,rust,0.0014620996400000006,0.000248840139686336,0.00143143916,0.003983925000000002,0.0010133356,0.0010350726600000001,0.0022961636600000003
2023,21,mattcl-py,input-mattcl,python,0.2136185394292308,0.0022478051611731953,0.21416061066,0.2028308153846154,0.010683898461538463,0.21004151066,0.21699653966000002
