year,day,participant,input,language,mean,stddev,median,user,system,min,max
2023,21,mattcl,input-mattcl,rust,0.013809180085000008,0.0005865370170613266,0.0137119905,0.011585240000000005,0.0021427785999999995,0.012414478500000001,0.016649450500000003
2023,21,mattcl-py,input-mattcl,python,0.24374714050000001,0.002697320042835616,0.2438976535,0.22967278666666668,0.013936596666666669,0.2387113335,0.2474810125
