year,day,participant,input,language,mean,stddev,median,user,system,min,max
2023,21,lanjian,input-lanjian,rust,0.003328958289999999,0.0003812157998992637,0.0032918546200000004,0.0026374582,0.0005330974999999998,0.00244114762,0.005104900620000001
2023,21,mattcl,input-lanjian,rust,0.001582519975,0.0002546931889714785,0.00152955712,0.0041021029999999984,0.0009865649999999996,0.00110634162,0.00253668662
2023,21,mattcl-py,input-lanjian,python,0.21323414615846156,0.0031320021249395882,0.21366412562,0.19891435999999998,0.014229807692307694,0.20879577762,0.22145568162
2023,21,lanjian,input-mattcl,rust,0.003264623480000002,0.0004231407077974621,0.0031824896200000003,0.0026938895999999986,0.0004179549999999999,0.00234374462,0.005936526620000001
2023,21,mattcl,input-mattcl,rust,0.0015297309650000007,0.00024952489211914575,0.00149968612,0.0038751594000000006,0.0010809049999999998,0.0011391616200000002,0.00277979162
2023,21,mattcl-py,input-mattcl,python,0.2176252184057143,0.0028386467111020776,0.21754517062,0.20506050285714283,0.012465964285714283,0.21164278562000002,0.22116997662000001
