year,day,participant,input,language,mean,stddev,median,user,system,min,max
2023,21,lanjian,input-lanjian,rust,0.0030328859600000013,0.00019099299420494799,0.0030079958,0.002526829999999999,0.00045369629999999995,0.0023626588000000004,0.004711894800000001
2023,21,mattcl,input-lanjian,rust,0.00142470137,0.000249291841505556,0.0013808207999999999,0.003914683399999999,0.0009951819999999998,0.0010186728,0.0025491667999999997
2023,21,mattcl-py,input-lanjian,python,0.20793123230000002,0.0011365410439348063,0.20770238430000001,0.19841070571428568,0.009431187142857142,0.2064695508,0.21024416580000002
2023,21,lanjian,input-mattcl,rust,0.003018951464999999,0.00028597117203975613,0.0029890807999999997,0.0024167200000000015,0.0005448473999999999,0.0022830198,0.0056865598
2023,21,mattcl,input-mattcl,rust,0.0014466398900000001,0.00027051864434584814,0.0013788518,0.003968161799999998,0.0009959083000000003,0.0009863718,0.0024723738
2023,21,mattcl-py,input-mattcl,python,0.21274876651428576,0.002020663858188441,0.2121208193,0.20145163428571425,0.011205525714285713,0.20901768180000002,0.21636344980000002
