year,day,participant,input,language,mean,stddev,median,user,system,min,max
2023,21,mattcl,input-mattcl,rust,0.013780891565000007,0.0004617417378186624,0.01372327184,0.011777174999999994,0.0019034734999999992,0.01252751484,0.01616200584
2023,21,mattcl-py,input-mattcl,python,0.24492559592333332,0.0023855275955077843,0.24449041934,0.2331071233333333,0.01172206,0.24202361384,0.24897087384
