year,day,participant,input,language,mean,stddev,median,user,system,min,max
2023,21,lanjian,input-lanjian,rust,0.0038908008849999993,0.0005250565550867721,0.0038042977,0.003349744499999999,0.00046526,0.0030598036999999996,0.0069214237
2023,21,mattcl,input-lanjian,rust,0.0014811359300000001,0.00024523122663845263,0.0014515122,0.003965286500000001,0.0009362600000000004,0.0010373876999999997,0.0023671066999999997
2023,21,mattcl-py,input-lanjian,python,0.2083005837714286,0.003474550017613782,0.20859688070000001,0.19642938571428573,0.011774000000000003,0.2029636277,0.21446096670000003
2023,21,lanjian,input-mattcl,rust,0.0037404365799999974,0.000437613928340683,0.0037512282,0.0032182549999999997,0.00046698,0.0028627347000000003,0.0070260907
2023,21,mattcl,input-mattcl,rust,0.00143593693,0.000224442232578701,0.0014108456999999998,0.0038557864999999992,0.0009752099999999994,0.0010800166999999999,0.0024921407
2023,21,mattcl-py,input-mattcl,python,0.21347360146923078,0.0020739595627612935,0.21355008770000003,0.19992540769230768,0.013437923076923076,0.21030194670000002,0.2163941047
