year,day,participant,input,language,mean,stddev,median,user,system,min,max
2023,21,lanjian,input-lanjian,rust,0.0034121744250000027,0.00039819807315721737,0.0034255174200000004,0.0028605350000000013,0.0004003751,0.00251561892,0.005995170920000001
2023,21,mattcl,input-lanjian,rust,0.0015620048650000003,0.000236508004143606,0.0015314629200000002,0.004203814999999999,0.0007897792999999999,0.0011686189200000002,0.00260774192
2023,21,mattcl-py,input-lanjian,python,0.21165190184857147,0.002217153059854924,0.21168873842000002,0.19921792857142856,0.012327337142857142,0.20691517592000003,0.21512820492
2023,21,lanjian,input-mattcl,rust,0.0033289506400000007,0.0003636665347530594,0.00328605692,0.0028213199999999987,0.0003369248999999998,0.00257290692,0.005101899920000001
2023,21,mattcl,input-mattcl,rust,0.0015564126800000002,0.00022506582469982301,0.0015303359200000003,0.004155222499999999,0.0008750189999999998,0.0011500439200000001,0.0024841509200000003
2023,21,mattcl-py,input-mattcl,python,0.21490707656285715,0.0031577552449409043,0.21541050842000004,0.20229899999999998,0.012498695714285715,0.20954311292000002,0.22204345392000002
