year,day,participant,input,language,mean,stddev,median,user,system,min,max
2023,21,lanjian,input-lanjian,rust,0.003112130525,0.00039269968624763087,0.00301320994,0.0026051077999999983,0.0003966149000000001,0.00234777394,0.005000217940000001
2023,21,mattcl,input-lanjian,rust,0.0013950917549999994,0.00026743222902922246,0.00133361944,0.003958357199999999,0.0010007386999999997,0.0009224049400000001,0.00231840794
2023,21,mattcl-py,input-lanjian,python,0.21320894851142858,0.004576367148723075,0.21182108094000002,0.20047828857142852,0.012639697142857143,0.20906747594,0.22408981594
2023,21,lanjian,input-mattcl,rust,0.0030288533899999986,0.0003063107635875131,0.00301415044,0.002583035,0.00038379679999999994,0.0022284999400000003,0.005926872940000001
2023,21,mattcl,input-mattcl,rust,0.0013989030000000002,0.00025446001645361557,0.00134609344,0.0039018722,0.0010354721,0.00092646294,0.00236986494
2023,21,mattcl-py,input-mattcl,python,0.21520450532461538,0.002935959181606404,0.21464925494,0.2014628215384615,0.013638570769230769,0.21166229394,0.22361809194
