year,day,participant,input,language,mean,stddev,median,user,system,min,max
2023,21,mattcl,input-mattcl,rust,0.013690448009999993,0.0006402330687452224,0.013594281020000001,0.011608940000000002,0.0019738746,0.012528652020000001,0.017204290020000002
2023,21,mattcl-py,input-mattcl,python,0.24157426802000004,0.003912145987331412,0.24044105552000003,0.23054408,0.010894873333333333,0.23809543802000002,0.25187344302000003
