year,day,participant,input,language,mean,stddev,median,user,system,min,max
2023,21,lanjian,input-lanjian,rust,0.003860945565,0.0004389259425676773,0.00385272244,0.003266348500000002,0.0005269170000000001,0.0030991924399999997,0.0067021554399999995
2023,21,mattcl,input-lanjian,rust,0.001534624449999998,0.0002525340383978914,0.00150296994,0.004313557,0.000915442,0.0010864854399999999,0.0023532354399999995
2023,21,mattcl-py,input-lanjian,python,0.21005692922571426,0.003219607900660508,0.20925322244,0.1995742285714286,0.010371728571428571,0.20560695844,0.21905593844
2023,21,lanjian,input-mattcl,rust,0.003785670769999999,0.0005163540589239395,0.00377128994,0.003307737000000001,0.00045435599999999994,0.0029297154400000002,0.00766712044
2023,21,mattcl,input-mattcl,rust,0.0015144890849999996,0.0002132124187897126,0.00149786494,0.004259529,0.000827546,0.0010623704399999997,0.0021743414399999998
2023,21,mattcl-py,input-mattcl,python,0.2151670230114286,0.004179861871963872,0.21464618944000002,0.20332165714285713,0.01177558571428571,0.20995042644,0.22261530844
