year,day,participant,input,language,mean,stddev,median,user,system,min,max
2023,21,mattcl,input-mattcl,rust,0.013809822715000001,0.0005493122055483017,0.013717866260000001,0.011722344999999999,0.001998726600000001,0.012650028260000001,0.01703829826
2023,21,mattcl-py,input-mattcl,python,0.24280829359333336,0.0017763542105005815,0.24305611726000004,0.2330136233333333,0.009682746666666667,0.23955759726000003,0.24554893626000002
