year,day,participant,input,language,mean,stddev,median,user,system,min,max
2023,21,mattcl,input-mattcl,rust,0.013826632829999998,0.0005308787279046993,0.01376970696,0.011866164999999993,0.0018592073,0.01262482396,0.01689142796
2023,21,mattcl-py,input-mattcl,python,0.24584459212666665,0.00861390167004675,0.24339994346000002,0.23697834999999998,0.008765911666666666,0.24058433896,0.27228121496
