year,day,participant,input,language,mean,stddev,median,user,system,min,max
2023,21,lanjian,input-lanjian,rust,0.0033212930349999998,0.0004091651853967276,0.0031810385200000003,0.0026356844000000024,0.0005238268,0.00260065202,0.00494165202
2023,21,mattcl,input-lanjian,rust,0.0014893465800000006,0.00021839504966580416,0.0014693205200000002,0.0038875497999999974,0.0010838716000000003,0.0010902470200000003,0.0023525480200000002
2023,21,mattcl-py,input-lanjian,python,0.2128393834485714,0.002175209429773062,0.21288172752000004,0.1990866914285714,0.013615765714285712,0.20913331002000002,0.21734511402000004
2023,21,lanjian,input-mattcl,rust,0.003249447785000002,0.000429514062641415,0.00311880252,0.0026004732,0.0004880377999999998,0.0023902180200000003,0.00589641902
2023,21,mattcl,input-mattcl,rust,0.0015133241099999993,0.00024240700100598483,0.00147957002,0.003944431000000001,0.0010472314,0.00108213102,0.00239067902
2023,21,mattcl-py,input-mattcl,python,0.21578879425076922,0.0015413346442452118,0.21588091402000004,0.20340350461538456,0.012279095384615383,0.21322821102000003,0.21789007302000002
