year,day,participant,input,language,mean,stddev,median,user,system,min,max
2023,21,mattcl,input-mattcl,rust,0.012551390500000002,0.000677985569333635,0.0124187758,0.010623979999999995,0.0018212029,0.0114203088,0.0152989528
2023,21,mattcl-py,input-mattcl,python,0.2572391498,0.008344804921734084,0.2528250068,0.2460962127272727,0.01104716909090909,0.24917737280000002,0.27231081279999997
