year,day,participant,input,language,mean,stddev,median,user,system,min,max
2023,21,lanjian,input-lanjian,rust,0.0031054268550000015,0.0003405338505868061,0.00306867312,0.002562304999999999,0.000481347,0.0022288036200000002,0.006163478620000001
2023,21,mattcl,input-lanjian,rust,0.0014061400250000012,0.00023043495248563364,0.0013708146200000003,0.003905844200000001,0.0009511920000000001,0.0010087926200000002,0.00234636262
2023,21,mattcl-py,input-lanjian,python,0.2103196005485714,0.0018675481071668643,0.21093114962,0.19844519142857145,0.011780128571428572,0.20702412562,0.21310540362
2023,21,lanjian,input-mattcl,rust,0.003107764319999998,0.00033917897872513434,0.00309674112,0.002482669999999999,0.0005270099999999997,0.0022566656200000003,0.005505710620000001
2023,21,mattcl,input-mattcl,rust,0.0013974854849999995,0.00022740062674095175,0.0013604801200000002,0.003738610599999998,0.0010454400000000003,0.00099120962,0.0021668776200000003
2023,21,mattcl-py,input-mattcl,python,0.2158700369276923,0.002784128943869049,0.21575695162,0.20263988923076923,0.013129292307692306,0.21183598162,0.22338562262
