year,day,participant,input,language,mean,stddev,median,user,system,min,max
2023,21,lanjian,input-lanjian,rust,0.00337468804,0.0004185939850471915,0.00337439044,0.0026291469,0.0005861447999999999,0.00249594244,0.00570285144
2023,21,mattcl,input-lanjian,rust,0.0015201185349999996,0.00026049283058629513,0.00148919894,0.0038355691999999984,0.0012126311,0.0010971354400000001,0.00247533444
2023,21,mattcl-py,input-lanjian,python,0.21183355144000002,0.002237314228470304,0.21208751144000001,0.20083985076923078,0.010885436923076922,0.20863721844000002,0.21574599544000003
2023,21,lanjian,input-mattcl,rust,0.0032742198300000002,0.0004829546319942812,0.00314875344,0.0024983388000000004,0.0006397576000000001,0.00242913744,0.0059527094400000004
2023,21,mattcl,input-mattcl,rust,0.001516643625,0.00024089137527710547,0.00149267544,0.0039728653999999974,0.0010132789999999997,0.00103923644,0.00239588544
2023,21,mattcl-py,input-mattcl,python,0.21593589936307694,0.0022751280084959157,0.21571815444000003,0.20250654307692306,0.013290524615384615,0.21284388744000002,0.22037277144000003
