year,day,participant,input,language,mean,stddev,median,user,system,min,max
2023,21,lanjian,input-lanjian,rust,0.0032580064149999987,0.0004802328571590111,0.00311254528,0.0027381549999999995,0.0003467833999999999,0.00241421378,0.00579767278
2023,21,mattcl,input-lanjian,rust,0.0015037778499999998,0.0002640340375600016,0.0014501257800000002,0.0039512287,0.0010803864999999998,0.0010597897800000001,0.00247269378
2023,21,mattcl-py,input-lanjian,python,0.21317264663714286,0.002943568458071331,0.21337118378000003,0.20319020857142855,0.009893402857142856,0.20866766778,0.21916745478000002
2023,21,lanjian,input-mattcl,rust,0.0032016797550000007,0.0004198256888043352,0.00310282178,0.0025225861000000003,0.0005680387,0.00238897678,0.0058388597799999995
2023,21,mattcl,input-mattcl,rust,0.0014381111699999993,0.00022849893284405568,0.00140107878,0.0040791332000000005,0.0007956875999999998,0.0010734057799999999,0.00227592578
2023,21,mattcl-py,input-mattcl,python,0.2159210890876923,0.0015761710285304479,0.21603133078000003,0.2025558569230769,0.013264604615384616,0.21338658278000003,0.21850372378000002
