year,day,participant,input,language,mean,stddev,median,user,system,min,max
2023,21,mattcl,input-mattcl,rust,0.014010471119999993,0.0005924431616504672,0.013857121140000001,0.011890949999999997,0.0019983554999999996,0.012752819140000001,0.016952508140000003
2023,21,mattcl-py,input-mattcl,python,0.24604741172333333,0.002214923693234204,0.24652711864000001,0.23503279666666668,0.010897733333333331,0.24067300414000004,0.24898590914000002
