year,day,participant,input,language,mean,stddev,median,user,system,min,max
2023,21,lanjian,input-lanjian,rust,0.0032455642550000023,0.00045906999937276287,0.00313691796,0.0028264799999999997,0.00032635300000000004,0.00240497196,0.0058814309600000005
2023,21,mattcl,input-lanjian,rust,0.0014454056000000012,0.00023492169729711043,0.00141066596,0.0040094918,0.0010374079999999996,0.0010207219600000001,0.00234747496
2023,21,mattcl-py,input-lanjian,python,0.21141216453142858,0.002108644147985168,0.21093546746000003,0.20211068285714287,0.009195854285714287,0.20953498496,0.21617391396
2023,21,lanjian,input-mattcl,rust,0.0031837395300000015,0.00043366994229118445,0.00311771696,0.0026643800000000005,0.0003829382,0.0022089749600000003,0.005837598960000001
2023,21,mattcl,input-mattcl,rust,0.0014529105899999993,0.00025724815608927075,0.0014137419600000001,0.003915065799999999,0.0010775192,0.0010307499600000001,0.0023106349600000003
2023,21,mattcl-py,input-mattcl,python,0.21713078357538462,0.0023850276917504387,0.21684627196,0.20524080923076923,0.011774563076923077,0.21353734696,0.22359509596000002
