year,day,participant,input,language,mean,stddev,median,user,system,min,max
2023,21,lanjian,input-lanjian,rust,0.0038118425300000002,0.00034427199522758887,0.0037764401000000003,0.003308313700000003,0.0004128085999999999,0.0031445336000000003,0.0053893736
2023,21,mattcl,input-lanjian,rust,0.001630145955,0.0002455007606856548,0.0015869541,0.004314175700000002,0.0008325153999999998,0.0012064376,0.0025142036
2023,21,mattcl-py,input-lanjian,python,0.21208627398461538,0.002351298575197666,0.21181574860000002,0.20132672153846148,0.010631910769230769,0.20910778260000001,0.2183320986
2023,21,lanjian,input-mattcl,rust,0.0036842969500000006,0.000350149746883961,0.0035829536,0.0031160600000000017,0.00046503159999999985,0.0029281676,0.0057582126
2023,21,mattcl,input-mattcl,rust,0.0016273881249999997,0.00025263096117302295,0.0015879056,0.004222741799999999,0.0008611821999999999,0.0011925316,0.0026105636
2023,21,mattcl-py,input-mattcl,python,0.2178512246,0.010566320207519554,0.2144325386,0.20286718857142857,0.014875322857142857,0.2109412116,0.2474253746
