year,day,participant,input,language,mean,stddev,median,user,system,min,max
2023,21,mattcl,input-mattcl,rust,0.004564799840000002,0.000559412346810569,0.0044141580199999995,0.0036827154999999976,0.0007892439,0.0038888090200000004,0.00790839202
2023,21,mattcl-py,input-mattcl,python,0.21281853978923077,0.0017209860139848164,0.21290577702000002,0.20037714615384614,0.012341652307692307,0.20868346502000001,0.21478061602
