year,day,participant,input,language,mean,stddev,median,user,system,min,max
2023,21,lanjian,input-lanjian,rust,0.0032543795049999997,0.00045428938805428036,0.00319603672,0.0027699900000000013,0.0003455300000000001,0.0023356307199999997,0.00495228772
2023,21,mattcl,input-lanjian,rust,0.0013693561299999999,0.00024254375017067779,0.0013189797199999998,0.003955295499999999,0.000876344,0.0009590657199999999,0.0024425317199999997
2023,21,mattcl-py,input-lanjian,python,0.2126066910057143,0.0038972940207457458,0.21112763722,0.20197931428571425,0.010502342857142856,0.20824606972,0.21959368272000002
2023,21,lanjian,input-mattcl,rust,0.00311572668,0.0003900738550216043,0.0030551227199999997,0.0026702999999999987,0.000361264,0.00224955172,0.00502081572
2023,21,mattcl,input-mattcl,rust,0.001370252025,0.00025623112226844477,0.00133267972,0.003934591999999998,0.0009010960000000001,0.0009511917199999999,0.00240379972
2023,21,mattcl-py,input-mattcl,python,0.21713835164307696,0.0020783005323228012,0.21682111472,0.21006271538461535,0.0069836,0.21399289272000002,0.22180451972
