year,day,participant,input,language,mean,stddev,median,user,system,min,max
2023,21,mattcl,input-mattcl,rust,0.013807826479999997,0.0006973608102441837,0.013693587740000002,0.011723765000000002,0.0019920293999999995,0.012232273240000001,0.01704922824
2023,21,mattcl-py,input-mattcl,python,0.24252452374,0.002951493759819888,0.24310775524,0.23176225000000003,0.010660886666666666,0.23783812324000003,0.24623345524000004
