year,day,participant,input,language,mean,stddev,median,user,system,min,max
2023,21,mattcl,input-mattcl,rust,0.017684183571190486,0.0007687986095681793,0.01747984122,0.0152986880952381,0.0022736483333333332,0.016605766220000002,0.020480654220000002
