year,day,participant,input,language,mean,stddev,median,user,system,min,max
2023,21,lanjian,input-lanjian,rust,0.003242304210000001,0.0004388164414142717,0.0031010568600000005,0.00274807,0.00035701799999999996,0.00247502036,0.004876124360000001
2023,21,mattcl,input-lanjian,rust,0.0015242445450000005,0.00024877214547566143,0.0014672988600000002,0.004022240400000001,0.001088919,0.00108890636,0.00240560136
2023,21,mattcl-py,input-lanjian,python,0.21291057378857142,0.0029107791303958947,0.21271009486,0.20186268285714284,0.010938342857142857,0.20882967736,0.21883962136000001
2023,21,lanjian,input-mattcl,rust,0.0031824988500000016,0.0003920925281765637,0.00310065136,0.002454434999999999,0.0006198379999999999,0.0024182443600000002,0.005819308360000001
2023,21,mattcl,input-mattcl,rust,0.0014480124550000008,0.00024194772433517705,0.00140329936,0.003954226200000001,0.0009377440000000001,0.00103870236,0.00229490336
2023,21,mattcl-py,input-mattcl,python,0.21745089182153846,0.0017670550270473884,0.21734696636,0.2064561169230769,0.01086773846153846,0.21463721736,0.22108087336
