year,day,participant,input,language,mean,stddev,median,user,system,min,max
2023,21,mattcl,input-mattcl,rust,0.012763865984999994,0.000625278558480631,0.01263748582,0.011197860000000002,0.0014382521000000001,0.01171095682,0.016413204820000003
2023,21,mattcl-py,input-mattcl,python,0.24723650757,0.0030342262448596236,0.24729052232,0.23339571999999997,0.013735793333333335,0.24277549582000002,0.25460778282
