year,day,participant,input,language,mean,stddev,median,user,system,min,max
2023,21,mattcl,input-mattcl,rust,0.01379823961,0.0005151816172879486,0.013748451080000001,0.011750090000000005,0.0019742951999999997,0.01243572308,0.01630311408
2023,21,mattcl-py,input-mattcl,python,0.2442200062466667,0.002425525920557657,0.24456692708000002,0.23036747999999999,0.013748734999999998,0.23950796708000002,0.24925792008000003
