year,day,participant,input,language,mean,stddev,median,user,system,min,max
2023,21,lanjian,input-lanjian,rust,0.0033702392400000018,0.0005247133783001547,0.0032232071200000005,0.0027480753999999997,0.00047606399999999984,0.0024797336200000006,0.00568979062
2023,21,mattcl,input-lanjian,rust,0.0015484593900000003,0.00022550566412618572,0.0015213621200000004,0.004204472999999998,0.0009643489999999997,0.0011338816200000003,0.00216030462
2023,21,mattcl-py,input-lanjian,python,0.21193264133428572,0.0024345391531714975,0.21159196562,0.20083327714285715,0.010991585714285712,0.20817381862,0.21596302662
2023,21,lanjian,input-mattcl,rust,0.003175172895000003,0.00035232640248443985,0.0030777996200000005,0.0026380700000000006,0.00043882299999999986,0.00245470662,0.0059728516200000005
2023,21,mattcl,input-mattcl,rust,0.0015535072850000001,0.0002391871611178175,0.0015219581200000003,0.004170950600000002,0.000934673,0.0011226196200000004,0.0023212256200000007
2023,21,mattcl-py,input-mattcl,python,0.21798546815846156,0.002110882595266276,0.21787286462,0.20548507384615386,0.012378553846153847,0.21413664962,0.22184984862
