year,day,participant,input,language,mean,stddev,median,user,system,min,max
2023,21,mattcl,input-mattcl,rust,0.014027402804999995,0.0033487441721475166,0.013683996220000001,0.011849634999999999,0.0018427659000000002,0.01257765272,0.06028081272000001
2023,21,mattcl-py,input-mattcl,python,0.24447021530333338,0.002774153957285796,0.24431375222,0.23280473333333332,0.011580273333333335,0.23930856072,0.24921912472000002
