year,day,participant,input,language,mean,stddev,median,user,system,min,max
2023,21,mattcl,input-mattcl,rust,0.013651792429999999,0.0005845469589950491,0.01356370248,0.011555684999999998,0.0019976143,0.01247188648,0.01717831448
2023,21,mattcl-py,input-mattcl,python,0.24230150414666665,0.00194737216089232,0.24143187348,0.23412216666666663,0.008085765,0.23968661148,0.24600044448000002
