year,day,participant,input,language,mean,stddev,median,user,system,min,max
2023,21,lanjian,input-lanjian,rust,0.0033673457250000018,0.00039477873597755877,0.0033227974400000006,0.002620318999999998,0.0005911279999999999,0.00266150894,0.005810252940000001
2023,21,mattcl,input-lanjian,rust,0.00157003774,0.00024677703132006774,0.00152825294,0.003857234000000001,0.0012106699999999998,0.0011521849400000003,0.00263038094
2023,21,mattcl-py,input-lanjian,python,0.21039113865428574,0.001795396313294405,0.21059570444000003,0.19677174285714286,0.013516657142857142,0.20677480794000003,0.21326107894000002
2023,21,lanjian,input-mattcl,rust,0.0031493341399999996,0.00027801237103550625,0.0030980269400000004,0.0026492119999999997,0.00036859199999999994,0.0027700219400000003,0.005337698940000001
2023,21,mattcl,input-mattcl,rust,0.0015377038599999995,0.0002449127389610032,0.0015122879400000001,0.003926342000000002,0.0010816760000000002,0.00113552294,0.0025635059400000004
2023,21,mattcl-py,input-mattcl,python,0.21831046401692308,0.0036087831729320176,0.21708932294000002,0.20558998461538458,0.012617276923076924,0.21319236894000002,0.22712381394000003
