year,day,participant,input,language,mean,stddev,median,user,system,min,max
2023,21,mattcl,input-mattcl,rust,0.004781617494999999,0.0005247340020841926,0.00462854794,0.0040296448,0.0006361441000000001,0.00392007194,0.00862352394
2023,21,mattcl-py,input-mattcl,python,0.24642675152333338,0.004097442644059436,0.24576913994000002,0.2364224566666666,0.009909655,0.24093560494000002,0.25403669094000003
