year,day,participant,input,language,mean,stddev,median,user,system,min,max
2024,5,kcen,input-kcen,nim,0.002293328034999999,0.0003343902066856417,0.0023196257999999995,0.0018270849999999991,0.0005306061999999998,0.0013322117999999999,0.0033231217999999995
2024,5,mattcl,input-kcen,rust,0.0011601664649999992,0.00024263575608495414,0.0012071222999999998,0.0009516568,0.00033520260000000004,0.0005407587999999997,0.0019228178
2024,5,mattcl-py,input-kcen,python,0.017249516558823518,0.0006539426612866616,0.0171169773,0.012805169764705882,0.004402795529411761,0.016093524799999998,0.0200799228
2024,5,kcen,input-mattcl,nim,0.0024295448149999985,0.0003412116935039358,0.0024961362999999996,0.0018592149999999996,0.0006114619999999999,0.0014762407999999998,0.0038904637999999997
2024,5,mattcl,input-mattcl,rust,0.0011803059399999995,0.0002229499336062597,0.0012099022999999996,0.0009149650000000001,0.0003793207999999999,0.0005870957999999996,0.0020019957999999997
2024,5,mattcl-py,input-mattcl,python,0.01722310047878788,0.0006304150956453504,0.0170943208,0.012444261575757575,0.0047196269090909095,0.0161689658,0.0204754848
