year,day,participant,input,language,mean,stddev,median,user,system,min,max
2024,5,kcen,input-mattcl,nim,0.002452411535000001,0.0003439181713970583,0.0025252672200000003,0.001964691899999999,0.000562771,0.0015014157200000005,0.004284538720000001
2024,5,mattcl,input-mattcl,rust,0.00126189992,0.00023749719774437787,0.0012932552200000003,0.0009390349999999996,0.00039302940000000006,0.00039344672000000047,0.0022670917200000003
2024,5,mattcl-py,input-mattcl,python,0.017979796604848487,0.0006393650406430053,0.017848471720000002,0.01331633515151515,0.00458426909090909,0.01693231272,0.02094094572
