year,day,participant,input,language,mean,stddev,median,user,system,min,max
2024,5,kcen,input-kcen,nim,0.002380349995,0.00037035400127026285,0.00242979882,0.001921959999999999,0.0005351613999999998,0.0009927843199999998,0.0042083823200000006
2024,5,lanjian,input-kcen,rust,0.0013269937950000006,0.0002552633271170847,0.00136830732,0.0009854098999999997,0.0004281731999999999,0.00022574931999999994,0.0020984633200000005
2024,5,mattcl,input-kcen,rust,0.0012012307600000004,0.00023851686118480945,0.00123849882,0.0009523593999999999,0.0003563098,0.00048470332,0.00219430232
2024,5,mattcl-py,input-kcen,python,0.017373693850487808,0.0007474151190117625,0.01715946982,0.012678800487804884,0.004641499512195124,0.01630210532,0.02011026232
2024,5,mikofo,input-kcen,python,0.018470694148767116,0.0007777851332486979,0.01829756432,0.013905348767123295,0.004469252328767125,0.01728084632,0.02147954532
2024,5,kcen,input-mattcl,nim,0.0024430285549999994,0.0002938082573859021,0.00247989732,0.00199636,0.0005018136,0.0017182423200000003,0.004039947320000001
2024,5,lanjian,input-mattcl,rust,0.0013779636699999998,0.000170728499151195,0.00136662882,0.0009513650000000001,0.00046604400000000004,0.00070359332,0.0022657263200000005
2024,5,mattcl,input-mattcl,rust,0.0012277368600000006,0.0002627460645938321,0.0012507718199999999,0.0009995896999999993,0.00032657400000000005,0.0005157413199999999,0.00209595832
2024,5,mattcl-py,input-mattcl,python,0.017327693010909098,0.0007513784822444729,0.01716160332,0.01295084424242425,0.004334799757575759,0.016007945319999998,0.02049633432
2024,5,mikofo,input-mattcl,python,0.018404285758709678,0.0005905768437872216,0.01830245932,0.013593781290322588,0.004756262709677421,0.01737291932,0.02198028132
