year,day,participant,input,language,mean,stddev,median,user,system,min,max
2024,5,kcen,input-kcen,nim,0.0022427224999999997,0.0003359317886865264,0.00231565296,0.0017643950000000008,0.0004950698000000002,0.0013967134599999998,0.0031599824600000003
2024,5,mattcl,input-kcen,rust,0.0011395476000000005,0.00022056106332778196,0.0011773074600000002,0.0008399130000000001,0.00037753560000000007,0.00040677046,0.0021360464600000003
2024,5,mattcl-py,input-kcen,python,0.017248087317142866,0.0008133370810286516,0.01704014896,0.012710732380952378,0.004467045,0.01581271246,0.020216242460000002
2024,5,kcen,input-mattcl,nim,0.0023901677650000007,0.0003243489503898958,0.00249337546,0.001751165000000001,0.0006482358000000001,0.0014554424600000003,0.0036395004600000003
2024,5,mattcl,input-mattcl,rust,0.001236440924999999,0.00023053782246013795,0.00125574346,0.0008641271999999998,0.0004067674,0.00050773946,0.00202959746
2024,5,mattcl-py,input-mattcl,python,0.017116776417831322,0.0006321425352554055,0.016988060460000003,0.012585466746987961,0.004428161445783132,0.01609750546,0.02061976846
