year,day,participant,input,language,mean,stddev,median,user,system,min,max
2024,5,kcen,input-kcen,nim,0.0023919014050000015,0.0003164836961841887,0.0024621049400000003,0.0019595850000000002,0.0004777918,0.0015225854399999999,0.0031728754400000003
2024,5,mattcl,input-kcen,rust,0.0012885240200000002,0.00021496622845803233,0.00130927544,0.0009987774999999997,0.00034680979999999985,0.00020381543999999985,0.00201001844
2024,5,mattcl-py,input-kcen,python,0.01804208428810127,0.0007015937543870434,0.01792726344,0.013443145569620257,0.004532418987341773,0.01697318144,0.02106630744
2024,5,kcen,input-mattcl,nim,0.0025641681700000014,0.0003410788102756934,0.0025531604400000005,0.0018859675000000007,0.0006763470000000002,0.00182707644,0.00420826544
2024,5,mattcl,input-mattcl,rust,0.0012663331850000003,0.00025534938935367857,0.00129580594,0.0009521500000000007,0.000379868,0.0004955424399999999,0.00249022744
2024,5,mattcl-py,input-mattcl,python,0.018115032981935477,0.0006675673214105643,0.018013379439999998,0.013272867741935479,0.004731109935483874,0.01682308144,0.02118702344
