year,day,participant,input,language,mean,stddev,median,user,system,min,max
2024,5,kcen,input-kcen,nim,0.002360959104999999,0.00029602895978578047,0.0024295603000000004,0.001872310000000001,0.0005231830000000002,0.0014906808000000006,0.0032001328000000003
2024,5,mattcl,input-kcen,rust,0.001262550845,0.00022363725923749662,0.0012843753000000005,0.0009431197999999998,0.00036500500000000006,0.0006158828000000003,0.0020567518000000006
2024,5,mattcl-py,input-kcen,python,0.017337110646625773,0.0005667954959034078,0.0172457918,0.012873753619631903,0.004388695705521471,0.016086008800000003,0.020532447800000003
2024,5,kcen,input-mattcl,nim,0.002541095865000001,0.0003207988001297296,0.0025632798,0.0019996415999999997,0.0005827474999999998,0.0014138378000000005,0.0045453518
2024,5,mattcl,input-mattcl,rust,0.0012638316600000008,0.0002214186697811835,0.0012932063000000004,0.0009681364000000001,0.00035416199999999993,0.0005280978000000001,0.0023873908000000004
2024,5,mattcl-py,input-mattcl,python,0.017329211580487804,0.0006012259369969341,0.017241027300000003,0.0127992043902439,0.004450278048780487,0.0163347748,0.020816439800000003
