year,day,participant,input,language,mean,stddev,median,user,system,min,max
2024,5,mattcl,input-mattcl,rust,0.0012389825700000003,0.0002247292007803255,0.0012543578000000003,0.0009965469000000004,0.00034091899999999997,0.0005749653000000001,0.0019927803
2024,5,mattcl-py,input-mattcl,python,0.017957903380745346,0.0006759598624162899,0.0178053483,0.013388247329192554,0.0045055782608695635,0.0169755343,0.0208977583
