year,day,participant,input,language,mean,stddev,median,user,system,min,max
2024,5,kcen,input-kcen,nim,0.002360596655,0.0003291537720183439,0.00241818668,0.0018717249999999996,0.0005268762000000002,0.00153133468,0.00335086468
2024,5,mattcl,input-kcen,rust,0.0011483915649999998,0.00019432437374544549,0.00121921418,0.000974700999999999,0.00030946509999999996,0.00054435568,0.0019390686799999998
2024,5,mattcl-py,input-kcen,python,0.01797052293786163,0.0008498576371252372,0.017732453680000003,0.013474036477987426,0.0044224933333333345,0.016686403680000003,0.020830289680000003
2024,5,kcen,input-mattcl,nim,0.0025001371000000017,0.0003223518290554759,0.00255465768,0.001993665,0.0005399659000000002,0.0015464926799999999,0.0042170576800000005
2024,5,mattcl,input-mattcl,rust,0.0013188903149999993,0.0002245015631744927,0.0013239056799999999,0.0009687529999999999,0.00038855279999999986,0.00053906568,0.00202047168
2024,5,mattcl-py,input-mattcl,python,0.017921228723478254,0.0006832756901545884,0.017803688680000002,0.013297311801242237,0.004539193043478264,0.01666199868,0.02118095668
