year,day,participant,input,language,mean,stddev,median,user,system,min,max
2024,5,mattcl,input-mattcl,rust,0.0012937337400000001,0.00023688888374745576,0.0012867000399999998,0.0009405766999999998,0.00040282639999999993,0.0006977825399999999,0.00251863154
