year,day,participant,input,language,mean,stddev,median,user,system,min,max
2024,5,kcen,input-kcen,nim,0.0023449301349999997,0.00037000843346382355,0.00244573304,0.0018656849999999982,0.0005014084999999999,0.0014496085399999998,0.00378655254
2024,5,mattcl,input-kcen,rust,0.0012393983499999995,0.00023717073933545964,0.00128463054,0.0009530730000000001,0.000340928,0.0005831875399999998,0.00253526054
2024,5,mattcl-py,input-kcen,python,0.017261108676904773,0.0007507330225782558,0.017107835039999998,0.012273987499999998,0.0048939291666666674,0.01605551054,0.020466735540000003
2024,5,mikofo,input-kcen,python,0.018400866998064525,0.0007467593036293664,0.018233626540000002,0.013584766451612896,0.004727109677419354,0.01722580954,0.021857056540000003
2024,5,kcen,input-mattcl,nim,0.0024864451699999996,0.00036100221859354325,0.00253647354,0.0019258715000000004,0.00056803,0.0015604965399999998,0.00414903054
2024,5,mattcl,input-mattcl,rust,0.0013088654049999999,0.00023052020647848035,0.00130369654,0.0009715880000000008,0.0003711815000000001,0.0007403325399999998,0.00243658654
2024,5,mattcl-py,input-mattcl,python,0.017251226013053893,0.0007017979384089884,0.017099443540000002,0.01224624491017964,0.0049154263473053855,0.01628542154,0.02025148154
2024,5,mikofo,input-mattcl,python,0.018358870490920245,0.0007270820816272265,0.01821781654,0.013528454601226998,0.0047517748466257646,0.01727418054,0.022053033540000003
