year,day,participant,input,language,mean,stddev,median,user,system,min,max
2024,5,kcen,input-kcen,nim,0.002118697439999999,0.00041950812479542906,0.0021857133,0.0017149191,0.0005015724000000002,0.0009081397999999997,0.0033775058000000005
2024,5,mattcl,input-kcen,rust,0.0009543934600000001,0.0003524387419058456,0.0010330387999999999,0.0008076914000000003,0.00030175420000000007,0.00004520279999999967,0.0018776857999999997
2024,5,mattcl-py,input-kcen,python,0.017317131658823523,0.0007474310186018226,0.017109224300000003,0.012692212941176466,0.004562411294117646,0.0162011188,0.020295017800000002
2024,5,kcen,input-mattcl,nim,0.002421973135,0.0003516451083366844,0.0024689138,0.0019745546999999993,0.0005261667999999997,0.0015669137999999997,0.0043961238
2024,5,mattcl,input-mattcl,rust,0.0011997257600000004,0.00020618719502003396,0.0012334648,0.0009576491000000001,0.0003705913999999999,0.0005842227999999997,0.0019258057999999997
2024,5,mattcl-py,input-mattcl,python,0.017240440506586838,0.0006577934928536233,0.0171270318,0.012554682754491026,0.004632186107784431,0.0160091778,0.0203879408
