year,day,participant,input,language,mean,stddev,median,user,system,min,max
2024,5,kcen,input-kcen,nim,0.0023180919949999995,0.00032641379406367,0.0023823174800000004,0.0018957499999999994,0.0004738626,0.00137002798,0.0032445059800000004
2024,5,mattcl,input-kcen,rust,0.0012446671150000011,0.00024366366571605975,0.0012508899800000002,0.0009980525000000003,0.00034461119999999984,0.0005564149800000001,0.00203080498
2024,5,mattcl-py,input-kcen,python,0.017149370384761907,0.0005825136996374903,0.017017175980000004,0.012358982142857139,0.004719447142857142,0.01599532898,0.020266260980000003
2024,5,kcen,input-mattcl,nim,0.002484773310000001,0.0003350999285308309,0.0025607974800000003,0.0021213349999999994,0.00042311160000000015,0.0015721269800000003,0.004422429980000001
2024,5,mattcl,input-mattcl,rust,0.0012179754850000003,0.0002135625467246483,0.0012544369800000003,0.0009173525,0.0003791710000000003,0.00046598598000000013,0.0019266189800000004
2024,5,mattcl-py,input-mattcl,python,0.01721745864666667,0.0006353763201966033,0.01707359698,0.012405716374269005,0.004744514619883041,0.016498409980000003,0.020624921980000002
