year,day,participant,input,language,mean,stddev,median,user,system,min,max
2024,5,kcen,input-kcen,nim,0.002258189225000001,0.00034867706850322396,0.0023403594200000002,0.0019592700000000004,0.0003810780000000002,0.0013870699200000005,0.003151332920000001
2024,5,mattcl,input-kcen,rust,0.0011087704250000003,0.00021001100949525497,0.0011787089200000003,0.0008960577000000003,0.00034203570000000005,0.0005695779200000004,0.0018526319200000002
2024,5,mattcl-py,input-kcen,python,0.017145082635976337,0.0006719955125039915,0.01697628092,0.012433655266272185,0.004651528994082835,0.01588572892,0.02026770492
2024,5,kcen,input-mattcl,nim,0.00242904217,0.0003082930246834329,0.0025004439200000004,0.0020894649999999987,0.0004051445999999999,0.0014970349200000002,0.0037791489200000006
2024,5,mattcl,input-mattcl,rust,0.0011881500100000006,0.00020235463333184698,0.0012105839200000003,0.0009170126999999994,0.0003657838999999999,0.0007038499200000003,0.0019525979200000006
2024,5,mattcl-py,input-mattcl,python,0.017126938992289155,0.0005230788230682401,0.01702858342,0.012295050361445783,0.004742205301204823,0.01637421392,0.02013943292
