year,day,participant,input,language,mean,stddev,median,user,system,min,max
2024,5,kcen,input-kcen,nim,0.0023187556900000007,0.0003493127471850563,0.00238439852,0.001745200000000001,0.0005643581000000001,0.0013546300200000003,0.0032041030200000006
2024,5,mattcl,input-kcen,rust,0.0012814596800000003,0.0002360524137120415,0.00128350702,0.0008871749000000001,0.0003914177,0.00022956402000000006,0.00213235602
2024,5,mattcl-py,input-kcen,python,0.01720345688904762,0.0005488444470640882,0.017108402520000003,0.012578764047619045,0.004542366190476193,0.016283102020000002,0.020367401020000002
2024,5,kcen,input-mattcl,nim,0.0023934733300000005,0.0003008833506046644,0.0024688210200000003,0.0018692349999999995,0.0005164574,0.00141671602,0.00335523602
2024,5,mattcl,input-mattcl,rust,0.0012706544800000002,0.0002326574234864755,0.0012834870200000002,0.0008757746999999997,0.00040169299999999984,0.00046298002000000023,0.0020920110200000003
2024,5,mattcl-py,input-mattcl,python,0.01726918239195123,0.0006312808395329784,0.01710526302,0.012548391951219517,0.0046399242682926825,0.01639984102,0.020521799020000002
