year,day,participant,input,language,mean,stddev,median,user,system,min,max
2024,20,mattcl,input-mattcl,rust,0.0017324567999999992,0.0002619196033724162,0.0017042729000000003,0.009089305799999997,0.003638581199999997,0.0013609054,0.0023801214000000004
2024,20,mattcl-py,input-mattcl,python,0.0867602948848485,0.0010027561537530292,0.0867208664,0.5675867660606059,0.07139230969696969,0.0850576744,0.0886689504
