year,day,participant,input,language,mean,stddev,median,user,system,min,max
2024,20,mattcl,input-mattcl,rust,0.00167158279,0.0002722693896668623,0.0016210373999999998,0.0079788916,0.0036477856,0.0013342103999999999,0.0026029554
2024,20,mattcl-py,input-mattcl,python,0.08139490883243243,0.0013942369708627668,0.0812015304,0.5133753659459459,0.058109514594594604,0.07910712040000001,0.0845131004
