year,day,participant,input,language,mean,stddev,median,user,system,min,max
2024,20,mattcl,input-mattcl,rust,0.0016178864299999996,0.0002573238735938854,0.00150160536,0.008036326700000006,0.003746477,0.00135152436,0.00234082736
2024,20,mattcl-py,input-mattcl,python,0.08615219691882353,0.0009929317837940814,0.08634930886000002,0.5652671341176471,0.06885900588235294,0.08434694436000001,0.08822723036
