year,day,participant,input,language,mean,stddev,median,user,system,min,max
2024,20,mattcl,input-mattcl,rust,0.0017864469949999998,0.00026047667225387316,0.0017919049200000002,0.008591019999999998,0.004392632299999998,0.0013778859200000004,0.00255548892
2024,20,mattcl-py,input-mattcl,python,0.0876179233139394,0.0011417881994241245,0.08773156992,0.5791965454545455,0.0643912309090909,0.08413437592,0.09025967092
