year,day,participant,input,language,mean,stddev,median,user,system,min,max
2024,20,mattcl,input-mattcl,rust,0.0017068321850000005,0.00027125978775289323,0.0016744423400000003,0.008496964999999995,0.0035482841999999993,0.0013476158400000003,0.0023170998400000005
2024,20,mattcl-py,input-mattcl,python,0.08071828329945949,0.000919927902491596,0.08068249484000001,0.5144992578378378,0.0534239681081081,0.07920108184,0.08289642684
