year,day,participant,input,language,mean,stddev,median,user,system,min,max
2024,20,mattcl,input-mattcl,rust,0.0018133809899999991,0.0002610080351585955,0.0018322571799999998,0.009734164299999997,0.0037785090000000006,0.00138484568,0.00246240068
2024,20,mattcl-py,input-mattcl,python,0.08750607047411764,0.0012541959821637221,0.08732468068000002,0.5728698623529412,0.06997814117647057,0.08541707468000001,0.09119448468000001
