year,day,participant,input,language,mean,stddev,median,user,system,min,max
2024,20,mattcl,input-mattcl,rust,0.0017818592799999989,0.0002858680032891161,0.0017711966999999999,0.008946824100000006,0.0032167715999999996,0.0013853136999999998,0.0033201146999999997
2024,20,mattcl-py,input-mattcl,python,0.08363210778571431,0.002759556410784342,0.08260606670000001,0.5169031514285715,0.05960811714285714,0.0808156867,0.0916154867
