year,day,participant,input,language,mean,stddev,median,user,system,min,max
2024,20,mattcl,input-mattcl,rust,0.0018673396249999994,0.00025452240440235457,0.0018639708200000001,0.009045394200000003,0.004693231599999999,0.00142515932,0.0024248813200000003
2024,20,mattcl-py,input-mattcl,python,0.08782772462303029,0.0010965057784377628,0.08768679632,0.5725623078787879,0.07485828727272728,0.08542934032,0.09058378932
