year,day,participant,input,language,mean,stddev,median,user,system,min,max
2024,20,mattcl,input-mattcl,rust,0.0017686700450000004,0.0002763633896068521,0.0017696120800000004,0.008381664199999998,0.003961339999999997,0.0013409580800000005,0.00244228208
2024,20,mattcl-py,input-mattcl,python,0.08246274313555556,0.004634258137355714,0.08151231008000001,0.534871581111111,0.050389666666666666,0.07928625108000001,0.10847735908000002
