year,day,participant,input,language,mean,stddev,median,user,system,min,max
2024,20,mattcl,input-mattcl,rust,0.0017033923450000001,0.0002840945509607493,0.00167583398,0.008327380499999999,0.0036907997999999997,0.0013448599800000003,0.0025418749800000004
2024,20,mattcl-py,input-mattcl,python,0.08129059342444445,0.0011297059850359672,0.08125002898,0.5220769833333333,0.049351745555555555,0.07935338998,0.08452237998
