year,day,participant,input,language,mean,stddev,median,user,system,min,max
2024,20,mattcl,input-mattcl,rust,0.0018565202800000008,0.0002771172643695958,0.0018195830800000002,0.0101740002,0.0036161100000000014,0.0014192240800000003,0.0025009100800000004
2024,20,mattcl-py,input-mattcl,python,0.0877247891388235,0.0009045659153171266,0.08786975408,0.5781259035294116,0.06622212352941176,0.08588535708,0.08916049108
