year,day,participant,input,language,mean,stddev,median,user,system,min,max
2024,20,mattcl,input-mattcl,rust,0.0018474913999999992,0.0002376965490481311,0.0018464984800000003,0.009728952399999994,0.004032243800000002,0.00141754948,0.00235719948
2024,20,mattcl-py,input-mattcl,python,0.08789613484363637,0.001062178524622739,0.08782683148,0.5762765127272728,0.06956159757575757,0.08581033448000001,0.08989232048000001
