year,day,participant,input,language,mean,stddev,median,user,system,min,max
2024,20,mattcl,input-mattcl,rust,0.0018452284699999994,0.0002705649021622061,0.00182353616,0.009113318399999997,0.0042625566,0.0014383996600000001,0.00272225366
2024,20,mattcl-py,input-mattcl,python,0.08938753799333335,0.0035658899652964053,0.08808041866,0.5786286587878787,0.06563918727272727,0.08577643366,0.09869201766
