year,day,participant,input,language,mean,stddev,median,user,system,min,max
2024,20,mattcl,input-mattcl,rust,0.0016105474149999998,0.0002618428021436748,0.0014827248399999998,0.008069574,0.0031723097999999993,0.00132862634,0.00246373234
2024,20,mattcl-py,input-mattcl,python,0.08071739472888889,0.001134871044078458,0.08078564284,0.5139481722222221,0.053873668888888886,0.07857872434,0.08278430134
