year,day,participant,input,language,mean,stddev,median,user,system,min,max
2024,20,mattcl,input-mattcl,rust,0.002589833605,0.0029721241183572914,0.0021894192599999996,0.009835110600000002,0.0037993192000000007,0.0017233467599999997,0.02961642876
2024,20,mattcl-py,input-mattcl,python,0.09033179360374999,0.005144314358995996,0.08964286676,0.57369499625,0.07358324000000002,0.08569666276,0.11498860476
