year,day,participant,input,language,mean,stddev,median,user,system,min,max
2024,20,mattcl,input-mattcl,rust,0.0018993619800000013,0.00026331576378271,0.0019075650000000002,0.009364379999999999,0.0048128821,0.0014274605000000004,0.0030071895
2024,20,mattcl-py,input-mattcl,python,0.08839761625757574,0.0011477864908758359,0.0884736545,0.5785286175757575,0.07117769272727273,0.0856581315,0.0906556225
