year,day,participant,input,language,mean,stddev,median,user,system,min,max
2024,20,mattcl,input-mattcl,rust,0.0017536239400000005,0.0002679758053442345,0.0017078292200000005,0.009551208199999998,0.0033638212000000013,0.0014239632200000007,0.0025217072200000006
2024,20,mattcl-py,input-mattcl,python,0.08692725200787879,0.0011328331235681219,0.08713695822,0.5780409096969695,0.06281640848484848,0.08481805922,0.08945000822
