year,day,participant,input,language,mean,stddev,median,user,system,min,max
2024,20,mattcl,input-mattcl,rust,0.0016006787900000004,0.000245673478755324,0.00149033448,0.007788645999999999,0.0032388214000000004,0.0013623249800000002,0.0026107029800000003
2024,20,mattcl-py,input-mattcl,python,0.08058173733135135,0.0011655112989599646,0.08027258298,0.5060241135135135,0.05856772756756755,0.07877180298000001,0.08345147498000001
