year,day,participant,input,language,mean,stddev,median,user,system,min,max
2024,20,mattcl,input-mattcl,rust,0.001885640779999999,0.0002244102537047887,0.0018986612400000002,0.0086145465,0.0055357906,0.0014058797400000001,0.00238496174
2024,20,mattcl-py,input-mattcl,python,0.08918231847529412,0.00156930858614018,0.08882764574000002,0.581252288235294,0.06804255999999997,0.08675056874,0.09230166874000001
