year,day,participant,input,language,mean,stddev,median,user,system,min,max
2024,20,mattcl,input-mattcl,rust,0.0016742555850000002,0.00028131201887489647,0.0016098409200000004,0.008519550199999998,0.0031528044999999992,0.00132190692,0.00246098892
2024,20,mattcl-py,input-mattcl,python,0.08118145906285718,0.0012340187093391752,0.08145674492000002,0.50882226,0.05808941428571428,0.07835954592000001,0.08398941592
