year,day,participant,input,language,mean,stddev,median,user,system,min,max
2024,20,mattcl,input-mattcl,rust,0.0016762567050000008,0.00025416943621365374,0.00160097402,0.008490091,0.003008074,0.00134929852,0.0024798845199999996
2024,20,mattcl-py,input-mattcl,python,0.08076140679027026,0.001058703596986629,0.08071884352,0.5125870794594594,0.05455265405405405,0.07854065552,0.08298439452
