year,day,participant,input,language,mean,stddev,median,user,system,min,max
2024,20,mattcl,input-mattcl,rust,0.0016883840099999991,0.0002793903159493343,0.0015846923599999998,0.008936642499999998,0.003289970999999999,0.0013683173599999998,0.00289573436
2024,20,mattcl-py,input-mattcl,python,0.08614429307428571,0.0010017173512541174,0.08586767636,0.5557418142857143,0.07720815714285714,0.08421046636,0.08810713636
