year,day,participant,input,language,mean,stddev,median,user,system,min,max
2024,20,mattcl,input-mattcl,rust,0.001763966029999999,0.00027787686590319825,0.0017454341599999997,0.008164795000000006,0.0040404902,0.0013668951599999997,0.0024230421599999996
2024,20,mattcl-py,input-mattcl,python,0.08166898296555553,0.0009808358148454756,0.08172215866000002,0.5204828199999999,0.05344666,0.08007235016000001,0.08364908516000001
