year,day,participant,input,language,mean,stddev,median,user,system,min,max
2024,20,mattcl,input-mattcl,rust,0.0017237888550000013,0.00026498481220697275,0.0016641619400000003,0.008814276,0.0038061455999999997,0.0013916664400000004,0.00236614044
2024,20,mattcl-py,input-mattcl,python,0.08699945964588238,0.0009430289984851603,0.08695932544,0.5734620482352942,0.0666189788235294,0.08527849744,0.08891397444
