year,day,participant,input,language,mean,stddev,median,user,system,min,max
2024,20,mattcl,input-mattcl,rust,0.0018780652300000003,0.0002533475992817715,0.00185861762,0.009893436799999995,0.0038688593999999994,0.0014290231200000001,0.00268530612
2024,20,mattcl-py,input-mattcl,python,0.08781950276705885,0.0011279038753397989,0.08766365312000002,0.5767489870588234,0.06798770117647059,0.08557836912000001,0.09039011912
