year,day,participant,input,language,mean,stddev,median,user,system,min,max
2024,20,mattcl,input-mattcl,rust,0.0015870645099999997,0.00022757966155144727,0.0014761965999999997,0.008392503000000006,0.0026301049999999993,0.0013314701,0.0021946761
2024,20,mattcl-py,input-mattcl,python,0.08075734343333336,0.0010460049882506856,0.08050066210000001,0.5178386055555555,0.04790440333333333,0.0789535971,0.08362435609999999
