year,day,participant,input,language,mean,stddev,median,user,system,min,max
2024,20,mattcl,input-mattcl,rust,0.0017736782200000012,0.0002682634886287958,0.00174751334,0.009408745900000005,0.0034381499999999996,0.0013841743400000001,0.00240853134
2024,20,mattcl-py,input-mattcl,python,0.08768082389882352,0.0009729249660514086,0.08741115534,0.5721848141176471,0.07079761764705883,0.08565739234,0.08964134034
