year,day,participant,input,language,mean,stddev,median,user,system,min,max
2024,20,mattcl,input-mattcl,rust,0.013112742414999998,0.026609518278131385,0.0027550846000000003,0.010600734999999997,0.005155256500000002,0.0020889881000000004,0.12335415910000001
