year,day,participant,input,language,mean,stddev,median,user,system,min,max
2024,20,mattcl,input-mattcl,rust,0.0018910695550000004,0.00025198826647477776,0.0019073908399999998,0.0099327796,0.0038604368,0.00142893034,0.00237825834
2024,20,mattcl-py,input-mattcl,python,0.08768167830969698,0.0009156903637442924,0.08769168234000001,0.5762726036363635,0.06976520666666666,0.08613873334000001,0.08959156134000001
