year,day,participant,input,language,mean,stddev,median,user,system,min,max
2024,20,mattcl,input-mattcl,rust,0.0015593192200000002,0.000243206817561634,0.0014465761000000002,0.007907591600000001,0.0030012419999999995,0.0013299476000000001,0.0022666016000000002
2024,20,mattcl-py,input-mattcl,python,0.0876439722666667,0.0015696208079643713,0.0876355816,0.5812048266666667,0.0632564406060606,0.0846805286,0.0915439086
