year,day,participant,input,language,mean,stddev,median,user,system,min,max
2024,20,mattcl,input-mattcl,rust,0.0015494087600000004,0.0002451270802187126,0.0014428258000000005,0.007895629500000004,0.003119612800000001,0.0012810133000000007,0.0024576653000000005
2024,20,mattcl-py,input-mattcl,python,0.08086253318888892,0.0009526467687832607,0.08102246730000001,0.5122678688888889,0.052670034444444444,0.07879277030000001,0.08226043830000002
