year,day,participant,input,language,mean,stddev,median,user,system,min,max
2024,20,mattcl,input-mattcl,rust,0.0018383959749999992,0.0002714251169525909,0.0018261731200000001,0.009539954799999998,0.0039438135,0.00136739412,0.00253808612
2024,20,mattcl-py,input-mattcl,python,0.0876270067376471,0.0018795002866207927,0.08714869462000001,0.5727363423529411,0.06929537882352942,0.08481944112,0.09334495912000002
