year,day,participant,input,language,mean,stddev,median,user,system,min,max
2023,11,lanjian,input-kcen,rust,0.0033033739900000005,0.0002978357541415239,0.00325893942,0.0027823199999999983,0.00045100360000000016,0.00244105842,0.00504529242
2023,11,mattcl,input-kcen,rust,0.0010126821450000005,0.00035257897540757685,0.00111952092,0.0008871738000000005,0.00015188159999999997,0.00032376642,0.00196301342
2023,11,lanjian,input-lanjian,rust,0.003425936570000002,0.003910122419366267,0.00317091992,0.0026890372,0.0004106406000000001,0.00229430442,0.058155869420000006
2023,11,mattcl,input-lanjian,rust,0.00101931998,0.0002754600397248072,0.0010700229200000001,0.0009062843999999992,0.000141341,0.00038753642,0.0016967854200000002
2023,11,lanjian,input-mattcl,rust,0.002930648304999999,0.0002645317380297627,0.0029819759200000002,0.0026127950000000007,0.0002700374,0.00212882442,0.00346154842
2023,11,mattcl,input-mattcl,rust,0.00123344806,0.0001650679565289813,0.0012833369200000002,0.0010515644000000006,0.00019748500000000007,0.00038406941999999996,0.00172153242
2023,11,lanjian,input-pting,rust,0.0030574459250000013,0.0003042336427215407,0.00306357842,0.0026852499999999984,0.0003205776,0.00236664042,0.00518173842
2023,11,mattcl,input-pting,rust,0.0012591489900000011,0.00017368527964045776,0.00129945742,0.001091105000000001,0.00017455559999999997,0.00044857041999999997,0.0016971864199999999
