year,day,participant,input,language,mean,stddev,median,user,system,min,max
2023,11,lanjian,input-kcen,rust,0.0033891931150000004,0.0004432226327537455,0.00329592918,0.0027759549999999992,0.0004692016,0.0025874836799999997,0.00585202268
2023,11,mattcl,input-kcen,rust,0.0011069545899999999,0.00019516453955086823,0.00116208568,0.0009917088999999999,0.0001697932,0.00028887168,0.0016444676800000003
2023,11,pting,input-kcen,python,0.05225785010105263,0.001257649454678576,0.05212869968,0.04968453578947369,0.0024749789473684208,0.050471007680000006,0.05523271868
2023,11,lanjian,input-lanjian,rust,0.0034102288250000014,0.0003919865648014202,0.0034104091800000002,0.0027817099999999984,0.0005134564,0.0025332826800000003,0.00553517068
2023,11,mattcl,input-lanjian,rust,0.001137542325,0.0001441640237358737,0.00117295118,0.0009860089,0.00019855499999999997,0.00058114868,0.00155657368
2023,11,pting,input-lanjian,python,0.052558755124444426,0.001861024581295249,0.051858549180000005,0.04912275703703704,0.003332447407407407,0.049950062680000004,0.06280133368
2023,11,lanjian,input-mattcl,rust,0.0029403387900000006,0.00022435446165781223,0.00295366418,0.0026382449999999996,0.0002659074,0.0020654166800000004,0.0034912056799999997
2023,11,mattcl,input-mattcl,rust,0.0011337924799999992,0.00021856566552372572,0.0011899581800000002,0.0010192889000000004,0.00017274979999999996,0.0002862566799999999,0.00198561768
2023,11,pting,input-mattcl,python,0.05337742608000002,0.0014146734424331344,0.05300127168,0.05036821999999999,0.002927602909090909,0.051107428680000004,0.05815355568
2023,11,lanjian,input-pting,rust,0.003033015279999999,0.00041071930100214236,0.00297403718,0.002650124999999999,0.0003329314,0.0020328446799999997,0.00552898868
2023,11,mattcl,input-pting,rust,0.0011693540249999997,0.0002055872564971528,0.0012121846800000001,0.0010369477999999997,0.0001802164,0.0002949326799999999,0.00182226168
2023,11,pting,input-pting,python,0.05635457636085107,0.0021693283555199467,0.05590038868,0.05323232638297873,0.003036674893617021,0.053694029680000005,0.06666668668
