year,day,participant,input,language,mean,stddev,median,user,system,min,max
2023,11,mattcl,input-mattcl,rust,0.001153364385,0.00019434856061959995,0.0011896062000000002,0.0009499936000000006,0.00021472719999999994,0.00022754169999999996,0.0018148217000000001
