year,day,participant,input,language,mean,stddev,median,user,system,min,max
2023,11,lanjian,input-lanjian,rust,0.0032057749500000003,0.00043746709390231147,0.0030824037199999998,0.002503379999999999,0.0006474689999999999,0.0024230152199999997,0.00590855622
2023,11,mattcl,input-lanjian,rust,0.0011277158299999993,0.00017327727259904783,0.0011939147199999996,0.0009770764,0.00017978500000000001,0.00026172021999999967,0.0017192982199999997
2023,11,lanjian,input-mattcl,rust,0.0028354984949999994,0.0002793584366489657,0.00290035772,0.0025352350000000007,0.000271681,0.0022055372199999996,0.00332531322
2023,11,mattcl,input-mattcl,rust,0.0011044893799999997,0.00020026852342574974,0.0011542052199999997,0.0009367507000000003,0.00019874800000000006,0.00030113421999999966,0.0017833382199999998
