year,day,participant,input,language,mean,stddev,median,user,system,min,max
2023,11,mattcl,input-lanjian,rust,0.0011791725449999994,0.0001764686088279236,0.00124627562,0.0010429540000000005,0.000172399,0.0005362871199999998,0.0017298711199999998
2023,11,mattcl,input-mattcl,rust,0.0012357725399999998,0.00019591633715559798,0.00126627812,0.0010274445000000004,0.00020442199999999995,0.00035092111999999987,0.00195290712
