year,day,participant,input,language,mean,stddev,median,user,system,min,max
2023,11,lanjian,input-kcen,rust,0.0033606025799999967,0.003267889383073781,0.00308624776,0.002597147499999998,0.000488296,0.00230301676,0.049101321760000004
2023,11,mattcl,input-kcen,rust,0.0010374614800000002,0.0002201215456278636,0.00112651976,0.00087941,0.00020133800000000007,0.00022317376,0.0013018927600000002
2023,11,lanjian,input-lanjian,rust,0.0031838985099999976,0.0004186651475367964,0.00309610626,0.0025295749999999983,0.0006138649999999998,0.00236023476,0.0062647727600000005
2023,11,mattcl,input-lanjian,rust,0.0010875930750000003,0.00022741742492079136,0.00116797726,0.0009412650000000005,0.00018107599999999996,0.00032630576000000004,0.0019290467600000002
2023,11,lanjian,input-mattcl,rust,0.0028579294550000016,0.0003209964474559003,0.00285688876,0.002391902500000002,0.0004211100000000001,0.00198539176,0.00537309376
2023,11,mattcl,input-mattcl,rust,0.0011661229999999998,0.00020070855756699945,0.00118182776,0.0009786925000000001,0.00020157300000000003,0.0005745907600000001,0.00182713676
2023,11,lanjian,input-pting,rust,0.0029554080050000005,0.0003060548629085066,0.0029304512600000004,0.0024921549999999985,0.000375534,0.00209697076,0.00572144676
2023,11,mattcl,input-pting,rust,0.0011009791949999998,0.0002296603103686592,0.0011623367600000001,0.0009607174999999997,0.00017610299999999996,0.00021598975999999998,0.0016447747599999999
