year,day,participant,input,language,mean,stddev,median,user,system,min,max
2023,11,lanjian,input-lanjian,rust,0.0034020013149999987,0.00037942761751109727,0.0034036771799999996,0.0029180624999999966,0.00035243699999999993,0.00252399718,0.00534173818
2023,11,mattcl,input-lanjian,rust,0.001129801815,0.00016929835407506003,0.00119036168,0.0009497899999999999,0.000209551,0.0004965141799999999,0.0016438201800000002
2023,11,lanjian,input-mattcl,rust,0.0029684836250000015,0.0002612044468163014,0.00296702568,0.0026571449999999996,0.00025419099999999997,0.00209325118,0.00510907218
2023,11,mattcl,input-mattcl,rust,0.0011412712350000005,0.00016182434099117508,0.00119863218,0.00097937,0.00018928000000000003,0.00039725818,0.0016975001800000002
